{
  "Total" : {
    "transaction" : "Total",
    "sampleCount" : 30,
    "errorCount" : 0,
    "errorPct" : 0.0,
    "meanResTime" : 503.4333333333333,
    "medianResTime" : 552.0,
    "minResTime" : 231.0,
    "maxResTime" : 683.0,
    "pct1ResTime" : 664.7,
    "pct2ResTime" : 679.7,
    "pct3ResTime" : 683.0,
    "throughput" : 14.058106841611997,
    "receivedKBytesPerSec" : 381.019542232896,
    "sentKBytesPerSec" : 5.734902179006561
  },
  "HTTP Request" : {
    "transaction" : "HTTP Request",
    "sampleCount" : 30,
    "errorCount" : 0,
    "errorPct" : 0.0,
    "meanResTime" : 503.4333333333333,
    "medianResTime" : 552.0,
    "minResTime" : 231.0,
    "maxResTime" : 683.0,
    "pct1ResTime" : 664.7,
    "pct2ResTime" : 679.7,
    "pct3ResTime" : 683.0,
    "throughput" : 14.058106841611997,
    "receivedKBytesPerSec" : 381.019542232896,
    "sentKBytesPerSec" : 5.734902179006561
  }
}