{
  "Total" : {
    "transaction" : "Total",
    "sampleCount" : 22,
    "errorCount" : 0,
    "errorPct" : 0.0,
    "meanResTime" : 23416.31818181818,
    "medianResTime" : 26875.0,
    "minResTime" : 3449.0,
    "maxResTime" : 31015.0,
    "pct1ResTime" : 30702.2,
    "pct2ResTime" : 30971.95,
    "pct3ResTime" : 31015.0,
    "throughput" : 0.35184800166328145,
    "receivedKBytesPerSec" : 46.1256049886449,
    "sentKBytesPerSec" : 0.14478120451964752
  },
  "HTTP Request" : {
    "transaction" : "HTTP Request",
    "sampleCount" : 22,
    "errorCount" : 0,
    "errorPct" : 0.0,
    "meanResTime" : 23416.31818181818,
    "medianResTime" : 26875.0,
    "minResTime" : 3449.0,
    "maxResTime" : 31015.0,
    "pct1ResTime" : 30702.2,
    "pct2ResTime" : 30971.95,
    "pct3ResTime" : 31015.0,
    "throughput" : 0.35184800166328145,
    "receivedKBytesPerSec" : 46.1256049886449,
    "sentKBytesPerSec" : 0.14478120451964752
  }
}