{
  "qgis218-stock": {
    "somap218": {
      "featureinfo.txt": {
        "transaction": "Total",
        "sampleCount": 347,
        "errorCount": 0,
        "errorPct": 0.0,
        "meanResTime": 277.3458213256484,
        "medianResTime": 76.0,
        "minResTime": 21.0,
        "maxResTime": 6899.0,
        "pct1ResTime": 460.4,
        "pct2ResTime": 916.0,
        "pct3ResTime": 4864.199999999999,
        "throughput": 34.06636559984292,
        "receivedKBytesPerSec": 2201.621807045209,
        "sentKBytesPerSec": 15.880118084871393,
        "memMaxMB": 7758.2,
        "memAvgMB": 6532.8,
        "memMinMB": 3309.8,
        "cpuMax%": 99.6,
        "cpuAvg%": 87.0,
        "cpuMin%": 13.0,
        "dashboard": "results/details/compare-featureinfo/20201014-023729/qgis218-stock/somap218/featureinfo.txt/dashboard/index.html"
      }
    }
  },
  "qgis310-stock": {
    "somap310": {
      "featureinfo.txt": {
        "transaction": "Total",
        "sampleCount": 347,
        "errorCount": 347,
        "errorPct": 100.0,
        "meanResTime": 115427.62247838617,
        "medianResTime": 120060.0,
        "minResTime": 39038.0,
        "maxResTime": 120118.0,
        "pct1ResTime": 120082.0,
        "pct2ResTime": 120084.0,
        "pct3ResTime": 120105.08,
        "throughput": 0.08501141039319614,
        "receivedKBytesPerSec": 0.027897718503211204,
        "sentKBytesPerSec": 0.0396282729852357,
        "memMaxMB": 6427.2,
        "memAvgMB": 6257.5,
        "memMinMB": 3351.7,
        "cpuMax%": 91.8,
        "cpuAvg%": 73.2,
        "cpuMin%": 13.9,
        "dashboard": "results/details/compare-featureinfo/20201014-023729/qgis310-stock/somap310/featureinfo.txt/dashboard/index.html"
      }
    }
  },
  "qgis314-stock": {
    "somap314": {
      "featureinfo.txt": {
        "transaction": "Total",
        "sampleCount": 347,
        "errorCount": 347,
        "errorPct": 100.0,
        "meanResTime": 21105.141210374622,
        "medianResTime": 1.0,
        "minResTime": 0.0,
        "maxResTime": 120122.0,
        "pct1ResTime": 120043.2,
        "pct2ResTime": 120068.0,
        "pct3ResTime": 120117.12,
        "throughput": 0.44823296747017055,
        "receivedKBytesPerSec": 0.14401361136264115,
        "sentKBytesPerSec": 0.20894487356148866,
        "memMaxMB": 6630.1,
        "memAvgMB": 6447.1,
        "memMinMB": 3332.8,
        "cpuMax%": 98.6,
        "cpuAvg%": 71.9,
        "cpuMin%": 23.3,
        "dashboard": "results/details/compare-featureinfo/20201014-023729/qgis314-stock/somap314/featureinfo.txt/dashboard/index.html"
      }
    }
  },
  "qgis314-standalone": {
    "somap314": {
      "featureinfo.txt": {
        "transaction": "Total",
        "sampleCount": 347,
        "errorCount": 347,
        "errorPct": 100.0,
        "meanResTime": 56873.31700288184,
        "medianResTime": 34473.0,
        "minResTime": 32593.0,
        "maxResTime": 215428.0,
        "pct1ResTime": 115492.99999999999,
        "pct2ResTime": 149636.39999999994,
        "pct3ResTime": 210946.71999999994,
        "throughput": 0.16839068969332513,
        "receivedKBytesPerSec": 0.027133265429100238,
        "sentKBytesPerSec": 0.08079794060491564,
        "memMaxMB": 6519.1,
        "memAvgMB": 6317.8,
        "memMinMB": 3618.2,
        "cpuMax%": 94.5,
        "cpuAvg%": 69.1,
        "cpuMin%": 10.8,
        "dashboard": "results/details/compare-featureinfo/20201014-023729/qgis314-standalone/somap314/featureinfo.txt/dashboard/index.html"
      }
    }
  }
}