{
  "Total" : {
    "transaction" : "Total",
    "sampleCount" : 5272,
    "errorCount" : 0,
    "errorPct" : 0.0,
    "meanResTime" : 307.2921092564501,
    "medianResTime" : 173.0,
    "minResTime" : 27.0,
    "maxResTime" : 3293.0,
    "pct1ResTime" : 748.6999999999998,
    "pct2ResTime" : 993.6999999999989,
    "pct3ResTime" : 1605.6199999999972,
    "throughput" : 32.03967279666476,
    "receivedKBytesPerSec" : 1528.19333551674,
    "sentKBytesPerSec" : 16.230578426777317
  },
  "HTTP Request" : {
    "transaction" : "HTTP Request",
    "sampleCount" : 5272,
    "errorCount" : 0,
    "errorPct" : 0.0,
    "meanResTime" : 307.2921092564501,
    "medianResTime" : 173.0,
    "minResTime" : 27.0,
    "maxResTime" : 3293.0,
    "pct1ResTime" : 748.6999999999998,
    "pct2ResTime" : 993.6999999999989,
    "pct3ResTime" : 1605.6199999999972,
    "throughput" : 32.03967279666476,
    "receivedKBytesPerSec" : 1528.19333551674,
    "sentKBytesPerSec" : 16.230578426777317
  }
}