{
  "Total" : {
    "transaction" : "Total",
    "sampleCount" : 5191,
    "errorCount" : 1,
    "errorPct" : 0.019264111,
    "meanResTime" : 623.900597187436,
    "medianResTime" : 348.0,
    "minResTime" : 20.0,
    "maxResTime" : 20760.0,
    "pct1ResTime" : 1041.0,
    "pct2ResTime" : 1716.599999999995,
    "pct3ResTime" : 7960.599999999997,
    "throughput" : 15.933479029564875,
    "receivedKBytesPerSec" : 4252.083318545652,
    "sentKBytesPerSec" : 7.184783902574343
  },
  "HTTP Request" : {
    "transaction" : "HTTP Request",
    "sampleCount" : 5191,
    "errorCount" : 1,
    "errorPct" : 0.019264111,
    "meanResTime" : 623.900597187436,
    "medianResTime" : 348.0,
    "minResTime" : 20.0,
    "maxResTime" : 20760.0,
    "pct1ResTime" : 1041.0,
    "pct2ResTime" : 1716.599999999995,
    "pct3ResTime" : 7960.599999999997,
    "throughput" : 15.933479029564875,
    "receivedKBytesPerSec" : 4252.083318545652,
    "sentKBytesPerSec" : 7.184783902574343
  }
}