{
  "Total" : {
    "transaction" : "Total",
    "sampleCount" : 22,
    "errorCount" : 0,
    "errorPct" : 0.0,
    "meanResTime" : 1307.4545454545455,
    "medianResTime" : 1017.0,
    "minResTime" : 280.0,
    "maxResTime" : 2926.0,
    "pct1ResTime" : 2840.2,
    "pct2ResTime" : 2920.15,
    "pct3ResTime" : 2926.0,
    "throughput" : 5.96529284164859,
    "receivedKBytesPerSec" : 943.1255613645607,
    "sentKBytesPerSec" : 2.54202819956616
  },
  "HTTP Request" : {
    "transaction" : "HTTP Request",
    "sampleCount" : 22,
    "errorCount" : 0,
    "errorPct" : 0.0,
    "meanResTime" : 1307.4545454545455,
    "medianResTime" : 1017.0,
    "minResTime" : 280.0,
    "maxResTime" : 2926.0,
    "pct1ResTime" : 2840.2,
    "pct2ResTime" : 2920.15,
    "pct3ResTime" : 2926.0,
    "throughput" : 5.96529284164859,
    "receivedKBytesPerSec" : 943.1255613645607,
    "sentKBytesPerSec" : 2.54202819956616
  }
}