{
  "Total" : {
    "transaction" : "Total",
    "sampleCount" : 5262,
    "errorCount" : 0,
    "errorPct" : 0.0,
    "meanResTime" : 309.99638920562535,
    "medianResTime" : 170.0,
    "minResTime" : 29.0,
    "maxResTime" : 3651.0,
    "pct1ResTime" : 743.0,
    "pct2ResTime" : 1002.8499999999995,
    "pct3ResTime" : 1785.1099999999997,
    "throughput" : 31.802056073636688,
    "receivedKBytesPerSec" : 1505.4120983853445,
    "sentKBytesPerSec" : 16.10944785515922
  },
  "HTTP Request" : {
    "transaction" : "HTTP Request",
    "sampleCount" : 5262,
    "errorCount" : 0,
    "errorPct" : 0.0,
    "meanResTime" : 309.99638920562535,
    "medianResTime" : 170.0,
    "minResTime" : 29.0,
    "maxResTime" : 3651.0,
    "pct1ResTime" : 743.0,
    "pct2ResTime" : 1002.8499999999995,
    "pct3ResTime" : 1785.1099999999997,
    "throughput" : 31.802056073636688,
    "receivedKBytesPerSec" : 1505.4120983853445,
    "sentKBytesPerSec" : 16.10944785515922
  }
}