{
  "Total" : {
    "transaction" : "Total",
    "sampleCount" : 149,
    "errorCount" : 149,
    "errorPct" : 100.0,
    "meanResTime" : 41.55704697986577,
    "medianResTime" : 20.0,
    "minResTime" : 4.0,
    "maxResTime" : 650.0,
    "pct1ResTime" : 29.0,
    "pct2ResTime" : 150.5,
    "pct3ResTime" : 650.0,
    "throughput" : 154.24430641821945,
    "receivedKBytesPerSec" : 61.73472276138717,
    "sentKBytesPerSec" : 74.53416149068323
  },
  "HTTP Request" : {
    "transaction" : "HTTP Request",
    "sampleCount" : 149,
    "errorCount" : 149,
    "errorPct" : 100.0,
    "meanResTime" : 41.55704697986577,
    "medianResTime" : 20.0,
    "minResTime" : 4.0,
    "maxResTime" : 650.0,
    "pct1ResTime" : 29.0,
    "pct2ResTime" : 150.5,
    "pct3ResTime" : 650.0,
    "throughput" : 154.24430641821945,
    "receivedKBytesPerSec" : 61.73472276138717,
    "sentKBytesPerSec" : 74.53416149068323
  }
}