{
  "qgis218": {
    "somap218_lk": {
      "lk_big.txt": {
        "transaction": "Total",
        "sampleCount": 5262,
        "errorCount": 0,
        "errorPct": 0.0,
        "meanResTime": 276.5712656784487,
        "medianResTime": 150.0,
        "minResTime": 6.0,
        "maxResTime": 3068.0,
        "pct1ResTime": 730.0,
        "pct2ResTime": 1035.0,
        "pct3ResTime": 1787.9199999999983,
        "throughput": 35.8652089751629,
        "receivedKBytesPerSec": 1825.837064411431,
        "sentKBytesPerSec": 18.16765282288571,
        "responseSizeMB": 261.6,
        "memMaxMB": 5653.3,
        "memAvgMB": 4189.4,
        "memMinMB": 2672.5,
        "cpuMax%": 99.6,
        "cpuAvg%": 97.9,
        "cpuMin%": 13.6,
        "dashboard": "results/details/compare-major/20201103-121911/qgis218/somap218_lk/lk_big.txt/dashboard/index.html",
        "effective duration": 153.0
      }
    },
    "somap218_grundplanav_farbig": {
      "av_f_big.txt": {
        "transaction": "Total",
        "sampleCount": 735,
        "errorCount": 0,
        "errorPct": 0.0,
        "meanResTime": 893.6217687074827,
        "medianResTime": 715.0,
        "minResTime": 232.0,
        "maxResTime": 10059.0,
        "pct1ResTime": 1450.6,
        "pct2ResTime": 1793.1999999999998,
        "pct3ResTime": 3099.9999999999995,
        "throughput": 10.97129550848596,
        "receivedKBytesPerSec": 1920.3782105733062,
        "sentKBytesPerSec": 4.830582812756557,
        "responseSizeMB": 125.6,
        "memMaxMB": 4590.9,
        "memAvgMB": 4179.5,
        "memMinMB": 3687.9,
        "cpuMax%": 99.3,
        "cpuAvg%": 97.2,
        "cpuMin%": 29.3,
        "dashboard": "results/details/compare-major/20201103-121911/qgis218/somap218_grundplanav_farbig/av_f_big.txt/dashboard/index.html",
        "effective duration": 72.6
      }
    },
    "somap218_grundplanav_sw": {
      "av_sw_big.txt": {
        "transaction": "Total",
        "sampleCount": 5190,
        "errorCount": 0,
        "errorPct": 0.0,
        "meanResTime": 1006.7797687861276,
        "medianResTime": 603.0,
        "minResTime": 215.0,
        "maxResTime": 15336.0,
        "pct1ResTime": 2273.7000000000016,
        "pct2ResTime": 2821.1499999999987,
        "pct3ResTime": 5665.010000000013,
        "throughput": 9.827460841639653,
        "receivedKBytesPerSec": 3059.9533859087896,
        "sentKBytesPerSec": 4.280134942966644,
        "responseSizeMB": 1578.1,
        "memMaxMB": 9264.2,
        "memAvgMB": 7806.3,
        "memMinMB": 3923.1,
        "cpuMax%": 99.9,
        "cpuAvg%": 98.1,
        "cpuMin%": 13.3,
        "dashboard": "results/details/compare-major/20201103-121911/qgis218/somap218_grundplanav_sw/av_sw_big.txt/dashboard/index.html",
        "effective duration": 534.6
      }
    }
  },
  "qgis310": {
    "somap310_lk": {
      "lk_big.txt": {
        "transaction": "Total",
        "sampleCount": 5262,
        "errorCount": 0,
        "errorPct": 0.0,
        "meanResTime": 374.2618776130744,
        "medianResTime": 199.0,
        "minResTime": 33.0,
        "maxResTime": 3215.0,
        "pct1ResTime": 920.0,
        "pct2ResTime": 1196.0,
        "pct3ResTime": 2006.699999999999,
        "throughput": 26.499738124974822,
        "receivedKBytesPerSec": 1254.3408018207238,
        "sentKBytesPerSec": 13.423539299194733,
        "responseSizeMB": 243.2,
        "memMaxMB": 5192.7,
        "memAvgMB": 3834.1,
        "memMinMB": 2657.9,
        "cpuMax%": 96.1,
        "cpuAvg%": 73.9,
        "cpuMin%": 16.8,
        "dashboard": "results/details/compare-major/20201103-121911/qgis310/somap310_lk/lk_big.txt/dashboard/index.html",
        "effective duration": 204.7
      }
    },
    "somap310_grundplanav_farbig": {
      "av_f_big.txt": {
        "transaction": "Total",
        "sampleCount": 735,
        "errorCount": 0,
        "errorPct": 0.0,
        "meanResTime": 1080.8027210884356,
        "medianResTime": 944.0,
        "minResTime": 187.0,
        "maxResTime": 4652.0,
        "pct1ResTime": 1889.6,
        "pct2ResTime": 2109.3999999999996,
        "pct3ResTime": 3156.5599999999995,
        "throughput": 9.129414102771118,
        "receivedKBytesPerSec": 1336.0554871000447,
        "sentKBytesPerSec": 4.019615625271709,
        "responseSizeMB": 105.0,
        "memMaxMB": 5183.8,
        "memAvgMB": 4448.5,
        "memMinMB": 2933.9,
        "cpuMax%": 91.6,
        "cpuAvg%": 73.1,
        "cpuMin%": 27.3,
        "dashboard": "results/details/compare-major/20201103-121911/qgis310/somap310_grundplanav_farbig/av_f_big.txt/dashboard/index.html",
        "effective duration": 86.3
      }
    },
    "somap310_grundplanav_sw": {
      "av_sw_big.txt": {
        "transaction": "Total",
        "sampleCount": 5190,
        "errorCount": 0,
        "errorPct": 0.0,
        "meanResTime": 1059.1500963391134,
        "medianResTime": 868.0,
        "minResTime": 191.0,
        "maxResTime": 7093.0,
        "pct1ResTime": 1974.9000000000005,
        "pct2ResTime": 2430.0,
        "pct3ResTime": 3385.2700000000004,
        "throughput": 9.39320612386363,
        "receivedKBytesPerSec": 2542.191087211575,
        "sentKBytesPerSec": 4.091004828723302,
        "responseSizeMB": 1371.7,
        "memMaxMB": 9236.1,
        "memAvgMB": 7332.5,
        "memMinMB": 4076.6,
        "cpuMax%": 98.4,
        "cpuAvg%": 73.9,
        "cpuMin%": 21.8,
        "dashboard": "results/details/compare-major/20201103-121911/qgis310/somap310_grundplanav_sw/av_sw_big.txt/dashboard/index.html",
        "effective duration": 558.8
      }
    }
  },
  "qgis314": {
    "somap314_lk": {
      "lk_big.txt": {
        "transaction": "Total",
        "sampleCount": 5262,
        "errorCount": 0,
        "errorPct": 0.0,
        "meanResTime": 381.53401748384584,
        "medianResTime": 211.0,
        "minResTime": 38.0,
        "maxResTime": 4348.0,
        "pct1ResTime": 902.0,
        "pct2ResTime": 1207.3999999999978,
        "pct3ResTime": 1929.7399999999998,
        "throughput": 25.8171505951388,
        "receivedKBytesPerSec": 1221.4709956462382,
        "sentKBytesPerSec": 13.077772088640355,
        "responseSizeMB": 243.1,
        "memMaxMB": 5432.0,
        "memAvgMB": 3859.3,
        "memMinMB": 2708.3,
        "cpuMax%": 92.2,
        "cpuAvg%": 73.6,
        "cpuMin%": 15.8,
        "dashboard": "results/details/compare-major/20201103-121911/qgis314/somap314_lk/lk_big.txt/dashboard/index.html",
        "effective duration": 210.4
      }
    },
    "somap314_grundplanav_farbig": {
      "av_f_big.txt": {
        "transaction": "Total",
        "sampleCount": 735,
        "errorCount": 0,
        "errorPct": 0.0,
        "meanResTime": 1084.6789115646252,
        "medianResTime": 991.0,
        "minResTime": 213.0,
        "maxResTime": 4615.0,
        "pct1ResTime": 1829.0,
        "pct2ResTime": 2096.999999999999,
        "pct3ResTime": 3091.0399999999986,
        "throughput": 9.11062906724512,
        "receivedKBytesPerSec": 1333.2580085993184,
        "sentKBytesPerSec": 4.011344708707778,
        "responseSizeMB": 105.0,
        "memMaxMB": 5158.0,
        "memAvgMB": 4533.8,
        "memMinMB": 2923.7,
        "cpuMax%": 91.7,
        "cpuAvg%": 73.3,
        "cpuMin%": 24.1,
        "dashboard": "results/details/compare-major/20201103-121911/qgis314/somap314_grundplanav_farbig/av_f_big.txt/dashboard/index.html",
        "effective duration": 86.5
      }
    },
    "somap314_grundplanav_sw": {
      "av_sw_big.txt": {
        "transaction": "Total",
        "sampleCount": 5190,
        "errorCount": 0,
        "errorPct": 0.0,
        "meanResTime": 1075.352793834299,
        "medianResTime": 902.5,
        "minResTime": 205.0,
        "maxResTime": 6783.0,
        "pct1ResTime": 1939.5000000000027,
        "pct2ResTime": 2375.7999999999993,
        "pct3ResTime": 3504.630000000001,
        "throughput": 9.256220751055816,
        "receivedKBytesPerSec": 2505.097025973709,