{
  "Total" : {
    "transaction" : "Total",
    "sampleCount" : 20,
    "errorCount" : 0,
    "errorPct" : 0.0,
    "meanResTime" : 681.2,
    "medianResTime" : 458.5,
    "minResTime" : 206.0,
    "maxResTime" : 2268.0,
    "pct1ResTime" : 1439.8000000000002,
    "pct2ResTime" : 2227.1999999999994,
    "pct3ResTime" : 2268.0,
    "throughput" : 1.461988304093567,
    "receivedKBytesPerSec" : 454.89366319444446,
    "sentKBytesPerSec" : 0.6122076023391813
  },
  "HTTP Request" : {
    "transaction" : "HTTP Request",
    "sampleCount" : 20,
    "errorCount" : 0,
    "errorPct" : 0.0,
    "meanResTime" : 681.2,
    "medianResTime" : 458.5,
    "minResTime" : 206.0,
    "maxResTime" : 2268.0,
    "pct1ResTime" : 1439.8000000000002,
    "pct2ResTime" : 2227.1999999999994,
    "pct3ResTime" : 2268.0,
    "throughput" : 1.461988304093567,
    "receivedKBytesPerSec" : 454.89366319444446,
    "sentKBytesPerSec" : 0.6122076023391813
  }
}