{
  "Total" : {
    "transaction" : "Total",
    "sampleCount" : 735,
    "errorCount" : 0,
    "errorPct" : 0.0,
    "meanResTime" : 26214.66122448977,
    "medianResTime" : 27087.0,
    "minResTime" : 3189.0,
    "maxResTime" : 44681.0,
    "pct1ResTime" : 29962.8,
    "pct2ResTime" : 32352.59999999997,
    "pct3ResTime" : 43017.76,
    "throughput" : 0.3797880421022173,
    "receivedKBytesPerSec" : 70.34658323171205,
    "sentKBytesPerSec" : 0.16165465269416987
  },
  "HTTP Request" : {
    "transaction" : "HTTP Request",
    "sampleCount" : 735,
    "errorCount" : 0,
    "errorPct" : 0.0,
    "meanResTime" : 26214.66122448977,
    "medianResTime" : 27087.0,
    "minResTime" : 3189.0,
    "maxResTime" : 44681.0,
    "pct1ResTime" : 29962.8,
    "pct2ResTime" : 32352.59999999997,
    "pct3ResTime" : 43017.76,
    "throughput" : 0.3797880421022173,
    "receivedKBytesPerSec" : 70.34658323171205,
    "sentKBytesPerSec" : 0.16165465269416987
  }
}