{
  "Total" : {
    "transaction" : "Total",
    "sampleCount" : 5262,
    "errorCount" : 0,
    "errorPct" : 0.0,
    "meanResTime" : 308.79456480425824,
    "medianResTime" : 174.0,
    "minResTime" : 30.0,
    "maxResTime" : 2537.0,
    "pct1ResTime" : 734.0,
    "pct2ResTime" : 970.8499999999995,
    "pct3ResTime" : 1653.359999999997,
    "throughput" : 31.989203187977605,
    "receivedKBytesPerSec" : 1514.23610873639,
    "sentKBytesPerSec" : 16.204247910625377
  },
  "HTTP Request" : {
    "transaction" : "HTTP Request",
    "sampleCount" : 5262,
    "errorCount" : 0,
    "errorPct" : 0.0,
    "meanResTime" : 308.79456480425824,
    "medianResTime" : 174.0,
    "minResTime" : 30.0,
    "maxResTime" : 2537.0,
    "pct1ResTime" : 734.0,
    "pct2ResTime" : 970.8499999999995,
    "pct3ResTime" : 1653.359999999997,
    "throughput" : 31.989203187977605,
    "receivedKBytesPerSec" : 1514.23610873639,
    "sentKBytesPerSec" : 16.204247910625377
  }
}