{
  "Total" : {
    "transaction" : "Total",
    "sampleCount" : 735,
    "errorCount" : 0,
    "errorPct" : 0.0,
    "meanResTime" : 844.1999999999988,
    "medianResTime" : 756.0,
    "minResTime" : 178.0,
    "maxResTime" : 3313.0,
    "pct1ResTime" : 1338.7999999999997,
    "pct2ResTime" : 1524.7999999999988,
    "pct3ResTime" : 2953.6399999999994,
    "throughput" : 11.647254575707155,
    "receivedKBytesPerSec" : 1704.537823864987,
    "sentKBytesPerSec" : 5.128202747405119
  },
  "HTTP Request" : {
    "transaction" : "HTTP Request",
    "sampleCount" : 735,
    "errorCount" : 0,
    "errorPct" : 0.0,
    "meanResTime" : 844.1999999999988,
    "medianResTime" : 756.0,
    "minResTime" : 178.0,
    "maxResTime" : 3313.0,
    "pct1ResTime" : 1338.7999999999997,
    "pct2ResTime" : 1524.7999999999988,
    "pct3ResTime" : 2953.6399999999994,
    "throughput" : 11.647254575707155,
    "receivedKBytesPerSec" : 1704.537823864987,
    "sentKBytesPerSec" : 5.128202747405119
  }
}