{
  "Total" : {
    "transaction" : "Total",
    "sampleCount" : 735,
    "errorCount" : 0,
    "errorPct" : 0.0,
    "meanResTime" : 829.1210884353741,
    "medianResTime" : 742.0,
    "minResTime" : 187.0,
    "maxResTime" : 3443.0,
    "pct1ResTime" : 1298.3999999999999,
    "pct2ResTime" : 1537.6,
    "pct3ResTime" : 3091.5599999999977,
    "throughput" : 11.9238818318976,
    "receivedKBytesPerSec" : 1745.0187723826268,
    "sentKBytesPerSec" : 5.249999746516117
  },
  "HTTP Request" : {
    "transaction" : "HTTP Request",
    "sampleCount" : 735,
    "errorCount" : 0,
    "errorPct" : 0.0,
    "meanResTime" : 829.1210884353741,
    "medianResTime" : 742.0,
    "minResTime" : 187.0,
    "maxResTime" : 3443.0,
    "pct1ResTime" : 1298.3999999999999,
    "pct2ResTime" : 1537.6,
    "pct3ResTime" : 3091.5599999999977,
    "throughput" : 11.9238818318976,
    "receivedKBytesPerSec" : 1745.0187723826268,
    "sentKBytesPerSec" : 5.249999746516117
  }
}