{
  "Total" : {
    "transaction" : "Total",
    "sampleCount" : 20,
    "errorCount" : 0,
    "errorPct" : 0.0,
    "meanResTime" : 635.2,
    "medianResTime" : 389.0,
    "minResTime" : 224.0,
    "maxResTime" : 2449.0,
    "pct1ResTime" : 1274.3000000000004,
    "pct2ResTime" : 2391.0999999999995,
    "pct3ResTime" : 2449.0,
    "throughput" : 1.5676438313215237,
    "receivedKBytesPerSec" : 487.76656068741187,
    "sentKBytesPerSec" : 0.6564508543658881
  },
  "HTTP Request" : {
    "transaction" : "HTTP Request",
    "sampleCount" : 20,
    "errorCount" : 0,
    "errorPct" : 0.0,
    "meanResTime" : 635.2,
    "medianResTime" : 389.0,
    "minResTime" : 224.0,
    "maxResTime" : 2449.0,
    "pct1ResTime" : 1274.3000000000004,
    "pct2ResTime" : 2391.0999999999995,
    "pct3ResTime" : 2449.0,
    "throughput" : 1.5676438313215237,
    "receivedKBytesPerSec" : 487.76656068741187,
    "sentKBytesPerSec" : 0.6564508543658881
  }
}