{
  "Total" : {
    "transaction" : "Total",
    "sampleCount" : 30,
    "errorCount" : 0,
    "errorPct" : 0.0,
    "meanResTime" : 466.09999999999997,
    "medianResTime" : 527.5,
    "minResTime" : 224.0,
    "maxResTime" : 622.0,
    "pct1ResTime" : 594.3000000000001,
    "pct2ResTime" : 614.85,
    "pct3ResTime" : 622.0,
    "throughput" : 14.985014985014987,
    "receivedKBytesPerSec" : 406.1417098526474,
    "sentKBytesPerSec" : 6.113027597402598
  },
  "HTTP Request" : {
    "transaction" : "HTTP Request",
    "sampleCount" : 30,
    "errorCount" : 0,
    "errorPct" : 0.0,
    "meanResTime" : 466.09999999999997,
    "medianResTime" : 527.5,
    "minResTime" : 224.0,
    "maxResTime" : 622.0,
    "pct1ResTime" : 594.3000000000001,
    "pct2ResTime" : 614.85,
    "pct3ResTime" : 622.0,
    "throughput" : 14.985014985014987,
    "receivedKBytesPerSec" : 406.1417098526474,
    "sentKBytesPerSec" : 6.113027597402598
  }
}