{
  "Total" : {
    "transaction" : "Total",
    "sampleCount" : 30,
    "errorCount" : 0,
    "errorPct" : 0.0,
    "meanResTime" : 323.3333333333333,
    "medianResTime" : 334.0,
    "minResTime" : 194.0,
    "maxResTime" : 459.0,
    "pct1ResTime" : 395.50000000000006,
    "pct2ResTime" : 440.29999999999995,
    "pct3ResTime" : 459.0,
    "throughput" : 20.202020202020204,
    "receivedKBytesPerSec" : 547.5733901515151,
    "sentKBytesPerSec" : 8.241266835016834
  },
  "HTTP Request" : {
    "transaction" : "HTTP Request",
    "sampleCount" : 30,
    "errorCount" : 0,
    "errorPct" : 0.0,
    "meanResTime" : 323.3333333333333,
    "medianResTime" : 334.0,
    "minResTime" : 194.0,
    "maxResTime" : 459.0,
    "pct1ResTime" : 395.50000000000006,
    "pct2ResTime" : 440.29999999999995,
    "pct3ResTime" : 459.0,
    "throughput" : 20.202020202020204,
    "receivedKBytesPerSec" : 547.5733901515151,
    "sentKBytesPerSec" : 8.241266835016834
  }
}