{
  "Total" : {
    "transaction" : "Total",
    "sampleCount" : 30,
    "errorCount" : 0,
    "errorPct" : 0.0,
    "meanResTime" : 615.6999999999999,
    "medianResTime" : 532.5,
    "minResTime" : 468.0,
    "maxResTime" : 997.0,
    "pct1ResTime" : 932.2,
    "pct2ResTime" : 964.0,
    "pct3ResTime" : 997.0,
    "throughput" : 12.520868113522537,
    "receivedKBytesPerSec" : 339.2910710559266,
    "sentKBytesPerSec" : 5.107796848914858
  },
  "HTTP Request" : {
    "transaction" : "HTTP Request",
    "sampleCount" : 30,
    "errorCount" : 0,
    "errorPct" : 0.0,
    "meanResTime" : 615.6999999999999,
    "medianResTime" : 532.5,
    "minResTime" : 468.0,
    "maxResTime" : 997.0,
    "pct1ResTime" : 932.2,
    "pct2ResTime" : 964.0,
    "pct3ResTime" : 997.0,
    "throughput" : 12.520868113522537,
    "receivedKBytesPerSec" : 339.2910710559266,
    "sentKBytesPerSec" : 5.107796848914858
  }
}