{
  "Total" : {
    "transaction" : "Total",
    "sampleCount" : 30,
    "errorCount" : 0,
    "errorPct" : 0.0,
    "meanResTime" : 547.8000000000001,
    "medianResTime" : 539.0,
    "minResTime" : 272.0,
    "maxResTime" : 951.0,
    "pct1ResTime" : 854.8000000000002,
    "pct2ResTime" : 941.65,
    "pct3ResTime" : 951.0,
    "throughput" : 13.611615245009075,
    "receivedKBytesPerSec" : 368.9678212908348,
    "sentKBytesPerSec" : 5.55275918784029
  },
  "HTTP Request" : {
    "transaction" : "HTTP Request",
    "sampleCount" : 30,
    "errorCount" : 0,
    "errorPct" : 0.0,
    "meanResTime" : 547.8000000000001,
    "medianResTime" : 539.0,
    "minResTime" : 272.0,
    "maxResTime" : 951.0,
    "pct1ResTime" : 854.8000000000002,
    "pct2ResTime" : 941.65,
    "pct3ResTime" : 951.0,
    "throughput" : 13.611615245009075,
    "receivedKBytesPerSec" : 368.9678212908348,
    "sentKBytesPerSec" : 5.55275918784029
  }
}