{
  "Total" : {
    "transaction" : "Total",
    "sampleCount" : 5262,
    "errorCount" : 0,
    "errorPct" : 0.0,
    "meanResTime" : 323.57240592930407,
    "medianResTime" : 185.0,
    "minResTime" : 30.0,
    "maxResTime" : 3166.0,
    "pct1ResTime" : 781.0,
    "pct2ResTime" : 1021.8499999999995,
    "pct3ResTime" : 1637.5899999999992,
    "throughput" : 30.5084156148356,
    "receivedKBytesPerSec" : 1444.1130307410554,
    "sentKBytesPerSec" : 15.454149547838263
  },
  "HTTP Request" : {
    "transaction" : "HTTP Request",
    "sampleCount" : 5262,
    "errorCount" : 0,
    "errorPct" : 0.0,
    "meanResTime" : 323.57240592930407,
    "medianResTime" : 185.0,
    "minResTime" : 30.0,
    "maxResTime" : 3166.0,
    "pct1ResTime" : 781.0,
    "pct2ResTime" : 1021.8499999999995,
    "pct3ResTime" : 1637.5899999999992,
    "throughput" : 30.5084156148356,
    "receivedKBytesPerSec" : 1444.1130307410554,
    "sentKBytesPerSec" : 15.454149547838263
  }
}