{
  "Total" : {
    "transaction" : "Total",
    "sampleCount" : 735,
    "errorCount" : 7,
    "errorPct" : 0.95238096,
    "meanResTime" : 1402.5333333333326,
    "medianResTime" : 1338.0,
    "minResTime" : 437.0,
    "maxResTime" : 6157.0,
    "pct1ResTime" : 1955.4,
    "pct2ResTime" : 3026.7999999999993,
    "pct3ResTime" : 4081.279999999997,
    "throughput" : 27.20509308953622,
    "receivedKBytesPerSec" : 3970.055999174131,
    "sentKBytesPerSec" : 11.978207586889736
  },
  "HTTP Request" : {
    "transaction" : "HTTP Request",
    "sampleCount" : 735,
    "errorCount" : 7,
    "errorPct" : 0.95238096,
    "meanResTime" : 1402.5333333333326,
    "medianResTime" : 1338.0,
    "minResTime" : 437.0,
    "maxResTime" : 6157.0,
    "pct1ResTime" : 1955.4,
    "pct2ResTime" : 3026.7999999999993,
    "pct3ResTime" : 4081.279999999997,
    "throughput" : 27.20509308953622,
    "receivedKBytesPerSec" : 3970.055999174131,
    "sentKBytesPerSec" : 11.978207586889736
  }
}