{
  "Total" : {
    "transaction" : "Total",
    "sampleCount" : 20,
    "errorCount" : 0,
    "errorPct" : 0.0,
    "meanResTime" : 1512.2,
    "medianResTime" : 1226.0,
    "minResTime" : 227.0,
    "maxResTime" : 3371.0,
    "pct1ResTime" : 2999.4000000000005,
    "pct2ResTime" : 3353.45,
    "pct3ResTime" : 3371.0,
    "throughput" : 5.067139599695972,
    "receivedKBytesPerSec" : 1576.631331945148,
    "sentKBytesPerSec" : 2.121864707372688
  },
  "HTTP Request" : {
    "transaction" : "HTTP Request",
    "sampleCount" : 20,
    "errorCount" : 0,
    "errorPct" : 0.0,
    "meanResTime" : 1512.2,
    "medianResTime" : 1226.0,
    "minResTime" : 227.0,
    "maxResTime" : 3371.0,
    "pct1ResTime" : 2999.4000000000005,
    "pct2ResTime" : 3353.45,
    "pct3ResTime" : 3371.0,
    "throughput" : 5.067139599695972,
    "receivedKBytesPerSec" : 1576.631331945148,
    "sentKBytesPerSec" : 2.121864707372688
  }
}