{
  "Total" : {
    "transaction" : "Total",
    "sampleCount" : 20,
    "errorCount" : 0,
    "errorPct" : 0.0,
    "meanResTime" : 8315.3,
    "medianResTime" : 6616.0,
    "minResTime" : 431.0,
    "maxResTime" : 14589.0,
    "pct1ResTime" : 14306.9,
    "pct2ResTime" : 14575.05,
    "pct3ResTime" : 14589.0,
    "throughput" : 0.8921800419324619,
    "receivedKBytesPerSec" : 436.245197562118,
    "sentKBytesPerSec" : 0.36401642726502204
  },
  "HTTP Request" : {
    "transaction" : "HTTP Request",
    "sampleCount" : 20,
    "errorCount" : 0,
    "errorPct" : 0.0,
    "meanResTime" : 8315.3,
    "medianResTime" : 6616.0,
    "minResTime" : 431.0,
    "maxResTime" : 14589.0,
    "pct1ResTime" : 14306.9,
    "pct2ResTime" : 14575.05,
    "pct3ResTime" : 14589.0,
    "throughput" : 0.8921800419324619,
    "receivedKBytesPerSec" : 436.245197562118,
    "sentKBytesPerSec" : 0.36401642726502204
  }
}