{
  "Total" : {
    "transaction" : "Total",
    "sampleCount" : 30,
    "errorCount" : 0,
    "errorPct" : 0.0,
    "meanResTime" : 14165.800000000003,
    "medianResTime" : 16513.5,
    "minResTime" : 2052.0,
    "maxResTime" : 16855.0,
    "pct1ResTime" : 16831.2,
    "pct2ResTime" : 16854.45,
    "pct3ResTime" : 16855.0,
    "throughput" : 0.5971337579617834,
    "receivedKBytesPerSec" : 16.186406809812897,
    "sentKBytesPerSec" : 0.24417950089570062
  },
  "HTTP Request" : {
    "transaction" : "HTTP Request",
    "sampleCount" : 30,
    "errorCount" : 0,
    "errorPct" : 0.0,
    "meanResTime" : 14165.800000000003,
    "medianResTime" : 16513.5,
    "minResTime" : 2052.0,
    "maxResTime" : 16855.0,
    "pct1ResTime" : 16831.2,
    "pct2ResTime" : 16854.45,
    "pct3ResTime" : 16855.0,
    "throughput" : 0.5971337579617834,
    "receivedKBytesPerSec" : 16.186406809812897,
    "sentKBytesPerSec" : 0.24417950089570062
  }
}