{
  "Total" : {
    "transaction" : "Total",
    "sampleCount" : 30,
    "errorCount" : 0,
    "errorPct" : 0.0,
    "meanResTime" : 263.2333333333333,
    "medianResTime" : 255.5,
    "minResTime" : 128.0,
    "maxResTime" : 397.0,
    "pct1ResTime" : 341.80000000000007,
    "pct2ResTime" : 369.49999999999994,
    "pct3ResTime" : 397.0,
    "throughput" : 23.65930599369085,
    "receivedKBytesPerSec" : 641.2827163840694,
    "sentKBytesPerSec" : 9.651641364353312
  },
  "HTTP Request" : {
    "transaction" : "HTTP Request",
    "sampleCount" : 30,
    "errorCount" : 0,
    "errorPct" : 0.0,
    "meanResTime" : 263.2333333333333,
    "medianResTime" : 255.5,
    "minResTime" : 128.0,
    "maxResTime" : 397.0,
    "pct1ResTime" : 341.80000000000007,
    "pct2ResTime" : 369.49999999999994,
    "pct3ResTime" : 397.0,
    "throughput" : 23.65930599369085,
    "receivedKBytesPerSec" : 641.2827163840694,
    "sentKBytesPerSec" : 9.651641364353312
  }
}