{
  "Total" : {
    "transaction" : "Total",
    "sampleCount" : 20,
    "errorCount" : 0,
    "errorPct" : 0.0,
    "meanResTime" : 18730.45,
    "medianResTime" : 19891.0,
    "minResTime" : 2630.0,
    "maxResTime" : 26395.0,
    "pct1ResTime" : 26320.6,
    "pct2ResTime" : 26391.9,
    "pct3ResTime" : 26395.0,
    "throughput" : 0.4094082004462549,
    "receivedKBytesPerSec" : 199.38245330827414,
    "sentKBytesPerSec" : 0.167041744283638
  },
  "HTTP Request" : {
    "transaction" : "HTTP Request",
    "sampleCount" : 20,
    "errorCount" : 0,
    "errorPct" : 0.0,
    "meanResTime" : 18730.45,
    "medianResTime" : 19891.0,
    "minResTime" : 2630.0,
    "maxResTime" : 26395.0,
    "pct1ResTime" : 26320.6,
    "pct2ResTime" : 26391.9,
    "pct3ResTime" : 26395.0,
    "throughput" : 0.4094082004462549,
    "receivedKBytesPerSec" : 199.38245330827414,
    "sentKBytesPerSec" : 0.167041744283638
  }
}