{
  "Total" : {
    "transaction" : "Total",
    "sampleCount" : 5191,
    "errorCount" : 1,
    "errorPct" : 0.019264111,
    "meanResTime" : 1528.0450780196497,
    "medianResTime" : 1007.0,
    "minResTime" : 3.0,
    "maxResTime" : 12320.0,
    "pct1ResTime" : 3648.8,
    "pct2ResTime" : 4403.4,
    "pct3ResTime" : 6683.559999999996,
    "throughput" : 6.5241270790863455,
    "receivedKBytesPerSec" : 2569.891199384129,
    "sentKBytesPerSec" : 2.5884842982950045
  },
  "HTTP Request" : {
    "transaction" : "HTTP Request",
    "sampleCount" : 5191,
    "errorCount" : 1,
    "errorPct" : 0.019264111,
    "meanResTime" : 1528.0450780196497,
    "medianResTime" : 1007.0,
    "minResTime" : 3.0,
    "maxResTime" : 12320.0,
    "pct1ResTime" : 3648.8,
    "pct2ResTime" : 4403.4,
    "pct3ResTime" : 6683.559999999996,
    "throughput" : 6.5241270790863455,
    "receivedKBytesPerSec" : 2569.891199384129,
    "sentKBytesPerSec" : 2.5884842982950045
  }
}