{
  "Total" : {
    "transaction" : "Total",
    "sampleCount" : 22,
    "errorCount" : 0,
    "errorPct" : 0.0,
    "meanResTime" : 25786.59090909091,
    "medianResTime" : 29477.0,
    "minResTime" : 3890.0,
    "maxResTime" : 34480.0,
    "pct1ResTime" : 34026.3,
    "pct2ResTime" : 34422.25,
    "pct3ResTime" : 34480.0,
    "throughput" : 0.3211022564731296,
    "receivedKBytesPerSec" : 42.09529712905392,
    "sentKBytesPerSec" : 0.13212970159383486
  },
  "HTTP Request" : {
    "transaction" : "HTTP Request",
    "sampleCount" : 22,
    "errorCount" : 0,
    "errorPct" : 0.0,
    "meanResTime" : 25786.59090909091,
    "medianResTime" : 29477.0,
    "minResTime" : 3890.0,
    "maxResTime" : 34480.0,
    "pct1ResTime" : 34026.3,
    "pct2ResTime" : 34422.25,
    "pct3ResTime" : 34480.0,
    "throughput" : 0.3211022564731296,
    "receivedKBytesPerSec" : 42.09529712905392,
    "sentKBytesPerSec" : 0.13212970159383486
  }
}