{
  "Total" : {
    "transaction" : "Total",
    "sampleCount" : 5190,
    "errorCount" : 0,
    "errorPct" : 0.0,
    "meanResTime" : 961.3236994219639,
    "medianResTime" : 578.5,
    "minResTime" : 208.0,
    "maxResTime" : 16520.0,
    "pct1ResTime" : 2155.0,
    "pct2ResTime" : 2623.8999999999996,
    "pct3ResTime" : 5251.520000000004,
    "throughput" : 10.295453733936911,
    "receivedKBytesPerSec" : 3205.550366096739,
    "sentKBytesPerSec" : 4.483958978865556
  },
  "HTTP Request" : {
    "transaction" : "HTTP Request",
    "sampleCount" : 5190,
    "errorCount" : 0,
    "errorPct" : 0.0,
    "meanResTime" : 961.3236994219639,
    "medianResTime" : 578.5,
    "minResTime" : 208.0,
    "maxResTime" : 16520.0,
    "pct1ResTime" : 2155.0,
    "pct2ResTime" : 2623.8999999999996,
    "pct3ResTime" : 5251.520000000004,
    "throughput" : 10.295453733936911,
    "receivedKBytesPerSec" : 3205.550366096739,
    "sentKBytesPerSec" : 4.483958978865556
  }
}