{
  "qgis218": {
    "somap218_fix": {
      "lk.txt": {
        "transaction": "Total",
        "sampleCount": 30,
        "errorCount": 0,
        "errorPct": 0.0,
        "meanResTime": 1509.2333333333333,
        "medianResTime": 74.5,
        "minResTime": 60.0,
        "maxResTime": 10083.0,
        "pct1ResTime": 4046.1000000000004,
        "pct2ResTime": 6781.349999999996,
        "pct3ResTime": 10083.0,
        "throughput": 2.9750099166997224,
        "receivedKBytesPerSec": 49.82928556376438,
        "sentKBytesPerSec": 1.2165388858587862,
        "memMaxMB": 4950.8,
        "memAvgMB": 4242.5,
        "memMinMB": 2474.8,
        "cpuMax%": 99.4,
        "cpuAvg%": 39.3,
        "cpuMin%": 2.3,
        "dashboard": "results/details/compare-major-bigfile/20201027-122229/qgis218/somap218_fix/lk.txt/dashboard/index.html"
      },
      "av_f.txt": {
        "transaction": "Total",
        "sampleCount": 22,
        "errorCount": 0,
        "errorPct": 0.0,
        "meanResTime": 603.409090909091,
        "medianResTime": 493.0,
        "minResTime": 203.0,
        "maxResTime": 1286.0,
        "pct1ResTime": 1185.3999999999996,
        "pct2ResTime": 1285.85,
        "pct3ResTime": 1286.0,
        "throughput": 10.85883514313919,
        "receivedKBytesPerSec": 422.44184970385,
        "sentKBytesPerSec": 4.468279553307009,
        "memMaxMB": 5016.7,
        "memAvgMB": 4953.8,
        "memMinMB": 4890.5,
        "cpuMax%": 81.3,
        "cpuAvg%": 56.7,
        "cpuMin%": 23.2,
        "dashboard": "results/details/compare-major-bigfile/20201027-122229/qgis218/somap218_fix/av_f.txt/dashboard/index.html"
      },
      "av_sw.txt": {
        "transaction": "Total",
        "sampleCount": 20,
        "errorCount": 0,
        "errorPct": 0.0,
        "meanResTime": 751.35,
        "medianResTime": 779.0,
        "minResTime": 253.0,
        "maxResTime": 1592.0,
        "pct1ResTime": 1334.7000000000003,
        "pct2ResTime": 1579.4999999999998,
        "pct3ResTime": 1592.0,
        "throughput": 8.583690987124463,
        "receivedKBytesPerSec": 145.80581075643775,
        "sentKBytesPerSec": 3.502212982832618,
        "memMaxMB": 5024.1,
        "memAvgMB": 4994.1,
        "memMinMB": 4964.2,
        "cpuMax%": 95.5,
        "cpuAvg%": 61.7,
        "cpuMin%": 27.9,
        "dashboard": "results/details/compare-major-bigfile/20201027-122229/qgis218/somap218_fix/av_sw.txt/dashboard/index.html"
      }
    }
  },
  "qgis310": {
    "somap310_fix": {
      "lk.txt": {
        "transaction": "Total",
        "sampleCount": 30,
        "errorCount": 0,
        "errorPct": 0.0,
        "meanResTime": 14352.466666666665,
        "medianResTime": 16774.5,
        "minResTime": 1954.0,
        "maxResTime": 17152.0,
        "pct1ResTime": 17123.1,
        "pct2ResTime": 17143.2,
        "pct3ResTime": 17152.0,
        "throughput": 0.5875785886362301,
        "receivedKBytesPerSec": 15.927396402550091,
        "sentKBytesPerSec": 0.24027220802240631,
        "memMaxMB": 2659.0,
        "memAvgMB": 2637.7,
        "memMinMB": 2625.3,
        "cpuMax%": 28.0,
        "cpuAvg%": 13.5,
        "cpuMin%": 12.4,
        "dashboard": "results/details/compare-major-bigfile/20201027-122229/qgis310/somap310_fix/lk.txt/dashboard/index.html"
      },
      "av_f.txt": {
        "transaction": "Total",
        "sampleCount": 22,
        "errorCount": 0,
        "errorPct": 0.0,
        "meanResTime": 25435.31818181818,
        "medianResTime": 29063.0,
        "minResTime": 3657.0,
        "maxResTime": 33973.0,
        "pct1ResTime": 33710.4,
        "pct2ResTime": 33939.1,
        "pct3ResTime": 33973.0,
        "throughput": 0.32466574186122016,
        "receivedKBytesPerSec": 42.562456649744696,
        "sentKBytesPerSec": 0.13359603280599747,
        "memMaxMB": 3617.7,
        "memAvgMB": 2836.8,
        "memMinMB": 2627.6,
        "cpuMax%": 32.7,
        "cpuAvg%": 13.4,
        "cpuMin%": 12.3,
        "dashboard": "results/details/compare-major-bigfile/20201027-122229/qgis310/somap310_fix/av_f.txt/dashboard/index.html"
      },
      "av_sw.txt": {
        "transaction": "Total",
        "sampleCount": 20,
        "errorCount": 0,
        "errorPct": 0.0,
        "meanResTime": 21074.85,
        "medianResTime": 22741.0,
        "minResTime": 2599.0,
        "maxResTime": 29558.0,
        "pct1ResTime": 29419.600000000002,
        "pct2ResTime": 29552.5,
        "pct3ResTime": 29558.0,
        "throughput": 0.36620646720621086,
        "receivedKBytesPerSec": 178.34335418230674,
        "sentKBytesPerSec": 0.14941509960815907,
        "memMaxMB": 4593.4,
        "memAvgMB": 2880.0,
        "memMinMB": 2648.7,
        "cpuMax%": 40.0,
        "cpuAvg%": 13.5,
        "cpuMin%": 12.3,
        "dashboard": "results/details/compare-major-bigfile/20201027-122229/qgis310/somap310_fix/av_sw.txt/dashboard/index.html"
      }
    }
  },
  "qgis314": {
    "somap314_fix": {
      "lk.txt": {
        "transaction": "Total",
        "sampleCount": 30,
        "errorCount": 0,
        "errorPct": 0.0,
        "meanResTime": 19732.199999999997,
        "medianResTime": 23125.0,
        "minResTime": 2700.0,
        "maxResTime": 23680.0,
        "pct1ResTime": 23381.7,
        "pct2ResTime": 23584.85,
        "pct3ResTime": 23680.0,
        "throughput": 0.4266029606245468,
        "receivedKBytesPerSec": 11.560940232925217,
        "sentKBytesPerSec": 0.1744461715939309,
        "memMaxMB": 2695.1,
        "memAvgMB": 2670.1,
        "memMinMB": 2651.6,
        "cpuMax%": 31.0,
        "cpuAvg%": 13.3,
        "cpuMin%": 12.4,
        "dashboard": "results/details/compare-major-bigfile/20201027-122229/qgis314/somap314_fix/lk.txt/dashboard/index.html"
      },
      "av_f.txt": {
        "transaction": "Total",
        "sampleCount": 22,
        "errorCount": 0,
        "errorPct": 0.0,
        "meanResTime": 48258.81818181818,
        "medianResTime": 49089.5,
        "minResTime": 6362.0,
        "maxResTime": 104018.0,
        "pct1ResTime": 90596.79999999997,
        "pct2ResTime": 103982.75,
        "pct3ResTime": 104018.0,
        "throughput": 0.17215744580953127,
        "receivedKBytesPerSec": 22.568016252249784,
        "sentKBytesPerSec": 0.07084071034509742,
        "memMaxMB": 3663.2,
        "memAvgMB": 2983.4,
        "memMinMB": 2660.0,
        "cpuMax%": 40.0,
        "cpuAvg%": 13.1,
        "cpuMin%": 12.2,
        "dashboard": "results/details/compare-major-bigfile/20201027-122229/qgis314/somap314_fix/av_f.txt/dashboard/index.html"
      },
      "av_sw.txt": {
        "transaction": "Total",
        "sampleCount": 20,
        "errorCount": 0,
        "errorPct": 0.0,
        "meanResTime": 32804.1,
        "medianResTime": 32069.0,
        "minResTime": 3099.0,
        "maxResTime": 49046.0,
        "pct1ResTime": 48887.7,
        "pct2ResTime": 49038.55,
        "pct3ResTime": 49046.0,
        "throughput": 0.23342942844804443,
        "receivedKBytesPerSec": 113.88454197498804,
        "sentKBytesPerSec": 0.09524103047421188,
        "memMaxMB": 4853.7,
        "memAvgMB": 3074.0,
        "memMinMB": 2651.1,
        "cpuMax%": 39.9,
        "cpuAvg%": 13.4,
        "cpuMin%": 12.2,
        "dashboard": "results/details/compare-major-bigfile/20201027-122229/qgis314/somap314_fix/av_sw.txt/dashboard/index.html"
      }
    }
  },
  "qgis316": {
    "somap316_fix": {
      "lk.txt": {
        "transaction": "Total",
        "sampleCount": 30,
        "errorCount": 0,
        "errorPct": 0.0,
        "meanResTime": 629.4333333333333,
        "medianResTime": 686.0,
        "minResTime": 280.0,
        "maxResTime": 811.0,
        "pct1ResTime": 799.2,
        "pct2ResTime": 809.9,
        "pct3ResTime": 811.0,
        "throughput": 11.632415664986429,
        "receivedKBytesPerSec": 315.2952634257464,
        "sentKBytesPerSec": 4.756718931756494,
        "memMaxMB": 2711.7,
        "memAvgMB": 2709.1,
        "memMinMB": 2706.4,