{
  "Total" : {
    "transaction" : "Total",
    "sampleCount" : 30,
    "errorCount" : 0,
    "errorPct" : 0.0,
    "meanResTime" : 4562.533333333333,
    "medianResTime" : 4885.0,
    "minResTime" : 1375.0,
    "maxResTime" : 5256.0,
    "pct1ResTime" : 5198.2,
    "pct2ResTime" : 5240.05,
    "pct3ResTime" : 5256.0,
    "throughput" : 0.8260139321016547,
    "receivedKBytesPerSec" : 22.389817485338252,
    "sentKBytesPerSec" : 0.33777301481318317
  },
  "HTTP Request" : {
    "transaction" : "HTTP Request",
    "sampleCount" : 30,
    "errorCount" : 0,
    "errorPct" : 0.0,
    "meanResTime" : 4562.533333333333,
    "medianResTime" : 4885.0,
    "minResTime" : 1375.0,
    "maxResTime" : 5256.0,
    "pct1ResTime" : 5198.2,
    "pct2ResTime" : 5240.05,
    "pct3ResTime" : 5256.0,
    "throughput" : 0.8260139321016547,
    "receivedKBytesPerSec" : 22.389817485338252,
    "sentKBytesPerSec" : 0.33777301481318317
  }
}