{
  "Total" : {
    "transaction" : "Total",
    "sampleCount" : 5190,
    "errorCount" : 0,
    "errorPct" : 0.0,
    "meanResTime" : 885.9641618497114,
    "medianResTime" : 738.0,
    "minResTime" : 182.0,
    "maxResTime" : 6209.0,
    "pct1ResTime" : 1596.0,
    "pct2ResTime" : 1996.4499999999998,
    "pct3ResTime" : 2830.720000000001,
    "throughput" : 11.229707010669305,
    "receivedKBytesPerSec" : 3039.2213474782925,
    "sentKBytesPerSec" : 4.890852494877393
  },
  "HTTP Request" : {
    "transaction" : "HTTP Request",
    "sampleCount" : 5190,
    "errorCount" : 0,
    "errorPct" : 0.0,
    "meanResTime" : 885.9641618497114,
    "medianResTime" : 738.0,
    "minResTime" : 182.0,
    "maxResTime" : 6209.0,
    "pct1ResTime" : 1596.0,
    "pct2ResTime" : 1996.4499999999998,
    "pct3ResTime" : 2830.720000000001,
    "throughput" : 11.229707010669305,
    "receivedKBytesPerSec" : 3039.2213474782925,
    "sentKBytesPerSec" : 4.890852494877393
  }
}