{
  "Total" : {
    "transaction" : "Total",
    "sampleCount" : 1,
    "errorCount" : 0,
    "errorPct" : 0.0,
    "meanResTime" : 1469.0,
    "medianResTime" : 1469.0,
    "minResTime" : 1469.0,
    "maxResTime" : 1469.0,
    "pct1ResTime" : 1469.0,
    "pct2ResTime" : 1469.0,
    "pct3ResTime" : 1469.0,
    "throughput" : 0.6807351940095302,
    "receivedKBytesPerSec" : 116.62243660653505,
    "sentKBytesPerSec" : 0.25859960006807353
  },
  "HTTP Request" : {
    "transaction" : "HTTP Request",
    "sampleCount" : 1,
    "errorCount" : 0,
    "errorPct" : 0.0,
    "meanResTime" : 1469.0,
    "medianResTime" : 1469.0,
    "minResTime" : 1469.0,
    "maxResTime" : 1469.0,
    "pct1ResTime" : 1469.0,
    "pct2ResTime" : 1469.0,
    "pct3ResTime" : 1469.0,
    "throughput" : 0.6807351940095302,
    "receivedKBytesPerSec" : 116.62243660653505,
    "sentKBytesPerSec" : 0.25859960006807353
  }
}