{
  "qgis316": {
    "somap316_lk": {
      "lk.txt": {
        "transaction": "Total",
        "sampleCount": 30,
        "errorCount": 0,
        "errorPct": 0.0,
        "meanResTime": 302.0333333333333,
        "medianResTime": 318.0,
        "minResTime": 171.0,
        "maxResTime": 436.0,
        "pct1ResTime": 382.0,
        "pct2ResTime": 422.25,
        "pct3ResTime": 436.0,
        "throughput": 21.09704641350211,
        "receivedKBytesPerSec": 571.8329707278481,
        "sentKBytesPerSec": 8.606386251758087,
        "memMaxMB": 4132.8,
        "memAvgMB": 4132.8,
        "memMinMB": 4132.8,
        "cpuMax%": 35.6,
        "cpuAvg%": 35.6,
        "cpuMin%": 35.6,
        "dashboard": "results/details/compare-316/20201030-225553/qgis316/somap316_lk/lk.txt/dashboard/index.html",
        "effective duration": 7.2
      }
    },
    "somap316_grundplanav_farbig": {
      "av_f.txt": {
        "transaction": "Total",
        "sampleCount": 22,
        "errorCount": 0,
        "errorPct": 0.0,
        "meanResTime": 3442.818181818181,
        "medianResTime": 3519.5,
        "minResTime": 2072.0,
        "maxResTime": 4271.0,
        "pct1ResTime": 4064.2,
        "pct2ResTime": 4240.7,
        "pct3ResTime": 4271.0,
        "throughput": 2.4205083067444164,
        "receivedKBytesPerSec": 315.63544359940585,
        "sentKBytesPerSec": 1.0314666079876773,
        "memMaxMB": 4477.5,
        "memAvgMB": 4273.2,
        "memMinMB": 4145.1,
        "cpuMax%": 35.5,
        "cpuAvg%": 27.6,
        "cpuMin%": 19.8,
        "dashboard": "results/details/compare-316/20201030-225553/qgis316/somap316_grundplanav_farbig/av_f.txt/dashboard/index.html",
        "effective duration": 14.4
      }
    },
    "somap316_grundplanav_sw": {
      "av_sw.txt": {
        "transaction": "Total",
        "sampleCount": 20,
        "errorCount": 0,
        "errorPct": 0.0,
        "meanResTime": 2971.0999999999995,
        "medianResTime": 2970.5,
        "minResTime": 1741.0,
        "maxResTime": 4198.0,
        "pct1ResTime": 4066.6,
        "pct2ResTime": 4191.45,
        "pct3ResTime": 4198.0,
        "throughput": 2.4676125848241828,
        "receivedKBytesPerSec": 767.510530729488,
        "sentKBytesPerSec": 1.0333127698951263,
        "memMaxMB": 4303.6,
        "memAvgMB": 4233.0,
        "memMinMB": 4200.3,
        "cpuMax%": 31.4,
        "cpuAvg%": 22.5,
        "cpuMin%": 15.3,
        "dashboard": "results/details/compare-316/20201030-225553/qgis316/somap316_grundplanav_sw/av_sw.txt/dashboard/index.html",
        "effective duration": 13.8
      }
    }
  },
  "qgis316-fastread": {
    "somap316_lk": {
      "lk.txt": {
        "transaction": "Total",
        "sampleCount": 30,
        "errorCount": 0,
        "errorPct": 0.0,
        "meanResTime": 308.8,
        "medianResTime": 319.5,
        "minResTime": 167.0,
        "maxResTime": 448.0,
        "pct1ResTime": 406.6000000000001,
        "pct2ResTime": 430.4,
        "pct3ResTime": 448.0,
        "throughput": 20.70393374741201,
        "receivedKBytesPerSec": 561.1776979813665,
        "sentKBytesPerSec": 8.446018806073154,
        "memMaxMB": 4162.6,
        "memAvgMB": 4140.2,
        "memMinMB": 4117.8,
        "cpuMax%": 35.8,
        "cpuAvg%": 35.7,
        "cpuMin%": 35.6,
        "dashboard": "results/details/compare-316/20201030-225553/qgis316-fastread/somap316_lk/lk.txt/dashboard/index.html",
        "effective duration": 6.9
      }
    },
    "somap316_grundplanav_farbig": {
      "av_f.txt": {
        "transaction": "Total",
        "sampleCount": 22,
        "errorCount": 0,
        "errorPct": 0.0,
        "meanResTime": 3306.8181818181815,
        "medianResTime": 3371.5,
        "minResTime": 2089.0,
        "maxResTime": 4051.0,
        "pct1ResTime": 3914.6,
        "pct2ResTime": 4032.2499999999995,
        "pct3ResTime": 4051.0,
        "throughput": 2.488969340423125,
        "receivedKBytesPerSec": 324.5627952115624,
        "sentKBytesPerSec": 1.0606403439303087,
        "memMaxMB": 4480.2,
        "memAvgMB": 4306.1,
        "memMinMB": 4159.5,
        "cpuMax%": 39.1,
        "cpuAvg%": 28.3,
        "cpuMin%": 22.3,
        "dashboard": "results/details/compare-316/20201030-225553/qgis316-fastread/somap316_grundplanav_farbig/av_f.txt/dashboard/index.html",
        "effective duration": 14.2
      }
    },
    "somap316_grundplanav_sw": {
      "av_sw.txt": {
        "transaction": "Total",
        "sampleCount": 20,
        "errorCount": 0,
        "errorPct": 0.0,
        "meanResTime": 3000.9,
        "medianResTime": 3002.0,
        "minResTime": 1745.0,
        "maxResTime": 4215.0,
        "pct1ResTime": 4107.4,
        "pct2ResTime": 4209.65,
        "pct3ResTime": 4215.0,
        "throughput": 2.4512807942149775,
        "receivedKBytesPerSec": 762.4307944064835,
        "sentKBytesPerSec": 1.0264738325775216,
        "memMaxMB": 4432.6,
        "memAvgMB": 4254.3,
        "memMinMB": 4174.6,
        "cpuMax%": 35.0,
        "cpuAvg%": 22.9,
        "cpuMin%": 13.1,
        "dashboard": "results/details/compare-316/20201030-225553/qgis316-fastread/somap316_grundplanav_sw/av_sw.txt/dashboard/index.html",
        "effective duration": 13.8
      }
    }
  },
  "qgis316-bigfile": {
    "somap316_fix": {
      "lk.txt": {
        "transaction": "Total",
        "sampleCount": 30,
        "errorCount": 0,
        "errorPct": 0.0,
        "meanResTime": 427.53333333333336,
        "medianResTime": 468.0,
        "minResTime": 249.0,
        "maxResTime": 569.0,
        "pct1ResTime": 521.8,
        "pct2ResTime": 556.35,
        "pct3ResTime": 569.0,
        "throughput": 16.12036539494895,
        "receivedKBytesPerSec": 436.94061492477164,
        "sentKBytesPerSec": 6.5919280628694255,
        "memMaxMB": 4784.1,
        "memAvgMB": 4749.4,
        "memMinMB": 4700.6,
        "cpuMax%": 35.1,
        "cpuAvg%": 30.2,
        "cpuMin%": 21.2,
        "dashboard": "results/details/compare-316/20201030-225553/qgis316-bigfile/somap316_fix/lk.txt/dashboard/index.html",
        "effective duration": 7.2
      },
      "av_f.txt": {
        "transaction": "Total",
        "sampleCount": 22,
        "errorCount": 0,
        "errorPct": 0.0,
        "meanResTime": 10850.954545454546,
        "medianResTime": 11800.5,
        "minResTime": 1971.0,
        "maxResTime": 15469.0,
        "pct1ResTime": 15153.8,
        "pct2ResTime": 15430.0,
        "pct3ResTime": 15469.0,
        "throughput": 0.7977662544874351,
        "receivedKBytesPerSec": 104.58457795445479,
        "sentKBytesPerSec": 0.3282711816006092,
        "memMaxMB": 7023.8,
        "memAvgMB": 5748.6,
        "memMinMB": 4782.5,
        "cpuMax%": 44.3,
        "cpuAvg%": 33.5,
        "cpuMin%": 27.3,
        "dashboard": "results/details/compare-316/20201030-225553/qgis316-bigfile/somap316_fix/av_f.txt/dashboard/index.html",
        "effective duration": 33.0
      },
      "av_sw.txt": {
        "transaction": "Total",
        "sampleCount": 20,
        "errorCount": 0,
        "errorPct": 0.0,
        "meanResTime": 8154.850000000001,
        "medianResTime": 6795.0,
        "minResTime": 916.0,
        "maxResTime": 14455.0,
        "pct1ResTime": 14304.4,
        "pct2ResTime": 14447.95,
        "pct3ResTime": 14455.0,
        "throughput": 0.9046089827671989,
        "receivedKBytesPerSec": 442.3442076049346,
        "sentKBytesPerSec": 0.369087532226695,
        "memMaxMB": 10360.8,
        "memAvgMB": 6065.4,
        "memMinMB": 4857.6,
        "cpuMax%": 42.0,
        "cpuAvg%": 26.7,
        "cpuMin%": 12.6,
        "dashboard": "results/details/compare-316/20201030-225553/qgis316-bigfile/somap316_fix/av_sw.txt/dashboard/index.html",
        "effective duration": 27.6
      }
    }
  },
  "qgis316-bigfile-fastread": {
    "somap316_fix": {
      "lk.txt": {
        "transaction": "Total",
        "sampleCount": 30,
        "errorCount": 0,
        "errorPct": 0.0,