{
  "Total" : {
    "transaction" : "Total",
    "sampleCount" : 22,
    "errorCount" : 0,
    "errorPct" : 0.0,
    "meanResTime" : 2659.590909090909,
    "medianResTime" : 3044.5,
    "minResTime" : 304.0,
    "maxResTime" : 4117.0,
    "pct1ResTime" : 4049.3,
    "pct2ResTime" : 4109.05,
    "pct3ResTime" : 4117.0,
    "throughput" : 2.969361587258739,
    "receivedKBytesPerSec" : 387.2061745006074,
    "sentKBytesPerSec" : 1.26535294911594
  },
  "HTTP Request" : {
    "transaction" : "HTTP Request",
    "sampleCount" : 22,
    "errorCount" : 0,
    "errorPct" : 0.0,
    "meanResTime" : 2659.590909090909,
    "medianResTime" : 3044.5,
    "minResTime" : 304.0,
    "maxResTime" : 4117.0,
    "pct1ResTime" : 4049.3,
    "pct2ResTime" : 4109.05,
    "pct3ResTime" : 4117.0,
    "throughput" : 2.969361587258739,
    "receivedKBytesPerSec" : 387.2061745006074,
    "sentKBytesPerSec" : 1.26535294911594
  }
}