{
  "qgis218-stock": {
    "somap218_grundplanav_farbig_ohne_labels": {
      "av_f_big.txt": {
        "transaction": "Total",
        "sampleCount": 735,
        "errorCount": 0,
        "errorPct": 0.0,
        "meanResTime": 536.3319727891152,
        "medianResTime": 485.0,
        "minResTime": 179.0,
        "maxResTime": 3187.0,
        "pct1ResTime": 777.8,
        "pct2ResTime": 920.7999999999997,
        "pct3ResTime": 1559.1999999999994,
        "throughput": 18.371784937635912,
        "receivedKBytesPerSec": 2979.0387024067663,
        "sentKBytesPerSec": 8.304259645187093,
        "responseSizeMB": 116.4,
        "memMaxMB": 3753.2,
        "memAvgMB": 3347.9,
        "memMinMB": 2524.6,
        "cpuMax%": 98.5,
        "cpuAvg%": 93.9,
        "cpuMin%": 11.5,
        "dashboard": "results/details/compare-av-ohnelabel/20201103-073111/qgis218-stock/somap218_grundplanav_farbig_ohne_labels/av_f_big.txt/dashboard/index.html",
        "effective duration": 45.7
      }
    }
  },
  "qgis310-stock": {
    "somap310_grundplanav_farbig_ohne_labels": {
      "av_f_big.txt": {
        "transaction": "Total",
        "sampleCount": 735,
        "errorCount": 0,
        "errorPct": 0.0,
        "meanResTime": 816.3333333333335,
        "medianResTime": 812.0,
        "minResTime": 142.0,
        "maxResTime": 2037.0,
        "pct1ResTime": 1248.0,
        "pct2ResTime": 1310.3999999999999,
        "pct3ResTime": 1603.92,
        "throughput": 12.063221126228889,
        "receivedKBytesPerSec": 1670.3590673929903,
        "sentKBytesPerSec": 5.4527157121403595,
        "responseSizeMB": 99.4,
        "memMaxMB": 3950.7,
        "memAvgMB": 3394.6,
        "memMinMB": 2810.2,
        "cpuMax%": 91.0,
        "cpuAvg%": 73.4,
        "cpuMin%": 18.7,
        "dashboard": "results/details/compare-av-ohnelabel/20201103-073111/qgis310-stock/somap310_grundplanav_farbig_ohne_labels/av_f_big.txt/dashboard/index.html",
        "effective duration": 66.6
      }
    }
  },
  "qgis316-stock": {
    "somap316_grundplanav_farbig_ohne_labels": {
      "av_f_big.txt": {
        "transaction": "Total",
        "sampleCount": 735,
        "errorCount": 0,
        "errorPct": 0.0,
        "meanResTime": 617.3700680272107,
        "medianResTime": 618.0,
        "minResTime": 7.0,
        "maxResTime": 2143.0,
        "pct1ResTime": 1019.1999999999999,
        "pct2ResTime": 1131.5999999999995,
        "pct3ResTime": 1493.1199999999994,
        "throughput": 15.908746563927188,
        "receivedKBytesPerSec": 2202.584076406625,
        "sentKBytesPerSec": 7.190937763792991,
        "responseSizeMB": 99.4,
        "memMaxMB": 4127.7,
        "memAvgMB": 3493.0,
        "memMinMB": 2897.8,
        "cpuMax%": 90.2,
        "cpuAvg%": 73.1,
        "cpuMin%": 18.3,
        "dashboard": "results/details/compare-av-ohnelabel/20201103-073111/qgis316-stock/somap316_grundplanav_farbig_ohne_labels/av_f_big.txt/dashboard/index.html",
        "effective duration": 52.0
      }
    }
  }
}