{
  "Total" : {
    "transaction" : "Total",
    "sampleCount" : 735,
    "errorCount" : 735,
    "errorPct" : 100.0,
    "meanResTime" : 13.174149659863934,
    "medianResTime" : 2.0,
    "minResTime" : 1.0,
    "maxResTime" : 1008.0,
    "pct1ResTime" : 4.0,
    "pct2ResTime" : 5.0,
    "pct3ResTime" : 397.5599999999996,
    "throughput" : 424.1200230813618,
    "receivedKBytesPerSec" : 206.14315854010385,
    "sentKBytesPerSec" : 193.36388307847662
  },
  "HTTP Request" : {
    "transaction" : "HTTP Request",
    "sampleCount" : 735,
    "errorCount" : 735,
    "errorPct" : 100.0,
    "meanResTime" : 13.174149659863934,
    "medianResTime" : 2.0,
    "minResTime" : 1.0,
    "maxResTime" : 1008.0,
    "pct1ResTime" : 4.0,
    "pct2ResTime" : 5.0,
    "pct3ResTime" : 397.5599999999996,
    "throughput" : 424.1200230813618,
    "receivedKBytesPerSec" : 206.14315854010385,
    "sentKBytesPerSec" : 193.36388307847662
  }
}