{
  "qgis310-singlethread-multiinstance": {
    "somap310_lk": {
      "lk_big.txt": {
        "transaction": "Total",
        "sampleCount": 5262,
        "errorCount": 0,
        "errorPct": 0.0,
        "meanResTime": 426.4644621816802,
        "medianResTime": 249.0,
        "minResTime": 31.0,
        "maxResTime": 3537.0,
        "pct1ResTime": 1061.0,
        "pct2ResTime": 1386.0,
        "pct3ResTime": 2207.8499999999995,
        "throughput": 27.792155661423728,
        "receivedKBytesPerSec": 1315.6003515117463,
        "sentKBytesPerSec": 14.07821813072401,
        "memMaxMB": 5860.0,
        "memAvgMB": 4003.6,
        "memMinMB": 2878.3,
        "cpuMax%": 90.3,
        "cpuAvg%": 73.6,
        "cpuMin%": 13.9,
        "dashboard": "results/details/compare-deployment/20201016-003347/qgis310-singlethread-multiinstance/somap310_lk/lk_big.txt/dashboard/index.html"
      }
    },
    "somap310_grundplanav_farbig": {
      "av_f_big.txt": {
        "transaction": "Total",
        "sampleCount": 735,
        "errorCount": 0,
        "errorPct": 0.0,
        "meanResTime": 1284.5904761904774,
        "medianResTime": 1214.0,
        "minResTime": 356.0,
        "maxResTime": 3995.0,
        "pct1ResTime": 1891.0,
        "pct2ResTime": 2137.5999999999995,
        "pct3ResTime": 3324.9599999999996,
        "throughput": 9.216416506790054,
        "receivedKBytesPerSec": 1348.79854243862,
        "sentKBytesPerSec": 4.057922160465962,
        "memMaxMB": 5302.1,
        "memAvgMB": 4464.8,
        "memMinMB": 3091.4,
        "cpuMax%": 94.5,
        "cpuAvg%": 73.6,
        "cpuMin%": 25.3,
        "dashboard": "results/details/compare-deployment/20201016-003347/qgis310-singlethread-multiinstance/somap310_grundplanav_farbig/av_f_big.txt/dashboard/index.html"
      }
    },
    "somap310_grundplanav_sw": {
      "av_sw_big.txt": {
        "transaction": "Total",
        "sampleCount": 5190,
        "errorCount": 0,
        "errorPct": 0.0,
        "meanResTime": 1226.8146435452725,
        "medianResTime": 1112.0,
        "minResTime": 199.0,
        "maxResTime": 8939.0,
        "pct1ResTime": 2121.9000000000005,
        "pct2ResTime": 2564.8999999999996,
        "pct3ResTime": 3519.4500000000007,
        "throughput": 9.733427854482441,
        "receivedKBytesPerSec": 2634.354384303253,
        "sentKBytesPerSec": 4.239180938610014,
        "memMaxMB": 9226.4,
        "memAvgMB": 7302.4,
        "memMinMB": 4022.4,
        "cpuMax%": 95.0,
        "cpuAvg%": 74.3,
        "cpuMin%": 27.9,
        "dashboard": "results/details/compare-deployment/20201016-003347/qgis310-singlethread-multiinstance/somap310_grundplanav_sw/av_sw_big.txt/dashboard/index.html"
      }
    }
  },
  "qgis310-multithread-singleinstance": {
    "somap310_lk": {
      "lk_big.txt": {
        "transaction": "Total",
        "sampleCount": 5262,
        "errorCount": 0,
        "errorPct": 0.0,
        "meanResTime": 2067.2675788673523,
        "medianResTime": 1524.5,
        "minResTime": 137.0,
        "maxResTime": 12724.0,
        "pct1ResTime": 4049.3999999999996,
        "pct2ResTime": 5021.849999999999,
        "pct3ResTime": 7766.659999999998,
        "throughput": 5.765899231542164,
        "receivedKBytesPerSec": 272.9220296222799,
        "sentKBytesPerSec": 2.9207373508668026,
        "memMaxMB": 4805.5,
        "memAvgMB": 3352.2,
        "memMinMB": 2446.9,
        "cpuMax%": 39.4,
        "cpuAvg%": 16.1,
        "cpuMin%": 9.7,
        "dashboard": "results/details/compare-deployment/20201016-003347/qgis310-multithread-singleinstance/somap310_lk/lk_big.txt/dashboard/index.html"
      }
    },
    "somap310_grundplanav_farbig": {
      "av_f_big.txt": {
        "transaction": "Total",
        "sampleCount": 735,
        "errorCount": 0,
        "errorPct": 0.0,
        "meanResTime": 5119.477551020401,
        "medianResTime": 5287.0,
        "minResTime": 2282.0,
        "maxResTime": 8296.0,
        "pct1ResTime": 6416.2,
        "pct2ResTime": 7299.999999999999,
        "pct3ResTime": 7861.92,
        "throughput": 2.326302729528536,
        "receivedKBytesPerSec": 340.4474716739014,
        "sentKBytesPerSec": 1.0242544259096318,
        "memMaxMB": 3591.9,
        "memAvgMB": 3117.1,
        "memMinMB": 2599.2,
        "cpuMax%": 36.6,
        "cpuAvg%": 17.7,
        "cpuMin%": 12.4,
        "dashboard": "results/details/compare-deployment/20201016-003347/qgis310-multithread-singleinstance/somap310_grundplanav_farbig/av_f_big.txt/dashboard/index.html"
      }
    },
    "somap310_grundplanav_sw": {
      "av_sw_big.txt": {
        "transaction": "Total",
        "sampleCount": 5190,
        "errorCount": 0,
        "errorPct": 0.0,
        "meanResTime": 5803.309055876688,
        "medianResTime": 5692.0,
        "minResTime": 2141.0,
        "maxResTime": 22419.0,
        "pct1ResTime": 8273.800000000001,
        "pct2ResTime": 9452.349999999999,
        "pct3ResTime": 12861.720000000001,
        "throughput": 2.0646518475849343,
        "receivedKBytesPerSec": 558.7708294349686,
        "sentKBytesPerSec": 0.899213811208076,
        "memMaxMB": 7576.9,
        "memAvgMB": 6025.5,
        "memMinMB": 2810.8,
        "cpuMax%": 37.1,
        "cpuAvg%": 15.2,
        "cpuMin%": 12.4,
        "dashboard": "results/details/compare-deployment/20201016-003347/qgis310-multithread-singleinstance/somap310_grundplanav_sw/av_sw_big.txt/dashboard/index.html"
      }
    }
  },
  "qgis310-balanced": {
    "somap310_lk": {
      "lk_big.txt": {
        "transaction": "Total",
        "sampleCount": 5262,
        "errorCount": 0,
        "errorPct": 0.0,
        "meanResTime": 743.1552641581118,
        "medianResTime": 566.0,
        "minResTime": 38.0,
        "maxResTime": 4965.0,
        "pct1ResTime": 1607.3999999999996,
        "pct2ResTime": 2005.5499999999984,
        "pct3ResTime": 3000.069999999999,
        "throughput": 15.999805399554242,
        "receivedKBytesPerSec": 757.3442218918279,
        "sentKBytesPerSec": 8.104759962060514,
        "memMaxMB": 4960.2,
        "memAvgMB": 3628.3,
        "memMinMB": 2579.9,
        "cpuMax%": 72.4,
        "cpuAvg%": 42.7,
        "cpuMin%": 9.7,
        "dashboard": "results/details/compare-deployment/20201016-003347/qgis310-balanced/somap310_lk/lk_big.txt/dashboard/index.html"
      }
    },
    "somap310_grundplanav_farbig": {
      "av_f_big.txt": {
        "transaction": "Total",
        "sampleCount": 735,
        "errorCount": 0,
        "errorPct": 0.0,
        "meanResTime": 2060.172789115647,
        "medianResTime": 2109.0,
        "minResTime": 504.0,
        "maxResTime": 4309.0,
        "pct1ResTime": 2735.7999999999997,
        "pct2ResTime": 3026.2,
        "pct3ResTime": 4034.1599999999994,
        "throughput": 5.7529743268628675,
        "receivedKBytesPerSec": 841.9280489907835,
        "sentKBytesPerSec": 2.532993381144333,
        "memMaxMB": 4194.3,
        "memAvgMB": 3610.0,
        "memMinMB": 2872.4,
        "cpuMax%": 73.2,
        "cpuAvg%": 46.6,
        "cpuMin%": 28.0,
        "dashboard": "results/details/compare-deployment/20201016-003347/qgis310-balanced/somap310_grundplanav_farbig/av_f_big.txt/dashboard/index.html"
      }
    },
    "somap310_grundplanav_sw": {
      "av_sw_big.txt": {
        "transaction": "Total",
        "sampleCount": 5190,
        "errorCount": 0,
        "errorPct": 0.0,
        "meanResTime": 2136.120809248553,
        "medianResTime": 2009.5,
        "minResTime": 567.0,
        "maxResTime": 9720.0,
        "pct1ResTime": 3307.7000000000016,
        "pct2ResTime": 3826.699999999999,
        "pct3ResTime": 5390.630000000016,
        "throughput": 5.5994182646766255,
        "receivedKBytesPerSec": 1515.4802712380056,
        "sentKBytesPerSec": 2.438703767038307,
        "memMaxMB": 8320.9,
        "memAvgMB": 6472.4,
        "memMinMB": 3205.9,
        "cpuMax%": 70.2,
        "cpuAvg%": 43.0,
        "cpuMin%": 23.9,