{
  "Total" : {
    "transaction" : "Total",
    "sampleCount" : 735,
    "errorCount" : 0,
    "errorPct" : 0.0,
    "meanResTime" : 617.3700680272107,
    "medianResTime" : 618.0,
    "minResTime" : 7.0,
    "maxResTime" : 2143.0,
    "pct1ResTime" : 1019.1999999999999,
    "pct2ResTime" : 1131.5999999999995,
    "pct3ResTime" : 1493.1199999999994,
    "throughput" : 15.908746563927188,
    "receivedKBytesPerSec" : 2202.584076406625,
    "sentKBytesPerSec" : 7.190937763792991
  },
  "HTTP Request" : {
    "transaction" : "HTTP Request",
    "sampleCount" : 735,
    "errorCount" : 0,
    "errorPct" : 0.0,
    "meanResTime" : 617.3700680272107,
    "medianResTime" : 618.0,
    "minResTime" : 7.0,
    "maxResTime" : 2143.0,
    "pct1ResTime" : 1019.1999999999999,
    "pct2ResTime" : 1131.5999999999995,
    "pct3ResTime" : 1493.1199999999994,
    "throughput" : 15.908746563927188,
    "receivedKBytesPerSec" : 2202.584076406625,
    "sentKBytesPerSec" : 7.190937763792991
  }
}