{
  "Total" : {
    "transaction" : "Total",
    "sampleCount" : 18,
    "errorCount" : 0,
    "errorPct" : 0.0,
    "meanResTime" : 274.44444444444446,
    "medianResTime" : 276.5,
    "minResTime" : 164.0,
    "maxResTime" : 383.0,
    "pct1ResTime" : 363.20000000000005,
    "pct2ResTime" : 383.0,
    "pct3ResTime" : 383.0,
    "throughput" : 17.29106628242075,
    "receivedKBytesPerSec" : 16335.642936479348,
    "sentKBytesPerSec" : 6.543250180115274
  },
  "HTTP Request" : {
    "transaction" : "HTTP Request",
    "sampleCount" : 18,
    "errorCount" : 0,
    "errorPct" : 0.0,
    "meanResTime" : 274.44444444444446,
    "medianResTime" : 276.5,
    "minResTime" : 164.0,
    "maxResTime" : 383.0,
    "pct1ResTime" : 363.20000000000005,
    "pct2ResTime" : 383.0,
    "pct3ResTime" : 383.0,
    "throughput" : 17.29106628242075,
    "receivedKBytesPerSec" : 16335.642936479348,
    "sentKBytesPerSec" : 6.543250180115274
  }
}