{
  "Total" : {
    "transaction" : "Total",
    "sampleCount" : 18,
    "errorCount" : 0,
    "errorPct" : 0.0,
    "meanResTime" : 126.33333333333334,
    "medianResTime" : 119.0,
    "minResTime" : 69.0,
    "maxResTime" : 225.0,
    "pct1ResTime" : 209.70000000000002,
    "pct2ResTime" : 225.0,
    "pct3ResTime" : 225.0,
    "throughput" : 29.459901800327334,
    "receivedKBytesPerSec" : 5010.150815773322,
    "sentKBytesPerSec" : 11.392696399345336
  },
  "HTTP Request" : {
    "transaction" : "HTTP Request",
    "sampleCount" : 18,
    "errorCount" : 0,
    "errorPct" : 0.0,
    "meanResTime" : 126.33333333333334,
    "medianResTime" : 119.0,
    "minResTime" : 69.0,
    "maxResTime" : 225.0,
    "pct1ResTime" : 209.70000000000002,
    "pct2ResTime" : 225.0,
    "pct3ResTime" : 225.0,
    "throughput" : 29.459901800327334,
    "receivedKBytesPerSec" : 5010.150815773322,
    "sentKBytesPerSec" : 11.392696399345336
  }
}