{
  "Total" : {
    "transaction" : "Total",
    "sampleCount" : 30,
    "errorCount" : 0,
    "errorPct" : 0.0,
    "meanResTime" : 14492.966666666667,
    "medianResTime" : 16975.0,
    "minResTime" : 2003.0,
    "maxResTime" : 17452.0,
    "pct1ResTime" : 17319.4,
    "pct2ResTime" : 17383.25,
    "pct3ResTime" : 17452.0,
    "throughput" : 0.5859947260474656,
    "receivedKBytesPerSec" : 15.88389063873425,
    "sentKBytesPerSec" : 0.23962453608750856
  },
  "HTTP Request" : {
    "transaction" : "HTTP Request",
    "sampleCount" : 30,
    "errorCount" : 0,
    "errorPct" : 0.0,
    "meanResTime" : 14492.966666666667,
    "medianResTime" : 16975.0,
    "minResTime" : 2003.0,
    "maxResTime" : 17452.0,
    "pct1ResTime" : 17319.4,
    "pct2ResTime" : 17383.25,
    "pct3ResTime" : 17452.0,
    "throughput" : 0.5859947260474656,
    "receivedKBytesPerSec" : 15.88389063873425,
    "sentKBytesPerSec" : 0.23962453608750856
  }
}