{
  "Total" : {
    "transaction" : "Total",
    "sampleCount" : 20,
    "errorCount" : 0,
    "errorPct" : 0.0,
    "meanResTime" : 18919.249999999996,
    "medianResTime" : 20996.0,
    "minResTime" : 2536.0,
    "maxResTime" : 26939.0,
    "pct1ResTime" : 26691.1,
    "pct2ResTime" : 26927.0,
    "pct3ResTime" : 26939.0,
    "throughput" : 0.4052028040034037,
    "receivedKBytesPerSec" : 197.33461631726368,
    "sentKBytesPerSec" : 0.165325909680295
  },
  "HTTP Request" : {
    "transaction" : "HTTP Request",
    "sampleCount" : 20,
    "errorCount" : 0,
    "errorPct" : 0.0,
    "meanResTime" : 18919.249999999996,
    "medianResTime" : 20996.0,
    "minResTime" : 2536.0,
    "maxResTime" : 26939.0,
    "pct1ResTime" : 26691.1,
    "pct2ResTime" : 26927.0,
    "pct3ResTime" : 26939.0,
    "throughput" : 0.4052028040034037,
    "receivedKBytesPerSec" : 197.33461631726368,
    "sentKBytesPerSec" : 0.165325909680295
  }
}