{
  "Total" : {
    "transaction" : "Total",
    "sampleCount" : 22,
    "errorCount" : 0,
    "errorPct" : 0.0,
    "meanResTime" : 4230.136363636363,
    "medianResTime" : 4325.5,
    "minResTime" : 2900.0,
    "maxResTime" : 5585.0,
    "pct1ResTime" : 5376.599999999999,
    "pct2ResTime" : 5578.4,
    "pct3ResTime" : 5585.0,
    "throughput" : 2.00382548501685,
    "receivedKBytesPerSec" : 261.2658256671828,
    "sentKBytesPerSec" : 0.8539029055469534
  },
  "HTTP Request" : {
    "transaction" : "HTTP Request",
    "sampleCount" : 22,
    "errorCount" : 0,
    "errorPct" : 0.0,
    "meanResTime" : 4230.136363636363,
    "medianResTime" : 4325.5,
    "minResTime" : 2900.0,
    "maxResTime" : 5585.0,
    "pct1ResTime" : 5376.599999999999,
    "pct2ResTime" : 5578.4,
    "pct3ResTime" : 5585.0,
    "throughput" : 2.00382548501685,
    "receivedKBytesPerSec" : 261.2658256671828,
    "sentKBytesPerSec" : 0.8539029055469534
  }
}