{
  "Total" : {
    "transaction" : "Total",
    "sampleCount" : 5190,
    "errorCount" : 0,
    "errorPct" : 0.0,
    "meanResTime" : 418.1452793834284,
    "medianResTime" : 333.5,
    "minResTime" : 3.0,
    "maxResTime" : 7663.0,
    "pct1ResTime" : 662.9000000000005,
    "pct2ResTime" : 890.8999999999996,
    "pct3ResTime" : 2027.8100000000013,
    "throughput" : 23.772988571559445,
    "receivedKBytesPerSec" : 9656.03176244761,
    "sentKBytesPerSec" : 9.43226566257472
  },
  "HTTP Request" : {
    "transaction" : "HTTP Request",
    "sampleCount" : 5190,
    "errorCount" : 0,
    "errorPct" : 0.0,
    "meanResTime" : 418.1452793834284,
    "medianResTime" : 333.5,
    "minResTime" : 3.0,
    "maxResTime" : 7663.0,
    "pct1ResTime" : 662.9000000000005,
    "pct2ResTime" : 890.8999999999996,
    "pct3ResTime" : 2027.8100000000013,
    "throughput" : 23.772988571559445,
    "receivedKBytesPerSec" : 9656.03176244761,
    "sentKBytesPerSec" : 9.43226566257472
  }
}