{
  "Total" : {
    "transaction" : "Total",
    "sampleCount" : 735,
    "errorCount" : 0,
    "errorPct" : 0.0,
    "meanResTime" : 1382.787755102041,
    "medianResTime" : 1325.0,
    "minResTime" : 242.0,
    "maxResTime" : 6002.0,
    "pct1ResTime" : 2042.0,
    "pct2ResTime" : 2259.7999999999993,
    "pct3ResTime" : 3680.08,
    "throughput" : 8.539461607277712,
    "receivedKBytesPerSec" : 1249.7226127267024,
    "sentKBytesPerSec" : 3.7598637679938656
  },
  "HTTP Request" : {
    "transaction" : "HTTP Request",
    "sampleCount" : 735,
    "errorCount" : 0,
    "errorPct" : 0.0,
    "meanResTime" : 1382.787755102041,
    "medianResTime" : 1325.0,
    "minResTime" : 242.0,
    "maxResTime" : 6002.0,
    "pct1ResTime" : 2042.0,
    "pct2ResTime" : 2259.7999999999993,
    "pct3ResTime" : 3680.08,
    "throughput" : 8.539461607277712,
    "receivedKBytesPerSec" : 1249.7226127267024,
    "sentKBytesPerSec" : 3.7598637679938656
  }
}