{
  "Total" : {
    "transaction" : "Total",
    "sampleCount" : 735,
    "errorCount" : 0,
    "errorPct" : 0.0,
    "meanResTime" : 834.0136054421771,
    "medianResTime" : 768.0,
    "minResTime" : 191.0,
    "maxResTime" : 3531.0,
    "pct1ResTime" : 1288.0,
    "pct2ResTime" : 1433.7999999999984,
    "pct3ResTime" : 2846.9999999999995,
    "throughput" : 11.811972679791081,
    "receivedKBytesPerSec" : 1728.627131252511,
    "sentKBytesPerSec" : 5.200726948573724
  },
  "HTTP Request" : {
    "transaction" : "HTTP Request",
    "sampleCount" : 735,
    "errorCount" : 0,
    "errorPct" : 0.0,
    "meanResTime" : 834.0136054421771,
    "medianResTime" : 768.0,
    "minResTime" : 191.0,
    "maxResTime" : 3531.0,
    "pct1ResTime" : 1288.0,
    "pct2ResTime" : 1433.7999999999984,
    "pct3ResTime" : 2846.9999999999995,
    "throughput" : 11.811972679791081,
    "receivedKBytesPerSec" : 1728.627131252511,
    "sentKBytesPerSec" : 5.200726948573724
  }
}