{
  "Total" : {
    "transaction" : "Total",
    "sampleCount" : 30,
    "errorCount" : 0,
    "errorPct" : 0.0,
    "meanResTime" : 371.6666666666667,
    "medianResTime" : 150.5,
    "minResTime" : 128.0,
    "maxResTime" : 1164.0,
    "pct1ResTime" : 1155.4,
    "pct2ResTime" : 1160.15,
    "pct3ResTime" : 1164.0,
    "throughput" : 16.242555495397944,
    "receivedKBytesPerSec" : 440.8288779101245,
    "sentKBytesPerSec" : 6.6260320790471035
  },
  "HTTP Request" : {
    "transaction" : "HTTP Request",
    "sampleCount" : 30,
    "errorCount" : 0,
    "errorPct" : 0.0,
    "meanResTime" : 371.6666666666667,
    "medianResTime" : 150.5,
    "minResTime" : 128.0,
    "maxResTime" : 1164.0,
    "pct1ResTime" : 1155.4,
    "pct2ResTime" : 1160.15,
    "pct3ResTime" : 1164.0,
    "throughput" : 16.242555495397944,
    "receivedKBytesPerSec" : 440.8288779101245,
    "sentKBytesPerSec" : 6.6260320790471035
  }
}