{
  "Total" : {
    "transaction" : "Total",
    "sampleCount" : 22,
    "errorCount" : 0,
    "errorPct" : 0.0,
    "meanResTime" : 4102.727272727274,
    "medianResTime" : 4135.5,
    "minResTime" : 2919.0,
    "maxResTime" : 5362.0,
    "pct1ResTime" : 5187.4,
    "pct2ResTime" : 5361.1,
    "pct3ResTime" : 5362.0,
    "throughput" : 2.042711234911792,
    "receivedKBytesPerSec" : 266.41658687325906,
    "sentKBytesPerSec" : 0.8704735376044569
  },
  "HTTP Request" : {
    "transaction" : "HTTP Request",
    "sampleCount" : 22,
    "errorCount" : 0,
    "errorPct" : 0.0,
    "meanResTime" : 4102.727272727274,
    "medianResTime" : 4135.5,
    "minResTime" : 2919.0,
    "maxResTime" : 5362.0,
    "pct1ResTime" : 5187.4,
    "pct2ResTime" : 5361.1,
    "pct3ResTime" : 5362.0,
    "throughput" : 2.042711234911792,
    "receivedKBytesPerSec" : 266.41658687325906,
    "sentKBytesPerSec" : 0.8704735376044569
  }
}