{
  "Total" : {
    "transaction" : "Total",
    "sampleCount" : 30,
    "errorCount" : 0,
    "errorPct" : 0.0,
    "meanResTime" : 310.8,
    "medianResTime" : 320.0,
    "minResTime" : 165.0,
    "maxResTime" : 454.0,
    "pct1ResTime" : 393.3,
    "pct2ResTime" : 438.04999999999995,
    "pct3ResTime" : 454.0,
    "throughput" : 20.73255010366275,
    "receivedKBytesPerSec" : 561.9533409640635,
    "sentKBytesPerSec" : 8.457692639944712
  },
  "HTTP Request" : {
    "transaction" : "HTTP Request",
    "sampleCount" : 30,
    "errorCount" : 0,
    "errorPct" : 0.0,
    "meanResTime" : 310.8,
    "medianResTime" : 320.0,
    "minResTime" : 165.0,
    "maxResTime" : 454.0,
    "pct1ResTime" : 393.3,
    "pct2ResTime" : 438.04999999999995,
    "pct3ResTime" : 454.0,
    "throughput" : 20.73255010366275,
    "receivedKBytesPerSec" : 561.9533409640635,
    "sentKBytesPerSec" : 8.457692639944712
  }
}