{
  "Total" : {
    "transaction" : "Total",
    "sampleCount" : 5191,
    "errorCount" : 5191,
    "errorPct" : 100.0,
    "meanResTime" : 11.31227123868233,
    "medianResTime" : 11.0,
    "minResTime" : 5.0,
    "maxResTime" : 75.0,
    "pct1ResTime" : 17.0,
    "pct2ResTime" : 19.0,
    "pct3ResTime" : 23.0,
    "throughput" : 816.194968553459,
    "receivedKBytesPerSec" : 197.636135269261,
    "sentKBytesPerSec" : 327.01822916666663
  },
  "HTTP Request" : {
    "transaction" : "HTTP Request",
    "sampleCount" : 5191,
    "errorCount" : 5191,
    "errorPct" : 100.0,
    "meanResTime" : 11.31227123868233,
    "medianResTime" : 11.0,
    "minResTime" : 5.0,
    "maxResTime" : 75.0,
    "pct1ResTime" : 17.0,
    "pct2ResTime" : 19.0,
    "pct3ResTime" : 23.0,
    "throughput" : 816.194968553459,
    "receivedKBytesPerSec" : 197.636135269261,
    "sentKBytesPerSec" : 327.01822916666663
  }
}