{
  "Total" : {
    "transaction" : "Total",
    "sampleCount" : 735,
    "errorCount" : 0,
    "errorPct" : 0.0,
    "meanResTime" : 5143.653061224482,
    "medianResTime" : 5298.0,
    "minResTime" : 2316.0,
    "maxResTime" : 8539.0,
    "pct1ResTime" : 6506.4,
    "pct2ResTime" : 7481.0,
    "pct3ResTime" : 8019.799999999999,
    "throughput" : 2.3156389115551956,
    "receivedKBytesPerSec" : 338.89323166904006,
    "sentKBytesPerSec" : 1.0195592232527955
  },
  "HTTP Request" : {
    "transaction" : "HTTP Request",
    "sampleCount" : 735,
    "errorCount" : 0,
    "errorPct" : 0.0,
    "meanResTime" : 5143.653061224482,
    "medianResTime" : 5298.0,
    "minResTime" : 2316.0,
    "maxResTime" : 8539.0,
    "pct1ResTime" : 6506.4,
    "pct2ResTime" : 7481.0,
    "pct3ResTime" : 8019.799999999999,
    "throughput" : 2.3156389115551956,
    "receivedKBytesPerSec" : 338.89323166904006,
    "sentKBytesPerSec" : 1.0195592232527955
  }
}