{
  "Total" : {
    "transaction" : "Total",
    "sampleCount" : 735,
    "errorCount" : 0,
    "errorPct" : 0.0,
    "meanResTime" : 26164.344217687074,
    "medianResTime" : 27199.0,
    "minResTime" : 3129.0,
    "maxResTime" : 45280.0,
    "pct1ResTime" : 29918.8,
    "pct2ResTime" : 32086.59999999999,
    "pct3ResTime" : 43426.11999999999,
    "throughput" : 0.38049032001565447,
    "receivedKBytesPerSec" : 70.4771369845715,
    "sentKBytesPerSec" : 0.16195357335413346
  },
  "HTTP Request" : {
    "transaction" : "HTTP Request",
    "sampleCount" : 735,
    "errorCount" : 0,
    "errorPct" : 0.0,
    "meanResTime" : 26164.344217687074,
    "medianResTime" : 27199.0,
    "minResTime" : 3129.0,
    "maxResTime" : 45280.0,
    "pct1ResTime" : 29918.8,
    "pct2ResTime" : 32086.59999999999,
    "pct3ResTime" : 43426.11999999999,
    "throughput" : 0.38049032001565447,
    "receivedKBytesPerSec" : 70.4771369845715,
    "sentKBytesPerSec" : 0.16195357335413346
  }
}