{
  "Total" : {
    "transaction" : "Total",
    "sampleCount" : 20,
    "errorCount" : 0,
    "errorPct" : 0.0,
    "meanResTime" : 19328.249999999996,
    "medianResTime" : 20575.5,
    "minResTime" : 2588.0,
    "maxResTime" : 27295.0,
    "pct1ResTime" : 27225.5,
    "pct2ResTime" : 27292.15,
    "pct3ResTime" : 27295.0,
    "throughput" : 0.3965028449079122,
    "receivedKBytesPerSec" : 193.09719523800084,
    "sentKBytesPerSec" : 0.161776258400904
  },
  "HTTP Request" : {
    "transaction" : "HTTP Request",
    "sampleCount" : 20,
    "errorCount" : 0,
    "errorPct" : 0.0,
    "meanResTime" : 19328.249999999996,
    "medianResTime" : 20575.5,
    "minResTime" : 2588.0,
    "maxResTime" : 27295.0,
    "pct1ResTime" : 27225.5,
    "pct2ResTime" : 27292.15,
    "pct3ResTime" : 27295.0,
    "throughput" : 0.3965028449079122,
    "receivedKBytesPerSec" : 193.09719523800084,
    "sentKBytesPerSec" : 0.161776258400904
  }
}