{
  "Total" : {
    "transaction" : "Total",
    "sampleCount" : 30,
    "errorCount" : 0,
    "errorPct" : 0.0,
    "meanResTime" : 14095.966666666667,
    "medianResTime" : 16440.0,
    "minResTime" : 1916.0,
    "maxResTime" : 17057.0,
    "pct1ResTime" : 16987.3,
    "pct2ResTime" : 17032.8,
    "pct3ResTime" : 17057.0,
    "throughput" : 0.5998440405494572,
    "receivedKBytesPerSec" : 16.259288210065385,
    "sentKBytesPerSec" : 0.24528778767520446
  },
  "HTTP Request" : {
    "transaction" : "HTTP Request",
    "sampleCount" : 30,
    "errorCount" : 0,
    "errorPct" : 0.0,
    "meanResTime" : 14095.966666666667,
    "medianResTime" : 16440.0,
    "minResTime" : 1916.0,
    "maxResTime" : 17057.0,
    "pct1ResTime" : 16987.3,
    "pct2ResTime" : 17032.8,
    "pct3ResTime" : 17057.0,
    "throughput" : 0.5998440405494572,
    "receivedKBytesPerSec" : 16.259288210065385,
    "sentKBytesPerSec" : 0.24528778767520446
  }
}