{
  "Total" : {
    "transaction" : "Total",
    "sampleCount" : 30,
    "errorCount" : 0,
    "errorPct" : 0.0,
    "meanResTime" : 87.56666666666666,
    "medianResTime" : 82.0,
    "minResTime" : 55.0,
    "maxResTime" : 249.0,
    "pct1ResTime" : 95.60000000000001,
    "pct2ResTime" : 167.5999999999999,
    "pct3ResTime" : 249.0,
    "throughput" : 11.231748408835642,
    "receivedKBytesPerSec" : 304.44619290527896,
    "sentKBytesPerSec" : 4.5819098652190196
  },
  "HTTP Request" : {
    "transaction" : "HTTP Request",
    "sampleCount" : 30,
    "errorCount" : 0,
    "errorPct" : 0.0,
    "meanResTime" : 87.56666666666666,
    "medianResTime" : 82.0,
    "minResTime" : 55.0,
    "maxResTime" : 249.0,
    "pct1ResTime" : 95.60000000000001,
    "pct2ResTime" : 167.5999999999999,
    "pct3ResTime" : 249.0,
    "throughput" : 11.231748408835642,
    "receivedKBytesPerSec" : 304.44619290527896,
    "sentKBytesPerSec" : 4.5819098652190196
  }
}