{
  "qgis310-bigfile": {
    "somap310_fix": {
      "lk.txt": {
        "transaction": "Total",
        "sampleCount": 30,
        "errorCount": 0,
        "errorPct": 0.0,
        "meanResTime": 13548.366666666665,
        "medianResTime": 15743.5,
        "minResTime": 1918.0,
        "maxResTime": 16132.0,
        "pct1ResTime": 16101.5,
        "pct2ResTime": 16117.7,
        "pct3ResTime": 16132.0,
        "throughput": 0.6251693166899368,
        "receivedKBytesPerSec": 16.945751583762267,
        "sentKBytesPerSec": 0.2556437811282222,
        "memMaxMB": 3114.5,
        "memAvgMB": 3088.2,
        "memMinMB": 3076.7,
        "cpuMax%": 33.7,
        "cpuAvg%": 13.8,
        "cpuMin%": 12.5,
        "dashboard": "results/details/compare-filesize/20201016-044027/qgis310-bigfile/somap310_fix/lk.txt/dashboard/index.html"
      },
      "av_f_big.txt": {
        "transaction": "Total",
        "sampleCount": 735,
        "errorCount": 0,
        "errorPct": 0.0,
        "meanResTime": 25566.25578231291,
        "medianResTime": 26500.0,
        "minResTime": 3132.0,
        "maxResTime": 43789.0,
        "pct1ResTime": 29133.4,
        "pct2ResTime": 31693.999999999993,
        "pct3ResTime": 42253.35999999999,
        "throughput": 0.389430795233579,
        "receivedKBytesPerSec": 72.13221452835162,
        "sentKBytesPerSec": 0.1657590365495372,
        "memMaxMB": 6926.9,
        "memAvgMB": 4668.0,
        "memMinMB": 3088.5,
        "cpuMax%": 30.3,
        "cpuAvg%": 14.1,
        "cpuMin%": 12.3,
        "dashboard": "results/details/compare-filesize/20201016-044027/qgis310-bigfile/somap310_fix/av_f_big.txt/dashboard/index.html"
      },
      "av_sw.txt": {
        "transaction": "Total",
        "sampleCount": 20,
        "errorCount": 0,
        "errorPct": 0.0,
        "meanResTime": 18255.199999999997,
        "medianResTime": 19197.0,
        "minResTime": 4569.0,
        "maxResTime": 25999.0,
        "pct1ResTime": 25939.4,
        "pct2ResTime": 25996.6,
        "pct3ResTime": 25999.0,
        "throughput": 0.418025248725023,
        "receivedKBytesPerSec": 203.57862271131177,
        "sentKBytesPerSec": 0.17055756730206503,
        "memMaxMB": 6197.7,
        "memAvgMB": 4454.1,
        "memMinMB": 4241.9,
        "cpuMax%": 43.9,
        "cpuAvg%": 14.6,
        "cpuMin%": 12.5,
        "dashboard": "results/details/compare-filesize/20201016-044027/qgis310-bigfile/somap310_fix/av_sw.txt/dashboard/index.html"
      }
    }
  },
  "qgis310-bigfile-bigcache": {
    "somap310_fix": {
      "lk.txt": {
        "transaction": "Total",
        "sampleCount": 30,
        "errorCount": 0,
        "errorPct": 0.0,
        "meanResTime": 13903.666666666668,
        "medianResTime": 16260.5,
        "minResTime": 2062.0,
        "maxResTime": 16800.0,
        "pct1ResTime": 16758.9,
        "pct2ResTime": 16792.3,
        "pct3ResTime": 16800.0,
        "throughput": 0.6051193093571616,
        "receivedKBytesPerSec": 16.402278904532345,
        "sentKBytesPerSec": 0.2474449467495008,
        "memMaxMB": 3132.6,
        "memAvgMB": 3108.1,
        "memMinMB": 3093.2,
        "cpuMax%": 33.5,
        "cpuAvg%": 13.8,
        "cpuMin%": 12.3,
        "dashboard": "results/details/compare-filesize/20201016-044027/qgis310-bigfile-bigcache/somap310_fix/lk.txt/dashboard/index.html"
      },
      "av_f_big.txt": {
        "transaction": "Total",
        "sampleCount": 735,
        "errorCount": 0,
        "errorPct": 0.0,
        "meanResTime": 25587.18231292513,
        "medianResTime": 26522.0,
        "minResTime": 3119.0,
        "maxResTime": 44606.0,
        "pct1ResTime": 29324.4,
        "pct2ResTime": 31324.199999999993,
        "pct3ResTime": 42678.19999999999,
        "throughput": 0.389114946143315,
        "receivedKBytesPerSec": 72.07339712932433,
        "sentKBytesPerSec": 0.1656245971535315,
        "memMaxMB": 7060.0,
        "memAvgMB": 4686.2,
        "memMinMB": 3117.8,
        "cpuMax%": 39.4,
        "cpuAvg%": 14.1,
        "cpuMin%": 12.4,
        "dashboard": "results/details/compare-filesize/20201016-044027/qgis310-bigfile-bigcache/somap310_fix/av_f_big.txt/dashboard/index.html"
      },
      "av_sw.txt": {
        "transaction": "Total",
        "sampleCount": 20,
        "errorCount": 0,
        "errorPct": 0.0,
        "meanResTime": 18771.8,
        "medianResTime": 19975.5,
        "minResTime": 4470.0,
        "maxResTime": 26850.0,
        "pct1ResTime": 26512.2,
        "pct2ResTime": 26833.25,
        "pct3ResTime": 26850.0,
        "throughput": 0.40936630096610443,
        "receivedKBytesPerSec": 199.36132860472614,
        "sentKBytesPerSec": 0.16702464896839692,
        "memMaxMB": 6130.0,
        "memAvgMB": 4497.6,
        "memMinMB": 4300.8,
        "cpuMax%": 39.5,
        "cpuAvg%": 14.6,
        "cpuMin%": 12.4,
        "dashboard": "results/details/compare-filesize/20201016-044027/qgis310-bigfile-bigcache/somap310_fix/av_sw.txt/dashboard/index.html"
      }
    }
  },
  "qgis310-bigfile-hugecache": {
    "somap310_fix": {
      "lk.txt": {
        "transaction": "Total",
        "sampleCount": 30,
        "errorCount": 0,
        "errorPct": 0.0,
        "meanResTime": 13663.333333333332,
        "medianResTime": 15995.5,
        "minResTime": 2013.0,
        "maxResTime": 16158.0,
        "pct1ResTime": 16135.8,
        "pct2ResTime": 16147.55,
        "pct3ResTime": 16158.0,
        "throughput": 0.6189140122132365,
        "receivedKBytesPerSec": 16.77619618026902,
        "sentKBytesPerSec": 0.25308586658276944,
        "memMaxMB": 3144.2,
        "memAvgMB": 3120.9,
        "memMinMB": 3101.0,
        "cpuMax%": 25.3,
        "cpuAvg%": 13.8,
        "cpuMin%": 12.5,
        "dashboard": "results/details/compare-filesize/20201016-044027/qgis310-bigfile-hugecache/somap310_fix/lk.txt/dashboard/index.html"
      },
      "av_f_big.txt": {
        "transaction": "Total",
        "sampleCount": 735,
        "errorCount": 0,
        "errorPct": 0.0,
        "meanResTime": 25919.05850340139,
        "medianResTime": 26866.0,
        "minResTime": 3230.0,
        "maxResTime": 43784.0,
        "pct1ResTime": 29616.8,
        "pct2ResTime": 31738.6,
        "pct3ResTime": 42253.96,
        "throughput": 0.3841333585589616,
        "receivedKBytesPerSec": 71.15045366525287,
        "sentKBytesPerSec": 0.16350421230319045,
        "memMaxMB": 6842.3,
        "memAvgMB": 4684.1,
        "memMinMB": 3139.5,
        "cpuMax%": 32.4,
        "cpuAvg%": 14.1,
        "cpuMin%": 12.4,
        "dashboard": "results/details/compare-filesize/20201016-044027/qgis310-bigfile-hugecache/somap310_fix/av_f_big.txt/dashboard/index.html"
      },
      "av_sw.txt": {
        "transaction": "Total",
        "sampleCount": 20,
        "errorCount": 0,
        "errorPct": 0.0,
        "meanResTime": 18855.75,
        "medianResTime": 19867.5,
        "minResTime": 2575.0,
        "maxResTime": 27086.0,
        "pct1ResTime": 26974.2,
        "pct2ResTime": 27081.1,
        "pct3ResTime": 27086.0,
        "throughput": 0.4040240798351582,
        "receivedKBytesPerSec": 196.7601806177023,
        "sentKBytesPerSec": 0.16484498101086825,
        "memMaxMB": 6116.8,
        "memAvgMB": 4473.0,
        "memMinMB": 4265.6,
        "cpuMax%": 33.0,
        "cpuAvg%": 14.9,
        "cpuMin%": 12.5,
        "dashboard": "results/details/compare-filesize/20201016-044027/qgis310-bigfile-hugecache/somap310_fix/av_sw.txt/dashboard/index.html"
      }
    }
  },
  "qgis310-bigfile-maxlayer2000": {
    "somap310_fix": {
      "lk.txt": {
        "transaction": "Total",
        "sampleCount": 30,
        "errorCount": 0,
        "errorPct": 0.0,
        "meanResTime": 13776.566666666664,
        "medianResTime": 16080.0,
        "minResTime": 1962.0,
        "maxResTime": 16503.0,
        "pct1ResTime": 16415.7,
        "pct2ResTime": 16469.45,
        "pct3ResTime": 16503.0,
        "throughput": 0.6105627353210542,