{
  "Total" : {
    "transaction" : "Total",
    "sampleCount" : 735,
    "errorCount" : 0,
    "errorPct" : 0.0,
    "meanResTime" : 861.1224489795917,
    "medianResTime" : 773.0,
    "minResTime" : 191.0,
    "maxResTime" : 3620.0,
    "pct1ResTime" : 1359.1999999999998,
    "pct2ResTime" : 1650.3999999999999,
    "pct3ResTime" : 3047.1999999999994,
    "throughput" : 11.463597230020588,
    "receivedKBytesPerSec" : 1677.662103038828,
    "sentKBytesPerSec" : 5.0473397338417865
  },
  "HTTP Request" : {
    "transaction" : "HTTP Request",
    "sampleCount" : 735,
    "errorCount" : 0,
    "errorPct" : 0.0,
    "meanResTime" : 861.1224489795917,
    "medianResTime" : 773.0,
    "minResTime" : 191.0,
    "maxResTime" : 3620.0,
    "pct1ResTime" : 1359.1999999999998,
    "pct2ResTime" : 1650.3999999999999,
    "pct3ResTime" : 3047.1999999999994,
    "throughput" : 11.463597230020588,
    "receivedKBytesPerSec" : 1677.662103038828,
    "sentKBytesPerSec" : 5.0473397338417865
  }
}