{
  "Total" : {
    "transaction" : "Total",
    "sampleCount" : 22,
    "errorCount" : 0,
    "errorPct" : 0.0,
    "meanResTime" : 590.5,
    "medianResTime" : 496.5,
    "minResTime" : 212.0,
    "maxResTime" : 1298.0,
    "pct1ResTime" : 1153.7999999999997,
    "pct2ResTime" : 1290.9499999999998,
    "pct3ResTime" : 1298.0,
    "throughput" : 11.10550227158001,
    "receivedKBytesPerSec" : 432.037954316002,
    "sentKBytesPerSec" : 4.5697800984351336
  },
  "HTTP Request" : {
    "transaction" : "HTTP Request",
    "sampleCount" : 22,
    "errorCount" : 0,
    "errorPct" : 0.0,
    "meanResTime" : 590.5,
    "medianResTime" : 496.5,
    "minResTime" : 212.0,
    "maxResTime" : 1298.0,
    "pct1ResTime" : 1153.7999999999997,
    "pct2ResTime" : 1290.9499999999998,
    "pct3ResTime" : 1298.0,
    "throughput" : 11.10550227158001,
    "receivedKBytesPerSec" : 432.037954316002,
    "sentKBytesPerSec" : 4.5697800984351336
  }
}