{
  "Total" : {
    "transaction" : "Total",
    "sampleCount" : 5262,
    "errorCount" : 0,
    "errorPct" : 0.0,
    "meanResTime" : 312.637780311668,
    "medianResTime" : 171.5,
    "minResTime" : 30.0,
    "maxResTime" : 3326.0,
    "pct1ResTime" : 767.0,
    "pct2ResTime" : 975.5499999999984,
    "pct3ResTime" : 1558.7399999999998,
    "throughput" : 31.502945543368938,
    "receivedKBytesPerSec" : 1491.1498058755208,
    "sentKBytesPerSec" : 15.957932321725776
  },
  "HTTP Request" : {
    "transaction" : "HTTP Request",
    "sampleCount" : 5262,
    "errorCount" : 0,
    "errorPct" : 0.0,
    "meanResTime" : 312.637780311668,
    "medianResTime" : 171.5,
    "minResTime" : 30.0,
    "maxResTime" : 3326.0,
    "pct1ResTime" : 767.0,
    "pct2ResTime" : 975.5499999999984,
    "pct3ResTime" : 1558.7399999999998,
    "throughput" : 31.502945543368938,
    "receivedKBytesPerSec" : 1491.1498058755208,
    "sentKBytesPerSec" : 15.957932321725776
  }
}