{
  "Total" : {
    "transaction" : "Total",
    "sampleCount" : 5190,
    "errorCount" : 0,
    "errorPct" : 0.0,
    "meanResTime" : 1006.7797687861276,
    "medianResTime" : 603.0,
    "minResTime" : 215.0,
    "maxResTime" : 15336.0,
    "pct1ResTime" : 2273.7000000000016,
    "pct2ResTime" : 2821.1499999999987,
    "pct3ResTime" : 5665.010000000013,
    "throughput" : 9.827460841639653,
    "receivedKBytesPerSec" : 3059.9533859087896,
    "sentKBytesPerSec" : 4.280134942966644
  },
  "HTTP Request" : {
    "transaction" : "HTTP Request",
    "sampleCount" : 5190,
    "errorCount" : 0,
    "errorPct" : 0.0,
    "meanResTime" : 1006.7797687861276,
    "medianResTime" : 603.0,
    "minResTime" : 215.0,
    "maxResTime" : 15336.0,
    "pct1ResTime" : 2273.7000000000016,
    "pct2ResTime" : 2821.1499999999987,
    "pct3ResTime" : 5665.010000000013,
    "throughput" : 9.827460841639653,
    "receivedKBytesPerSec" : 3059.9533859087896,
    "sentKBytesPerSec" : 4.280134942966644
  }
}