{
  "Total" : {
    "transaction" : "Total",
    "sampleCount" : 5272,
    "errorCount" : 0,
    "errorPct" : 0.0,
    "meanResTime" : 2067.713391502275,
    "medianResTime" : 1514.0,
    "minResTime" : 141.0,
    "maxResTime" : 12790.0,
    "pct1ResTime" : 4058.7999999999993,
    "pct2ResTime" : 5043.049999999998,
    "pct3ResTime" : 7774.2699999999995,
    "throughput" : 5.764526946867288,
    "receivedKBytesPerSec" : 274.9383514349539,
    "sentKBytesPerSec" : 2.920179843850971
  },
  "HTTP Request" : {
    "transaction" : "HTTP Request",
    "sampleCount" : 5272,
    "errorCount" : 0,
    "errorPct" : 0.0,
    "meanResTime" : 2067.713391502275,
    "medianResTime" : 1514.0,
    "minResTime" : 141.0,
    "maxResTime" : 12790.0,
    "pct1ResTime" : 4058.7999999999993,
    "pct2ResTime" : 5043.049999999998,
    "pct3ResTime" : 7774.2699999999995,
    "throughput" : 5.764526946867288,
    "receivedKBytesPerSec" : 274.9383514349539,
    "sentKBytesPerSec" : 2.920179843850971
  }
}