{
  "Total" : {
    "transaction" : "Total",
    "sampleCount" : 5348,
    "errorCount" : 155,
    "errorPct" : 2.8982797,
    "meanResTime" : 1120.0271129394184,
    "medianResTime" : 615.5,
    "minResTime" : 3.0,
    "maxResTime" : 90095.0,
    "pct1ResTime" : 2477.2000000000007,
    "pct2ResTime" : 3192.8500000000013,
    "pct3ResTime" : 5791.8900000000085,
    "throughput" : 17.471814121851857,
    "receivedKBytesPerSec" : 5279.468011840968,
    "sentKBytesPerSec" : 7.699435021586576
  },
  "HTTP Request" : {
    "transaction" : "HTTP Request",
    "sampleCount" : 5348,
    "errorCount" : 155,
    "errorPct" : 2.8982797,
    "meanResTime" : 1120.0271129394184,
    "medianResTime" : 615.5,
    "minResTime" : 3.0,
    "maxResTime" : 90095.0,
    "pct1ResTime" : 2477.2000000000007,
    "pct2ResTime" : 3192.8500000000013,
    "pct3ResTime" : 5791.8900000000085,
    "throughput" : 17.471814121851857,
    "receivedKBytesPerSec" : 5279.468011840968,
    "sentKBytesPerSec" : 7.699435021586576
  }
}