{
  "Total" : {
    "transaction" : "Total",
    "sampleCount" : 22,
    "errorCount" : 0,
    "errorPct" : 0.0,
    "meanResTime" : 4346.0,
    "medianResTime" : 4388.0,
    "minResTime" : 3172.0,
    "maxResTime" : 5823.0,
    "pct1ResTime" : 5586.0,
    "pct2ResTime" : 5815.8,
    "pct3ResTime" : 5823.0,
    "throughput" : 1.954860494046561,
    "receivedKBytesPerSec" : 254.89877904522837,
    "sentKBytesPerSec" : 0.833037142349387
  },
  "HTTP Request" : {
    "transaction" : "HTTP Request",
    "sampleCount" : 22,
    "errorCount" : 0,
    "errorPct" : 0.0,
    "meanResTime" : 4346.0,
    "medianResTime" : 4388.0,
    "minResTime" : 3172.0,
    "maxResTime" : 5823.0,
    "pct1ResTime" : 5586.0,
    "pct2ResTime" : 5815.8,
    "pct3ResTime" : 5823.0,
    "throughput" : 1.954860494046561,
    "receivedKBytesPerSec" : 254.89877904522837,
    "sentKBytesPerSec" : 0.833037142349387
  }
}