{
  "Total" : {
    "transaction" : "Total",
    "sampleCount" : 5190,
    "errorCount" : 0,
    "errorPct" : 0.0,
    "meanResTime" : 1077.3485549132931,
    "medianResTime" : 901.5,
    "minResTime" : 199.0,
    "maxResTime" : 9532.0,
    "pct1ResTime" : 1972.0,
    "pct2ResTime" : 2469.45,
    "pct3ResTime" : 3462.7100000000028,
    "throughput" : 9.225584198120755,
    "receivedKBytesPerSec" : 2496.8422472457673,
    "sentKBytesPerSec" : 4.018000776797744
  },
  "HTTP Request" : {
    "transaction" : "HTTP Request",
    "sampleCount" : 5190,
    "errorCount" : 0,
    "errorPct" : 0.0,
    "meanResTime" : 1077.3485549132931,
    "medianResTime" : 901.5,
    "minResTime" : 199.0,
    "maxResTime" : 9532.0,
    "pct1ResTime" : 1972.0,
    "pct2ResTime" : 2469.45,
    "pct3ResTime" : 3462.7100000000028,
    "throughput" : 9.225584198120755,
    "receivedKBytesPerSec" : 2496.8422472457673,
    "sentKBytesPerSec" : 4.018000776797744
  }
}