{
  "Total" : {
    "transaction" : "Total",
    "sampleCount" : 735,
    "errorCount" : 0,
    "errorPct" : 0.0,
    "meanResTime" : 556.7564625850333,
    "medianResTime" : 525.0,
    "minResTime" : 169.0,
    "maxResTime" : 3039.0,
    "pct1ResTime" : 780.4,
    "pct2ResTime" : 949.1999999999992,
    "pct3ResTime" : 1750.1999999999996,
    "throughput" : 1.7912586577501792,
    "receivedKBytesPerSec" : 262.1451187782702,
    "sentKBytesPerSec" : 0.7886783542232273
  },
  "HTTP Request" : {
    "transaction" : "HTTP Request",
    "sampleCount" : 735,
    "errorCount" : 0,
    "errorPct" : 0.0,
    "meanResTime" : 556.7564625850333,
    "medianResTime" : 525.0,
    "minResTime" : 169.0,
    "maxResTime" : 3039.0,
    "pct1ResTime" : 780.4,
    "pct2ResTime" : 949.1999999999992,
    "pct3ResTime" : 1750.1999999999996,
    "throughput" : 1.7912586577501792,
    "receivedKBytesPerSec" : 262.1451187782702,
    "sentKBytesPerSec" : 0.7886783542232273
  }
}