{
  "Total" : {
    "transaction" : "Total",
    "sampleCount" : 735,
    "errorCount" : 0,
    "errorPct" : 0.0,
    "meanResTime" : 5119.477551020401,
    "medianResTime" : 5287.0,
    "minResTime" : 2282.0,
    "maxResTime" : 8296.0,
    "pct1ResTime" : 6416.2,
    "pct2ResTime" : 7299.999999999999,
    "pct3ResTime" : 7861.92,
    "throughput" : 2.326302729528536,
    "receivedKBytesPerSec" : 340.4474716739014,
    "sentKBytesPerSec" : 1.0242544259096318
  },
  "HTTP Request" : {
    "transaction" : "HTTP Request",
    "sampleCount" : 735,
    "errorCount" : 0,
    "errorPct" : 0.0,
    "meanResTime" : 5119.477551020401,
    "medianResTime" : 5287.0,
    "minResTime" : 2282.0,
    "maxResTime" : 8296.0,
    "pct1ResTime" : 6416.2,
    "pct2ResTime" : 7299.999999999999,
    "pct3ResTime" : 7861.92,
    "throughput" : 2.326302729528536,
    "receivedKBytesPerSec" : 340.4474716739014,
    "sentKBytesPerSec" : 1.0242544259096318
  }
}