{
  "Total" : {
    "transaction" : "Total",
    "sampleCount" : 735,
    "errorCount" : 0,
    "errorPct" : 0.0,
    "meanResTime" : 4561.978231292511,
    "medianResTime" : 4715.0,
    "minResTime" : 1866.0,
    "maxResTime" : 7610.0,
    "pct1ResTime" : 5669.2,
    "pct2ResTime" : 6613.999999999998,
    "pct3ResTime" : 7204.839999999999,
    "throughput" : 2.178500717275066,
    "receivedKBytesPerSec" : 318.81934535034594,
    "sentKBytesPerSec" : 0.9591782587851376
  },
  "HTTP Request" : {
    "transaction" : "HTTP Request",
    "sampleCount" : 735,
    "errorCount" : 0,
    "errorPct" : 0.0,
    "meanResTime" : 4561.978231292511,
    "medianResTime" : 4715.0,
    "minResTime" : 1866.0,
    "maxResTime" : 7610.0,
    "pct1ResTime" : 5669.2,
    "pct2ResTime" : 6613.999999999998,
    "pct3ResTime" : 7204.839999999999,
    "throughput" : 2.178500717275066,
    "receivedKBytesPerSec" : 318.81934535034594,
    "sentKBytesPerSec" : 0.9591782587851376
  }
}