{
  "Total" : {
    "transaction" : "Total",
    "sampleCount" : 198,
    "errorCount" : 0,
    "errorPct" : 0.0,
    "meanResTime" : 120.58585858585856,
    "medianResTime" : 120.5,
    "minResTime" : 41.0,
    "maxResTime" : 177.0,
    "pct1ResTime" : 161.1,
    "pct2ResTime" : 167.0,
    "pct3ResTime" : 172.04999999999995,
    "throughput" : 70.68903962870402,
    "receivedKBytesPerSec" : 65.37285790789004,
    "sentKBytesPerSec" : 33.237989780435555
  },
  "HTTP Request" : {
    "transaction" : "HTTP Request",
    "sampleCount" : 198,
    "errorCount" : 0,
    "errorPct" : 0.0,
    "meanResTime" : 120.58585858585856,
    "medianResTime" : 120.5,
    "minResTime" : 41.0,
    "maxResTime" : 177.0,
    "pct1ResTime" : 161.1,
    "pct2ResTime" : 167.0,
    "pct3ResTime" : 172.04999999999995,
    "throughput" : 70.68903962870402,
    "receivedKBytesPerSec" : 65.37285790789004,
    "sentKBytesPerSec" : 33.237989780435555
  }
}