{
  "Total" : {
    "transaction" : "Total",
    "sampleCount" : 5262,
    "errorCount" : 0,
    "errorPct" : 0.0,
    "meanResTime" : 268.93253515773506,
    "medianResTime" : 142.0,
    "minResTime" : 5.0,
    "maxResTime" : 2656.0,
    "pct1ResTime" : 714.0999999999995,
    "pct2ResTime" : 1015.3999999999978,
    "pct3ResTime" : 1741.359999999997,
    "throughput" : 36.85028782721963,
    "receivedKBytesPerSec" : 1876.172368772935,
    "sentKBytesPerSec" : 18.666648119406275
  },
  "HTTP Request" : {
    "transaction" : "HTTP Request",
    "sampleCount" : 5262,
    "errorCount" : 0,
    "errorPct" : 0.0,
    "meanResTime" : 268.93253515773506,
    "medianResTime" : 142.0,
    "minResTime" : 5.0,
    "maxResTime" : 2656.0,
    "pct1ResTime" : 714.0999999999995,
    "pct2ResTime" : 1015.3999999999978,
    "pct3ResTime" : 1741.359999999997,
    "throughput" : 36.85028782721963,
    "receivedKBytesPerSec" : 1876.172368772935,
    "sentKBytesPerSec" : 18.666648119406275
  }
}