{
  "Total" : {
    "transaction" : "Total",
    "sampleCount" : 22,
    "errorCount" : 0,
    "errorPct" : 0.0,
    "meanResTime" : 26433.72727272727,
    "medianResTime" : 30191.5,
    "minResTime" : 4109.0,
    "maxResTime" : 35260.0,
    "pct1ResTime" : 34802.1,
    "pct2ResTime" : 35207.2,
    "pct3ResTime" : 35260.0,
    "throughput" : 0.3117339492440451,
    "receivedKBytesPerSec" : 40.86714731554561,
    "sentKBytesPerSec" : 0.1282747562807306
  },
  "HTTP Request" : {
    "transaction" : "HTTP Request",
    "sampleCount" : 22,
    "errorCount" : 0,
    "errorPct" : 0.0,
    "meanResTime" : 26433.72727272727,
    "medianResTime" : 30191.5,
    "minResTime" : 4109.0,
    "maxResTime" : 35260.0,
    "pct1ResTime" : 34802.1,
    "pct2ResTime" : 35207.2,
    "pct3ResTime" : 35260.0,
    "throughput" : 0.3117339492440451,
    "receivedKBytesPerSec" : 40.86714731554561,
    "sentKBytesPerSec" : 0.1282747562807306
  }
}