{
  "Total" : {
    "transaction" : "Total",
    "sampleCount" : 30,
    "errorCount" : 0,
    "errorPct" : 0.0,
    "meanResTime" : 435.06666666666666,
    "medianResTime" : 480.5,
    "minResTime" : 251.0,
    "maxResTime" : 584.0,
    "pct1ResTime" : 530.3000000000001,
    "pct2ResTime" : 572.4499999999999,
    "pct3ResTime" : 584.0,
    "throughput" : 15.814443858724301,
    "receivedKBytesPerSec" : 428.6486475355825,
    "sentKBytesPerSec" : 6.466830851344228
  },
  "HTTP Request" : {
    "transaction" : "HTTP Request",
    "sampleCount" : 30,
    "errorCount" : 0,
    "errorPct" : 0.0,
    "meanResTime" : 435.06666666666666,
    "medianResTime" : 480.5,
    "minResTime" : 251.0,
    "maxResTime" : 584.0,
    "pct1ResTime" : 530.3000000000001,
    "pct2ResTime" : 572.4499999999999,
    "pct3ResTime" : 584.0,
    "throughput" : 15.814443858724301,
    "receivedKBytesPerSec" : 428.6486475355825,
    "sentKBytesPerSec" : 6.466830851344228
  }
}