{
  "qgis310-stock": {
    "somap310_lk": {
      "lk_big.txt": {
        "transaction": "Total",
        "sampleCount": 5262,
        "errorCount": 0,
        "errorPct": 0.0,
        "meanResTime": 325.1432915241355,
        "medianResTime": 178.0,
        "minResTime": 29.0,
        "maxResTime": 3065.0,
        "pct1ResTime": 792.6999999999998,
        "pct2ResTime": 1062.699999999999,
        "pct3ResTime": 1668.1099999999997,
        "throughput": 30.384395516829212,
        "receivedKBytesPerSec": 1438.2414399981087,
        "sentKBytesPerSec": 15.391326713452976,
        "memMaxMB": 7941.5,
        "memAvgMB": 6303.1,
        "memMinMB": 4850.8,
        "cpuMax%": 92.8,
        "cpuAvg%": 81.2,
        "cpuMin%": 20.2,
        "dashboard": "results/details/compare-310/20201101-101109/qgis310-stock/somap310_lk/lk_big.txt/dashboard/index.html",
        "effective duration": 179.6
      }
    },
    "somap310_grundplanav_farbig": {
      "av_f_big.txt": {
        "transaction": "Total",
        "sampleCount": 735,
        "errorCount": 0,
        "errorPct": 0.0,
        "meanResTime": 875.8598639455779,
        "medianResTime": 804.0,
        "minResTime": 190.0,
        "maxResTime": 3636.0,
        "pct1ResTime": 1351.0,
        "pct2ResTime": 1536.999999999999,
        "pct3ResTime": 3177.12,
        "throughput": 11.246614539500865,
        "receivedKBytesPerSec": 1645.943905716838,
        "sentKBytesPerSec": 4.951803809695042,
        "memMaxMB": 7768.9,
        "memAvgMB": 7048.1,
        "memMinMB": 5496.0,
        "cpuMax%": 94.0,
        "cpuAvg%": 86.0,
        "cpuMin%": 42.9,
        "dashboard": "results/details/compare-310/20201101-101109/qgis310-stock/somap310_grundplanav_farbig/av_f_big.txt/dashboard/index.html",
        "effective duration": 71.4
      }
    },
    "somap310_grundplanav_sw": {
      "av_sw_big.txt": {
        "transaction": "Total",
        "sampleCount": 5190,
        "errorCount": 0,
        "errorPct": 0.0,
        "meanResTime": 890.985356454721,
        "medianResTime": 735.0,
        "minResTime": 184.0,
        "maxResTime": 6521.0,
        "pct1ResTime": 1592.9000000000005,
        "pct2ResTime": 1979.0,
        "pct3ResTime": 2882.1800000000003,
        "throughput": 11.1642434450403,
        "receivedKBytesPerSec": 3021.589417906511,
        "sentKBytesPerSec": 4.862341275219037,
        "memMaxMB": 11438.6,
        "memAvgMB": 9824.5,
        "memMinMB": 6613.4,
        "cpuMax%": 96.5,
        "cpuAvg%": 82.8,
        "cpuMin%": 35.0,
        "dashboard": "results/details/compare-310/20201101-101109/qgis310-stock/somap310_grundplanav_sw/av_sw_big.txt/dashboard/index.html",
        "effective duration": 471.2
      }
    }
  },
  "qgis310-maxcache20": {
    "somap310_lk": {
      "lk_big.txt": {
        "transaction": "Total",
        "sampleCount": 5262,
        "errorCount": 0,
        "errorPct": 0.0,
        "meanResTime": 324.0993918662098,
        "medianResTime": 187.0,
        "minResTime": 30.0,
        "maxResTime": 3675.0,
        "pct1ResTime": 791.3999999999996,
        "pct2ResTime": 1033.0,
        "pct3ResTime": 1707.4799999999996,
        "throughput": 30.412141738381603,
        "receivedKBytesPerSec": 1439.5395308264654,
        "sentKBytesPerSec": 15.405381663492715,
        "memMaxMB": 8069.5,
        "memAvgMB": 6301.4,
        "memMinMB": 4850.8,
        "cpuMax%": 96.6,
        "cpuAvg%": 81.3,
        "cpuMin%": 30.4,
        "dashboard": "results/details/compare-310/20201101-101109/qgis310-maxcache20/somap310_lk/lk_big.txt/dashboard/index.html",
        "effective duration": 179.5
      }
    },
    "somap310_grundplanav_farbig": {
      "av_f_big.txt": {
        "transaction": "Total",
        "sampleCount": 735,
        "errorCount": 0,
        "errorPct": 0.0,
        "meanResTime": 889.8027210884355,
        "medianResTime": 852.0,
        "minResTime": 181.0,
        "maxResTime": 3930.0,
        "pct1ResTime": 1370.0,
        "pct2ResTime": 1605.6,
        "pct3ResTime": 3460.759999999999,
        "throughput": 11.073613161780216,
        "receivedKBytesPerSec": 1620.581810201472,
        "sentKBytesPerSec": 4.875632542486517,
        "memMaxMB": 7789.7,
        "memAvgMB": 6772.9,
        "memMinMB": 5499.0,
        "cpuMax%": 97.6,
        "cpuAvg%": 88.2,
        "cpuMin%": 44.3,
        "dashboard": "results/details/compare-310/20201101-101109/qgis310-maxcache20/somap310_grundplanav_farbig/av_f_big.txt/dashboard/index.html",
        "effective duration": 72.3
      }
    },
    "somap310_grundplanav_sw": {
      "av_sw_big.txt": {
        "transaction": "Total",
        "sampleCount": 5190,
        "errorCount": 0,
        "errorPct": 0.0,
        "meanResTime": 891.435260115605,
        "medianResTime": 735.0,
        "minResTime": 178.0,
        "maxResTime": 5996.0,
        "pct1ResTime": 1603.9000000000005,
        "pct2ResTime": 2039.0,
        "pct3ResTime": 2853.350000000002,
        "throughput": 11.147817046923933,
        "receivedKBytesPerSec": 3017.160857972461,
        "sentKBytesPerSec": 4.855187117934883,
        "memMaxMB": 11617.1,
        "memAvgMB": 9735.1,
        "memMinMB": 6474.6,
        "cpuMax%": 99.2,
        "cpuAvg%": 83.5,
        "cpuMin%": 16.3,
        "dashboard": "results/details/compare-310/20201101-101109/qgis310-maxcache20/somap310_grundplanav_sw/av_sw_big.txt/dashboard/index.html",
        "effective duration": 471.7
      }
    }
  },
  "qgis310-maxcache200": {
    "somap310_lk": {
      "lk_big.txt": {
        "transaction": "Total",
        "sampleCount": 5262,
        "errorCount": 0,
        "errorPct": 0.0,
        "meanResTime": 323.6163055872296,
        "medianResTime": 190.0,
        "minResTime": 30.0,
        "maxResTime": 3488.0,
        "pct1ResTime": 788.0,
        "pct2ResTime": 1038.8499999999995,
        "pct3ResTime": 1641.6199999999972,
        "throughput": 30.36878859583309,
        "receivedKBytesPerSec": 1437.5593591288161,
        "sentKBytesPerSec": 15.383420970522883,
        "memMaxMB": 7489.5,
        "memAvgMB": 6330.0,
        "memMinMB": 4827.9,
        "cpuMax%": 99.0,
        "cpuAvg%": 81.4,
        "cpuMin%": 19.9,
        "dashboard": "results/details/compare-310/20201101-101109/qgis310-maxcache200/somap310_lk/lk_big.txt/dashboard/index.html",
        "effective duration": 179.7
      }
    },
    "somap310_grundplanav_farbig": {
      "av_f_big.txt": {
        "transaction": "Total",
        "sampleCount": 735,
        "errorCount": 0,
        "errorPct": 0.0,
        "meanResTime": 899.0544217687068,
        "medianResTime": 855.0,
        "minResTime": 189.0,
        "maxResTime": 3443.0,
        "pct1ResTime": 1387.4,
        "pct2ResTime": 1659.9999999999982,
        "pct3ResTime": 3216.2,
        "throughput": 10.987039777568501,
        "receivedKBytesPerSec": 1607.924951324424,
        "sentKBytesPerSec": 4.8375149016398336,
        "memMaxMB": 7574.0,
        "memAvgMB": 6792.9,
        "memMinMB": 5485.9,
        "cpuMax%": 96.5,
        "cpuAvg%": 87.2,
        "cpuMin%": 37.3,
        "dashboard": "results/details/compare-310/20201101-101109/qgis310-maxcache200/somap310_grundplanav_farbig/av_f_big.txt/dashboard/index.html",
        "effective duration": 72.8
      }
    },
    "somap310_grundplanav_sw": {
      "av_sw_big.txt": {
        "transaction": "Total",
        "sampleCount": 5190,
        "errorCount": 0,
        "errorPct": 0.0,
        "meanResTime": 898.5003853564547,
        "medianResTime": 725.0,
        "minResTime": 183.0,
        "maxResTime": 6051.0,
        "pct1ResTime": 1654.800000000001,
        "pct2ResTime": 2055.45,
        "pct3ResTime": 3023.7900000000045,
        "throughput": 11.073370144999274,
        "receivedKBytesPerSec": 2996.921517005704,
        "sentKBytesPerSec": 4.8227634032584294,
        "memMaxMB": 11793.5,
        "memAvgMB": 9570.3,
        "memMinMB": 6356.0,
        "cpuMax%": 98.5,
        "cpuAvg%": 84.3,