{
  "Total" : {
    "transaction" : "Total",
    "sampleCount" : 5262,
    "errorCount" : 0,
    "errorPct" : 0.0,
    "meanResTime" : 294.19764348156605,
    "medianResTime" : 121.0,
    "minResTime" : 3.0,
    "maxResTime" : 4139.0,
    "pct1ResTime" : 785.6999999999998,
    "pct2ResTime" : 1087.8499999999995,
    "pct3ResTime" : 1715.9599999999991,
    "throughput" : 33.46795993003657,
    "receivedKBytesPerSec" : 1583.599582356098,
    "sentKBytesPerSec" : 16.953317548497377
  },
  "HTTP Request" : {
    "transaction" : "HTTP Request",
    "sampleCount" : 5262,
    "errorCount" : 0,
    "errorPct" : 0.0,
    "meanResTime" : 294.19764348156605,
    "medianResTime" : 121.0,
    "minResTime" : 3.0,
    "maxResTime" : 4139.0,
    "pct1ResTime" : 785.6999999999998,
    "pct2ResTime" : 1087.8499999999995,
    "pct3ResTime" : 1715.9599999999991,
    "throughput" : 33.46795993003657,
    "receivedKBytesPerSec" : 1583.599582356098,
    "sentKBytesPerSec" : 16.953317548497377
  }
}