{
  "Total" : {
    "transaction" : "Total",
    "sampleCount" : 735,
    "errorCount" : 0,
    "errorPct" : 0.0,
    "meanResTime" : 4568.157823129247,
    "medianResTime" : 4732.0,
    "minResTime" : 1949.0,
    "maxResTime" : 7900.0,
    "pct1ResTime" : 5744.599999999999,
    "pct2ResTime" : 6622.599999999997,
    "pct3ResTime" : 7482.64,
    "throughput" : 2.175850135731604,
    "receivedKBytesPerSec" : 318.426945346012,
    "sentKBytesPerSec" : 0.9580112267206239
  },
  "HTTP Request" : {
    "transaction" : "HTTP Request",
    "sampleCount" : 735,
    "errorCount" : 0,
    "errorPct" : 0.0,
    "meanResTime" : 4568.157823129247,
    "medianResTime" : 4732.0,
    "minResTime" : 1949.0,
    "maxResTime" : 7900.0,
    "pct1ResTime" : 5744.599999999999,
    "pct2ResTime" : 6622.599999999997,
    "pct3ResTime" : 7482.64,
    "throughput" : 2.175850135731604,
    "receivedKBytesPerSec" : 318.426945346012,
    "sentKBytesPerSec" : 0.9580112267206239
  }
}