{
  "Total" : {
    "transaction" : "Total",
    "sampleCount" : 5190,
    "errorCount" : 0,
    "errorPct" : 0.0,
    "meanResTime" : 5989.660308285169,
    "medianResTime" : 753.5,
    "minResTime" : 185.0,
    "maxResTime" : 299279.0,
    "pct1ResTime" : 3292.900000000017,
    "pct2ResTime" : 21292.099999999933,
    "pct3ResTime" : 143725.06,
    "throughput" : 1.6507313312305327,
    "receivedKBytesPerSec" : 430.54124630732355,
    "sentKBytesPerSec" : 0.7415084046556348
  },
  "HTTP Request" : {
    "transaction" : "HTTP Request",
    "sampleCount" : 5190,
    "errorCount" : 0,
    "errorPct" : 0.0,
    "meanResTime" : 5989.660308285169,
    "medianResTime" : 753.5,
    "minResTime" : 185.0,
    "maxResTime" : 299279.0,
    "pct1ResTime" : 3292.900000000017,
    "pct2ResTime" : 21292.099999999933,
    "pct3ResTime" : 143725.06,
    "throughput" : 1.6507313312305327,
    "receivedKBytesPerSec" : 430.54124630732355,
    "sentKBytesPerSec" : 0.7415084046556348
  }
}