{
  "Total" : {
    "transaction" : "Total",
    "sampleCount" : 5190,
    "errorCount" : 0,
    "errorPct" : 0.0,
    "meanResTime" : 311.47957610789956,
    "medianResTime" : 220.5,
    "minResTime" : 4.0,
    "maxResTime" : 2257.0,
    "pct1ResTime" : 695.0,
    "pct2ResTime" : 862.3499999999995,
    "pct3ResTime" : 1291.0900000000001,
    "throughput" : 31.734967164398135,
    "receivedKBytesPerSec" : 6059.124302262569,
    "sentKBytesPerSec" : 14.24828704170794
  },
  "HTTP Request" : {
    "transaction" : "HTTP Request",
    "sampleCount" : 5190,
    "errorCount" : 0,
    "errorPct" : 0.0,
    "meanResTime" : 311.47957610789956,
    "medianResTime" : 220.5,
    "minResTime" : 4.0,
    "maxResTime" : 2257.0,
    "pct1ResTime" : 695.0,
    "pct2ResTime" : 862.3499999999995,
    "pct3ResTime" : 1291.0900000000001,
    "throughput" : 31.734967164398135,
    "receivedKBytesPerSec" : 6059.124302262569,
    "sentKBytesPerSec" : 14.24828704170794
  }
}