{
  "Total" : {
    "transaction" : "Total",
    "sampleCount" : 22,
    "errorCount" : 0,
    "errorPct" : 0.0,
    "meanResTime" : 1547.0909090909095,
    "medianResTime" : 1116.5,
    "minResTime" : 525.0,
    "maxResTime" : 3376.0,
    "pct1ResTime" : 3222.0,
    "pct2ResTime" : 3354.7,
    "pct3ResTime" : 3376.0,
    "throughput" : 5.188679245283018,
    "receivedKBytesPerSec" : 676.563881928066,
    "sentKBytesPerSec" : 2.2110849056603774
  },
  "HTTP Request" : {
    "transaction" : "HTTP Request",
    "sampleCount" : 22,
    "errorCount" : 0,
    "errorPct" : 0.0,
    "meanResTime" : 1547.0909090909095,
    "medianResTime" : 1116.5,
    "minResTime" : 525.0,
    "maxResTime" : 3376.0,
    "pct1ResTime" : 3222.0,
    "pct2ResTime" : 3354.7,
    "pct3ResTime" : 3376.0,
    "throughput" : 5.188679245283018,
    "receivedKBytesPerSec" : 676.563881928066,
    "sentKBytesPerSec" : 2.2110849056603774
  }
}