{
  "Total" : {
    "transaction" : "Total",
    "sampleCount" : 735,
    "errorCount" : 6,
    "errorPct" : 0.81632656,
    "meanResTime" : 1318.7755102040824,
    "medianResTime" : 1254.0,
    "minResTime" : 466.0,
    "maxResTime" : 6413.0,
    "pct1ResTime" : 1781.8,
    "pct2ResTime" : 2683.3999999999983,
    "pct3ResTime" : 3916.5599999999977,
    "throughput" : 29.174770769658238,
    "receivedKBytesPerSec" : 4250.696885667646,
    "sentKBytesPerSec" : 12.845442558448775
  },
  "HTTP Request" : {
    "transaction" : "HTTP Request",
    "sampleCount" : 735,
    "errorCount" : 6,
    "errorPct" : 0.81632656,
    "meanResTime" : 1318.7755102040824,
    "medianResTime" : 1254.0,
    "minResTime" : 466.0,
    "maxResTime" : 6413.0,
    "pct1ResTime" : 1781.8,
    "pct2ResTime" : 2683.3999999999983,
    "pct3ResTime" : 3916.5599999999977,
    "throughput" : 29.174770769658238,
    "receivedKBytesPerSec" : 4250.696885667646,
    "sentKBytesPerSec" : 12.845442558448775
  }
}