{
  "Total" : {
    "transaction" : "Total",
    "sampleCount" : 20,
    "errorCount" : 0,
    "errorPct" : 0.0,
    "meanResTime" : 1386.7,
    "medianResTime" : 1445.5,
    "minResTime" : 229.0,
    "maxResTime" : 2935.0,
    "pct1ResTime" : 2729.2000000000007,
    "pct2ResTime" : 2926.0499999999997,
    "pct3ResTime" : 2935.0,
    "throughput" : 5.473453749315818,
    "receivedKBytesPerSec" : 1962.0329925253147,
    "sentKBytesPerSec" : 2.292008757525999
  },
  "HTTP Request" : {
    "transaction" : "HTTP Request",
    "sampleCount" : 20,
    "errorCount" : 0,
    "errorPct" : 0.0,
    "meanResTime" : 1386.7,
    "medianResTime" : 1445.5,
    "minResTime" : 229.0,
    "maxResTime" : 2935.0,
    "pct1ResTime" : 2729.2000000000007,
    "pct2ResTime" : 2926.0499999999997,
    "pct3ResTime" : 2935.0,
    "throughput" : 5.473453749315818,
    "receivedKBytesPerSec" : 1962.0329925253147,
    "sentKBytesPerSec" : 2.292008757525999
  }
}