{
  "Total" : {
    "transaction" : "Total",
    "sampleCount" : 22,
    "errorCount" : 0,
    "errorPct" : 0.0,
    "meanResTime" : 2017.3181818181818,
    "medianResTime" : 2009.5,
    "minResTime" : 1464.0,
    "maxResTime" : 2416.0,
    "pct1ResTime" : 2380.9,
    "pct2ResTime" : 2411.5,
    "pct3ResTime" : 2416.0,
    "throughput" : 4.000727404982724,
    "receivedKBytesPerSec" : 521.696771572104,
    "sentKBytesPerSec" : 1.7048554282596837
  },
  "HTTP Request" : {
    "transaction" : "HTTP Request",
    "sampleCount" : 22,
    "errorCount" : 0,
    "errorPct" : 0.0,
    "meanResTime" : 2017.3181818181818,
    "medianResTime" : 2009.5,
    "minResTime" : 1464.0,
    "maxResTime" : 2416.0,
    "pct1ResTime" : 2380.9,
    "pct2ResTime" : 2411.5,
    "pct3ResTime" : 2416.0,
    "throughput" : 4.000727404982724,
    "receivedKBytesPerSec" : 521.696771572104,
    "sentKBytesPerSec" : 1.7048554282596837
  }
}