{
  "Total" : {
    "transaction" : "Total",
    "sampleCount" : 22,
    "errorCount" : 0,
    "errorPct" : 0.0,
    "meanResTime" : 1403.2272727272727,
    "medianResTime" : 1422.5,
    "minResTime" : 446.0,
    "maxResTime" : 2275.0,
    "pct1ResTime" : 2056.2,
    "pct2ResTime" : 2246.95,
    "pct3ResTime" : 2275.0,
    "throughput" : 2.5264124942581536,
    "receivedKBytesPerSec" : 329.4222984611851,
    "sentKBytesPerSec" : 1.076596233348645
  },
  "HTTP Request" : {
    "transaction" : "HTTP Request",
    "sampleCount" : 22,
    "errorCount" : 0,
    "errorPct" : 0.0,
    "meanResTime" : 1403.2272727272727,
    "medianResTime" : 1422.5,
    "minResTime" : 446.0,
    "maxResTime" : 2275.0,
    "pct1ResTime" : 2056.2,
    "pct2ResTime" : 2246.95,
    "pct3ResTime" : 2275.0,
    "throughput" : 2.5264124942581536,
    "receivedKBytesPerSec" : 329.4222984611851,
    "sentKBytesPerSec" : 1.076596233348645
  }
}