{
  "Total" : {
    "transaction" : "Total",
    "sampleCount" : 18,
    "errorCount" : 0,
    "errorPct" : 0.0,
    "meanResTime" : 3023.5555555555557,
    "medianResTime" : 199.0,
    "minResTime" : 75.0,
    "maxResTime" : 10698.0,
    "pct1ResTime" : 10606.2,
    "pct2ResTime" : 10698.0,
    "pct3ResTime" : 10698.0,
    "throughput" : 1.6475972540045767,
    "receivedKBytesPerSec" : 275.71277889016017,
    "sentKBytesPerSec" : 0.6258938787185354
  },
  "HTTP Request" : {
    "transaction" : "HTTP Request",
    "sampleCount" : 18,
    "errorCount" : 0,
    "errorPct" : 0.0,
    "meanResTime" : 3023.5555555555557,
    "medianResTime" : 199.0,
    "minResTime" : 75.0,
    "maxResTime" : 10698.0,
    "pct1ResTime" : 10606.2,
    "pct2ResTime" : 10698.0,
    "pct3ResTime" : 10698.0,
    "throughput" : 1.6475972540045767,
    "receivedKBytesPerSec" : 275.71277889016017,
    "sentKBytesPerSec" : 0.6258938787185354
  }
}