{
  "Total" : {
    "transaction" : "Total",
    "sampleCount" : 5190,
    "errorCount" : 0,
    "errorPct" : 0.0,
    "meanResTime" : 2093.392870905595,
    "medianResTime" : 1963.0,
    "minResTime" : 621.0,
    "maxResTime" : 11191.0,
    "pct1ResTime" : 3228.800000000001,
    "pct2ResTime" : 3738.8999999999996,
    "pct3ResTime" : 5547.860000000008,
    "throughput" : 5.712361153302603,
    "receivedKBytesPerSec" : 1546.0209124939738,
    "sentKBytesPerSec" : 2.4878935640731004
  },
  "HTTP Request" : {
    "transaction" : "HTTP Request",
    "sampleCount" : 5190,
    "errorCount" : 0,
    "errorPct" : 0.0,
    "meanResTime" : 2093.392870905595,
    "medianResTime" : 1963.0,
    "minResTime" : 621.0,
    "maxResTime" : 11191.0,
    "pct1ResTime" : 3228.800000000001,
    "pct2ResTime" : 3738.8999999999996,
    "pct3ResTime" : 5547.860000000008,
    "throughput" : 5.712361153302603,
    "receivedKBytesPerSec" : 1546.0209124939738,
    "sentKBytesPerSec" : 2.4878935640731004
  }
}