{
  "Total" : {
    "transaction" : "Total",
    "sampleCount" : 735,
    "errorCount" : 0,
    "errorPct" : 0.0,
    "meanResTime" : 699.2272108843534,
    "medianResTime" : 688.0,
    "minResTime" : 168.0,
    "maxResTime" : 3396.0,
    "pct1ResTime" : 1022.1999999999999,
    "pct2ResTime" : 1256.9999999999993,
    "pct3ResTime" : 2754.679999999994,
    "throughput" : 1.4271816947928258,
    "receivedKBytesPerSec" : 208.8642409796292,
    "sentKBytesPerSec" : 0.6283778757225714
  },
  "HTTP Request" : {
    "transaction" : "HTTP Request",
    "sampleCount" : 735,
    "errorCount" : 0,
    "errorPct" : 0.0,
    "meanResTime" : 699.2272108843534,
    "medianResTime" : 688.0,
    "minResTime" : 168.0,
    "maxResTime" : 3396.0,
    "pct1ResTime" : 1022.1999999999999,
    "pct2ResTime" : 1256.9999999999993,
    "pct3ResTime" : 2754.679999999994,
    "throughput" : 1.4271816947928258,
    "receivedKBytesPerSec" : 208.8642409796292,
    "sentKBytesPerSec" : 0.6283778757225714
  }
}