{
  "qgis218-stock": {
    "somap218_grundplanav_farbig_ohne_labels": {
      "av_f_big.txt": {
        "transaction": "Total",
        "sampleCount": 735,
        "errorCount": 0,
        "errorPct": 0.0,
        "meanResTime": 556.3646258503406,
        "medianResTime": 502.0,
        "minResTime": 182.0,
        "maxResTime": 3384.0,
        "pct1ResTime": 787.5999999999997,
        "pct2ResTime": 992.1999999999992,
        "pct3ResTime": 1670.119999999999,
        "throughput": 17.684848776497194,
        "receivedKBytesPerSec": 2867.649993195243,
        "sentKBytesPerSec": 7.9937565415894705,
        "memMaxMB": 3772.8,
        "memAvgMB": 3340.5,
        "memMinMB": 2466.0,
        "cpuMax%": 98.7,
        "cpuAvg%": 94.6,
        "cpuMin%": 0.7,
        "dashboard": "results/details/compare-av-ohnelabel/20201012-095405/qgis218-stock/somap218_grundplanav_farbig_ohne_labels/av_f_big.txt/dashboard/index.html"
      }
    }
  },
  "qgis310-stock": {
    "somap310_grundplanav_farbig_ohne_labels": {
      "av_f_big.txt": {
        "transaction": "Total",
        "sampleCount": 735,
        "errorCount": 0,
        "errorPct": 0.0,
        "meanResTime": 840.9931972789122,
        "medianResTime": 836.0,
        "minResTime": 139.0,
        "maxResTime": 2833.0,
        "pct1ResTime": 1281.7999999999997,
        "pct2ResTime": 1454.3999999999992,
        "pct3ResTime": 2344.6799999999994,
        "throughput": 11.732030838481062,
        "receivedKBytesPerSec": 1624.488656542802,
        "sentKBytesPerSec": 5.303013864945969,
        "memMaxMB": 3880.5,
        "memAvgMB": 3349.3,
        "memMinMB": 2543.8,
        "cpuMax%": 94.9,
        "cpuAvg%": 73.6,
        "cpuMin%": 14.6,
        "dashboard": "results/details/compare-av-ohnelabel/20201012-095405/qgis310-stock/somap310_grundplanav_farbig_ohne_labels/av_f_big.txt/dashboard/index.html"
      }
    }
  },
  "qgis314-stock": {
    "somap314_grundplanav_farbig_ohne_labels": {
      "av_f_big.txt": {
        "transaction": "Total",
        "sampleCount": 735,
        "errorCount": 0,
        "errorPct": 0.0,
        "meanResTime": 880.0299319727893,
        "medianResTime": 898.0,
        "minResTime": 138.0,
        "maxResTime": 3238.0,
        "pct1ResTime": 1301.4,
        "pct2ResTime": 1419.9999999999993,
        "pct3ResTime": 2265.7599999999993,
        "throughput": 11.253157773865116,
        "receivedKBytesPerSec": 1558.115030285922,
        "sentKBytesPerSec": 5.086557691571615,
        "memMaxMB": 3979.2,
        "memAvgMB": 3319.3,
        "memMinMB": 2752.5,
        "cpuMax%": 97.6,
        "cpuAvg%": 73.0,
        "cpuMin%": 17.1,
        "dashboard": "results/details/compare-av-ohnelabel/20201012-095405/qgis314-stock/somap314_grundplanav_farbig_ohne_labels/av_f_big.txt/dashboard/index.html"
      }
    }
  }
}