{
  "Total" : {
    "transaction" : "Total",
    "sampleCount" : 22,
    "errorCount" : 0,
    "errorPct" : 0.0,
    "meanResTime" : 39700.27272727273,
    "medianResTime" : 3413.0,
    "minResTime" : 849.0,
    "maxResTime" : 106176.0,
    "pct1ResTime" : 105978.8,
    "pct2ResTime" : 106174.95,
    "pct3ResTime" : 106176.0,
    "throughput" : 0.20052135552436334,
    "receivedKBytesPerSec" : 24.366317624687824,
    "sentKBytesPerSec" : 0.0881909441821463
  },
  "HTTP Request" : {
    "transaction" : "HTTP Request",
    "sampleCount" : 22,
    "errorCount" : 0,
    "errorPct" : 0.0,
    "meanResTime" : 39700.27272727273,
    "medianResTime" : 3413.0,
    "minResTime" : 849.0,
    "maxResTime" : 106176.0,
    "pct1ResTime" : 105978.8,
    "pct2ResTime" : 106174.95,
    "pct3ResTime" : 106176.0,
    "throughput" : 0.20052135552436334,
    "receivedKBytesPerSec" : 24.366317624687824,
    "sentKBytesPerSec" : 0.0881909441821463
  }
}