{
  "Total" : {
    "transaction" : "Total",
    "sampleCount" : 30,
    "errorCount" : 0,
    "errorPct" : 0.0,
    "meanResTime" : 1379.8999999999996,
    "medianResTime" : 1447.0,
    "minResTime" : 919.0,
    "maxResTime" : 1561.0,
    "pct1ResTime" : 1550.8,
    "pct2ResTime" : 1558.8,
    "pct3ResTime" : 1561.0,
    "throughput" : 9.724473257698541,
    "receivedKBytesPerSec" : 263.5902046191248,
    "sentKBytesPerSec" : 3.967027957860616
  },
  "HTTP Request" : {
    "transaction" : "HTTP Request",
    "sampleCount" : 30,
    "errorCount" : 0,
    "errorPct" : 0.0,
    "meanResTime" : 1379.8999999999996,
    "medianResTime" : 1447.0,
    "minResTime" : 919.0,
    "maxResTime" : 1561.0,
    "pct1ResTime" : 1550.8,
    "pct2ResTime" : 1558.8,
    "pct3ResTime" : 1561.0,
    "throughput" : 9.724473257698541,
    "receivedKBytesPerSec" : 263.5902046191248,
    "sentKBytesPerSec" : 3.967027957860616
  }
}