{
  "Total" : {
    "transaction" : "Total",
    "sampleCount" : 63,
    "errorCount" : 2,
    "errorPct" : 3.1746032,
    "meanResTime" : 3577.1111111111113,
    "medianResTime" : 599.0,
    "minResTime" : 221.0,
    "maxResTime" : 120088.0,
    "pct1ResTime" : 1607.2,
    "pct2ResTime" : 1969.3999999999999,
    "pct3ResTime" : 120088.0,
    "throughput" : 0.511833093665456,
    "receivedKBytesPerSec" : 167.79676640049314,
    "sentKBytesPerSec" : 0.4231080582230455
  },
  "HTTP Request" : {
    "transaction" : "HTTP Request",
    "sampleCount" : 63,
    "errorCount" : 2,
    "errorPct" : 3.1746032,
    "meanResTime" : 3577.1111111111113,
    "medianResTime" : 599.0,
    "minResTime" : 221.0,
    "maxResTime" : 120088.0,
    "pct1ResTime" : 1607.2,
    "pct2ResTime" : 1969.3999999999999,
    "pct3ResTime" : 120088.0,
    "throughput" : 0.511833093665456,
    "receivedKBytesPerSec" : 167.79676640049314,
    "sentKBytesPerSec" : 0.4231080582230455
  }
}