{
  "Total" : {
    "transaction" : "Total",
    "sampleCount" : 5191,
    "errorCount" : 1,
    "errorPct" : 0.019264111,
    "meanResTime" : 855.0433442496615,
    "medianResTime" : 692.0,
    "minResTime" : 181.0,
    "maxResTime" : 8798.0,
    "pct1ResTime" : 1560.0,
    "pct2ResTime" : 1955.199999999999,
    "pct3ResTime" : 2903.7999999999993,
    "throughput" : 11.638517641625132,
    "receivedKBytesPerSec" : 3149.2392981016505,
    "sentKBytesPerSec" : 5.068806888691961
  },
  "HTTP Request" : {
    "transaction" : "HTTP Request",
    "sampleCount" : 5191,
    "errorCount" : 1,
    "errorPct" : 0.019264111,
    "meanResTime" : 855.0433442496615,
    "medianResTime" : 692.0,
    "minResTime" : 181.0,
    "maxResTime" : 8798.0,
    "pct1ResTime" : 1560.0,
    "pct2ResTime" : 1955.199999999999,
    "pct3ResTime" : 2903.7999999999993,
    "throughput" : 11.638517641625132,
    "receivedKBytesPerSec" : 3149.2392981016505,
    "sentKBytesPerSec" : 5.068806888691961
  }
}