{
  "Total" : {
    "transaction" : "Total",
    "sampleCount" : 22,
    "errorCount" : 0,
    "errorPct" : 0.0,
    "meanResTime" : 1661.681818181818,
    "medianResTime" : 1738.0,
    "minResTime" : 696.0,
    "maxResTime" : 2388.0,
    "pct1ResTime" : 2352.1,
    "pct2ResTime" : 2384.1,
    "pct3ResTime" : 2388.0,
    "throughput" : 4.681847201532241,
    "receivedKBytesPerSec" : 610.5151195733135,
    "sentKBytesPerSec" : 1.9951053415620346
  },
  "HTTP Request" : {
    "transaction" : "HTTP Request",
    "sampleCount" : 22,
    "errorCount" : 0,
    "errorPct" : 0.0,
    "meanResTime" : 1661.681818181818,
    "medianResTime" : 1738.0,
    "minResTime" : 696.0,
    "maxResTime" : 2388.0,
    "pct1ResTime" : 2352.1,
    "pct2ResTime" : 2384.1,
    "pct3ResTime" : 2388.0,
    "throughput" : 4.681847201532241,
    "receivedKBytesPerSec" : 610.5151195733135,
    "sentKBytesPerSec" : 1.9951053415620346
  }
}