{
  "Total" : {
    "transaction" : "Total",
    "sampleCount" : 30,
    "errorCount" : 0,
    "errorPct" : 0.0,
    "meanResTime" : 13742.933333333334,
    "medianResTime" : 16081.0,
    "minResTime" : 1943.0,
    "maxResTime" : 16430.0,
    "pct1ResTime" : 16426.8,
    "pct2ResTime" : 16430.0,
    "pct3ResTime" : 16430.0,
    "throughput" : 0.6124073733847756,
    "receivedKBytesPerSec" : 16.599828143180844,
    "sentKBytesPerSec" : 0.25042517657745933
  },
  "HTTP Request" : {
    "transaction" : "HTTP Request",
    "sampleCount" : 30,
    "errorCount" : 0,
    "errorPct" : 0.0,
    "meanResTime" : 13742.933333333334,
    "medianResTime" : 16081.0,
    "minResTime" : 1943.0,
    "maxResTime" : 16430.0,
    "pct1ResTime" : 16426.8,
    "pct2ResTime" : 16430.0,
    "pct3ResTime" : 16430.0,
    "throughput" : 0.6124073733847756,
    "receivedKBytesPerSec" : 16.599828143180844,
    "sentKBytesPerSec" : 0.25042517657745933
  }
}