{
  "Total" : {
    "transaction" : "Total",
    "sampleCount" : 30,
    "errorCount" : 0,
    "errorPct" : 0.0,
    "meanResTime" : 290.20000000000005,
    "medianResTime" : 292.0,
    "minResTime" : 157.0,
    "maxResTime" : 446.0,
    "pct1ResTime" : 390.50000000000006,
    "pct2ResTime" : 433.9,
    "pct3ResTime" : 446.0,
    "throughput" : 21.41327623126338,
    "receivedKBytesPerSec" : 580.4043428800857,
    "sentKBytesPerSec" : 8.735389900071377
  },
  "HTTP Request" : {
    "transaction" : "HTTP Request",
    "sampleCount" : 30,
    "errorCount" : 0,
    "errorPct" : 0.0,
    "meanResTime" : 290.20000000000005,
    "medianResTime" : 292.0,
    "minResTime" : 157.0,
    "maxResTime" : 446.0,
    "pct1ResTime" : 390.50000000000006,
    "pct2ResTime" : 433.9,
    "pct3ResTime" : 446.0,
    "throughput" : 21.41327623126338,
    "receivedKBytesPerSec" : 580.4043428800857,
    "sentKBytesPerSec" : 8.735389900071377
  }
}