{
  "Total" : {
    "transaction" : "Total",
    "sampleCount" : 198,
    "errorCount" : 0,
    "errorPct" : 0.0,
    "meanResTime" : 48.62626262626262,
    "medianResTime" : 48.0,
    "minResTime" : 7.0,
    "maxResTime" : 123.0,
    "pct1ResTime" : 66.0,
    "pct2ResTime" : 71.04999999999998,
    "pct3ResTime" : 123.0,
    "throughput" : 150.7996953541508,
    "receivedKBytesPerSec" : 124.14318354912415,
    "sentKBytesPerSec" : 72.96773848057883
  },
  "HTTP Request" : {
    "transaction" : "HTTP Request",
    "sampleCount" : 198,
    "errorCount" : 0,
    "errorPct" : 0.0,
    "meanResTime" : 48.62626262626262,
    "medianResTime" : 48.0,
    "minResTime" : 7.0,
    "maxResTime" : 123.0,
    "pct1ResTime" : 66.0,
    "pct2ResTime" : 71.04999999999998,
    "pct3ResTime" : 123.0,
    "throughput" : 150.7996953541508,
    "receivedKBytesPerSec" : 124.14318354912415,
    "sentKBytesPerSec" : 72.96773848057883
  }
}