{
  "Total" : {
    "transaction" : "Total",
    "sampleCount" : 30,
    "errorCount" : 0,
    "errorPct" : 0.0,
    "meanResTime" : 13878.033333333335,
    "medianResTime" : 16325.5,
    "minResTime" : 1905.0,
    "maxResTime" : 16570.0,
    "pct1ResTime" : 16542.2,
    "pct2ResTime" : 16559.55,
    "pct3ResTime" : 16570.0,
    "throughput" : 0.6071031063442275,
    "receivedKBytesPerSec" : 16.45664430081959,
    "sentKBytesPerSec" : 0.24825615956693312
  },
  "HTTP Request" : {
    "transaction" : "HTTP Request",
    "sampleCount" : 30,
    "errorCount" : 0,
    "errorPct" : 0.0,
    "meanResTime" : 13878.033333333335,
    "medianResTime" : 16325.5,
    "minResTime" : 1905.0,
    "maxResTime" : 16570.0,
    "pct1ResTime" : 16542.2,
    "pct2ResTime" : 16559.55,
    "pct3ResTime" : 16570.0,
    "throughput" : 0.6071031063442275,
    "receivedKBytesPerSec" : 16.45664430081959,
    "sentKBytesPerSec" : 0.24825615956693312
  }
}