{
  "Total" : {
    "transaction" : "Total",
    "sampleCount" : 30,
    "errorCount" : 0,
    "errorPct" : 0.0,
    "meanResTime" : 14942.633333333331,
    "medianResTime" : 17483.0,
    "minResTime" : 2370.0,
    "maxResTime" : 17843.0,
    "pct1ResTime" : 17725.7,
    "pct2ResTime" : 17788.55,
    "pct3ResTime" : 17843.0,
    "throughput" : 0.5629045876723895,
    "receivedKBytesPerSec" : 15.258562306501547,
    "sentKBytesPerSec" : 0.23018253353973167
  },
  "HTTP Request" : {
    "transaction" : "HTTP Request",
    "sampleCount" : 30,
    "errorCount" : 0,
    "errorPct" : 0.0,
    "meanResTime" : 14942.633333333331,
    "medianResTime" : 17483.0,
    "minResTime" : 2370.0,
    "maxResTime" : 17843.0,
    "pct1ResTime" : 17725.7,
    "pct2ResTime" : 17788.55,
    "pct3ResTime" : 17843.0,
    "throughput" : 0.5629045876723895,
    "receivedKBytesPerSec" : 15.258562306501547,
    "sentKBytesPerSec" : 0.23018253353973167
  }
}