{
  "Total" : {
    "transaction" : "Total",
    "sampleCount" : 735,
    "errorCount" : 0,
    "errorPct" : 0.0,
    "meanResTime" : 861.5088435374142,
    "medianResTime" : 663.0,
    "minResTime" : 218.0,
    "maxResTime" : 8921.0,
    "pct1ResTime" : 1515.1999999999998,
    "pct2ResTime" : 1820.9999999999995,
    "pct3ResTime" : 2789.639999999996,
    "throughput" : 11.350299586138735,
    "receivedKBytesPerSec" : 1986.5986416799215,
    "sentKBytesPerSec" : 4.997455592918031
  },
  "HTTP Request" : {
    "transaction" : "HTTP Request",
    "sampleCount" : 735,
    "errorCount" : 0,
    "errorPct" : 0.0,
    "meanResTime" : 861.5088435374142,
    "medianResTime" : 663.0,
    "minResTime" : 218.0,
    "maxResTime" : 8921.0,
    "pct1ResTime" : 1515.1999999999998,
    "pct2ResTime" : 1820.9999999999995,
    "pct3ResTime" : 2789.639999999996,
    "throughput" : 11.350299586138735,
    "receivedKBytesPerSec" : 1986.5986416799215,
    "sentKBytesPerSec" : 4.997455592918031
  }
}