{
  "Total" : {
    "transaction" : "Total",
    "sampleCount" : 735,
    "errorCount" : 0,
    "errorPct" : 0.0,
    "meanResTime" : 840.9931972789122,
    "medianResTime" : 836.0,
    "minResTime" : 139.0,
    "maxResTime" : 2833.0,
    "pct1ResTime" : 1281.7999999999997,
    "pct2ResTime" : 1454.3999999999992,
    "pct3ResTime" : 2344.6799999999994,
    "throughput" : 11.732030838481062,
    "receivedKBytesPerSec" : 1624.488656542802,
    "sentKBytesPerSec" : 5.303013864945969
  },
  "HTTP Request" : {
    "transaction" : "HTTP Request",
    "sampleCount" : 735,
    "errorCount" : 0,
    "errorPct" : 0.0,
    "meanResTime" : 840.9931972789122,
    "medianResTime" : 836.0,
    "minResTime" : 139.0,
    "maxResTime" : 2833.0,
    "pct1ResTime" : 1281.7999999999997,
    "pct2ResTime" : 1454.3999999999992,
    "pct3ResTime" : 2344.6799999999994,
    "throughput" : 11.732030838481062,
    "receivedKBytesPerSec" : 1624.488656542802,
    "sentKBytesPerSec" : 5.303013864945969
  }
}