{
  "Total" : {
    "transaction" : "Total",
    "sampleCount" : 22,
    "errorCount" : 0,
    "errorPct" : 0.0,
    "meanResTime" : 2468.0,
    "medianResTime" : 2874.0,
    "minResTime" : 271.0,
    "maxResTime" : 3887.0,
    "pct1ResTime" : 3850.0,
    "pct2ResTime" : 3883.25,
    "pct3ResTime" : 3887.0,
    "throughput" : 3.175519630484988,
    "receivedKBytesPerSec" : 0.5643989968244804,
    "sentKBytesPerSec" : 1.353204387990762
  },
  "HTTP Request" : {
    "transaction" : "HTTP Request",
    "sampleCount" : 22,
    "errorCount" : 0,
    "errorPct" : 0.0,
    "meanResTime" : 2468.0,
    "medianResTime" : 2874.0,
    "minResTime" : 271.0,
    "maxResTime" : 3887.0,
    "pct1ResTime" : 3850.0,
    "pct2ResTime" : 3883.25,
    "pct3ResTime" : 3887.0,
    "throughput" : 3.175519630484988,
    "receivedKBytesPerSec" : 0.5643989968244804,
    "sentKBytesPerSec" : 1.353204387990762
  }
}