{
  "Total" : {
    "transaction" : "Total",
    "sampleCount" : 20,
    "errorCount" : 0,
    "errorPct" : 0.0,
    "meanResTime" : 622.4,
    "medianResTime" : 390.0,
    "minResTime" : 207.0,
    "maxResTime" : 2392.0,
    "pct1ResTime" : 1298.3000000000004,
    "pct2ResTime" : 2338.149999999999,
    "pct3ResTime" : 2392.0,
    "throughput" : 1.5998720102391808,
    "receivedKBytesPerSec" : 497.79548886089117,
    "sentKBytesPerSec" : 0.6699464042876571
  },
  "HTTP Request" : {
    "transaction" : "HTTP Request",
    "sampleCount" : 20,
    "errorCount" : 0,
    "errorPct" : 0.0,
    "meanResTime" : 622.4,
    "medianResTime" : 390.0,
    "minResTime" : 207.0,
    "maxResTime" : 2392.0,
    "pct1ResTime" : 1298.3000000000004,
    "pct2ResTime" : 2338.149999999999,
    "pct3ResTime" : 2392.0,
    "throughput" : 1.5998720102391808,
    "receivedKBytesPerSec" : 497.79548886089117,
    "sentKBytesPerSec" : 0.6699464042876571
  }
}