{
  "Total" : {
    "transaction" : "Total",
    "sampleCount" : 20,
    "errorCount" : 0,
    "errorPct" : 0.0,
    "meanResTime" : 20746.350000000002,
    "medianResTime" : 22200.0,
    "minResTime" : 4840.0,
    "maxResTime" : 29320.0,
    "pct1ResTime" : 29222.6,
    "pct2ResTime" : 29315.2,
    "pct3ResTime" : 29320.0,
    "throughput" : 0.3685684800235884,
    "receivedKBytesPerSec" : 179.55936486436678,
    "sentKBytesPerSec" : 0.15037881929087424
  },
  "HTTP Request" : {
    "transaction" : "HTTP Request",
    "sampleCount" : 20,
    "errorCount" : 0,
    "errorPct" : 0.0,
    "meanResTime" : 20746.350000000002,
    "medianResTime" : 22200.0,
    "minResTime" : 4840.0,
    "maxResTime" : 29320.0,
    "pct1ResTime" : 29222.6,
    "pct2ResTime" : 29315.2,
    "pct3ResTime" : 29320.0,
    "throughput" : 0.3685684800235884,
    "receivedKBytesPerSec" : 179.55936486436678,
    "sentKBytesPerSec" : 0.15037881929087424
  }
}