{
  "qgis310-bigfile": {
    "somap310_fix": {
      "lk.txt": {
        "transaction": "Total",
        "sampleCount": 30,
        "errorCount": 0,
        "errorPct": 0.0,
        "meanResTime": 14775.333333333334,
        "medianResTime": 17356.0,
        "minResTime": 2025.0,
        "maxResTime": 17694.0,
        "pct1ResTime": 17665.2,
        "pct2ResTime": 17686.3,
        "pct3ResTime": 17694.0,
        "throughput": 0.570689392786486,
        "receivedKBytesPerSec": 15.469583741534775,
        "sentKBytesPerSec": 0.23336589037056765,
        "responseSizeMB": 0.8,
        "memMaxMB": 2821.3,
        "memAvgMB": 2800.6,
        "memMinMB": 2745.4,
        "cpuMax%": 35.3,
        "cpuAvg%": 13.9,
        "cpuMin%": 12.5,
        "dashboard": "results/details/compare-bigfile-settings/20201103-131313/qgis310-bigfile/somap310_fix/lk.txt/dashboard/index.html",
        "effective duration": 57.9
      },
      "av_f.txt": {
        "transaction": "Total",
        "sampleCount": 22,
        "errorCount": 0,
        "errorPct": 0.0,
        "meanResTime": 23293.318181818184,
        "medianResTime": 26712.0,
        "minResTime": 3479.0,
        "maxResTime": 30772.0,
        "pct1ResTime": 30654.6,
        "pct2ResTime": 30760.6,
        "pct3ResTime": 30772.0,
        "throughput": 0.35344204353763353,
        "receivedKBytesPerSec": 46.33492147963692,
        "sentKBytesPerSec": 0.14543713350469917,
        "responseSizeMB": 2.8,
        "memMaxMB": 3672.5,
        "memAvgMB": 3050.7,
        "memMinMB": 2754.5,
        "cpuMax%": 35.4,
        "cpuAvg%": 15.1,
        "cpuMin%": 12.5,
        "dashboard": "results/details/compare-bigfile-settings/20201103-131313/qgis310-bigfile/somap310_fix/av_f.txt/dashboard/index.html",
        "effective duration": 67.5
      },
      "av_sw.txt": {
        "transaction": "Total",
        "sampleCount": 20,
        "errorCount": 0,
        "errorPct": 0.0,
        "meanResTime": 19780.05,
        "medianResTime": 21772.0,
        "minResTime": 2064.0,
        "maxResTime": 28320.0,
        "pct1ResTime": 28219.2,
        "pct2ResTime": 28315.15,
        "pct3ResTime": 28320.0,
        "throughput": 0.38674994682188235,
        "receivedKBytesPerSec": 188.34765844057586,
        "sentKBytesPerSec": 0.15779699978728753,
        "responseSizeMB": 9.5,
        "memMaxMB": 5064.0,
        "memAvgMB": 3182.2,
        "memMinMB": 2889.2,
        "cpuMax%": 33.9,
        "cpuAvg%": 14.6,
        "cpuMin%": 12.6,
        "dashboard": "results/details/compare-bigfile-settings/20201103-131313/qgis310-bigfile/somap310_fix/av_sw.txt/dashboard/index.html",
        "effective duration": 57.1
      }
    }
  },
  "qgis310-bigfile-bigcache": {
    "somap310_fix": {
      "lk.txt": {
        "transaction": "Total",
        "sampleCount": 30,
        "errorCount": 0,
        "errorPct": 0.0,
        "meanResTime": 15250.133333333335,
        "medianResTime": 17588.5,
        "minResTime": 1995.0,
        "maxResTime": 19051.0,
        "pct1ResTime": 18856.6,
        "pct2ResTime": 19027.9,
        "pct3ResTime": 19051.0,
        "throughput": 0.5581291510855613,
        "receivedKBytesPerSec": 15.129115330412459,
        "sentKBytesPerSec": 0.22822976549273502,
        "responseSizeMB": 0.8,
        "memMaxMB": 2817.5,
        "memAvgMB": 2794.4,
        "memMinMB": 2781.9,
        "cpuMax%": 42.5,
        "cpuAvg%": 13.7,
        "cpuMin%": 12.5,
        "dashboard": "results/details/compare-bigfile-settings/20201103-131313/qgis310-bigfile-bigcache/somap310_fix/lk.txt/dashboard/index.html",
        "effective duration": 59.0
      },
      "av_f.txt": {
        "transaction": "Total",
        "sampleCount": 22,
        "errorCount": 0,
        "errorPct": 0.0,
        "meanResTime": 23425.090909090908,
        "medianResTime": 26814.0,
        "minResTime": 3409.0,
        "maxResTime": 30986.0,
        "pct1ResTime": 30895.2,
        "pct2ResTime": 30982.1,
        "pct3ResTime": 30986.0,
        "throughput": 0.3525132593055489,
        "receivedKBytesPerSec": 46.21316136294445,
        "sentKBytesPerSec": 0.1450549500072105,
        "responseSizeMB": 2.8,
        "memMaxMB": 3714.9,
        "memAvgMB": 3023.1,
        "memMinMB": 2746.9,
        "cpuMax%": 44.1,
        "cpuAvg%": 15.2,
        "cpuMin%": 12.5,
        "dashboard": "results/details/compare-bigfile-settings/20201103-131313/qgis310-bigfile-bigcache/somap310_fix/av_f.txt/dashboard/index.html",
        "effective duration": 67.7
      },
      "av_sw.txt": {
        "transaction": "Total",
        "sampleCount": 20,
        "errorCount": 0,
        "errorPct": 0.0,
        "meanResTime": 19633.9,
        "medianResTime": 21576.5,
        "minResTime": 2017.0,
        "maxResTime": 28104.0,
        "pct1ResTime": 28070.8,
        "pct2ResTime": 28102.6,
        "pct3ResTime": 28104.0,
        "throughput": 0.3897343960091198,
        "receivedKBytesPerSec": 189.80141205643355,
        "sentKBytesPerSec": 0.1590146783716897,
        "responseSizeMB": 9.5,
        "memMaxMB": 5081.9,
        "memAvgMB": 3156.0,
        "memMinMB": 2851.0,
        "cpuMax%": 29.7,
        "cpuAvg%": 14.7,
        "cpuMin%": 12.4,
        "dashboard": "results/details/compare-bigfile-settings/20201103-131313/qgis310-bigfile-bigcache/somap310_fix/av_sw.txt/dashboard/index.html",
        "effective duration": 56.8
      }
    }
  },
  "qgis310-bigfile-hugecache": {
    "somap310_fix": {
      "lk.txt": {
        "transaction": "Total",
        "sampleCount": 30,
        "errorCount": 0,
        "errorPct": 0.0,
        "meanResTime": 14938.000000000002,
        "medianResTime": 17363.5,
        "minResTime": 2001.0,
        "maxResTime": 18188.0,
        "pct1ResTime": 18016.100000000002,
        "pct2ResTime": 18120.9,
        "pct3ResTime": 18188.0,
        "throughput": 0.568494059237081,
        "receivedKBytesPerSec": 15.41007519518296,
        "sentKBytesPerSec": 0.23246817617630897,
        "responseSizeMB": 0.8,
        "memMaxMB": 2817.6,
        "memAvgMB": 2795.4,
        "memMinMB": 2776.3,
        "cpuMax%": 29.9,
        "cpuAvg%": 13.7,
        "cpuMin%": 12.4,
        "dashboard": "results/details/compare-bigfile-settings/20201103-131313/qgis310-bigfile-hugecache/somap310_fix/lk.txt/dashboard/index.html",
        "effective duration": 58.0
      },
      "av_f.txt": {
        "transaction": "Total",
        "sampleCount": 22,
        "errorCount": 0,
        "errorPct": 0.0,
        "meanResTime": 23390.318181818184,
        "medianResTime": 26869.0,
        "minResTime": 3282.0,
        "maxResTime": 31219.0,
        "pct1ResTime": 31144.8,
        "pct2ResTime": 31208.5,
        "pct3ResTime": 31219.0,
        "throughput": 0.3529147550450768,
        "receivedKBytesPerSec": 46.26579594308448,
        "sentKBytesPerSec": 0.14522016065642143,
        "responseSizeMB": 2.8,
        "memMaxMB": 3739.8,
        "memAvgMB": 3039.2,
        "memMinMB": 2790.6,
        "cpuMax%": 32.1,
        "cpuAvg%": 15.1,
        "cpuMin%": 12.5,
        "dashboard": "results/details/compare-bigfile-settings/20201103-131313/qgis310-bigfile-hugecache/somap310_fix/av_f.txt/dashboard/index.html",
        "effective duration": 67.6
      },
      "av_sw.txt": {
        "transaction": "Total",
        "sampleCount": 20,
        "errorCount": 0,
        "errorPct": 0.0,
        "meanResTime": 19759.85,
        "medianResTime": 21926.0,
        "minResTime": 2872.0,
        "maxResTime": 28140.0,
        "pct1ResTime": 27822.4,
        "pct2ResTime": 28124.15,
        "pct3ResTime": 28140.0,
        "throughput": 0.3882665838364621,
        "receivedKBytesPerSec": 189.08650882821144,
        "sentKBytesPerSec": 0.15841579953796275,
        "responseSizeMB": 9.5,
        "memMaxMB": 4932.4,
        "memAvgMB": 3148.6,
        "memMinMB": 2874.5,
        "cpuMax%": 41.2,
        "cpuAvg%": 14.5,
        "cpuMin%": 12.5,