{
  "Total" : {
    "transaction" : "Total",
    "sampleCount" : 735,
    "errorCount" : 0,
    "errorPct" : 0.0,
    "meanResTime" : 26044.25442176871,
    "medianResTime" : 26971.0,
    "minResTime" : 3082.0,
    "maxResTime" : 45270.0,
    "pct1ResTime" : 30017.0,
    "pct2ResTime" : 31650.599999999962,
    "pct3ResTime" : 42671.84,
    "throughput" : 0.38228069180842694,
    "receivedKBytesPerSec" : 70.80650728286976,
    "sentKBytesPerSec" : 0.16271563507875242
  },
  "HTTP Request" : {
    "transaction" : "HTTP Request",
    "sampleCount" : 735,
    "errorCount" : 0,
    "errorPct" : 0.0,
    "meanResTime" : 26044.25442176871,
    "medianResTime" : 26971.0,
    "minResTime" : 3082.0,
    "maxResTime" : 45270.0,
    "pct1ResTime" : 30017.0,
    "pct2ResTime" : 31650.599999999962,
    "pct3ResTime" : 42671.84,
    "throughput" : 0.38228069180842694,
    "receivedKBytesPerSec" : 70.80650728286976,
    "sentKBytesPerSec" : 0.16271563507875242
  }
}