{
  "qgis316-bigfile": {
    "somap316_fix": {
      "lk.txt": {
        "transaction": "Total",
        "sampleCount": 30,
        "errorCount": 0,
        "errorPct": 0.0,
        "meanResTime": 435.06666666666666,
        "medianResTime": 480.5,
        "minResTime": 251.0,
        "maxResTime": 584.0,
        "pct1ResTime": 530.3000000000001,
        "pct2ResTime": 572.4499999999999,
        "pct3ResTime": 584.0,
        "throughput": 15.814443858724301,
        "receivedKBytesPerSec": 428.6486475355825,
        "sentKBytesPerSec": 6.466830851344228,
        "responseSizeMB": 0.8,
        "memMaxMB": 2912.8,
        "memAvgMB": 2882.2,
        "memMinMB": 2851.7,
        "cpuMax%": 47.3,
        "cpuAvg%": 25.5,
        "cpuMin%": 3.7,
        "dashboard": "results/details/compare-316/20201103-004402/qgis316-bigfile/somap316_fix/lk.txt/dashboard/index.html",
        "effective duration": 7.6
      }
    }
  }
}