{
  "Total" : {
    "transaction" : "Total",
    "sampleCount" : 5190,
    "errorCount" : 0,
    "errorPct" : 0.0,
    "meanResTime" : 1516.9603082851636,
    "medianResTime" : 1033.0,
    "minResTime" : 7.0,
    "maxResTime" : 14260.0,
    "pct1ResTime" : 3512.800000000001,
    "pct2ResTime" : 4260.45,
    "pct3ResTime" : 6560.970000000005,
    "throughput" : 6.56374611581787,
    "receivedKBytesPerSec" : 2587.1666190629085,
    "sentKBytesPerSec" : 2.6042580603497885
  },
  "HTTP Request" : {
    "transaction" : "HTTP Request",
    "sampleCount" : 5190,
    "errorCount" : 0,
    "errorPct" : 0.0,
    "meanResTime" : 1516.9603082851636,
    "medianResTime" : 1033.0,
    "minResTime" : 7.0,
    "maxResTime" : 14260.0,
    "pct1ResTime" : 3512.800000000001,
    "pct2ResTime" : 4260.45,
    "pct3ResTime" : 6560.970000000005,
    "throughput" : 6.56374611581787,
    "receivedKBytesPerSec" : 2587.1666190629085,
    "sentKBytesPerSec" : 2.6042580603497885
  }
}