{
  "Total" : {
    "transaction" : "Total",
    "sampleCount" : 63,
    "errorCount" : 2,
    "errorPct" : 3.1746032,
    "meanResTime" : 6050.285714285715,
    "medianResTime" : 3872.0,
    "minResTime" : 1676.0,
    "maxResTime" : 120112.0,
    "pct1ResTime" : 4767.6,
    "pct2ResTime" : 5292.999999999999,
    "pct3ResTime" : 120112.0,
    "throughput" : 0.47456197176732906,
    "receivedKBytesPerSec" : 140.1443544662496,
    "sentKBytesPerSec" : 0.39229779564080935
  },
  "HTTP Request" : {
    "transaction" : "HTTP Request",
    "sampleCount" : 63,
    "errorCount" : 2,
    "errorPct" : 3.1746032,
    "meanResTime" : 6050.285714285715,
    "medianResTime" : 3872.0,
    "minResTime" : 1676.0,
    "maxResTime" : 120112.0,
    "pct1ResTime" : 4767.6,
    "pct2ResTime" : 5292.999999999999,
    "pct3ResTime" : 120112.0,
    "throughput" : 0.47456197176732906,
    "receivedKBytesPerSec" : 140.1443544662496,
    "sentKBytesPerSec" : 0.39229779564080935
  }
}