{
  "Total" : {
    "transaction" : "Total",
    "sampleCount" : 735,
    "errorCount" : 735,
    "errorPct" : 100.0,
    "meanResTime" : 7.129251700680272,
    "medianResTime" : 2.0,
    "minResTime" : 1.0,
    "maxResTime" : 1004.0,
    "pct1ResTime" : 4.0,
    "pct2ResTime" : 6.0,
    "pct3ResTime" : 21.399999999999864,
    "throughput" : 461.10414052697615,
    "receivedKBytesPerSec" : 224.1449870608532,
    "sentKBytesPerSec" : 194.46520643820577
  },
  "HTTP Request" : {
    "transaction" : "HTTP Request",
    "sampleCount" : 735,
    "errorCount" : 735,
    "errorPct" : 100.0,
    "meanResTime" : 7.129251700680272,
    "medianResTime" : 2.0,
    "minResTime" : 1.0,
    "maxResTime" : 1004.0,
    "pct1ResTime" : 4.0,
    "pct2ResTime" : 6.0,
    "pct3ResTime" : 21.399999999999864,
    "throughput" : 461.10414052697615,
    "receivedKBytesPerSec" : 224.1449870608532,
    "sentKBytesPerSec" : 194.46520643820577
  }
}