{
  "Total" : {
    "transaction" : "Total",
    "sampleCount" : 5191,
    "errorCount" : 1,
    "errorPct" : 0.019264111,
    "meanResTime" : 862.5262955114617,
    "medianResTime" : 700.0,
    "minResTime" : 175.0,
    "maxResTime" : 8796.0,
    "pct1ResTime" : 1565.0,
    "pct2ResTime" : 1971.5999999999985,
    "pct3ResTime" : 2878.399999999998,
    "throughput" : 11.54697423007196,
    "receivedKBytesPerSec" : 3124.530731692312,
    "sentKBytesPerSec" : 5.028937904566738
  },
  "HTTP Request" : {
    "transaction" : "HTTP Request",
    "sampleCount" : 5191,
    "errorCount" : 1,
    "errorPct" : 0.019264111,
    "meanResTime" : 862.5262955114617,
    "medianResTime" : 700.0,
    "minResTime" : 175.0,
    "maxResTime" : 8796.0,
    "pct1ResTime" : 1565.0,
    "pct2ResTime" : 1971.5999999999985,
    "pct3ResTime" : 2878.399999999998,
    "throughput" : 11.54697423007196,
    "receivedKBytesPerSec" : 3124.530731692312,
    "sentKBytesPerSec" : 5.028937904566738
  }
}