{
  "Total" : {
    "transaction" : "Total",
    "sampleCount" : 20,
    "errorCount" : 0,
    "errorPct" : 0.0,
    "meanResTime" : 18775.25,
    "medianResTime" : 19794.0,
    "minResTime" : 4332.0,
    "maxResTime" : 26862.0,
    "pct1ResTime" : 26825.2,
    "pct2ResTime" : 26861.15,
    "pct3ResTime" : 26862.0,
    "throughput" : 0.40633063123463564,
    "receivedKBytesPerSec" : 197.8833348570732,
    "sentKBytesPerSec" : 0.16578607200178785
  },
  "HTTP Request" : {
    "transaction" : "HTTP Request",
    "sampleCount" : 20,
    "errorCount" : 0,
    "errorPct" : 0.0,
    "meanResTime" : 18775.25,
    "medianResTime" : 19794.0,
    "minResTime" : 4332.0,
    "maxResTime" : 26862.0,
    "pct1ResTime" : 26825.2,
    "pct2ResTime" : 26861.15,
    "pct3ResTime" : 26862.0,
    "throughput" : 0.40633063123463564,
    "receivedKBytesPerSec" : 197.8833348570732,
    "sentKBytesPerSec" : 0.16578607200178785
  }
}