{
  "Total" : {
    "transaction" : "Total",
    "sampleCount" : 5190,
    "errorCount" : 0,
    "errorPct" : 0.0,
    "meanResTime" : 5826.5179190751505,
    "medianResTime" : 5695.0,
    "minResTime" : 2129.0,
    "maxResTime" : 22552.0,
    "pct1ResTime" : 8285.400000000003,
    "pct2ResTime" : 9450.9,
    "pct3ResTime" : 13027.18,
    "throughput" : 2.0565165620907524,
    "receivedKBytesPerSec" : 556.5851815215152,
    "sentKBytesPerSec" : 0.8956706661092807
  },
  "HTTP Request" : {
    "transaction" : "HTTP Request",
    "sampleCount" : 5190,
    "errorCount" : 0,
    "errorPct" : 0.0,
    "meanResTime" : 5826.5179190751505,
    "medianResTime" : 5695.0,
    "minResTime" : 2129.0,
    "maxResTime" : 22552.0,
    "pct1ResTime" : 8285.400000000003,
    "pct2ResTime" : 9450.9,
    "pct3ResTime" : 13027.18,
    "throughput" : 2.0565165620907524,
    "receivedKBytesPerSec" : 556.5851815215152,
    "sentKBytesPerSec" : 0.8956706661092807
  }
}