{
  "Total" : {
    "transaction" : "Total",
    "sampleCount" : 20,
    "errorCount" : 0,
    "errorPct" : 0.0,
    "meanResTime" : 1635.45,
    "medianResTime" : 1654.5,
    "minResTime" : 181.0,
    "maxResTime" : 3793.0,
    "pct1ResTime" : 3353.4000000000005,
    "pct2ResTime" : 3771.9999999999995,
    "pct3ResTime" : 3793.0,
    "throughput" : 4.071661237785016,
    "receivedKBytesPerSec" : 1266.425017813518,
    "sentKBytesPerSec" : 1.7050081433224755
  },
  "HTTP Request" : {
    "transaction" : "HTTP Request",
    "sampleCount" : 20,
    "errorCount" : 0,
    "errorPct" : 0.0,
    "meanResTime" : 1635.45,
    "medianResTime" : 1654.5,
    "minResTime" : 181.0,
    "maxResTime" : 3793.0,
    "pct1ResTime" : 3353.4000000000005,
    "pct2ResTime" : 3771.9999999999995,
    "pct3ResTime" : 3793.0,
    "throughput" : 4.071661237785016,
    "receivedKBytesPerSec" : 1266.425017813518,
    "sentKBytesPerSec" : 1.7050081433224755
  }
}