{
  "Total" : {
    "transaction" : "Total",
    "sampleCount" : 30,
    "errorCount" : 0,
    "errorPct" : 0.0,
    "meanResTime" : 14772.300000000001,
    "medianResTime" : 17361.0,
    "minResTime" : 2069.0,
    "maxResTime" : 17642.0,
    "pct1ResTime" : 17600.7,
    "pct2ResTime" : 17640.9,
    "pct3ResTime" : 17642.0,
    "throughput" : 0.5725518636563162,
    "receivedKBytesPerSec" : 15.520069433841632,
    "sentKBytesPerSec" : 0.23412749060060692
  },
  "HTTP Request" : {
    "transaction" : "HTTP Request",
    "sampleCount" : 30,
    "errorCount" : 0,
    "errorPct" : 0.0,
    "meanResTime" : 14772.300000000001,
    "medianResTime" : 17361.0,
    "minResTime" : 2069.0,
    "maxResTime" : 17642.0,
    "pct1ResTime" : 17600.7,
    "pct2ResTime" : 17640.9,
    "pct3ResTime" : 17642.0,
    "throughput" : 0.5725518636563162,
    "receivedKBytesPerSec" : 15.520069433841632,
    "sentKBytesPerSec" : 0.23412749060060692
  }
}