{
  "Total" : {
    "transaction" : "Total",
    "sampleCount" : 735,
    "errorCount" : 0,
    "errorPct" : 0.0,
    "meanResTime" : 968.5319727891164,
    "medianResTime" : 594.0,
    "minResTime" : 215.0,
    "maxResTime" : 51030.0,
    "pct1ResTime" : 1339.1999999999998,
    "pct2ResTime" : 1648.799999999999,
    "pct3ResTime" : 7190.279999999987,
    "throughput" : 9.803006255251612,
    "receivedKBytesPerSec" : 1715.5918309739986,
    "sentKBytesPerSec" : 4.31619342431679
  },
  "HTTP Request" : {
    "transaction" : "HTTP Request",
    "sampleCount" : 735,
    "errorCount" : 0,
    "errorPct" : 0.0,
    "meanResTime" : 968.5319727891164,
    "medianResTime" : 594.0,
    "minResTime" : 215.0,
    "maxResTime" : 51030.0,
    "pct1ResTime" : 1339.1999999999998,
    "pct2ResTime" : 1648.799999999999,
    "pct3ResTime" : 7190.279999999987,
    "throughput" : 9.803006255251612,
    "receivedKBytesPerSec" : 1715.5918309739986,
    "sentKBytesPerSec" : 4.31619342431679
  }
}