{
  "Total" : {
    "transaction" : "Total",
    "sampleCount" : 735,
    "errorCount" : 0,
    "errorPct" : 0.0,
    "meanResTime" : 5036.228571428574,
    "medianResTime" : 5112.0,
    "minResTime" : 2338.0,
    "maxResTime" : 8325.0,
    "pct1ResTime" : 6497.4,
    "pct2ResTime" : 7322.0,
    "pct3ResTime" : 7808.2,
    "throughput" : 2.364857255929035,
    "receivedKBytesPerSec" : 346.0862737280044,
    "sentKBytesPerSec" : 1.0412297076746857
  },
  "HTTP Request" : {
    "transaction" : "HTTP Request",
    "sampleCount" : 735,
    "errorCount" : 0,
    "errorPct" : 0.0,
    "meanResTime" : 5036.228571428574,
    "medianResTime" : 5112.0,
    "minResTime" : 2338.0,
    "maxResTime" : 8325.0,
    "pct1ResTime" : 6497.4,
    "pct2ResTime" : 7322.0,
    "pct3ResTime" : 7808.2,
    "throughput" : 2.364857255929035,
    "receivedKBytesPerSec" : 346.0862737280044,
    "sentKBytesPerSec" : 1.0412297076746857
  }
}