{
  "Total" : {
    "transaction" : "Total",
    "sampleCount" : 5348,
    "errorCount" : 155,
    "errorPct" : 2.8982797,
    "meanResTime" : 1303.10190725505,
    "medianResTime" : 1163.0,
    "minResTime" : 2.0,
    "maxResTime" : 9826.0,
    "pct1ResTime" : 2285.300000000001,
    "pct2ResTime" : 2716.0000000000036,
    "pct3ResTime" : 3858.2600000000057,
    "throughput" : 15.258333166902997,
    "receivedKBytesPerSec" : 4007.6458254056024,
    "sentKBytesPerSec" : 6.724003811908518
  },
  "HTTP Request" : {
    "transaction" : "HTTP Request",
    "sampleCount" : 5348,
    "errorCount" : 155,
    "errorPct" : 2.8982797,
    "meanResTime" : 1303.10190725505,
    "medianResTime" : 1163.0,
    "minResTime" : 2.0,
    "maxResTime" : 9826.0,
    "pct1ResTime" : 2285.300000000001,
    "pct2ResTime" : 2716.0000000000036,
    "pct3ResTime" : 3858.2600000000057,
    "throughput" : 15.258333166902997,
    "receivedKBytesPerSec" : 4007.6458254056024,
    "sentKBytesPerSec" : 6.724003811908518
  }
}