{
  "Total" : {
    "transaction" : "Total",
    "sampleCount" : 20,
    "errorCount" : 0,
    "errorPct" : 0.0,
    "meanResTime" : 19118.800000000003,
    "medianResTime" : 20175.0,
    "minResTime" : 2567.0,
    "maxResTime" : 27514.0,
    "pct1ResTime" : 27464.7,
    "pct2ResTime" : 27511.9,
    "pct3ResTime" : 27514.0,
    "throughput" : 0.3994886545222116,
    "receivedKBytesPerSec" : 194.55142339680208,
    "sentKBytesPerSec" : 0.16299449205017577
  },
  "HTTP Request" : {
    "transaction" : "HTTP Request",
    "sampleCount" : 20,
    "errorCount" : 0,
    "errorPct" : 0.0,
    "meanResTime" : 19118.800000000003,
    "medianResTime" : 20175.0,
    "minResTime" : 2567.0,
    "maxResTime" : 27514.0,
    "pct1ResTime" : 27464.7,
    "pct2ResTime" : 27511.9,
    "pct3ResTime" : 27514.0,
    "throughput" : 0.3994886545222116,
    "receivedKBytesPerSec" : 194.55142339680208,
    "sentKBytesPerSec" : 0.16299449205017577
  }
}