{
  "Total" : {
    "transaction" : "Total",
    "sampleCount" : 5262,
    "errorCount" : 0,
    "errorPct" : 0.0,
    "meanResTime" : 315.41714177118996,
    "medianResTime" : 162.0,
    "minResTime" : 28.0,
    "maxResTime" : 3612.0,
    "pct1ResTime" : 786.0,
    "pct2ResTime" : 1066.2499999999973,
    "pct3ResTime" : 1721.37,
    "throughput" : 31.30875597972249,
    "receivedKBytesPerSec" : 1481.9596713644178,
    "sentKBytesPerSec" : 15.85956488779839
  },
  "HTTP Request" : {
    "transaction" : "HTTP Request",
    "sampleCount" : 5262,
    "errorCount" : 0,
    "errorPct" : 0.0,
    "meanResTime" : 315.41714177118996,
    "medianResTime" : 162.0,
    "minResTime" : 28.0,
    "maxResTime" : 3612.0,
    "pct1ResTime" : 786.0,
    "pct2ResTime" : 1066.2499999999973,
    "pct3ResTime" : 1721.37,
    "throughput" : 31.30875597972249,
    "receivedKBytesPerSec" : 1481.9596713644178,
    "sentKBytesPerSec" : 15.85956488779839
  }
}