{
  "Total" : {
    "transaction" : "Total",
    "sampleCount" : 20,
    "errorCount" : 0,
    "errorPct" : 0.0,
    "meanResTime" : 624.2000000000002,
    "medianResTime" : 385.5,
    "minResTime" : 215.0,
    "maxResTime" : 2256.0,
    "pct1ResTime" : 1311.8000000000002,
    "pct2ResTime" : 2209.4499999999994,
    "pct3ResTime" : 2256.0,
    "throughput" : 1.5946420028703556,
    "receivedKBytesPerSec" : 496.1699782480864,
    "sentKBytesPerSec" : 0.6677563387019614
  },
  "HTTP Request" : {
    "transaction" : "HTTP Request",
    "sampleCount" : 20,
    "errorCount" : 0,
    "errorPct" : 0.0,
    "meanResTime" : 624.2000000000002,
    "medianResTime" : 385.5,
    "minResTime" : 215.0,
    "maxResTime" : 2256.0,
    "pct1ResTime" : 1311.8000000000002,
    "pct2ResTime" : 2209.4499999999994,
    "pct3ResTime" : 2256.0,
    "throughput" : 1.5946420028703556,
    "receivedKBytesPerSec" : 496.1699782480864,
    "sentKBytesPerSec" : 0.6677563387019614
  }
}