{
  "Total" : {
    "transaction" : "Total",
    "sampleCount" : 5191,
    "errorCount" : 1,
    "errorPct" : 0.019264111,
    "meanResTime" : 1040.7241379310315,
    "medianResTime" : 860.0,
    "minResTime" : 192.0,
    "maxResTime" : 6922.0,
    "pct1ResTime" : 1932.0,
    "pct2ResTime" : 2404.199999999999,
    "pct3ResTime" : 3339.3199999999997,
    "throughput" : 9.56115566393947,
    "receivedKBytesPerSec" : 2587.155392651922,
    "sentKBytesPerSec" : 4.164074256321303
  },
  "HTTP Request" : {
    "transaction" : "HTTP Request",
    "sampleCount" : 5191,
    "errorCount" : 1,
    "errorPct" : 0.019264111,
    "meanResTime" : 1040.7241379310315,
    "medianResTime" : 860.0,
    "minResTime" : 192.0,
    "maxResTime" : 6922.0,
    "pct1ResTime" : 1932.0,
    "pct2ResTime" : 2404.199999999999,
    "pct3ResTime" : 3339.3199999999997,
    "throughput" : 9.56115566393947,
    "receivedKBytesPerSec" : 2587.155392651922,
    "sentKBytesPerSec" : 4.164074256321303
  }
}