{
  "Total" : {
    "transaction" : "Total",
    "sampleCount" : 735,
    "errorCount" : 0,
    "errorPct" : 0.0,
    "meanResTime" : 871.2068027210885,
    "medianResTime" : 802.0,
    "minResTime" : 188.0,
    "maxResTime" : 3746.0,
    "pct1ResTime" : 1387.6,
    "pct2ResTime" : 1666.199999999998,
    "pct3ResTime" : 3122.08,
    "throughput" : 11.334371674865453,
    "receivedKBytesPerSec" : 1658.7579767086374,
    "sentKBytesPerSec" : 4.990442647693802
  },
  "HTTP Request" : {
    "transaction" : "HTTP Request",
    "sampleCount" : 735,
    "errorCount" : 0,
    "errorPct" : 0.0,
    "meanResTime" : 871.2068027210885,
    "medianResTime" : 802.0,
    "minResTime" : 188.0,
    "maxResTime" : 3746.0,
    "pct1ResTime" : 1387.6,
    "pct2ResTime" : 1666.199999999998,
    "pct3ResTime" : 3122.08,
    "throughput" : 11.334371674865453,
    "receivedKBytesPerSec" : 1658.7579767086374,
    "sentKBytesPerSec" : 4.990442647693802
  }
}