{
  "Total" : {
    "transaction" : "Total",
    "sampleCount" : 735,
    "errorCount" : 0,
    "errorPct" : 0.0,
    "meanResTime" : 812.7755102040808,
    "medianResTime" : 822.0,
    "minResTime" : 131.0,
    "maxResTime" : 2735.0,
    "pct1ResTime" : 1201.0,
    "pct2ResTime" : 1383.6,
    "pct3ResTime" : 2161.9199999999996,
    "throughput" : 12.094982639174578,
    "receivedKBytesPerSec" : 1674.7451800054305,
    "sentKBytesPerSec" : 5.467072283977028
  },
  "HTTP Request" : {
    "transaction" : "HTTP Request",
    "sampleCount" : 735,
    "errorCount" : 0,
    "errorPct" : 0.0,
    "meanResTime" : 812.7755102040808,
    "medianResTime" : 822.0,
    "minResTime" : 131.0,
    "maxResTime" : 2735.0,
    "pct1ResTime" : 1201.0,
    "pct2ResTime" : 1383.6,
    "pct3ResTime" : 2161.9199999999996,
    "throughput" : 12.094982639174578,
    "receivedKBytesPerSec" : 1674.7451800054305,
    "sentKBytesPerSec" : 5.467072283977028
  }
}