{
  "Total" : {
    "transaction" : "Total",
    "sampleCount" : 5190,
    "errorCount" : 0,
    "errorPct" : 0.0,
    "meanResTime" : 643.8402697495162,
    "medianResTime" : 340.0,
    "minResTime" : 9.0,
    "maxResTime" : 23004.0,
    "pct1ResTime" : 1069.800000000001,
    "pct2ResTime" : 1747.249999999999,
    "pct3ResTime" : 8572.080000000002,
    "throughput" : 15.395339869184106,
    "receivedKBytesPerSec" : 4109.248452285385,
    "sentKBytesPerSec" : 6.942230627901457
  },
  "HTTP Request" : {
    "transaction" : "HTTP Request",
    "sampleCount" : 5190,
    "errorCount" : 0,
    "errorPct" : 0.0,
    "meanResTime" : 643.8402697495162,
    "medianResTime" : 340.0,
    "minResTime" : 9.0,
    "maxResTime" : 23004.0,
    "pct1ResTime" : 1069.800000000001,
    "pct2ResTime" : 1747.249999999999,
    "pct3ResTime" : 8572.080000000002,
    "throughput" : 15.395339869184106,
    "receivedKBytesPerSec" : 4109.248452285385,
    "sentKBytesPerSec" : 6.942230627901457
  }
}