{
  "Total" : {
    "transaction" : "Total",
    "sampleCount" : 20,
    "errorCount" : 0,
    "errorPct" : 0.0,
    "meanResTime" : 3643.9999999999995,
    "medianResTime" : 3467.5,
    "minResTime" : 911.0,
    "maxResTime" : 6849.0,
    "pct1ResTime" : 6333.800000000002,
    "pct2ResTime" : 6827.4,
    "pct3ResTime" : 6849.0,
    "throughput" : 1.7433751743375174,
    "receivedKBytesPerSec" : 542.4327132093358,
    "sentKBytesPerSec" : 0.7300383542538355
  },
  "HTTP Request" : {
    "transaction" : "HTTP Request",
    "sampleCount" : 20,
    "errorCount" : 0,
    "errorPct" : 0.0,
    "meanResTime" : 3643.9999999999995,
    "medianResTime" : 3467.5,
    "minResTime" : 911.0,
    "maxResTime" : 6849.0,
    "pct1ResTime" : 6333.800000000002,
    "pct2ResTime" : 6827.4,
    "pct3ResTime" : 6849.0,
    "throughput" : 1.7433751743375174,
    "receivedKBytesPerSec" : 542.4327132093358,
    "sentKBytesPerSec" : 0.7300383542538355
  }
}