{
  "qgis218-stock": {
    "somap218_orthofoto": {
      "orthofotos_big.txt": {
        "transaction": "Total",
        "sampleCount": 5190,
        "errorCount": 0,
        "errorPct": 0.0,
        "meanResTime": 418.1452793834284,
        "medianResTime": 333.5,
        "minResTime": 3.0,
        "maxResTime": 7663.0,
        "pct1ResTime": 662.9000000000005,
        "pct2ResTime": 890.8999999999996,
        "pct3ResTime": 2027.8100000000013,
        "throughput": 23.772988571559445,
        "receivedKBytesPerSec": 9656.03176244761,
        "sentKBytesPerSec": 9.43226566257472,
        "responseSizeMB": 2058.6,
        "memMaxMB": 8251.2,
        "memAvgMB": 7276.7,
        "memMinMB": 2747.8,
        "cpuMax%": 99.9,
        "cpuAvg%": 99.1,
        "cpuMin%": 12.9,
        "dashboard": "results/details/compare-orthofotos/20201014-082559/qgis218-stock/somap218_orthofoto/orthofotos_big.txt/dashboard/index.html"
      }
    }
  },
  "qgis310-stock": {
    "somap310_orthofoto": {
      "orthofotos_big.txt": {
        "transaction": "Total",
        "sampleCount": 5190,
        "errorCount": 0,
        "errorPct": 0.0,
        "meanResTime": 1473.3953757225422,
        "medianResTime": 933.0,
        "minResTime": 6.0,
        "maxResTime": 13626.0,
        "pct1ResTime": 3470.7000000000016,
        "pct2ResTime": 4185.9,
        "pct3ResTime": 6473.910000000014,
        "throughput": 6.755595820121522,
        "receivedKBytesPerSec": 2662.779514404128,
        "sentKBytesPerSec": 2.6803771134015926,
        "responseSizeMB": 1997.7,
        "memMaxMB": 19468.3,
        "memAvgMB": 17148.9,
        "memMinMB": 2970.2,
        "cpuMax%": 89.3,
        "cpuAvg%": 74.7,
        "cpuMin%": 16.7,
        "dashboard": "results/details/compare-orthofotos/20201014-082559/qgis310-stock/somap310_orthofoto/orthofotos_big.txt/dashboard/index.html"
      }
    }
  },
  "qgis314-stock": {
    "somap314_orthofoto": {
      "orthofotos_big.txt": {
        "transaction": "Total",
        "sampleCount": 5190,
        "errorCount": 0,
        "errorPct": 0.0,
        "meanResTime": 331.28420038535756,
        "medianResTime": 272.0,
        "minResTime": 6.0,
        "maxResTime": 5928.0,
        "pct1ResTime": 591.0,
        "pct2ResTime": 756.4499999999998,
        "pct3ResTime": 1365.170000000002,
        "throughput": 29.94633893024061,
        "receivedKBytesPerSec": 12152.050454433169,
        "sentKBytesPerSec": 11.88162874689862,
        "responseSizeMB": 2056.7,
        "memMaxMB": 11877.1,
        "memAvgMB": 9898.9,
        "memMinMB": 2768.1,
        "cpuMax%": 85.3,
        "cpuAvg%": 75.6,
        "cpuMin%": 15.0,
        "dashboard": "results/details/compare-orthofotos/20201014-082559/qgis314-stock/somap314_orthofoto/orthofotos_big.txt/dashboard/index.html"
      }
    }
  }
}