{
  "Total" : {
    "transaction" : "Total",
    "sampleCount" : 22,
    "errorCount" : 0,
    "errorPct" : 0.0,
    "meanResTime" : 1494.0454545454545,
    "medianResTime" : 1388.5,
    "minResTime" : 246.0,
    "maxResTime" : 3566.0,
    "pct1ResTime" : 3372.9,
    "pct2ResTime" : 3544.9999999999995,
    "pct3ResTime" : 3566.0,
    "throughput" : 5.35149598637801,
    "receivedKBytesPerSec" : 845.7392323947945,
    "sentKBytesPerSec" : 2.28046703964972
  },
  "HTTP Request" : {
    "transaction" : "HTTP Request",
    "sampleCount" : 22,
    "errorCount" : 0,
    "errorPct" : 0.0,
    "meanResTime" : 1494.0454545454545,
    "medianResTime" : 1388.5,
    "minResTime" : 246.0,
    "maxResTime" : 3566.0,
    "pct1ResTime" : 3372.9,
    "pct2ResTime" : 3544.9999999999995,
    "pct3ResTime" : 3566.0,
    "throughput" : 5.35149598637801,
    "receivedKBytesPerSec" : 845.7392323947945,
    "sentKBytesPerSec" : 2.28046703964972
  }
}