{
  "Total" : {
    "transaction" : "Total",
    "sampleCount" : 30,
    "errorCount" : 0,
    "errorPct" : 0.0,
    "meanResTime" : 356.5333333333334,
    "medianResTime" : 186.5,
    "minResTime" : 68.0,
    "maxResTime" : 1077.0,
    "pct1ResTime" : 914.4,
    "pct2ResTime" : 1006.05,
    "pct3ResTime" : 1077.0,
    "throughput" : 20.174848688634835,
    "receivedKBytesPerSec" : 544.798409129119,
    "sentKBytesPerSec" : 8.506010423671821
  },
  "HTTP Request" : {
    "transaction" : "HTTP Request",
    "sampleCount" : 30,
    "errorCount" : 0,
    "errorPct" : 0.0,
    "meanResTime" : 356.5333333333334,
    "medianResTime" : 186.5,
    "minResTime" : 68.0,
    "maxResTime" : 1077.0,
    "pct1ResTime" : 914.4,
    "pct2ResTime" : 1006.05,
    "pct3ResTime" : 1077.0,
    "throughput" : 20.174848688634835,
    "receivedKBytesPerSec" : 544.798409129119,
    "sentKBytesPerSec" : 8.506010423671821
  }
}