{
  "Total" : {
    "transaction" : "Total",
    "sampleCount" : 735,
    "errorCount" : 0,
    "errorPct" : 0.0,
    "meanResTime" : 459.37006802721106,
    "medianResTime" : 403.0,
    "minResTime" : 166.0,
    "maxResTime" : 2768.0,
    "pct1ResTime" : 682.4,
    "pct2ResTime" : 823.5999999999998,
    "pct3ResTime" : 1341.5599999999993,
    "throughput" : 2.1699338686820973,
    "receivedKBytesPerSec" : 317.5555705348444,
    "sentKBytesPerSec" : 0.9554063367235474
  },
  "HTTP Request" : {
    "transaction" : "HTTP Request",
    "sampleCount" : 735,
    "errorCount" : 0,
    "errorPct" : 0.0,
    "meanResTime" : 459.37006802721106,
    "medianResTime" : 403.0,
    "minResTime" : 166.0,
    "maxResTime" : 2768.0,
    "pct1ResTime" : 682.4,
    "pct2ResTime" : 823.5999999999998,
    "pct3ResTime" : 1341.5599999999993,
    "throughput" : 2.1699338686820973,
    "receivedKBytesPerSec" : 317.5555705348444,
    "sentKBytesPerSec" : 0.9554063367235474
  }
}