{
  "Total" : {
    "transaction" : "Total",
    "sampleCount" : 735,
    "errorCount" : 0,
    "errorPct" : 0.0,
    "meanResTime" : 847.3972789115645,
    "medianResTime" : 786.0,
    "minResTime" : 171.0,
    "maxResTime" : 3688.0,
    "pct1ResTime" : 1341.8,
    "pct2ResTime" : 1516.7999999999997,
    "pct3ResTime" : 2891.6399999999994,
    "throughput" : 11.615044247787612,
    "receivedKBytesPerSec" : 1699.8374350604456,
    "sentKBytesPerSec" : 5.114020770780657
  },
  "HTTP Request" : {
    "transaction" : "HTTP Request",
    "sampleCount" : 735,
    "errorCount" : 0,
    "errorPct" : 0.0,
    "meanResTime" : 847.3972789115645,
    "medianResTime" : 786.0,
    "minResTime" : 171.0,
    "maxResTime" : 3688.0,
    "pct1ResTime" : 1341.8,
    "pct2ResTime" : 1516.7999999999997,
    "pct3ResTime" : 2891.6399999999994,
    "throughput" : 11.615044247787612,
    "receivedKBytesPerSec" : 1699.8374350604456,
    "sentKBytesPerSec" : 5.114020770780657
  }
}