{
  "Total" : {
    "transaction" : "Total",
    "sampleCount" : 30,
    "errorCount" : 0,
    "errorPct" : 0.0,
    "meanResTime" : 83.93333333333335,
    "medianResTime" : 77.5,
    "minResTime" : 49.0,
    "maxResTime" : 248.0,
    "pct1ResTime" : 94.80000000000001,
    "pct2ResTime" : 168.2499999999999,
    "pct3ResTime" : 248.0,
    "throughput" : 11.691348402182385,
    "receivedKBytesPerSec" : 316.90404569368667,
    "sentKBytesPerSec" : 4.769400331254872
  },
  "HTTP Request" : {
    "transaction" : "HTTP Request",
    "sampleCount" : 30,
    "errorCount" : 0,
    "errorPct" : 0.0,
    "meanResTime" : 83.93333333333335,
    "medianResTime" : 77.5,
    "minResTime" : 49.0,
    "maxResTime" : 248.0,
    "pct1ResTime" : 94.80000000000001,
    "pct2ResTime" : 168.2499999999999,
    "pct3ResTime" : 248.0,
    "throughput" : 11.691348402182385,
    "receivedKBytesPerSec" : 316.90404569368667,
    "sentKBytesPerSec" : 4.769400331254872
  }
}