{
  "Total" : {
    "transaction" : "Total",
    "sampleCount" : 30,
    "errorCount" : 0,
    "errorPct" : 0.0,
    "meanResTime" : 217.60000000000002,
    "medianResTime" : 220.5,
    "minResTime" : 128.0,
    "maxResTime" : 313.0,
    "pct1ResTime" : 285.1,
    "pct2ResTime" : 303.09999999999997,
    "pct3ResTime" : 313.0,
    "throughput" : 26.714158504007123,
    "receivedKBytesPerSec" : 723.9867403161176,
    "sentKBytesPerSec" : 10.897846170970615
  },
  "HTTP Request" : {
    "transaction" : "HTTP Request",
    "sampleCount" : 30,
    "errorCount" : 0,
    "errorPct" : 0.0,
    "meanResTime" : 217.60000000000002,
    "medianResTime" : 220.5,
    "minResTime" : 128.0,
    "maxResTime" : 313.0,
    "pct1ResTime" : 285.1,
    "pct2ResTime" : 303.09999999999997,
    "pct3ResTime" : 313.0,
    "throughput" : 26.714158504007123,
    "receivedKBytesPerSec" : 723.9867403161176,
    "sentKBytesPerSec" : 10.897846170970615
  }
}