{
  "Total" : {
    "transaction" : "Total",
    "sampleCount" : 22,
    "errorCount" : 0,
    "errorPct" : 0.0,
    "meanResTime" : 1689.0454545454545,
    "medianResTime" : 1839.5,
    "minResTime" : 662.0,
    "maxResTime" : 2431.0,
    "pct1ResTime" : 2404.2,
    "pct2ResTime" : 2427.7,
    "pct3ResTime" : 2431.0,
    "throughput" : 4.5576962916925625,
    "receivedKBytesPerSec" : 594.32578141185,
    "sentKBytesPerSec" : 1.942200124300808
  },
  "HTTP Request" : {
    "transaction" : "HTTP Request",
    "sampleCount" : 22,
    "errorCount" : 0,
    "errorPct" : 0.0,
    "meanResTime" : 1689.0454545454545,
    "medianResTime" : 1839.5,
    "minResTime" : 662.0,
    "maxResTime" : 2431.0,
    "pct1ResTime" : 2404.2,
    "pct2ResTime" : 2427.7,
    "pct3ResTime" : 2431.0,
    "throughput" : 4.5576962916925625,
    "receivedKBytesPerSec" : 594.32578141185,
    "sentKBytesPerSec" : 1.942200124300808
  }
}