{
  "Total" : {
    "transaction" : "Total",
    "sampleCount" : 5190,
    "errorCount" : 0,
    "errorPct" : 0.0,
    "meanResTime" : 865.534874759154,
    "medianResTime" : 707.0,
    "minResTime" : 186.0,
    "maxResTime" : 5929.0,
    "pct1ResTime" : 1575.9000000000005,
    "pct2ResTime" : 1949.8999999999996,
    "pct3ResTime" : 2829.2400000000052,
    "throughput" : 11.496467992636944,
    "receivedKBytesPerSec" : 3111.5274943694444,
    "sentKBytesPerSec" : 5.007034387508501
  },
  "HTTP Request" : {
    "transaction" : "HTTP Request",
    "sampleCount" : 5190,
    "errorCount" : 0,
    "errorPct" : 0.0,
    "meanResTime" : 865.534874759154,
    "medianResTime" : 707.0,
    "minResTime" : 186.0,
    "maxResTime" : 5929.0,
    "pct1ResTime" : 1575.9000000000005,
    "pct2ResTime" : 1949.8999999999996,
    "pct3ResTime" : 2829.2400000000052,
    "throughput" : 11.496467992636944,
    "receivedKBytesPerSec" : 3111.5274943694444,
    "sentKBytesPerSec" : 5.007034387508501
  }
}