{
  "Total" : {
    "transaction" : "Total",
    "sampleCount" : 30,
    "errorCount" : 0,
    "errorPct" : 0.0,
    "meanResTime" : 111.9,
    "medianResTime" : 106.0,
    "minResTime" : 70.0,
    "maxResTime" : 258.0,
    "pct1ResTime" : 128.3,
    "pct2ResTime" : 193.0999999999999,
    "pct3ResTime" : 258.0,
    "throughput" : 8.818342151675484,
    "receivedKBytesPerSec" : 239.0287422839506,
    "sentKBytesPerSec" : 3.5973783803644914
  },
  "HTTP Request" : {
    "transaction" : "HTTP Request",
    "sampleCount" : 30,
    "errorCount" : 0,
    "errorPct" : 0.0,
    "meanResTime" : 111.9,
    "medianResTime" : 106.0,
    "minResTime" : 70.0,
    "maxResTime" : 258.0,
    "pct1ResTime" : 128.3,
    "pct2ResTime" : 193.0999999999999,
    "pct3ResTime" : 258.0,
    "throughput" : 8.818342151675484,
    "receivedKBytesPerSec" : 239.0287422839506,
    "sentKBytesPerSec" : 3.5973783803644914
  }
}