{
  "Total" : {
    "transaction" : "Total",
    "sampleCount" : 5190,
    "errorCount" : 0,
    "errorPct" : 0.0,
    "meanResTime" : 955.2427745664738,
    "medianResTime" : 569.5,
    "minResTime" : 214.0,
    "maxResTime" : 17086.0,
    "pct1ResTime" : 2170.9000000000005,
    "pct2ResTime" : 2681.249999999999,
    "pct3ResTime" : 5211.710000000003,
    "throughput" : 10.358268352995417,
    "receivedKBytesPerSec" : 3225.1898154390838,
    "sentKBytesPerSec" : 4.511316507966287
  },
  "HTTP Request" : {
    "transaction" : "HTTP Request",
    "sampleCount" : 5190,
    "errorCount" : 0,
    "errorPct" : 0.0,
    "meanResTime" : 955.2427745664738,
    "medianResTime" : 569.5,
    "minResTime" : 214.0,
    "maxResTime" : 17086.0,
    "pct1ResTime" : 2170.9000000000005,
    "pct2ResTime" : 2681.249999999999,
    "pct3ResTime" : 5211.710000000003,
    "throughput" : 10.358268352995417,
    "receivedKBytesPerSec" : 3225.1898154390838,
    "sentKBytesPerSec" : 4.511316507966287
  }
}