{
  "Total" : {
    "transaction" : "Total",
    "sampleCount" : 5190,
    "errorCount" : 0,
    "errorPct" : 0.0,
    "meanResTime" : 2170.837957610784,
    "medianResTime" : 2055.5,
    "minResTime" : 735.0,
    "maxResTime" : 8186.0,
    "pct1ResTime" : 3410.9000000000005,
    "pct2ResTime" : 3845.8999999999996,
    "pct3ResTime" : 5519.800000000003,
    "throughput" : 5.511853671436172,
    "receivedKBytesPerSec" : 1491.7361595240238,
    "sentKBytesPerSec" : 2.400566929727583
  },
  "HTTP Request" : {
    "transaction" : "HTTP Request",
    "sampleCount" : 5190,
    "errorCount" : 0,
    "errorPct" : 0.0,
    "meanResTime" : 2170.837957610784,
    "medianResTime" : 2055.5,
    "minResTime" : 735.0,
    "maxResTime" : 8186.0,
    "pct1ResTime" : 3410.9000000000005,
    "pct2ResTime" : 3845.8999999999996,
    "pct3ResTime" : 5519.800000000003,
    "throughput" : 5.511853671436172,
    "receivedKBytesPerSec" : 1491.7361595240238,
    "sentKBytesPerSec" : 2.400566929727583
  }
}