{
  "qgis310-stock": {
    "somap310_lk": {
      "lk_big.txt": {
        "transaction": "Total",
        "sampleCount": 5262,
        "errorCount": 0,
        "errorPct": 0.0,
        "meanResTime": 309.99638920562535,
        "medianResTime": 170.0,
        "minResTime": 29.0,
        "maxResTime": 3651.0,
        "pct1ResTime": 743.0,
        "pct2ResTime": 1002.8499999999995,
        "pct3ResTime": 1785.1099999999997,
        "throughput": 31.802056073636688,
        "receivedKBytesPerSec": 1505.4120983853445,
        "sentKBytesPerSec": 16.10944785515922,
        "memMaxMB": 7418.7,
        "memAvgMB": 5474.3,
        "memMinMB": 4009.6,
        "cpuMax%": 97.0,
        "cpuAvg%": 81.7,
        "cpuMin%": 35.2,
        "dashboard": "results/details/compare-310/20201029-234155/qgis310-stock/somap310_lk/lk_big.txt/dashboard/index.html",
        "effective duration": 171.7
      }
    },
    "somap310_grundplanav_farbig": {
      "av_f_big.txt": {
        "transaction": "Total",
        "sampleCount": 735,
        "errorCount": 0,
        "errorPct": 0.0,
        "meanResTime": 864.0054421768712,
        "medianResTime": 788.0,
        "minResTime": 169.0,
        "maxResTime": 3848.0,
        "pct1ResTime": 1329.0,
        "pct2ResTime": 1532.9999999999955,
        "pct3ResTime": 3080.4799999999996,
        "throughput": 11.386345680159874,
        "receivedKBytesPerSec": 1666.3662894697602,
        "sentKBytesPerSec": 5.013326429877151,
        "memMaxMB": 6896.8,
        "memAvgMB": 6041.5,
        "memMinMB": 4656.5,
        "cpuMax%": 94.1,
        "cpuAvg%": 86.7,
        "cpuMin%": 37.1,
        "dashboard": "results/details/compare-310/20201029-234155/qgis310-stock/somap310_grundplanav_farbig/av_f_big.txt/dashboard/index.html",
        "effective duration": 70.5
      }
    },
    "somap310_grundplanav_sw": {
      "av_sw_big.txt": {
        "transaction": "Total",
        "sampleCount": 5190,
        "errorCount": 0,
        "errorPct": 0.0,
        "meanResTime": 855.9946050096336,
        "medianResTime": 700.0,
        "minResTime": 182.0,
        "maxResTime": 5716.0,
        "pct1ResTime": 1560.5000000000027,
        "pct2ResTime": 1963.4499999999998,
        "pct3ResTime": 2864.3600000000006,
        "throughput": 11.62048698572628,
        "receivedKBytesPerSec": 3144.9686231808005,
        "sentKBytesPerSec": 5.0610481388189195,
        "memMaxMB": 11084.7,
        "memAvgMB": 8877.8,
        "memMinMB": 5759.7,
        "cpuMax%": 98.5,
        "cpuAvg%": 83.6,
        "cpuMin%": 34.1,
        "dashboard": "results/details/compare-310/20201029-234155/qgis310-stock/somap310_grundplanav_sw/av_sw_big.txt/dashboard/index.html",
        "effective duration": 452.7
      }
    }
  },
  "qgis310-maxcache20": {
    "somap310_lk": {
      "lk_big.txt": {
        "transaction": "Total",
        "sampleCount": 5262,
        "errorCount": 0,
        "errorPct": 0.0,
        "meanResTime": 314.00152033447335,
        "medianResTime": 172.0,
        "minResTime": 29.0,
        "maxResTime": 3255.0,
        "pct1ResTime": 764.6999999999998,
        "pct2ResTime": 1026.8499999999995,
        "pct3ResTime": 1748.2199999999993,
        "throughput": 31.33560420190086,
        "receivedKBytesPerSec": 1483.2934618581173,
        "sentKBytesPerSec": 15.873164952969795,
        "memMaxMB": 7636.9,
        "memAvgMB": 5489.9,
        "memMinMB": 4061.3,
        "cpuMax%": 94.1,
        "cpuAvg%": 81.3,
        "cpuMin%": 41.4,
        "dashboard": "results/details/compare-310/20201029-234155/qgis310-maxcache20/somap310_lk/lk_big.txt/dashboard/index.html",
        "effective duration": 174.2
      }
    },
    "somap310_grundplanav_farbig": {
      "av_f_big.txt": {
        "transaction": "Total",
        "sampleCount": 735,
        "errorCount": 0,
        "errorPct": 0.0,
        "meanResTime": 813.6748299319723,
        "medianResTime": 726.0,
        "minResTime": 179.0,
        "maxResTime": 3326.0,
        "pct1ResTime": 1297.3999999999999,
        "pct2ResTime": 1562.3999999999999,
        "pct3ResTime": 2905.2399999999984,
        "throughput": 12.096973287907964,
        "receivedKBytesPerSec": 1770.3344039051829,
        "sentKBytesPerSec": 5.326210674550272,
        "memMaxMB": 7016.7,
        "memAvgMB": 6171.2,
        "memMinMB": 4621.4,
        "cpuMax%": 98.6,
        "cpuAvg%": 86.7,
        "cpuMin%": 32.4,
        "dashboard": "results/details/compare-310/20201029-234155/qgis310-maxcache20/somap310_grundplanav_farbig/av_f_big.txt/dashboard/index.html",
        "effective duration": 66.7
      }
    },
    "somap310_grundplanav_sw": {
      "av_sw_big.txt": {
        "transaction": "Total",
        "sampleCount": 5190,
        "errorCount": 0,
        "errorPct": 0.0,
        "meanResTime": 846.6506743737957,
        "medianResTime": 687.0,
        "minResTime": 186.0,
        "maxResTime": 5533.0,
        "pct1ResTime": 1524.9000000000005,
        "pct2ResTime": 1906.249999999999,
        "pct3ResTime": 3002.3600000000006,
        "throughput": 11.737726273509377,
        "receivedKBytesPerSec": 3176.8223366888474,
        "sentKBytesPerSec": 5.112109138238301,
        "memMaxMB": 11267.7,
        "memAvgMB": 9052.7,
        "memMinMB": 5866.8,
        "cpuMax%": 98.3,
        "cpuAvg%": 83.1,
        "cpuMin%": 45.9,
        "dashboard": "results/details/compare-310/20201029-234155/qgis310-maxcache20/somap310_grundplanav_sw/av_sw_big.txt/dashboard/index.html",
        "effective duration": 448.5
      }
    }
  },
  "qgis310-maxcache200": {
    "somap310_lk": {
      "lk_big.txt": {
        "transaction": "Total",
        "sampleCount": 5262,
        "errorCount": 0,
        "errorPct": 0.0,
        "meanResTime": 305.8323831242866,
        "medianResTime": 172.5,
        "minResTime": 29.0,
        "maxResTime": 2460.0,
        "pct1ResTime": 735.0999999999995,
        "pct2ResTime": 972.0,
        "pct3ResTime": 1571.2199999999993,
        "throughput": 32.29151964063257,
        "receivedKBytesPerSec": 1528.5345649895983,
        "sentKBytesPerSec": 16.35738741577326,
        "memMaxMB": 6926.9,
        "memAvgMB": 5484.6,
        "memMinMB": 4138.4,
        "cpuMax%": 99.0,
        "cpuAvg%": 82.5,
        "cpuMin%": 52.8,
        "dashboard": "results/details/compare-310/20201029-234155/qgis310-maxcache200/somap310_lk/lk_big.txt/dashboard/index.html",
        "effective duration": 169.0
      }
    },
    "somap310_grundplanav_farbig": {
      "av_f_big.txt": {
        "transaction": "Total",
        "sampleCount": 735,
        "errorCount": 0,
        "errorPct": 0.0,
        "meanResTime": 834.9319727891158,
        "medianResTime": 772.0,
        "minResTime": 172.0,
        "maxResTime": 3312.0,
        "pct1ResTime": 1324.0,
        "pct2ResTime": 1491.5999999999988,
        "pct3ResTime": 2982.2399999999993,
        "throughput": 11.809884954045891,
        "receivedKBytesPerSec": 1728.3563271257794,
        "sentKBytesPerSec": 5.199807737884826,
        "memMaxMB": 6916.3,
        "memAvgMB": 6037.7,
        "memMinMB": 4710.7,
        "cpuMax%": 96.4,
        "cpuAvg%": 87.6,
        "cpuMin%": 50.8,
        "dashboard": "results/details/compare-310/20201029-234155/qgis310-maxcache200/somap310_grundplanav_farbig/av_f_big.txt/dashboard/index.html",
        "effective duration": 67.9
      }
    },
    "somap310_grundplanav_sw": {
      "av_sw_big.txt": {
        "transaction": "Total",
        "sampleCount": 5190,
        "errorCount": 0,
        "errorPct": 0.0,
        "meanResTime": 876.2298651252416,
        "medianResTime": 710.5,
        "minResTime": 182.0,
        "maxResTime": 5731.0,
        "pct1ResTime": 1598.7000000000016,
        "pct2ResTime": 1970.3499999999995,
        "pct3ResTime": 2825.2700000000004,
        "throughput": 11.342353308842009,
        "receivedKBytesPerSec": 3069.739016005093,
        "sentKBytesPerSec": 4.939913118447824,
        "memMaxMB": 10801.6,
        "memAvgMB": 8915.8,