{
  "Total" : {
    "transaction" : "Total",
    "sampleCount" : 5262,
    "errorCount" : 0,
    "errorPct" : 0.0,
    "meanResTime" : 322.5562523755217,
    "medianResTime" : 185.0,
    "minResTime" : 30.0,
    "maxResTime" : 3576.0,
    "pct1ResTime" : 777.6999999999998,
    "pct2ResTime" : 1014.6999999999989,
    "pct3ResTime" : 1752.329999999999,
    "throughput" : 30.59142254184374,
    "receivedKBytesPerSec" : 1448.0699922042597,
    "sentKBytesPerSec" : 15.496197010403527
  },
  "HTTP Request" : {
    "transaction" : "HTTP Request",
    "sampleCount" : 5262,
    "errorCount" : 0,
    "errorPct" : 0.0,
    "meanResTime" : 322.5562523755217,
    "medianResTime" : 185.0,
    "minResTime" : 30.0,
    "maxResTime" : 3576.0,
    "pct1ResTime" : 777.6999999999998,
    "pct2ResTime" : 1014.6999999999989,
    "pct3ResTime" : 1752.329999999999,
    "throughput" : 30.59142254184374,
    "receivedKBytesPerSec" : 1448.0699922042597,
    "sentKBytesPerSec" : 15.496197010403527
  }
}