{
  "Total" : {
    "transaction" : "Total",
    "sampleCount" : 5190,
    "errorCount" : 0,
    "errorPct" : 0.0,
    "meanResTime" : 642.467822736031,
    "medianResTime" : 348.5,
    "minResTime" : 12.0,
    "maxResTime" : 22352.0,
    "pct1ResTime" : 1101.800000000001,
    "pct2ResTime" : 1770.4499999999998,
    "pct3ResTime" : 8334.27,
    "throughput" : 15.451211089146641,
    "receivedKBytesPerSec" : 4124.161323719804,
    "sentKBytesPerSec" : 6.967424673485245
  },
  "HTTP Request" : {
    "transaction" : "HTTP Request",
    "sampleCount" : 5190,
    "errorCount" : 0,
    "errorPct" : 0.0,
    "meanResTime" : 642.467822736031,
    "medianResTime" : 348.5,
    "minResTime" : 12.0,
    "maxResTime" : 22352.0,
    "pct1ResTime" : 1101.800000000001,
    "pct2ResTime" : 1770.4499999999998,
    "pct3ResTime" : 8334.27,
    "throughput" : 15.451211089146641,
    "receivedKBytesPerSec" : 4124.161323719804,
    "sentKBytesPerSec" : 6.967424673485245
  }
}