{
  "Total" : {
    "transaction" : "Total",
    "sampleCount" : 5262,
    "errorCount" : 0,
    "errorPct" : 0.0,
    "meanResTime" : 2065.0847586469013,
    "medianResTime" : 1535.5,
    "minResTime" : 139.0,
    "maxResTime" : 12492.0,
    "pct1ResTime" : 4053.3999999999996,
    "pct2ResTime" : 4954.399999999998,
    "pct3ResTime" : 7620.4999999999945,
    "throughput" : 5.771179637014517,
    "receivedKBytesPerSec" : 273.1779211164496,
    "sentKBytesPerSec" : 2.9234121595777234
  },
  "HTTP Request" : {
    "transaction" : "HTTP Request",
    "sampleCount" : 5262,
    "errorCount" : 0,
    "errorPct" : 0.0,
    "meanResTime" : 2065.0847586469013,
    "medianResTime" : 1535.5,
    "minResTime" : 139.0,
    "maxResTime" : 12492.0,
    "pct1ResTime" : 4053.3999999999996,
    "pct2ResTime" : 4954.399999999998,
    "pct3ResTime" : 7620.4999999999945,
    "throughput" : 5.771179637014517,
    "receivedKBytesPerSec" : 273.1779211164496,
    "sentKBytesPerSec" : 2.9234121595777234
  }
}