{
  "Total" : {
    "transaction" : "Total",
    "sampleCount" : 5190,
    "errorCount" : 0,
    "errorPct" : 0.0,
    "meanResTime" : 1003.9319845857439,
    "medianResTime" : 604.0,
    "minResTime" : 221.0,
    "maxResTime" : 18832.0,
    "pct1ResTime" : 2300.9000000000005,
    "pct2ResTime" : 2833.649999999997,
    "pct3ResTime" : 5535.250000000004,
    "throughput" : 9.861783025572231,
    "receivedKBytesPerSec" : 3070.6891974879054,
    "sentKBytesPerSec" : 4.295083217107439
  },
  "HTTP Request" : {
    "transaction" : "HTTP Request",
    "sampleCount" : 5190,
    "errorCount" : 0,
    "errorPct" : 0.0,
    "meanResTime" : 1003.9319845857439,
    "medianResTime" : 604.0,
    "minResTime" : 221.0,
    "maxResTime" : 18832.0,
    "pct1ResTime" : 2300.9000000000005,
    "pct2ResTime" : 2833.649999999997,
    "pct3ResTime" : 5535.250000000004,
    "throughput" : 9.861783025572231,
    "receivedKBytesPerSec" : 3070.6891974879054,
    "sentKBytesPerSec" : 4.295083217107439
  }
}