{
  "Total" : {
    "transaction" : "Total",
    "sampleCount" : 30,
    "errorCount" : 0,
    "errorPct" : 0.0,
    "meanResTime" : 479.50000000000006,
    "medianResTime" : 519.5,
    "minResTime" : 301.0,
    "maxResTime" : 612.0,
    "pct1ResTime" : 587.5,
    "pct2ResTime" : 604.85,
    "pct3ResTime" : 612.0,
    "throughput" : 14.910536779324055,
    "receivedKBytesPerSec" : 404.1483520750497,
    "sentKBytesPerSec" : 6.097205827534792
  },
  "HTTP Request" : {
    "transaction" : "HTTP Request",
    "sampleCount" : 30,
    "errorCount" : 0,
    "errorPct" : 0.0,
    "meanResTime" : 479.50000000000006,
    "medianResTime" : 519.5,
    "minResTime" : 301.0,
    "maxResTime" : 612.0,
    "pct1ResTime" : 587.5,
    "pct2ResTime" : 604.85,
    "pct3ResTime" : 612.0,
    "throughput" : 14.910536779324055,
    "receivedKBytesPerSec" : 404.1483520750497,
    "sentKBytesPerSec" : 6.097205827534792
  }
}