{
  "Total" : {
    "transaction" : "Total",
    "sampleCount" : 735,
    "errorCount" : 0,
    "errorPct" : 0.0,
    "meanResTime" : 25587.18231292513,
    "medianResTime" : 26522.0,
    "minResTime" : 3119.0,
    "maxResTime" : 44606.0,
    "pct1ResTime" : 29324.4,
    "pct2ResTime" : 31324.199999999993,
    "pct3ResTime" : 42678.19999999999,
    "throughput" : 0.389114946143315,
    "receivedKBytesPerSec" : 72.07339712932433,
    "sentKBytesPerSec" : 0.1656245971535315
  },
  "HTTP Request" : {
    "transaction" : "HTTP Request",
    "sampleCount" : 735,
    "errorCount" : 0,
    "errorPct" : 0.0,
    "meanResTime" : 25587.18231292513,
    "medianResTime" : 26522.0,
    "minResTime" : 3119.0,
    "maxResTime" : 44606.0,
    "pct1ResTime" : 29324.4,
    "pct2ResTime" : 31324.199999999993,
    "pct3ResTime" : 42678.19999999999,
    "throughput" : 0.389114946143315,
    "receivedKBytesPerSec" : 72.07339712932433,
    "sentKBytesPerSec" : 0.1656245971535315
  }
}