{
  "Total" : {
    "transaction" : "Total",
    "sampleCount" : 20,
    "errorCount" : 0,
    "errorPct" : 0.0,
    "meanResTime" : 1597.35,
    "medianResTime" : 1415.5,
    "minResTime" : 256.0,
    "maxResTime" : 3667.0,
    "pct1ResTime" : 3269.800000000001,
    "pct2ResTime" : 3649.7,
    "pct3ResTime" : 3667.0,
    "throughput" : 4.796163069544364,
    "receivedKBytesPerSec" : 1492.3174741456835,
    "sentKBytesPerSec" : 2.0083932853717026
  },
  "HTTP Request" : {
    "transaction" : "HTTP Request",
    "sampleCount" : 20,
    "errorCount" : 0,
    "errorPct" : 0.0,
    "meanResTime" : 1597.35,
    "medianResTime" : 1415.5,
    "minResTime" : 256.0,
    "maxResTime" : 3667.0,
    "pct1ResTime" : 3269.800000000001,
    "pct2ResTime" : 3649.7,
    "pct3ResTime" : 3667.0,
    "throughput" : 4.796163069544364,
    "receivedKBytesPerSec" : 1492.3174741456835,
    "sentKBytesPerSec" : 2.0083932853717026
  }
}