{
  "Total" : {
    "transaction" : "Total",
    "sampleCount" : 22,
    "errorCount" : 0,
    "errorPct" : 0.0,
    "meanResTime" : 23390.318181818184,
    "medianResTime" : 26869.0,
    "minResTime" : 3282.0,
    "maxResTime" : 31219.0,
    "pct1ResTime" : 31144.8,
    "pct2ResTime" : 31208.5,
    "pct3ResTime" : 31219.0,
    "throughput" : 0.3529147550450768,
    "receivedKBytesPerSec" : 46.26579594308448,
    "sentKBytesPerSec" : 0.14522016065642143
  },
  "HTTP Request" : {
    "transaction" : "HTTP Request",
    "sampleCount" : 22,
    "errorCount" : 0,
    "errorPct" : 0.0,
    "meanResTime" : 23390.318181818184,
    "medianResTime" : 26869.0,
    "minResTime" : 3282.0,
    "maxResTime" : 31219.0,
    "pct1ResTime" : 31144.8,
    "pct2ResTime" : 31208.5,
    "pct3ResTime" : 31219.0,
    "throughput" : 0.3529147550450768,
    "receivedKBytesPerSec" : 46.26579594308448,
    "sentKBytesPerSec" : 0.14522016065642143
  }
}