{
  "Total" : {
    "transaction" : "Total",
    "sampleCount" : 30,
    "errorCount" : 0,
    "errorPct" : 0.0,
    "meanResTime" : 15368.900000000001,
    "medianResTime" : 17931.5,
    "minResTime" : 2148.0,
    "maxResTime" : 18214.0,
    "pct1ResTime" : 18169.2,
    "pct2ResTime" : 18210.7,
    "pct3ResTime" : 18214.0,
    "throughput" : 0.5500852632157984,
    "receivedKBytesPerSec" : 14.911070981627152,
    "sentKBytesPerSec" : 0.22494046473036655
  },
  "HTTP Request" : {
    "transaction" : "HTTP Request",
    "sampleCount" : 30,
    "errorCount" : 0,
    "errorPct" : 0.0,
    "meanResTime" : 15368.900000000001,
    "medianResTime" : 17931.5,
    "minResTime" : 2148.0,
    "maxResTime" : 18214.0,
    "pct1ResTime" : 18169.2,
    "pct2ResTime" : 18210.7,
    "pct3ResTime" : 18214.0,
    "throughput" : 0.5500852632157984,
    "receivedKBytesPerSec" : 14.911070981627152,
    "sentKBytesPerSec" : 0.22494046473036655
  }
}