{
  "Total" : {
    "transaction" : "Total",
    "sampleCount" : 22,
    "errorCount" : 0,
    "errorPct" : 0.0,
    "meanResTime" : 1575.6818181818182,
    "medianResTime" : 1341.0,
    "minResTime" : 248.0,
    "maxResTime" : 3646.0,
    "pct1ResTime" : 3499.0,
    "pct2ResTime" : 3628.8999999999996,
    "pct3ResTime" : 3646.0,
    "throughput" : 5.064456721915286,
    "receivedKBytesPerSec" : 801.026739468232,
    "sentKBytesPerSec" : 2.158149171270718
  },
  "HTTP Request" : {
    "transaction" : "HTTP Request",
    "sampleCount" : 22,
    "errorCount" : 0,
    "errorPct" : 0.0,
    "meanResTime" : 1575.6818181818182,
    "medianResTime" : 1341.0,
    "minResTime" : 248.0,
    "maxResTime" : 3646.0,
    "pct1ResTime" : 3499.0,
    "pct2ResTime" : 3628.8999999999996,
    "pct3ResTime" : 3646.0,
    "throughput" : 5.064456721915286,
    "receivedKBytesPerSec" : 801.026739468232,
    "sentKBytesPerSec" : 2.158149171270718
  }
}