{
  "Total" : {
    "transaction" : "Total",
    "sampleCount" : 20,
    "errorCount" : 0,
    "errorPct" : 0.0,
    "meanResTime" : 18987.800000000003,
    "medianResTime" : 20983.5,
    "minResTime" : 2437.0,
    "maxResTime" : 27234.0,
    "pct1ResTime" : 26909.4,
    "pct2ResTime" : 27217.8,
    "pct3ResTime" : 27234.0,
    "throughput" : 0.403437285673942,
    "receivedKBytesPerSec" : 196.47445060036512,
    "sentKBytesPerSec" : 0.16460556440876267
  },
  "HTTP Request" : {
    "transaction" : "HTTP Request",
    "sampleCount" : 20,
    "errorCount" : 0,
    "errorPct" : 0.0,
    "meanResTime" : 18987.800000000003,
    "medianResTime" : 20983.5,
    "minResTime" : 2437.0,
    "maxResTime" : 27234.0,
    "pct1ResTime" : 26909.4,
    "pct2ResTime" : 27217.8,
    "pct3ResTime" : 27234.0,
    "throughput" : 0.403437285673942,
    "receivedKBytesPerSec" : 196.47445060036512,
    "sentKBytesPerSec" : 0.16460556440876267
  }
}