{
  "Total" : {
    "transaction" : "Total",
    "sampleCount" : 22,
    "errorCount" : 0,
    "errorPct" : 0.0,
    "meanResTime" : 23330.409090909085,
    "medianResTime" : 26714.0,
    "minResTime" : 3238.0,
    "maxResTime" : 31041.0,
    "pct1ResTime" : 30825.0,
    "pct2ResTime" : 31016.7,
    "pct3ResTime" : 31041.0,
    "throughput" : 0.3533568904593639,
    "receivedKBytesPerSec" : 46.233693633552846,
    "sentKBytesPerSec" : 0.1454020940411179
  },
  "HTTP Request" : {
    "transaction" : "HTTP Request",
    "sampleCount" : 22,
    "errorCount" : 0,
    "errorPct" : 0.0,
    "meanResTime" : 23330.409090909085,
    "medianResTime" : 26714.0,
    "minResTime" : 3238.0,
    "maxResTime" : 31041.0,
    "pct1ResTime" : 30825.0,
    "pct2ResTime" : 31016.7,
    "pct3ResTime" : 31041.0,
    "throughput" : 0.3533568904593639,
    "receivedKBytesPerSec" : 46.233693633552846,
    "sentKBytesPerSec" : 0.1454020940411179
  }
}