{
  "Total" : {
    "transaction" : "Total",
    "sampleCount" : 30,
    "errorCount" : 0,
    "errorPct" : 0.0,
    "meanResTime" : 107.90000000000002,
    "medianResTime" : 103.5,
    "minResTime" : 61.0,
    "maxResTime" : 263.0,
    "pct1ResTime" : 117.7,
    "pct2ResTime" : 187.0999999999999,
    "pct3ResTime" : 263.0,
    "throughput" : 9.135200974421437,
    "receivedKBytesPerSec" : 247.61747297503047,
    "sentKBytesPerSec" : 3.726638626674787
  },
  "HTTP Request" : {
    "transaction" : "HTTP Request",
    "sampleCount" : 30,
    "errorCount" : 0,
    "errorPct" : 0.0,
    "meanResTime" : 107.90000000000002,
    "medianResTime" : 103.5,
    "minResTime" : 61.0,
    "maxResTime" : 263.0,
    "pct1ResTime" : 117.7,
    "pct2ResTime" : 187.0999999999999,
    "pct3ResTime" : 263.0,
    "throughput" : 9.135200974421437,
    "receivedKBytesPerSec" : 247.61747297503047,
    "sentKBytesPerSec" : 3.726638626674787
  }
}