{
  "Total" : {
    "transaction" : "Total",
    "sampleCount" : 735,
    "errorCount" : 0,
    "errorPct" : 0.0,
    "meanResTime" : 881.1850340136053,
    "medianResTime" : 674.0,
    "minResTime" : 219.0,
    "maxResTime" : 9554.0,
    "pct1ResTime" : 1538.1999999999998,
    "pct2ResTime" : 1818.5999999999995,
    "pct3ResTime" : 3238.9199999999987,
    "throughput" : 11.10338993292646,
    "receivedKBytesPerSec" : 1943.5311099093979,
    "sentKBytesPerSec" : 4.888743041497976
  },
  "HTTP Request" : {
    "transaction" : "HTTP Request",
    "sampleCount" : 735,
    "errorCount" : 0,
    "errorPct" : 0.0,
    "meanResTime" : 881.1850340136053,
    "medianResTime" : 674.0,
    "minResTime" : 219.0,
    "maxResTime" : 9554.0,
    "pct1ResTime" : 1538.1999999999998,
    "pct2ResTime" : 1818.5999999999995,
    "pct3ResTime" : 3238.9199999999987,
    "throughput" : 11.10338993292646,
    "receivedKBytesPerSec" : 1943.5311099093979,
    "sentKBytesPerSec" : 4.888743041497976
  }
}