{
  "Total" : {
    "transaction" : "Total",
    "sampleCount" : 20,
    "errorCount" : 0,
    "errorPct" : 0.0,
    "meanResTime" : 3386.1000000000004,
    "medianResTime" : 3417.5,
    "minResTime" : 2098.0,
    "maxResTime" : 5003.0,
    "pct1ResTime" : 4539.400000000001,
    "pct2ResTime" : 4981.0,
    "pct3ResTime" : 5003.0,
    "throughput" : 2.005213555243633,
    "receivedKBytesPerSec" : 623.9009510665229,
    "sentKBytesPerSec" : 0.8396831762582715
  },
  "HTTP Request" : {
    "transaction" : "HTTP Request",
    "sampleCount" : 20,
    "errorCount" : 0,
    "errorPct" : 0.0,
    "meanResTime" : 3386.1000000000004,
    "medianResTime" : 3417.5,
    "minResTime" : 2098.0,
    "maxResTime" : 5003.0,
    "pct1ResTime" : 4539.400000000001,
    "pct2ResTime" : 4981.0,
    "pct3ResTime" : 5003.0,
    "throughput" : 2.005213555243633,
    "receivedKBytesPerSec" : 623.9009510665229,
    "sentKBytesPerSec" : 0.8396831762582715
  }
}