{
  "Total" : {
    "transaction" : "Total",
    "sampleCount" : 5262,
    "errorCount" : 0,
    "errorPct" : 0.0,
    "meanResTime" : 374.2618776130744,
    "medianResTime" : 199.0,
    "minResTime" : 33.0,
    "maxResTime" : 3215.0,
    "pct1ResTime" : 920.0,
    "pct2ResTime" : 1196.0,
    "pct3ResTime" : 2006.699999999999,
    "throughput" : 26.499738124974822,
    "receivedKBytesPerSec" : 1254.3408018207238,
    "sentKBytesPerSec" : 13.423539299194733
  },
  "HTTP Request" : {
    "transaction" : "HTTP Request",
    "sampleCount" : 5262,
    "errorCount" : 0,
    "errorPct" : 0.0,
    "meanResTime" : 374.2618776130744,
    "medianResTime" : 199.0,
    "minResTime" : 33.0,
    "maxResTime" : 3215.0,
    "pct1ResTime" : 920.0,
    "pct2ResTime" : 1196.0,
    "pct3ResTime" : 2006.699999999999,
    "throughput" : 26.499738124974822,
    "receivedKBytesPerSec" : 1254.3408018207238,
    "sentKBytesPerSec" : 13.423539299194733
  }
}