{
  "Total" : {
    "transaction" : "Total",
    "sampleCount" : 735,
    "errorCount" : 0,
    "errorPct" : 0.0,
    "meanResTime" : 520.8353741496596,
    "medianResTime" : 467.0,
    "minResTime" : 173.0,
    "maxResTime" : 2794.0,
    "pct1ResTime" : 745.3999999999999,
    "pct2ResTime" : 936.9999999999986,
    "pct3ResTime" : 1575.9199999999996,
    "throughput" : 18.885377322130577,
    "receivedKBytesPerSec" : 3062.3192108529897,
    "sentKBytesPerSec" : 8.536409353400654
  },
  "HTTP Request" : {
    "transaction" : "HTTP Request",
    "sampleCount" : 735,
    "errorCount" : 0,
    "errorPct" : 0.0,
    "meanResTime" : 520.8353741496596,
    "medianResTime" : 467.0,
    "minResTime" : 173.0,
    "maxResTime" : 2794.0,
    "pct1ResTime" : 745.3999999999999,
    "pct2ResTime" : 936.9999999999986,
    "pct3ResTime" : 1575.9199999999996,
    "throughput" : 18.885377322130577,
    "receivedKBytesPerSec" : 3062.3192108529897,
    "sentKBytesPerSec" : 8.536409353400654
  }
}