{
  "Total" : {
    "transaction" : "Total",
    "sampleCount" : 5190,
    "errorCount" : 0,
    "errorPct" : 0.0,
    "meanResTime" : 870.9331406551074,
    "medianResTime" : 723.0,
    "minResTime" : 186.0,
    "maxResTime" : 5990.0,
    "pct1ResTime" : 1577.0,
    "pct2ResTime" : 1939.699999999999,
    "pct3ResTime" : 2922.8100000000013,
    "throughput" : 11.4006300001318,
    "receivedKBytesPerSec" : 3085.4604959040657,
    "sentKBytesPerSec" : 4.965294252676622
  },
  "HTTP Request" : {
    "transaction" : "HTTP Request",
    "sampleCount" : 5190,
    "errorCount" : 0,
    "errorPct" : 0.0,
    "meanResTime" : 870.9331406551074,
    "medianResTime" : 723.0,
    "minResTime" : 186.0,
    "maxResTime" : 5990.0,
    "pct1ResTime" : 1577.0,
    "pct2ResTime" : 1939.699999999999,
    "pct3ResTime" : 2922.8100000000013,
    "throughput" : 11.4006300001318,
    "receivedKBytesPerSec" : 3085.4604959040657,
    "sentKBytesPerSec" : 4.965294252676622
  }
}