{
  "Total" : {
    "transaction" : "Total",
    "sampleCount" : 5190,
    "errorCount" : 0,
    "errorPct" : 0.0,
    "meanResTime" : 235.43564547206165,
    "medianResTime" : 147.0,
    "minResTime" : 28.0,
    "maxResTime" : 2109.0,
    "pct1ResTime" : 544.0,
    "pct2ResTime" : 657.0,
    "pct3ResTime" : 883.0,
    "throughput" : 42.00286493529617,
    "receivedKBytesPerSec" : 8026.104337653161,
    "sentKBytesPerSec" : 18.858342378988855
  },
  "HTTP Request" : {
    "transaction" : "HTTP Request",
    "sampleCount" : 5190,
    "errorCount" : 0,
    "errorPct" : 0.0,
    "meanResTime" : 235.43564547206165,
    "medianResTime" : 147.0,
    "minResTime" : 28.0,
    "maxResTime" : 2109.0,
    "pct1ResTime" : 544.0,
    "pct2ResTime" : 657.0,
    "pct3ResTime" : 883.0,
    "throughput" : 42.00286493529617,
    "receivedKBytesPerSec" : 8026.104337653161,
    "sentKBytesPerSec" : 18.858342378988855
  }
}