{
  "Total" : {
    "transaction" : "Total",
    "sampleCount" : 735,
    "errorCount" : 0,
    "errorPct" : 0.0,
    "meanResTime" : 889.6802721088441,
    "medianResTime" : 827.0,
    "minResTime" : 196.0,
    "maxResTime" : 3872.0,
    "pct1ResTime" : 1408.8,
    "pct2ResTime" : 1612.1999999999996,
    "pct3ResTime" : 3130.5599999999995,
    "throughput" : 11.129281366403196,
    "receivedKBytesPerSec" : 1628.767814184534,
    "sentKBytesPerSec" : 4.90014285416856
  },
  "HTTP Request" : {
    "transaction" : "HTTP Request",
    "sampleCount" : 735,
    "errorCount" : 0,
    "errorPct" : 0.0,
    "meanResTime" : 889.6802721088441,
    "medianResTime" : 827.0,
    "minResTime" : 196.0,
    "maxResTime" : 3872.0,
    "pct1ResTime" : 1408.8,
    "pct2ResTime" : 1612.1999999999996,
    "pct3ResTime" : 3130.5599999999995,
    "throughput" : 11.129281366403196,
    "receivedKBytesPerSec" : 1628.767814184534,
    "sentKBytesPerSec" : 4.90014285416856
  }
}