{
  "Total" : {
    "transaction" : "Total",
    "sampleCount" : 735,
    "errorCount" : 0,
    "errorPct" : 0.0,
    "meanResTime" : 555.9714285714291,
    "medianResTime" : 524.0,
    "minResTime" : 170.0,
    "maxResTime" : 3065.0,
    "pct1ResTime" : 784.0,
    "pct2ResTime" : 952.3999999999995,
    "pct3ResTime" : 1709.4399999999982,
    "throughput" : 1.7938905214241783,
    "receivedKBytesPerSec" : 262.5270732935464,
    "sentKBytesPerSec" : 0.7898371449439134
  },
  "HTTP Request" : {
    "transaction" : "HTTP Request",
    "sampleCount" : 735,
    "errorCount" : 0,
    "errorPct" : 0.0,
    "meanResTime" : 555.9714285714291,
    "medianResTime" : 524.0,
    "minResTime" : 170.0,
    "maxResTime" : 3065.0,
    "pct1ResTime" : 784.0,
    "pct2ResTime" : 952.3999999999995,
    "pct3ResTime" : 1709.4399999999982,
    "throughput" : 1.7938905214241783,
    "receivedKBytesPerSec" : 262.5270732935464,
    "sentKBytesPerSec" : 0.7898371449439134
  }
}