{
  "Total" : {
    "transaction" : "Total",
    "sampleCount" : 20,
    "errorCount" : 0,
    "errorPct" : 0.0,
    "meanResTime" : 732.65,
    "medianResTime" : 728.0,
    "minResTime" : 266.0,
    "maxResTime" : 1689.0,
    "pct1ResTime" : 1295.5000000000002,
    "pct2ResTime" : 1669.6499999999996,
    "pct3ResTime" : 1689.0,
    "throughput" : 8.288437629506838,
    "receivedKBytesPerSec" : 140.79052592726896,
    "sentKBytesPerSec" : 3.3817473062577705
  },
  "HTTP Request" : {
    "transaction" : "HTTP Request",
    "sampleCount" : 20,
    "errorCount" : 0,
    "errorPct" : 0.0,
    "meanResTime" : 732.65,
    "medianResTime" : 728.0,
    "minResTime" : 266.0,
    "maxResTime" : 1689.0,
    "pct1ResTime" : 1295.5000000000002,
    "pct2ResTime" : 1669.6499999999996,
    "pct3ResTime" : 1689.0,
    "throughput" : 8.288437629506838,
    "receivedKBytesPerSec" : 140.79052592726896,
    "sentKBytesPerSec" : 3.3817473062577705
  }
}