{
  "Total" : {
    "transaction" : "Total",
    "sampleCount" : 735,
    "errorCount" : 0,
    "errorPct" : 0.0,
    "meanResTime" : 462.37959183673485,
    "medianResTime" : 406.0,
    "minResTime" : 159.0,
    "maxResTime" : 2732.0,
    "pct1ResTime" : 697.8,
    "pct2ResTime" : 821.1999999999999,
    "pct3ResTime" : 1278.1599999999994,
    "throughput" : 2.1559120387888173,
    "receivedKBytesPerSec" : 315.5111443328112,
    "sentKBytesPerSec" : 0.9492326254755472
  },
  "HTTP Request" : {
    "transaction" : "HTTP Request",
    "sampleCount" : 735,
    "errorCount" : 0,
    "errorPct" : 0.0,
    "meanResTime" : 462.37959183673485,
    "medianResTime" : 406.0,
    "minResTime" : 159.0,
    "maxResTime" : 2732.0,
    "pct1ResTime" : 697.8,
    "pct2ResTime" : 821.1999999999999,
    "pct3ResTime" : 1278.1599999999994,
    "throughput" : 2.1559120387888173,
    "receivedKBytesPerSec" : 315.5111443328112,
    "sentKBytesPerSec" : 0.9492326254755472
  }
}