{
  "Total" : {
    "transaction" : "Total",
    "sampleCount" : 22,
    "errorCount" : 0,
    "errorPct" : 0.0,
    "meanResTime" : 11262.090909090908,
    "medianResTime" : 12211.0,
    "minResTime" : 1957.0,
    "maxResTime" : 16117.0,
    "pct1ResTime" : 15865.6,
    "pct2ResTime" : 16084.15,
    "pct3ResTime" : 16117.0,
    "throughput" : 0.7649779199554922,
    "receivedKBytesPerSec" : 100.28613325393789,
    "sentKBytesPerSec" : 0.3147791778225947
  },
  "HTTP Request" : {
    "transaction" : "HTTP Request",
    "sampleCount" : 22,
    "errorCount" : 0,
    "errorPct" : 0.0,
    "meanResTime" : 11262.090909090908,
    "medianResTime" : 12211.0,
    "minResTime" : 1957.0,
    "maxResTime" : 16117.0,
    "pct1ResTime" : 15865.6,
    "pct2ResTime" : 16084.15,
    "pct3ResTime" : 16117.0,
    "throughput" : 0.7649779199554922,
    "receivedKBytesPerSec" : 100.28613325393789,
    "sentKBytesPerSec" : 0.3147791778225947
  }
}