{
  "Total" : {
    "transaction" : "Total",
    "sampleCount" : 735,
    "errorCount" : 0,
    "errorPct" : 0.0,
    "meanResTime" : 893.6217687074827,
    "medianResTime" : 715.0,
    "minResTime" : 232.0,
    "maxResTime" : 10059.0,
    "pct1ResTime" : 1450.6,
    "pct2ResTime" : 1793.1999999999998,
    "pct3ResTime" : 3099.9999999999995,
    "throughput" : 10.97129550848596,
    "receivedKBytesPerSec" : 1920.3782105733062,
    "sentKBytesPerSec" : 4.830582812756557
  },
  "HTTP Request" : {
    "transaction" : "HTTP Request",
    "sampleCount" : 735,
    "errorCount" : 0,
    "errorPct" : 0.0,
    "meanResTime" : 893.6217687074827,
    "medianResTime" : 715.0,
    "minResTime" : 232.0,
    "maxResTime" : 10059.0,
    "pct1ResTime" : 1450.6,
    "pct2ResTime" : 1793.1999999999998,
    "pct3ResTime" : 3099.9999999999995,
    "throughput" : 10.97129550848596,
    "receivedKBytesPerSec" : 1920.3782105733062,
    "sentKBytesPerSec" : 4.830582812756557
  }
}