{
  "Total" : {
    "transaction" : "Total",
    "sampleCount" : 30,
    "errorCount" : 0,
    "errorPct" : 0.0,
    "meanResTime" : 314.73333333333335,
    "medianResTime" : 320.5,
    "minResTime" : 186.0,
    "maxResTime" : 452.0,
    "pct1ResTime" : 388.20000000000005,
    "pct2ResTime" : 434.4,
    "pct3ResTime" : 452.0,
    "throughput" : 20.394289598912305,
    "receivedKBytesPerSec" : 552.7848296227056,
    "sentKBytesPerSec" : 8.319701733514615
  },
  "HTTP Request" : {
    "transaction" : "HTTP Request",
    "sampleCount" : 30,
    "errorCount" : 0,
    "errorPct" : 0.0,
    "meanResTime" : 314.73333333333335,
    "medianResTime" : 320.5,
    "minResTime" : 186.0,
    "maxResTime" : 452.0,
    "pct1ResTime" : 388.20000000000005,
    "pct2ResTime" : 434.4,
    "pct3ResTime" : 452.0,
    "throughput" : 20.394289598912305,
    "receivedKBytesPerSec" : 552.7848296227056,
    "sentKBytesPerSec" : 8.319701733514615
  }
}