{
  "qgis310-singlethread-multiinstance": {
    "somap310_lk": {
      "lk.txt": {
        "transaction": "Total",
        "sampleCount": 30,
        "errorCount": 0,
        "errorPct": 0.0,
        "meanResTime": 116.56666666666665,
        "medianResTime": 111.5,
        "minResTime": 62.0,
        "maxResTime": 282.0,
        "pct1ResTime": 127.9,
        "pct2ResTime": 207.1999999999999,
        "pct3ResTime": 282.0,
        "throughput": 8.46979107848673,
        "receivedKBytesPerSec": 229.58096590909093,
        "sentKBytesPerSec": 3.4551895115753815,
        "memMaxMB": 2542.6,
        "memAvgMB": 2521.9,
        "memMinMB": 2502.1,
        "cpuMax%": 23.9,
        "cpuAvg%": 13.5,
        "cpuMin%": 1.2,
        "dashboard": "results/details/compare-deployment-sequential/20201012-102750/qgis310-singlethread-multiinstance/somap310_lk/lk.txt/dashboard/index.html"
      }
    },
    "somap310_grundplanav_farbig": {
      "av_f_big.txt": {
        "transaction": "Total",
        "sampleCount": 735,
        "errorCount": 0,
        "errorPct": 0.0,
        "meanResTime": 718.7972789115643,
        "medianResTime": 707.0,
        "minResTime": 179.0,
        "maxResTime": 3421.0,
        "pct1ResTime": 1051.0,
        "pct2ResTime": 1247.3999999999992,
        "pct3ResTime": 2488.999999999999,
        "throughput": 1.3882881368417672,
        "receivedKBytesPerSec": 203.17293452887452,
        "sentKBytesPerSec": 0.6112533207946675,
        "memMaxMB": 3820.5,
        "memAvgMB": 3153.1,
        "memMinMB": 2509.1,
        "cpuMax%": 30.6,
        "cpuAvg%": 13.0,
        "cpuMin%": 11.9,
        "dashboard": "results/details/compare-deployment-sequential/20201012-102750/qgis310-singlethread-multiinstance/somap310_grundplanav_farbig/av_f_big.txt/dashboard/index.html"
      }
    },
    "somap310_grundplanav_sw": {
      "av_sw.txt": {
        "transaction": "Total",
        "sampleCount": 20,
        "errorCount": 0,
        "errorPct": 0.0,
        "meanResTime": 768.2499999999999,
        "medianResTime": 555.0,
        "minResTime": 192.0,
        "maxResTime": 2295.0,
        "pct1ResTime": 1686.4000000000003,
        "pct2ResTime": 2265.2,
        "pct3ResTime": 2295.0,
        "throughput": 1.2965964343598053,
        "receivedKBytesPerSec": 403.43237185980547,
        "sentKBytesPerSec": 0.5429497568881685,
        "memMaxMB": 3132.8,
        "memAvgMB": 2926.8,
        "memMinMB": 2886.8,
        "cpuMax%": 27.9,
        "cpuAvg%": 15.3,
        "cpuMin%": 12.4,
        "dashboard": "results/details/compare-deployment-sequential/20201012-102750/qgis310-singlethread-multiinstance/somap310_grundplanav_sw/av_sw.txt/dashboard/index.html"
      }
    }
  },
  "qgis310-multithread-singleinstance": {
    "somap310_lk": {
      "lk.txt": {
        "transaction": "Total",
        "sampleCount": 30,
        "errorCount": 0,
        "errorPct": 0.0,
        "meanResTime": 82.83333333333334,
        "medianResTime": 78.0,
        "minResTime": 52.0,
        "maxResTime": 240.0,
        "pct1ResTime": 94.30000000000001,
        "pct2ResTime": 160.2499999999999,
        "pct3ResTime": 240.0,
        "throughput": 11.834319526627219,
        "receivedKBytesPerSec": 320.77940088757396,
        "sentKBytesPerSec": 4.827724358974359,
        "memMaxMB": 2273.5,
        "memAvgMB": 2268.8,
        "memMinMB": 2264.0,
        "cpuMax%": 23.3,
        "cpuAvg%": 16.4,
        "cpuMin%": 9.4,
        "dashboard": "results/details/compare-deployment-sequential/20201012-102750/qgis310-multithread-singleinstance/somap310_lk/lk.txt/dashboard/index.html"
      }
    },
    "somap310_grundplanav_farbig": {
      "av_f_big.txt": {
        "transaction": "Total",
        "sampleCount": 735,
        "errorCount": 0,
        "errorPct": 0.0,
        "meanResTime": 477.3156462585032,
        "medianResTime": 414.0,
        "minResTime": 183.0,
        "maxResTime": 2860.0,
        "pct1ResTime": 719.4,
        "pct2ResTime": 857.1999999999999,
        "pct3ResTime": 1320.1999999999985,
        "throughput": 2.0885191120810176,
        "receivedKBytesPerSec": 305.6458173719681,
        "sentKBytesPerSec": 0.9195600026568237,
        "memMaxMB": 3161.2,
        "memAvgMB": 2687.5,
        "memMinMB": 2251.0,
        "cpuMax%": 30.1,
        "cpuAvg%": 19.6,
        "cpuMin%": 12.4,
        "dashboard": "results/details/compare-deployment-sequential/20201012-102750/qgis310-multithread-singleinstance/somap310_grundplanav_farbig/av_f_big.txt/dashboard/index.html"
      }
    },
    "somap310_grundplanav_sw": {
      "av_sw.txt": {
        "transaction": "Total",
        "sampleCount": 20,
        "errorCount": 0,
        "errorPct": 0.0,
        "meanResTime": 635.2,
        "medianResTime": 389.0,
        "minResTime": 224.0,
        "maxResTime": 2449.0,
        "pct1ResTime": 1274.3000000000004,
        "pct2ResTime": 2391.0999999999995,
        "pct3ResTime": 2449.0,
        "throughput": 1.5676438313215237,
        "receivedKBytesPerSec": 487.76656068741187,
        "sentKBytesPerSec": 0.6564508543658881,
        "memMaxMB": 2600.5,
        "memAvgMB": 2428.6,
        "memMinMB": 2353.9,
        "cpuMax%": 28.2,
        "cpuAvg%": 18.7,
        "cpuMin%": 15.5,
        "dashboard": "results/details/compare-deployment-sequential/20201012-102750/qgis310-multithread-singleinstance/somap310_grundplanav_sw/av_sw.txt/dashboard/index.html"
      }
    }
  },
  "qgis310-balanced": {
    "somap310_lk": {
      "lk.txt": {
        "transaction": "Total",
        "sampleCount": 30,
        "errorCount": 0,
        "errorPct": 0.0,
        "meanResTime": 97.2,
        "medianResTime": 94.0,
        "minResTime": 56.0,
        "maxResTime": 246.0,
        "pct1ResTime": 103.9,
        "pct2ResTime": 170.0999999999999,
        "pct3ResTime": 246.0,
        "throughput": 10.121457489878543,
        "receivedKBytesPerSec": 274.35080339068827,
        "sentKBytesPerSec": 4.128974780701754,
        "memMaxMB": 2370.5,
        "memAvgMB": 2365.0,
        "memMinMB": 2359.5,
        "cpuMax%": 21.6,
        "cpuAvg%": 15.9,
        "cpuMin%": 10.1,
        "dashboard": "results/details/compare-deployment-sequential/20201012-102750/qgis310-balanced/somap310_lk/lk.txt/dashboard/index.html"
      }
    },
    "somap310_grundplanav_farbig": {
      "av_f_big.txt": {
        "transaction": "Total",
        "sampleCount": 735,
        "errorCount": 0,
        "errorPct": 0.0,
        "meanResTime": 576.6870748299318,
        "medianResTime": 550.0,
        "minResTime": 175.0,
        "maxResTime": 3096.0,
        "pct1ResTime": 812.4,
        "pct2ResTime": 978.1999999999996,
        "pct3ResTime": 1816.7999999999993,
        "throughput": 1.7297047970479704,
        "receivedKBytesPerSec": 253.1377627320099,
        "sentKBytesPerSec": 0.7615766303350214,
        "memMaxMB": 3480.2,
        "memAvgMB": 2883.5,
        "memMinMB": 2410.2,
        "cpuMax%": 28.8,
        "cpuAvg%": 16.4,
        "cpuMin%": 12.5,
        "dashboard": "results/details/compare-deployment-sequential/20201012-102750/qgis310-balanced/somap310_grundplanav_farbig/av_f_big.txt/dashboard/index.html"
      }
    },
    "somap310_grundplanav_sw": {
      "av_sw.txt": {
        "transaction": "Total",
        "sampleCount": 20,
        "errorCount": 0,
        "errorPct": 0.0,
        "meanResTime": 697.5500000000001,
        "medianResTime": 483.0,
        "minResTime": 214.0,
        "maxResTime": 2566.0,
        "pct1ResTime": 1392.1000000000001,
        "pct2ResTime": 2507.649999999999,
        "pct3ResTime": 2566.0,
        "throughput": 1.4280614066404855,
        "receivedKBytesPerSec": 444.3376110094609,
        "sentKBytesPerSec": 0.5980007140307033,
        "memMaxMB": 2668.4,
        "memAvgMB": 2586.8,
        "memMinMB": 2558.4,
        "cpuMax%": 27.1,
        "cpuAvg%": 17.4,
        "cpuMin%": 14.2,