{
  "Total" : {
    "transaction" : "Total",
    "sampleCount" : 5190,
    "errorCount" : 0,
    "errorPct" : 0.0,
    "meanResTime" : 492.9500963391132,
    "medianResTime" : 300.0,
    "minResTime" : 5.0,
    "maxResTime" : 5654.0,
    "pct1ResTime" : 1218.0,
    "pct2ResTime" : 1443.8999999999996,
    "pct3ResTime" : 2321.9000000000015,
    "throughput" : 20.088248954946586,
    "receivedKBytesPerSec" : 5437.467856140656,
    "sentKBytesPerSec" : 8.748996071373277
  },
  "HTTP Request" : {
    "transaction" : "HTTP Request",
    "sampleCount" : 5190,
    "errorCount" : 0,
    "errorPct" : 0.0,
    "meanResTime" : 492.9500963391132,
    "medianResTime" : 300.0,
    "minResTime" : 5.0,
    "maxResTime" : 5654.0,
    "pct1ResTime" : 1218.0,
    "pct2ResTime" : 1443.8999999999996,
    "pct3ResTime" : 2321.9000000000015,
    "throughput" : 20.088248954946586,
    "receivedKBytesPerSec" : 5437.467856140656,
    "sentKBytesPerSec" : 8.748996071373277
  }
}