{
  "Total" : {
    "transaction" : "Total",
    "sampleCount" : 735,
    "errorCount" : 0,
    "errorPct" : 0.0,
    "meanResTime" : 700.7578231292518,
    "medianResTime" : 690.0,
    "minResTime" : 167.0,
    "maxResTime" : 3398.0,
    "pct1ResTime" : 1020.8,
    "pct2ResTime" : 1233.7999999999997,
    "pct3ResTime" : 2813.1199999999926,
    "throughput" : 1.4240156854843398,
    "receivedKBytesPerSec" : 208.3982286201482,
    "sentKBytesPerSec" : 0.626983904505702
  },
  "HTTP Request" : {
    "transaction" : "HTTP Request",
    "sampleCount" : 735,
    "errorCount" : 0,
    "errorPct" : 0.0,
    "meanResTime" : 700.7578231292518,
    "medianResTime" : 690.0,
    "minResTime" : 167.0,
    "maxResTime" : 3398.0,
    "pct1ResTime" : 1020.8,
    "pct2ResTime" : 1233.7999999999997,
    "pct3ResTime" : 2813.1199999999926,
    "throughput" : 1.4240156854843398,
    "receivedKBytesPerSec" : 208.3982286201482,
    "sentKBytesPerSec" : 0.626983904505702
  }
}