{
  "qgis310-bigfile": {
    "somap310_fix": {
      "lk.txt": {
        "transaction": "Total",
        "sampleCount": 30,
        "errorCount": 0,
        "errorPct": 0.0,
        "meanResTime": 14197.866666666665,
        "medianResTime": 16507.5,
        "minResTime": 2000.0,
        "maxResTime": 16891.0,
        "pct1ResTime": 16778.1,
        "pct2ResTime": 16886.6,
        "pct3ResTime": 16891.0,
        "throughput": 0.59509640561771,
        "receivedKBytesPerSec": 16.13118063407522,
        "sentKBytesPerSec": 0.24334638826073157,
        "memMaxMB": 2926.3,
        "memAvgMB": 2902.7,
        "memMinMB": 2878.2,
        "cpuMax%": 31.1,
        "cpuAvg%": 13.9,
        "cpuMin%": 12.5,
        "dashboard": "results/details/compare-filesize/20201028-023959/qgis310-bigfile/somap310_fix/lk.txt/dashboard/index.html"
      },
      "av_f_big.txt": {
        "transaction": "Total",
        "sampleCount": 735,
        "errorCount": 0,
        "errorPct": 0.0,
        "meanResTime": 25955.700680272144,
        "medianResTime": 26986.0,
        "minResTime": 3059.0,
        "maxResTime": 44870.0,
        "pct1ResTime": 29486.6,
        "pct2ResTime": 31676.999999999996,
        "pct3ResTime": 43277.799999999996,
        "throughput": 0.3835576406247554,
        "receivedKBytesPerSec": 71.0442438304623,
        "sentKBytesPerSec": 0.16325916118944617,
        "memMaxMB": 6606.2,
        "memAvgMB": 4490.1,
        "memMinMB": 2915.5,
        "cpuMax%": 39.1,
        "cpuAvg%": 14.1,
        "cpuMin%": 12.3,
        "dashboard": "results/details/compare-filesize/20201028-023959/qgis310-bigfile/somap310_fix/av_f_big.txt/dashboard/index.html"
      },
      "av_sw.txt": {
        "transaction": "Total",
        "sampleCount": 20,
        "errorCount": 0,
        "errorPct": 0.0,
        "meanResTime": 18457.35,
        "medianResTime": 19415.0,
        "minResTime": 2556.0,
        "maxResTime": 26219.0,
        "pct1ResTime": 26147.6,
        "pct2ResTime": 26216.05,
        "pct3ResTime": 26219.0,
        "throughput": 0.4142502071251035,
        "receivedKBytesPerSec": 201.74057904411765,
        "sentKBytesPerSec": 0.16901732083678542,
        "memMaxMB": 5927.1,
        "memAvgMB": 4279.0,
        "memMinMB": 4078.4,
        "cpuMax%": 43.5,
        "cpuAvg%": 14.7,
        "cpuMin%": 12.6,
        "dashboard": "results/details/compare-filesize/20201028-023959/qgis310-bigfile/somap310_fix/av_sw.txt/dashboard/index.html"
      }
    }
  },
  "qgis310-bigfile-bigcache": {
    "somap310_fix": {
      "lk.txt": {
        "transaction": "Total",
        "sampleCount": 30,
        "errorCount": 0,
        "errorPct": 0.0,
        "meanResTime": 14162.099999999999,
        "medianResTime": 16599.0,
        "minResTime": 1963.0,
        "maxResTime": 16936.0,
        "pct1ResTime": 16908.1,
        "pct2ResTime": 16929.4,
        "pct3ResTime": 16936.0,
        "throughput": 0.5968486391851026,
        "receivedKBytesPerSec": 16.178678141910712,
        "sentKBytesPerSec": 0.24406291033343944,
        "memMaxMB": 2935.8,
        "memAvgMB": 2913.8,
        "memMinMB": 2902.8,
        "cpuMax%": 39.4,
        "cpuAvg%": 13.7,
        "cpuMin%": 12.5,
        "dashboard": "results/details/compare-filesize/20201028-023959/qgis310-bigfile-bigcache/somap310_fix/lk.txt/dashboard/index.html"
      },
      "av_f_big.txt": {
        "transaction": "Total",
        "sampleCount": 735,
        "errorCount": 0,
        "errorPct": 0.0,
        "meanResTime": 25953.976870748305,
        "medianResTime": 26863.0,
        "minResTime": 3250.0,
        "maxResTime": 44645.0,
        "pct1ResTime": 29453.8,
        "pct2ResTime": 31560.8,
        "pct3ResTime": 42609.63999999999,
        "throughput": 0.38361849844934615,
        "receivedKBytesPerSec": 71.05472513604104,
        "sentKBytesPerSec": 0.1632850649815811,
        "memMaxMB": 6638.9,
        "memAvgMB": 4498.0,
        "memMinMB": 2922.2,
        "cpuMax%": 32.4,
        "cpuAvg%": 14.1,
        "cpuMin%": 12.4,
        "dashboard": "results/details/compare-filesize/20201028-023959/qgis310-bigfile-bigcache/somap310_fix/av_f_big.txt/dashboard/index.html"
      },
      "av_sw.txt": {
        "transaction": "Total",
        "sampleCount": 20,
        "errorCount": 0,
        "errorPct": 0.0,
        "meanResTime": 18730.45,
        "medianResTime": 19891.0,
        "minResTime": 2630.0,
        "maxResTime": 26395.0,
        "pct1ResTime": 26320.6,
        "pct2ResTime": 26391.9,
        "pct3ResTime": 26395.0,
        "throughput": 0.4094082004462549,
        "receivedKBytesPerSec": 199.38245330827414,
        "sentKBytesPerSec": 0.167041744283638,
        "memMaxMB": 6175.1,
        "memAvgMB": 4295.2,
        "memMinMB": 4106.8,
        "cpuMax%": 35.5,
        "cpuAvg%": 14.7,
        "cpuMin%": 12.5,
        "dashboard": "results/details/compare-filesize/20201028-023959/qgis310-bigfile-bigcache/somap310_fix/av_sw.txt/dashboard/index.html"
      }
    }
  },
  "qgis310-bigfile-hugecache": {
    "somap310_fix": {
      "lk.txt": {
        "transaction": "Total",
        "sampleCount": 30,
        "errorCount": 0,
        "errorPct": 0.0,
        "meanResTime": 14175.466666666665,
        "medianResTime": 16361.5,
        "minResTime": 1954.0,
        "maxResTime": 17174.0,
        "pct1ResTime": 17143.6,
        "pct2ResTime": 17174.0,
        "pct3ResTime": 17174.0,
        "throughput": 0.5947306861209682,
        "receivedKBytesPerSec": 16.121267135677893,
        "sentKBytesPerSec": 0.24319683851079438,
        "memMaxMB": 2962.5,
        "memAvgMB": 2940.2,
        "memMinMB": 2929.3,
        "cpuMax%": 41.8,
        "cpuAvg%": 13.7,
        "cpuMin%": 12.5,
        "dashboard": "results/details/compare-filesize/20201028-023959/qgis310-bigfile-hugecache/somap310_fix/lk.txt/dashboard/index.html"
      },
      "av_f_big.txt": {
        "transaction": "Total",
        "sampleCount": 735,
        "errorCount": 0,
        "errorPct": 0.0,
        "meanResTime": 25792.05714285716,
        "medianResTime": 26855.0,
        "minResTime": 2356.0,
        "maxResTime": 44403.0,
        "pct1ResTime": 29383.8,
        "pct2ResTime": 31606.599999999988,
        "pct3ResTime": 42431.79999999999,
        "throughput": 0.386012787264414,
        "receivedKBytesPerSec": 71.4979224773736,
        "sentKBytesPerSec": 0.16430418060382904,
        "memMaxMB": 6728.6,
        "memAvgMB": 4515.7,
        "memMinMB": 2941.6,
        "cpuMax%": 31.7,
        "cpuAvg%": 14.2,
        "cpuMin%": 12.4,
        "dashboard": "results/details/compare-filesize/20201028-023959/qgis310-bigfile-hugecache/somap310_fix/av_f_big.txt/dashboard/index.html"
      },
      "av_sw.txt": {
        "transaction": "Total",
        "sampleCount": 20,
        "errorCount": 0,
        "errorPct": 0.0,
        "meanResTime": 18729.0,
        "medianResTime": 19925.5,
        "minResTime": 4555.0,
        "maxResTime": 26496.0,
        "pct1ResTime": 26323.7,
        "pct2ResTime": 26487.5,
        "pct3ResTime": 26496.0,
        "throughput": 0.4090146836271422,
        "receivedKBytesPerSec": 199.1908698975418,
        "sentKBytesPerSec": 0.16688118634708984,
        "memMaxMB": 5922.7,
        "memAvgMB": 4308.1,
        "memMinMB": 4113.8,
        "cpuMax%": 34.6,
        "cpuAvg%": 14.8,
        "cpuMin%": 12.4,
        "dashboard": "results/details/compare-filesize/20201028-023959/qgis310-bigfile-hugecache/somap310_fix/av_sw.txt/dashboard/index.html"
      }
    }
  },
  "qgis310-bigfile-maxlayer2000": {
    "somap310_fix": {
      "lk.txt": {
        "transaction": "Total",
        "sampleCount": 30,
        "errorCount": 0,
        "errorPct": 0.0,
        "meanResTime": 13878.033333333335,
        "medianResTime": 16325.5,
        "minResTime": 1905.0,
        "maxResTime": 16570.0,
        "pct1ResTime": 16542.2,
        "pct2ResTime": 16559.55,
        "pct3ResTime": 16570.0,
        "throughput": 0.6071031063442275,