{
  "Total" : {
    "transaction" : "Total",
    "sampleCount" : 735,
    "errorCount" : 0,
    "errorPct" : 0.0,
    "meanResTime" : 11527.073469387764,
    "medianResTime" : 809.0,
    "minResTime" : 194.0,
    "maxResTime" : 293588.0,
    "pct1ResTime" : 22577.599999999915,
    "pct2ResTime" : 79354.19999999988,
    "pct3ResTime" : 170110.07999999987,
    "throughput" : 0.8666982687259889,
    "receivedKBytesPerSec" : 121.3079072914382,
    "sentKBytesPerSec" : 0.39345042898616345
  },
  "HTTP Request" : {
    "transaction" : "HTTP Request",
    "sampleCount" : 735,
    "errorCount" : 0,
    "errorPct" : 0.0,
    "meanResTime" : 11527.073469387764,
    "medianResTime" : 809.0,
    "minResTime" : 194.0,
    "maxResTime" : 293588.0,
    "pct1ResTime" : 22577.599999999915,
    "pct2ResTime" : 79354.19999999988,
    "pct3ResTime" : 170110.07999999987,
    "throughput" : 0.8666982687259889,
    "receivedKBytesPerSec" : 121.3079072914382,
    "sentKBytesPerSec" : 0.39345042898616345
  }
}