{
  "Total" : {
    "transaction" : "Total",
    "sampleCount" : 735,
    "errorCount" : 0,
    "errorPct" : 0.0,
    "meanResTime" : 1834.180952380953,
    "medianResTime" : 1846.0,
    "minResTime" : 574.0,
    "maxResTime" : 4496.0,
    "pct1ResTime" : 2488.8,
    "pct2ResTime" : 2753.599999999999,
    "pct3ResTime" : 3867.2799999999997,
    "throughput" : 6.4781110357045275,
    "receivedKBytesPerSec" : 948.0327919253871,
    "sentKBytesPerSec" : 2.8522658790840745
  },
  "HTTP Request" : {
    "transaction" : "HTTP Request",
    "sampleCount" : 735,
    "errorCount" : 0,
    "errorPct" : 0.0,
    "meanResTime" : 1834.180952380953,
    "medianResTime" : 1846.0,
    "minResTime" : 574.0,
    "maxResTime" : 4496.0,
    "pct1ResTime" : 2488.8,
    "pct2ResTime" : 2753.599999999999,
    "pct3ResTime" : 3867.2799999999997,
    "throughput" : 6.4781110357045275,
    "receivedKBytesPerSec" : 948.0327919253871,
    "sentKBytesPerSec" : 2.8522658790840745
  }
}