{
  "Total" : {
    "transaction" : "Total",
    "sampleCount" : 22,
    "errorCount" : 0,
    "errorPct" : 0.0,
    "meanResTime" : 23117.0,
    "medianResTime" : 26435.0,
    "minResTime" : 3350.0,
    "maxResTime" : 31125.0,
    "pct1ResTime" : 30783.1,
    "pct2ResTime" : 31079.25,
    "pct3ResTime" : 31125.0,
    "throughput" : 0.3567432583631971,
    "receivedKBytesPerSec" : 46.76769831682045,
    "sentKBytesPerSec" : 0.14679554354700095
  },
  "HTTP Request" : {
    "transaction" : "HTTP Request",
    "sampleCount" : 22,
    "errorCount" : 0,
    "errorPct" : 0.0,
    "meanResTime" : 23117.0,
    "medianResTime" : 26435.0,
    "minResTime" : 3350.0,
    "maxResTime" : 31125.0,
    "pct1ResTime" : 30783.1,
    "pct2ResTime" : 31079.25,
    "pct3ResTime" : 31125.0,
    "throughput" : 0.3567432583631971,
    "receivedKBytesPerSec" : 46.76769831682045,
    "sentKBytesPerSec" : 0.14679554354700095
  }
}