{
  "Total" : {
    "transaction" : "Total",
    "sampleCount" : 22,
    "errorCount" : 0,
    "errorPct" : 0.0,
    "meanResTime" : 1648.0454545454547,
    "medianResTime" : 1220.5,
    "minResTime" : 215.0,
    "maxResTime" : 3760.0,
    "pct1ResTime" : 3496.9999999999995,
    "pct2ResTime" : 3748.0,
    "pct3ResTime" : 3760.0,
    "throughput" : 4.907428061565915,
    "receivedKBytesPerSec" : 639.8908898895829,
    "sentKBytesPerSec" : 2.0912335489627485
  },
  "HTTP Request" : {
    "transaction" : "HTTP Request",
    "sampleCount" : 22,
    "errorCount" : 0,
    "errorPct" : 0.0,
    "meanResTime" : 1648.0454545454547,
    "medianResTime" : 1220.5,
    "minResTime" : 215.0,
    "maxResTime" : 3760.0,
    "pct1ResTime" : 3496.9999999999995,
    "pct2ResTime" : 3748.0,
    "pct3ResTime" : 3760.0,
    "throughput" : 4.907428061565915,
    "receivedKBytesPerSec" : 639.8908898895829,
    "sentKBytesPerSec" : 2.0912335489627485
  }
}