{
  "qgis316-bigfile-fastread": {
    "somap316_fix": {
      "lk.txt": {
        "transaction": "Total",
        "sampleCount": 30,
        "errorCount": 30,
        "errorPct": 100.0,
        "meanResTime": 27159.46666666667,
        "medianResTime": 3.0,
        "minResTime": 1.0,
        "maxResTime": 120172.0,
        "pct1ResTime": 114064.00000000013,
        "pct2ResTime": 120118.65,
        "pct3ResTime": 120172.0,
        "throughput": 0.19425270982530207,
        "receivedKBytesPerSec": 0.06427665349525376,
        "sentKBytesPerSec": 0.0794336764591616,
        "responseSizeMB": 0.0,
        "memMaxMB": 2840.0,
        "memAvgMB": 2803.7,
        "memMinMB": 2756.2,
        "cpuMax%": 28.4,
        "cpuAvg%": 12.7,
        "cpuMin%": 3.6,
        "dashboard": "results/details/compare-316/20201103-001037/qgis316-bigfile-fastread/somap316_fix/lk.txt/dashboard/index.html",
        "effective duration": 159.8
      },
      "av_f.txt": {
        "transaction": "Total",
        "sampleCount": 22,
        "errorCount": 22,
        "errorPct": 100.0,
        "meanResTime": 5466.272727272727,
        "medianResTime": 3.0,
        "minResTime": 2.0,
        "maxResTime": 120075.0,
        "pct1ResTime": 63.0,
        "pct2ResTime": 102073.19999999975,
        "pct3ResTime": 120075.0,
        "throughput": 0.18316543168761967,
        "receivedKBytesPerSec": 0.06117439222379485,
        "sentKBytesPerSec": 0.07537036362501041,
        "responseSizeMB": 0.0,
        "memMaxMB": 2845.0,
        "memAvgMB": 2792.3,
        "memMinMB": 2764.9,
        "cpuMax%": 34.3,
        "cpuAvg%": 12.9,
        "cpuMin%": 10.9,
        "dashboard": "results/details/compare-316/20201103-001037/qgis316-bigfile-fastread/somap316_fix/av_f.txt/dashboard/index.html",
        "effective duration": 125.7
      },
      "av_sw.txt": {
        "transaction": "Total",
        "sampleCount": 20,
        "errorCount": 20,
        "errorPct": 100.0,
        "meanResTime": 6014.35,
        "medianResTime": 4.0,
        "minResTime": 3.0,
        "maxResTime": 120126.0,
        "pct1ResTime": 60.80000000000007,
        "pct2ResTime": 114122.89999999992,
        "pct3ResTime": 120126.0,
        "throughput": 0.16649046425865957,
        "receivedKBytesPerSec": 0.05560521364888826,
        "sentKBytesPerSec": 0.06792941012428513,
        "responseSizeMB": 0.0,
        "memMaxMB": 2859.4,
        "memAvgMB": 2823.1,
        "memMinMB": 2786.0,
        "cpuMax%": 39.6,
        "cpuAvg%": 13.0,
        "cpuMin%": 10.9,
        "dashboard": "results/details/compare-316/20201103-001037/qgis316-bigfile-fastread/somap316_fix/av_sw.txt/dashboard/index.html",
        "effective duration": 125.6
      }
    }
  }
}