{
  "Total" : {
    "transaction" : "Total",
    "sampleCount" : 30,
    "errorCount" : 0,
    "errorPct" : 0.0,
    "meanResTime" : 14938.000000000002,
    "medianResTime" : 17363.5,
    "minResTime" : 2001.0,
    "maxResTime" : 18188.0,
    "pct1ResTime" : 18016.100000000002,
    "pct2ResTime" : 18120.9,
    "pct3ResTime" : 18188.0,
    "throughput" : 0.568494059237081,
    "receivedKBytesPerSec" : 15.41007519518296,
    "sentKBytesPerSec" : 0.23246817617630897
  },
  "HTTP Request" : {
    "transaction" : "HTTP Request",
    "sampleCount" : 30,
    "errorCount" : 0,
    "errorPct" : 0.0,
    "meanResTime" : 14938.000000000002,
    "medianResTime" : 17363.5,
    "minResTime" : 2001.0,
    "maxResTime" : 18188.0,
    "pct1ResTime" : 18016.100000000002,
    "pct2ResTime" : 18120.9,
    "pct3ResTime" : 18188.0,
    "throughput" : 0.568494059237081,
    "receivedKBytesPerSec" : 15.41007519518296,
    "sentKBytesPerSec" : 0.23246817617630897
  }
}