{
  "Total" : {
    "transaction" : "Total",
    "sampleCount" : 22,
    "errorCount" : 0,
    "errorPct" : 0.0,
    "meanResTime" : 1517.4090909090912,
    "medianResTime" : 1104.5,
    "minResTime" : 428.0,
    "maxResTime" : 3494.0,
    "pct1ResTime" : 3212.8999999999996,
    "pct2ResTime" : 3475.5499999999997,
    "pct3ResTime" : 3494.0,
    "throughput" : 5.0285714285714285,
    "receivedKBytesPerSec" : 655.6870535714286,
    "sentKBytesPerSec" : 2.142857142857143
  },
  "HTTP Request" : {
    "transaction" : "HTTP Request",
    "sampleCount" : 22,
    "errorCount" : 0,
    "errorPct" : 0.0,
    "meanResTime" : 1517.4090909090912,
    "medianResTime" : 1104.5,
    "minResTime" : 428.0,
    "maxResTime" : 3494.0,
    "pct1ResTime" : 3212.8999999999996,
    "pct2ResTime" : 3475.5499999999997,
    "pct3ResTime" : 3494.0,
    "throughput" : 5.0285714285714285,
    "receivedKBytesPerSec" : 655.6870535714286,
    "sentKBytesPerSec" : 2.142857142857143
  }
}