{
  "Total" : {
    "transaction" : "Total",
    "sampleCount" : 5190,
    "errorCount" : 0,
    "errorPct" : 0.0,
    "meanResTime" : 1193.9142581888273,
    "medianResTime" : 1059.0,
    "minResTime" : 223.0,
    "maxResTime" : 6121.0,
    "pct1ResTime" : 2087.800000000001,
    "pct2ResTime" : 2500.0,
    "pct3ResTime" : 3560.170000000002,
    "throughput" : 9.99549336137464,
    "receivedKBytesPerSec" : 2705.1631153565877,
    "sentKBytesPerSec" : 4.353317820096526
  },
  "HTTP Request" : {
    "transaction" : "HTTP Request",
    "sampleCount" : 5190,
    "errorCount" : 0,
    "errorPct" : 0.0,
    "meanResTime" : 1193.9142581888273,
    "medianResTime" : 1059.0,
    "minResTime" : 223.0,
    "maxResTime" : 6121.0,
    "pct1ResTime" : 2087.800000000001,
    "pct2ResTime" : 2500.0,
    "pct3ResTime" : 3560.170000000002,
    "throughput" : 9.99549336137464,
    "receivedKBytesPerSec" : 2705.1631153565877,
    "sentKBytesPerSec" : 4.353317820096526
  }
}