{
  "Total" : {
    "transaction" : "Total",
    "sampleCount" : 18,
    "errorCount" : 0,
    "errorPct" : 0.0,
    "meanResTime" : 241.8333333333333,
    "medianResTime" : 239.5,
    "minResTime" : 108.0,
    "maxResTime" : 366.0,
    "pct1ResTime" : 365.1,
    "pct2ResTime" : 366.0,
    "pct3ResTime" : 366.0,
    "throughput" : 19.607843137254903,
    "receivedKBytesPerSec" : 18549.3674683415,
    "sentKBytesPerSec" : 7.553998161764706
  },
  "HTTP Request" : {
    "transaction" : "HTTP Request",
    "sampleCount" : 18,
    "errorCount" : 0,
    "errorPct" : 0.0,
    "meanResTime" : 241.8333333333333,
    "medianResTime" : 239.5,
    "minResTime" : 108.0,
    "maxResTime" : 366.0,
    "pct1ResTime" : 365.1,
    "pct2ResTime" : 366.0,
    "pct3ResTime" : 366.0,
    "throughput" : 19.607843137254903,
    "receivedKBytesPerSec" : 18549.3674683415,
    "sentKBytesPerSec" : 7.553998161764706
  }
}