{
  "Total" : {
    "transaction" : "Total",
    "sampleCount" : 198,
    "errorCount" : 0,
    "errorPct" : 0.0,
    "meanResTime" : 226.07070707070707,
    "medianResTime" : 241.0,
    "minResTime" : 57.0,
    "maxResTime" : 275.0,
    "pct1ResTime" : 252.1,
    "pct2ResTime" : 262.09999999999997,
    "pct3ResTime" : 274.01,
    "throughput" : 39.94351422231188,
    "receivedKBytesPerSec" : 37.01756985071616,
    "sentKBytesPerSec" : 18.781442278595925
  },
  "HTTP Request" : {
    "transaction" : "HTTP Request",
    "sampleCount" : 198,
    "errorCount" : 0,
    "errorPct" : 0.0,
    "meanResTime" : 226.07070707070707,
    "medianResTime" : 241.0,
    "minResTime" : 57.0,
    "maxResTime" : 275.0,
    "pct1ResTime" : 252.1,
    "pct2ResTime" : 262.09999999999997,
    "pct3ResTime" : 274.01,
    "throughput" : 39.94351422231188,
    "receivedKBytesPerSec" : 37.01756985071616,
    "sentKBytesPerSec" : 18.781442278595925
  }
}