{
  "Total" : {
    "transaction" : "Total",
    "sampleCount" : 22,
    "errorCount" : 0,
    "errorPct" : 0.0,
    "meanResTime" : 4190.090909090908,
    "medianResTime" : 4183.0,
    "minResTime" : 2934.0,
    "maxResTime" : 5635.0,
    "pct1ResTime" : 5203.3,
    "pct2ResTime" : 5581.9,
    "pct3ResTime" : 5635.0,
    "throughput" : 1.9974577810059924,
    "receivedKBytesPerSec" : 260.5144943367532,
    "sentKBytesPerSec" : 0.8511893953150537
  },
  "HTTP Request" : {
    "transaction" : "HTTP Request",
    "sampleCount" : 22,
    "errorCount" : 0,
    "errorPct" : 0.0,
    "meanResTime" : 4190.090909090908,
    "medianResTime" : 4183.0,
    "minResTime" : 2934.0,
    "maxResTime" : 5635.0,
    "pct1ResTime" : 5203.3,
    "pct2ResTime" : 5581.9,
    "pct3ResTime" : 5635.0,
    "throughput" : 1.9974577810059924,
    "receivedKBytesPerSec" : 260.5144943367532,
    "sentKBytesPerSec" : 0.8511893953150537
  }
}