{
  "qgis218": {
    "somap218_fix": {
      "lk.txt": {
        "transaction": "Total",
        "sampleCount": 30,
        "errorCount": 0,
        "errorPct": 0.0,
        "meanResTime": 1563.1333333333334,
        "medianResTime": 74.0,
        "minResTime": 53.0,
        "maxResTime": 10352.0,
        "pct1ResTime": 4077.1000000000004,
        "pct2ResTime": 6913.399999999996,
        "pct3ResTime": 10352.0,
        "throughput": 2.8977108084613157,
        "receivedKBytesPerSec": 48.53458085820535,
        "sentKBytesPerSec": 1.1849297908818701,
        "responseSizeMB": 0.5,
        "memMaxMB": 5119.4,
        "memAvgMB": 4421.3,
        "memMinMB": 2627.2,
        "cpuMax%": 99.9,
        "cpuAvg%": 36.5,
        "cpuMin%": 1.5,
        "dashboard": "results/details/compare-major-bigfile/20201103-032353/qgis218/somap218_fix/lk.txt/dashboard/index.html",
        "effective duration": 16.0
      },
      "av_f.txt": {
        "transaction": "Total",
        "sampleCount": 22,
        "errorCount": 0,
        "errorPct": 0.0,
        "meanResTime": 600.0454545454544,
        "medianResTime": 482.5,
        "minResTime": 211.0,
        "maxResTime": 1300.0,
        "pct1ResTime": 1195.1999999999998,
        "pct2ResTime": 1297.1499999999999,
        "pct3ResTime": 1300.0,
        "throughput": 10.901883052527255,
        "receivedKBytesPerSec": 424.1165448463826,
        "sentKBytesPerSec": 4.48599324826561,
        "responseSizeMB": 0.8,
        "memMaxMB": 5130.9,
        "memAvgMB": 5130.9,
        "memMinMB": 5130.9,
        "cpuMax%": 26.3,
        "cpuAvg%": 26.3,
        "cpuMin%": 26.3,
        "dashboard": "results/details/compare-major-bigfile/20201103-032353/qgis218/somap218_fix/av_f.txt/dashboard/index.html",
        "effective duration": 7.5
      },
      "av_sw.txt": {
        "transaction": "Total",
        "sampleCount": 20,
        "errorCount": 0,
        "errorPct": 0.0,
        "meanResTime": 690.9,
        "medianResTime": 836.0,
        "minResTime": 222.0,
        "maxResTime": 1265.0,
        "pct1ResTime": 1255.4,
        "pct2ResTime": 1264.85,
        "pct3ResTime": 1265.0,
        "throughput": 10.055304172951233,
        "receivedKBytesPerSec": 170.80318706008043,
        "sentKBytesPerSec": 4.1026426596279535,
        "responseSizeMB": 0.3,
        "memMaxMB": 5217.2,
        "memAvgMB": 5133.4,
        "memMinMB": 5045.9,
        "cpuMax%": 88.5,
        "cpuAvg%": 60.5,
        "cpuMin%": 28.2,
        "dashboard": "results/details/compare-major-bigfile/20201103-032353/qgis218/somap218_fix/av_sw.txt/dashboard/index.html",
        "effective duration": 7.6
      }
    }
  },
  "qgis310": {
    "somap310_fix": {
      "lk.txt": {
        "transaction": "Total",
        "sampleCount": 30,
        "errorCount": 0,
        "errorPct": 0.0,
        "meanResTime": 14400.933333333334,
        "medianResTime": 16763.0,
        "minResTime": 2000.0,
        "maxResTime": 17204.0,
        "pct1ResTime": 17044.0,
        "pct2ResTime": 17180.9,
        "pct3ResTime": 17204.0,
        "throughput": 0.5852973310441704,
        "receivedKBytesPerSec": 15.865558727270953,
        "sentKBytesPerSec": 0.2393393578312783,
        "responseSizeMB": 0.8,
        "memMaxMB": 2832.2,
        "memAvgMB": 2812.9,
        "memMinMB": 2770.9,
        "cpuMax%": 32.0,
        "cpuAvg%": 13.6,
        "cpuMin%": 12.5,
        "dashboard": "results/details/compare-major-bigfile/20201103-032353/qgis310/somap310_fix/lk.txt/dashboard/index.html",
        "effective duration": 56.6
      },
      "av_f.txt": {
        "transaction": "Total",
        "sampleCount": 22,
        "errorCount": 0,
        "errorPct": 0.0,
        "meanResTime": 25902.454545454544,
        "medianResTime": 29482.0,
        "minResTime": 3853.0,
        "maxResTime": 34861.0,
        "pct1ResTime": 34468.5,
        "pct2ResTime": 34818.55,
        "pct3ResTime": 34861.0,
        "throughput": 0.3191921536765132,
        "receivedKBytesPerSec": 41.844889842435144,
        "sentKBytesPerSec": 0.13134371735534792,
        "responseSizeMB": 2.8,
        "memMaxMB": 3688.5,
        "memAvgMB": 3007.7,
        "memMinMB": 2803.0,
        "cpuMax%": 39.2,
        "cpuAvg%": 13.8,
        "cpuMin%": 12.3,
        "dashboard": "results/details/compare-major-bigfile/20201103-032353/qgis310/somap310_fix/av_f.txt/dashboard/index.html",
        "effective duration": 74.0
      },
      "av_sw.txt": {
        "transaction": "Total",
        "sampleCount": 20,
        "errorCount": 0,
        "errorPct": 0.0,
        "meanResTime": 20915.75,
        "medianResTime": 23103.5,
        "minResTime": 2594.0,
        "maxResTime": 29784.0,
        "pct1ResTime": 29665.2,
        "pct2ResTime": 29778.65,
        "pct3ResTime": 29784.0,
        "throughput": 0.3670735064696706,
        "receivedKBytesPerSec": 178.7655145911719,
        "sentKBytesPerSec": 0.1497688584013949,
        "responseSizeMB": 9.5,
        "memMaxMB": 4838.1,
        "memAvgMB": 3072.3,
        "memMinMB": 2820.3,
        "cpuMax%": 33.4,
        "cpuAvg%": 13.8,
        "cpuMin%": 12.3,
        "dashboard": "results/details/compare-major-bigfile/20201103-032353/qgis310/somap310_fix/av_sw.txt/dashboard/index.html",
        "effective duration": 59.7
      }
    }
  },
  "qgis316": {
    "somap316_fix": {
      "lk.txt": {
        "transaction": "Total",
        "sampleCount": 30,
        "errorCount": 0,
        "errorPct": 0.0,
        "meanResTime": 657.1,
        "medianResTime": 732.5,
        "minResTime": 278.0,
        "maxResTime": 841.0,
        "pct1ResTime": 827.8,
        "pct2ResTime": 834.95,
        "pct3ResTime": 841.0,
        "throughput": 11.223344556677889,
        "receivedKBytesPerSec": 304.207438973064,
        "sentKBytesPerSec": 4.589441872427983,
        "responseSizeMB": 0.8,
        "memMaxMB": 2889.8,
        "memAvgMB": 2877.0,
        "memMinMB": 2863.5,
        "cpuMax%": 30.4,
        "cpuAvg%": 19.9,
        "cpuMin%": 14.3,
        "dashboard": "results/details/compare-major-bigfile/20201103-032353/qgis316/somap316_fix/lk.txt/dashboard/index.html",
        "effective duration": 8.2
      },
      "av_f.txt": {
        "transaction": "Total",
        "sampleCount": 22,
        "errorCount": 0,
        "errorPct": 0.0,
        "meanResTime": 26903.590909090908,
        "medianResTime": 29438.5,
        "minResTime": 4082.0,
        "maxResTime": 38546.0,
        "pct1ResTime": 38086.8,
        "pct2ResTime": 38478.2,
        "pct3ResTime": 38546.0,
        "throughput": 0.32673914334937326,
        "receivedKBytesPerSec": 42.83444582442227,
        "sentKBytesPerSec": 0.13444921248440564,
        "responseSizeMB": 2.8,
        "memMaxMB": 3774.8,
        "memAvgMB": 3355.6,
        "memMinMB": 2849.3,
        "cpuMax%": 39.3,
        "cpuAvg%": 13.9,
        "cpuMin%": 12.4,
        "dashboard": "results/details/compare-major-bigfile/20201103-032353/qgis316/somap316_fix/av_f.txt/dashboard/index.html",
        "effective duration": 72.7
      },
      "av_sw.txt": {
        "transaction": "Total",
        "sampleCount": 20,
        "errorCount": 0,
        "errorPct": 0.0,
        "meanResTime": 16255.95,
        "medianResTime": 13581.0,
        "minResTime": 1018.0,
        "maxResTime": 27255.0,
        "pct1ResTime": 27154.8,
        "pct2ResTime": 27250.65,
        "pct3ResTime": 27255.0,
        "throughput": 0.4677268475210477,
        "receivedKBytesPerSec": 228.7224708036132,
        "sentKBytesPerSec": 0.19083620790458372,
        "responseSizeMB": 9.6,
        "memMaxMB": 4987.0,
        "memAvgMB": 3567.3,
        "memMinMB": 2803.2,
        "cpuMax%": 39.0,
        "cpuAvg%": 14.8,
        "cpuMin%": 12.4,
        "dashboard": "results/details/compare-major-bigfile/20201103-032353/qgis316/somap316_fix/av_sw.txt/dashboard/index.html",
        "effective duration": 48.1
      }
    }
  }
}