{
  "Total" : {
    "transaction" : "Total",
    "sampleCount" : 30,
    "errorCount" : 0,
    "errorPct" : 0.0,
    "meanResTime" : 85.53333333333333,
    "medianResTime" : 78.0,
    "minResTime" : 51.0,
    "maxResTime" : 279.0,
    "pct1ResTime" : 92.9,
    "pct2ResTime" : 177.79999999999987,
    "pct3ResTime" : 279.0,
    "throughput" : 11.45912910618793,
    "receivedKBytesPerSec" : 310.6095421122995,
    "sentKBytesPerSec" : 4.674668162719634
  },
  "HTTP Request" : {
    "transaction" : "HTTP Request",
    "sampleCount" : 30,
    "errorCount" : 0,
    "errorPct" : 0.0,
    "meanResTime" : 85.53333333333333,
    "medianResTime" : 78.0,
    "minResTime" : 51.0,
    "maxResTime" : 279.0,
    "pct1ResTime" : 92.9,
    "pct2ResTime" : 177.79999999999987,
    "pct3ResTime" : 279.0,
    "throughput" : 11.45912910618793,
    "receivedKBytesPerSec" : 310.6095421122995,
    "sentKBytesPerSec" : 4.674668162719634
  }
}