{
  "qgis310-bigfile": {
    "somap310_fix": {
      "lk.txt": {
        "transaction": "Total",
        "sampleCount": 30,
        "errorCount": 0,
        "errorPct": 0.0,
        "meanResTime": 14380.266666666666,
        "medianResTime": 16865.0,
        "minResTime": 1922.0,
        "maxResTime": 17102.0,
        "pct1ResTime": 17025.4,
        "pct2ResTime": 17094.85,
        "pct3ResTime": 17102.0,
        "throughput": 0.5871071274805275,
        "receivedKBytesPerSec": 15.91404323554738,
        "sentKBytesPerSec": 0.24007941847039024,
        "memMaxMB": 2793.8,
        "memAvgMB": 2772.9,
        "memMinMB": 2761.8,
        "cpuMax%": 41.3,
        "cpuAvg%": 13.7,
        "cpuMin%": 12.5,
        "dashboard": "results/details/compare-filesize/20201011-081745/qgis310-bigfile/somap310_fix/lk.txt/dashboard/index.html"
      },
      "av_f_big.txt": {
        "transaction": "Total",
        "sampleCount": 735,
        "errorCount": 0,
        "errorPct": 0.0,
        "meanResTime": 27194.819047619047,
        "medianResTime": 28068.0,
        "minResTime": 3428.0,
        "maxResTime": 46364.0,
        "pct1ResTime": 31272.0,
        "pct2ResTime": 32985.799999999996,
        "pct3ResTime": 44186.71999999999,
        "throughput": 0.3661242879878855,
        "receivedKBytesPerSec": 67.8149047337442,
        "sentKBytesPerSec": 0.1558387522945034,
        "memMaxMB": 6290.6,
        "memAvgMB": 4144.7,
        "memMinMB": 2768.8,
        "cpuMax%": 35.9,
        "cpuAvg%": 13.9,
        "cpuMin%": 12.4,
        "dashboard": "results/details/compare-filesize/20201011-081745/qgis310-bigfile/somap310_fix/av_f_big.txt/dashboard/index.html"
      },
      "av_sw.txt": {
        "transaction": "Total",
        "sampleCount": 20,
        "errorCount": 0,
        "errorPct": 0.0,
        "meanResTime": 19510.95,
        "medianResTime": 20660.0,
        "minResTime": 4786.0,
        "maxResTime": 27534.0,
        "pct1ResTime": 27467.9,
        "pct2ResTime": 27530.9,
        "pct3ResTime": 27534.0,
        "throughput": 0.39225684978523934,
        "receivedKBytesPerSec": 191.0295646745739,
        "sentKBytesPerSec": 0.1600438592190166,
        "memMaxMB": 5526.1,
        "memAvgMB": 3901.3,
        "memMinMB": 3724.8,
        "cpuMax%": 40.4,
        "cpuAvg%": 14.5,
        "cpuMin%": 12.5,
        "dashboard": "results/details/compare-filesize/20201011-081745/qgis310-bigfile/somap310_fix/av_sw.txt/dashboard/index.html"
      }
    }
  },
  "qgis310-bigfile-bigcache": {
    "somap310_fix": {
      "lk.txt": {
        "transaction": "Total",
        "sampleCount": 30,
        "errorCount": 0,
        "errorPct": 0.0,
        "meanResTime": 14309.633333333333,
        "medianResTime": 16694.5,
        "minResTime": 1955.0,
        "maxResTime": 17227.0,
        "pct1ResTime": 17189.5,
        "pct2ResTime": 17211.05,
        "pct3ResTime": 17227.0,
        "throughput": 0.5898545025560362,
        "receivedKBytesPerSec": 15.988513197994495,
        "sentKBytesPerSec": 0.24120287308297286,
        "memMaxMB": 2731.4,
        "memAvgMB": 2712.9,
        "memMinMB": 2701.5,
        "cpuMax%": 31.2,
        "cpuAvg%": 13.6,
        "cpuMin%": 12.5,
        "dashboard": "results/details/compare-filesize/20201011-081745/qgis310-bigfile-bigcache/somap310_fix/lk.txt/dashboard/index.html"
      },
      "av_f_big.txt": {
        "transaction": "Total",
        "sampleCount": 735,
        "errorCount": 0,
        "errorPct": 0.0,
        "meanResTime": 27134.391836734707,
        "medianResTime": 28116.0,
        "minResTime": 3378.0,
        "maxResTime": 46676.0,
        "pct1ResTime": 31150.4,
        "pct2ResTime": 33179.79999999999,
        "pct3ResTime": 44486.63999999999,
        "throughput": 0.3669100087060007,
        "receivedKBytesPerSec": 67.9605012522676,
        "sentKBytesPerSec": 0.15617318991686369,
        "memMaxMB": 6374.6,
        "memAvgMB": 4135.1,
        "memMinMB": 2714.1,
        "cpuMax%": 31.4,
        "cpuAvg%": 14.0,
        "cpuMin%": 12.4,
        "dashboard": "results/details/compare-filesize/20201011-081745/qgis310-bigfile-bigcache/somap310_fix/av_f_big.txt/dashboard/index.html"
      },
      "av_sw.txt": {
        "transaction": "Total",
        "sampleCount": 20,
        "errorCount": 0,
        "errorPct": 0.0,
        "meanResTime": 19215.449999999997,
        "medianResTime": 20415.5,
        "minResTime": 2516.0,
        "maxResTime": 27572.0,
        "pct1ResTime": 27447.7,
        "pct2ResTime": 27566.05,
        "pct3ResTime": 27572.0,
        "throughput": 0.3977724741447892,
        "receivedKBytesPerSec": 193.71550566825775,
        "sentKBytesPerSec": 0.16229427704852825,
        "memMaxMB": 5410.5,
        "memAvgMB": 3879.6,
        "memMinMB": 3696.9,
        "cpuMax%": 39.9,
        "cpuAvg%": 14.5,
        "cpuMin%": 12.6,
        "dashboard": "results/details/compare-filesize/20201011-081745/qgis310-bigfile-bigcache/somap310_fix/av_sw.txt/dashboard/index.html"
      }
    }
  },
  "qgis310-bigfile-hugecache": {
    "somap310_fix": {
      "lk.txt": {
        "transaction": "Total",
        "sampleCount": 30,
        "errorCount": 0,
        "errorPct": 0.0,
        "meanResTime": 14401.000000000002,
        "medianResTime": 16685.5,
        "minResTime": 1969.0,
        "maxResTime": 17551.0,
        "pct1ResTime": 17528.6,
        "pct2ResTime": 17541.1,
        "pct3ResTime": 17551.0,
        "throughput": 0.5850234009360374,
        "receivedKBytesPerSec": 15.857562036856473,
        "sentKBytesPerSec": 0.23922734253120123,
        "memMaxMB": 2733.0,
        "memAvgMB": 2709.0,
        "memMinMB": 2647.5,
        "cpuMax%": 35.2,
        "cpuAvg%": 14.0,
        "cpuMin%": 12.5,
        "dashboard": "results/details/compare-filesize/20201011-081745/qgis310-bigfile-hugecache/somap310_fix/lk.txt/dashboard/index.html"
      },
      "av_f_big.txt": {
        "transaction": "Total",
        "sampleCount": 735,
        "errorCount": 0,
        "errorPct": 0.0,
        "meanResTime": 27079.912925170047,
        "medianResTime": 28016.0,
        "minResTime": 3202.0,
        "maxResTime": 46007.0,
        "pct1ResTime": 31372.2,
        "pct2ResTime": 32870.79999999999,
        "pct3ResTime": 44208.56,
        "throughput": 0.3676647137917787,
        "receivedKBytesPerSec": 68.09993113242858,
        "sentKBytesPerSec": 0.15649442590905727,
        "memMaxMB": 6451.1,
        "memAvgMB": 4157.8,
        "memMinMB": 2710.6,
        "cpuMax%": 34.0,
        "cpuAvg%": 14.0,
        "cpuMin%": 12.4,
        "dashboard": "results/details/compare-filesize/20201011-081745/qgis310-bigfile-hugecache/somap310_fix/av_f_big.txt/dashboard/index.html"
      },
      "av_sw.txt": {
        "transaction": "Total",
        "sampleCount": 20,
        "errorCount": 0,
        "errorPct": 0.0,
        "meanResTime": 19897.949999999997,
        "medianResTime": 22420.5,
        "minResTime": 2127.0,
        "maxResTime": 27744.0,
        "pct1ResTime": 27608.7,
        "pct2ResTime": 27737.5,
        "pct3ResTime": 27744.0,
        "throughput": 0.38623459889536904,
        "receivedKBytesPerSec": 188.0967211398266,
        "sentKBytesPerSec": 0.15758673380711447,
        "memMaxMB": 5617.7,
        "memAvgMB": 3912.9,
        "memMinMB": 3736.6,
        "cpuMax%": 32.4,
        "cpuAvg%": 14.3,
        "cpuMin%": 12.6,
        "dashboard": "results/details/compare-filesize/20201011-081745/qgis310-bigfile-hugecache/somap310_fix/av_sw.txt/dashboard/index.html"
      }
    }
  },
  "qgis310-bigfile-maxlayer2000": {
    "somap310_fix": {
      "lk.txt": {
        "transaction": "Total",
        "sampleCount": 30,
        "errorCount": 0,
        "errorPct": 0.0,
        "meanResTime": 14581.699999999999,
        "medianResTime": 17247.5,
        "minResTime": 2029.0,
        "maxResTime": 17566.0,
        "pct1ResTime": 17499.5,
        "pct2ResTime": 17542.9,
        "pct3ResTime": 17566.0,