{
  "Total" : {
    "transaction" : "Total",
    "sampleCount" : 30,
    "errorCount" : 0,
    "errorPct" : 0.0,
    "meanResTime" : 2971.1666666666665,
    "medianResTime" : 121.0,
    "minResTime" : 58.0,
    "maxResTime" : 12430.0,
    "pct1ResTime" : 11569.2,
    "pct2ResTime" : 12249.05,
    "pct3ResTime" : 12430.0,
    "throughput" : 2.413515687851971,
    "receivedKBytesPerSec" : 40.42465934231698,
    "sentKBytesPerSec" : 0.986933075221239
  },
  "HTTP Request" : {
    "transaction" : "HTTP Request",
    "sampleCount" : 30,
    "errorCount" : 0,
    "errorPct" : 0.0,
    "meanResTime" : 2971.1666666666665,
    "medianResTime" : 121.0,
    "minResTime" : 58.0,
    "maxResTime" : 12430.0,
    "pct1ResTime" : 11569.2,
    "pct2ResTime" : 12249.05,
    "pct3ResTime" : 12430.0,
    "throughput" : 2.413515687851971,
    "receivedKBytesPerSec" : 40.42465934231698,
    "sentKBytesPerSec" : 0.986933075221239
  }
}