{
  "Total" : {
    "transaction" : "Total",
    "sampleCount" : 5191,
    "errorCount" : 1,
    "errorPct" : 0.019264111,
    "meanResTime" : 2008.9782315546147,
    "medianResTime" : 1871.0,
    "minResTime" : 700.0,
    "maxResTime" : 10211.0,
    "pct1ResTime" : 3149.8,
    "pct2ResTime" : 3616.199999999999,
    "pct3ResTime" : 5324.5999999999985,
    "throughput" : 5.951241322778316,
    "receivedKBytesPerSec" : 1610.362199664949,
    "sentKBytesPerSec" : 2.5918844600346227
  },
  "HTTP Request" : {
    "transaction" : "HTTP Request",
    "sampleCount" : 5191,
    "errorCount" : 1,
    "errorPct" : 0.019264111,
    "meanResTime" : 2008.9782315546147,
    "medianResTime" : 1871.0,
    "minResTime" : 700.0,
    "maxResTime" : 10211.0,
    "pct1ResTime" : 3149.8,
    "pct2ResTime" : 3616.199999999999,
    "pct3ResTime" : 5324.5999999999985,
    "throughput" : 5.951241322778316,
    "receivedKBytesPerSec" : 1610.362199664949,
    "sentKBytesPerSec" : 2.5918844600346227
  }
}