{
  "Total" : {
    "transaction" : "Total",
    "sampleCount" : 30,
    "errorCount" : 0,
    "errorPct" : 0.0,
    "meanResTime" : 1640.5,
    "medianResTime" : 1695.0,
    "minResTime" : 534.0,
    "maxResTime" : 2329.0,
    "pct1ResTime" : 2007.5000000000002,
    "pct2ResTime" : 2178.2999999999997,
    "pct3ResTime" : 2329.0,
    "throughput" : 5.219206680584551,
    "receivedKBytesPerSec" : 0.9276324373695198,
    "sentKBytesPerSec" : 2.092949449808629
  },
  "HTTP Request" : {
    "transaction" : "HTTP Request",
    "sampleCount" : 30,
    "errorCount" : 0,
    "errorPct" : 0.0,
    "meanResTime" : 1640.5,
    "medianResTime" : 1695.0,
    "minResTime" : 534.0,
    "maxResTime" : 2329.0,
    "pct1ResTime" : 2007.5000000000002,
    "pct2ResTime" : 2178.2999999999997,
    "pct3ResTime" : 2329.0,
    "throughput" : 5.219206680584551,
    "receivedKBytesPerSec" : 0.9276324373695198,
    "sentKBytesPerSec" : 2.092949449808629
  }
}