{
  "Total" : {
    "transaction" : "Total",
    "sampleCount" : 30,
    "errorCount" : 0,
    "errorPct" : 0.0,
    "meanResTime" : 596.9666666666667,
    "medianResTime" : 527.5,
    "minResTime" : 456.0,
    "maxResTime" : 952.0,
    "pct1ResTime" : 886.2,
    "pct2ResTime" : 917.3499999999999,
    "pct3ResTime" : 952.0,
    "throughput" : 12.78227524499361,
    "receivedKBytesPerSec" : 346.37469375798895,
    "sentKBytesPerSec" : 5.214435982104814
  },
  "HTTP Request" : {
    "transaction" : "HTTP Request",
    "sampleCount" : 30,
    "errorCount" : 0,
    "errorPct" : 0.0,
    "meanResTime" : 596.9666666666667,
    "medianResTime" : 527.5,
    "minResTime" : 456.0,
    "maxResTime" : 952.0,
    "pct1ResTime" : 886.2,
    "pct2ResTime" : 917.3499999999999,
    "pct3ResTime" : 952.0,
    "throughput" : 12.78227524499361,
    "receivedKBytesPerSec" : 346.37469375798895,
    "sentKBytesPerSec" : 5.214435982104814
  }
}