{
  "Total" : {
    "transaction" : "Total",
    "sampleCount" : 735,
    "errorCount" : 0,
    "errorPct" : 0.0,
    "meanResTime" : 1091.2285714285701,
    "medianResTime" : 1033.0,
    "minResTime" : 206.0,
    "maxResTime" : 4563.0,
    "pct1ResTime" : 1823.4,
    "pct2ResTime" : 2075.7999999999993,
    "pct3ResTime" : 3036.3999999999996,
    "throughput" : 9.043148738265437,
    "receivedKBytesPerSec" : 1323.3651514458272,
    "sentKBytesPerSec" : 3.981633603294905
  },
  "HTTP Request" : {
    "transaction" : "HTTP Request",
    "sampleCount" : 735,
    "errorCount" : 0,
    "errorPct" : 0.0,
    "meanResTime" : 1091.2285714285701,
    "medianResTime" : 1033.0,
    "minResTime" : 206.0,
    "maxResTime" : 4563.0,
    "pct1ResTime" : 1823.4,
    "pct2ResTime" : 2075.7999999999993,
    "pct3ResTime" : 3036.3999999999996,
    "throughput" : 9.043148738265437,
    "receivedKBytesPerSec" : 1323.3651514458272,
    "sentKBytesPerSec" : 3.981633603294905
  }
}