{
  "Total" : {
    "transaction" : "Total",
    "sampleCount" : 5262,
    "errorCount" : 0,
    "errorPct" : 0.0,
    "meanResTime" : 750.6480425693661,
    "medianResTime" : 565.0,
    "minResTime" : 38.0,
    "maxResTime" : 4970.0,
    "pct1ResTime" : 1608.6999999999998,
    "pct2ResTime" : 2049.699999999999,
    "pct3ResTime" : 3213.7699999999977,
    "throughput" : 15.853074357607037,
    "receivedKBytesPerSec" : 750.3891121538354,
    "sentKBytesPerSec" : 8.030432815931707
  },
  "HTTP Request" : {
    "transaction" : "HTTP Request",
    "sampleCount" : 5262,
    "errorCount" : 0,
    "errorPct" : 0.0,
    "meanResTime" : 750.6480425693661,
    "medianResTime" : 565.0,
    "minResTime" : 38.0,
    "maxResTime" : 4970.0,
    "pct1ResTime" : 1608.6999999999998,
    "pct2ResTime" : 2049.699999999999,
    "pct3ResTime" : 3213.7699999999977,
    "throughput" : 15.853074357607037,
    "receivedKBytesPerSec" : 750.3891121538354,
    "sentKBytesPerSec" : 8.030432815931707
  }
}