{
  "Total" : {
    "transaction" : "Total",
    "sampleCount" : 735,
    "errorCount" : 0,
    "errorPct" : 0.0,
    "meanResTime" : 1992.9891156462584,
    "medianResTime" : 1979.0,
    "minResTime" : 627.0,
    "maxResTime" : 5244.0,
    "pct1ResTime" : 2711.0,
    "pct2ResTime" : 2956.5999999999976,
    "pct3ResTime" : 3894.039999999999,
    "throughput" : 5.961167253321221,
    "receivedKBytesPerSec" : 872.41799181404,
    "sentKBytesPerSec" : 2.6246592351457445
  },
  "HTTP Request" : {
    "transaction" : "HTTP Request",
    "sampleCount" : 735,
    "errorCount" : 0,
    "errorPct" : 0.0,
    "meanResTime" : 1992.9891156462584,
    "medianResTime" : 1979.0,
    "minResTime" : 627.0,
    "maxResTime" : 5244.0,
    "pct1ResTime" : 2711.0,
    "pct2ResTime" : 2956.5999999999976,
    "pct3ResTime" : 3894.039999999999,
    "throughput" : 5.961167253321221,
    "receivedKBytesPerSec" : 872.41799181404,
    "sentKBytesPerSec" : 2.6246592351457445
  }
}