{
  "Total" : {
    "transaction" : "Total",
    "sampleCount" : 22,
    "errorCount" : 0,
    "errorPct" : 0.0,
    "meanResTime" : 875.9545454545453,
    "medianResTime" : 806.5,
    "minResTime" : 195.0,
    "maxResTime" : 3056.0,
    "pct1ResTime" : 1072.0,
    "pct2ResTime" : 2760.1999999999957,
    "pct3ResTime" : 3056.0,
    "throughput" : 1.1388342478517446,
    "receivedKBytesPerSec" : 148.4941181799358,
    "sentKBytesPerSec" : 0.48529868516409563
  },
  "HTTP Request" : {
    "transaction" : "HTTP Request",
    "sampleCount" : 22,
    "errorCount" : 0,
    "errorPct" : 0.0,
    "meanResTime" : 875.9545454545453,
    "medianResTime" : 806.5,
    "minResTime" : 195.0,
    "maxResTime" : 3056.0,
    "pct1ResTime" : 1072.0,
    "pct2ResTime" : 2760.1999999999957,
    "pct3ResTime" : 3056.0,
    "throughput" : 1.1388342478517446,
    "receivedKBytesPerSec" : 148.4941181799358,
    "sentKBytesPerSec" : 0.48529868516409563
  }
}