{
  "Total" : {
    "transaction" : "Total",
    "sampleCount" : 30,
    "errorCount" : 0,
    "errorPct" : 0.0,
    "meanResTime" : 121.19999999999997,
    "medianResTime" : 96.5,
    "minResTime" : 58.0,
    "maxResTime" : 839.0,
    "pct1ResTime" : 117.7,
    "pct2ResTime" : 442.9999999999995,
    "pct3ResTime" : 839.0,
    "throughput" : 8.14111261872456,
    "receivedKBytesPerSec" : 220.6798041044776,
    "sentKBytesPerSec" : 3.321107530529172
  },
  "HTTP Request" : {
    "transaction" : "HTTP Request",
    "sampleCount" : 30,
    "errorCount" : 0,
    "errorPct" : 0.0,
    "meanResTime" : 121.19999999999997,
    "medianResTime" : 96.5,
    "minResTime" : 58.0,
    "maxResTime" : 839.0,
    "pct1ResTime" : 117.7,
    "pct2ResTime" : 442.9999999999995,
    "pct3ResTime" : 839.0,
    "throughput" : 8.14111261872456,
    "receivedKBytesPerSec" : 220.6798041044776,
    "sentKBytesPerSec" : 3.321107530529172
  }
}