{
  "qgis218-stock": {
    "somap218_lk": {
      "lk_big.txt": {
        "transaction": "Total",
        "sampleCount": 5262,
        "errorCount": 0,
        "errorPct": 0.0,
        "meanResTime": 268.93253515773506,
        "medianResTime": 142.0,
        "minResTime": 5.0,
        "maxResTime": 2656.0,
        "pct1ResTime": 714.0999999999995,
        "pct2ResTime": 1015.3999999999978,
        "pct3ResTime": 1741.359999999997,
        "throughput": 36.85028782721963,
        "receivedKBytesPerSec": 1876.172368772935,
        "sentKBytesPerSec": 18.666648119406275,
        "memMaxMB": 5330.2,
        "memAvgMB": 4146.9,
        "memMinMB": 2619.6,
        "cpuMax%": 99.7,
        "cpuAvg%": 97.9,
        "cpuMin%": 12.2,
        "dashboard": "results/details/compare-major/20201028-070448/qgis218-stock/somap218_lk/lk_big.txt/dashboard/index.html"
      }
    },
    "somap218_grundplanav_farbig": {
      "av_f_big.txt": {
        "transaction": "Total",
        "sampleCount": 735,
        "errorCount": 0,
        "errorPct": 0.0,
        "meanResTime": 865.8394557823132,
        "medianResTime": 679.0,
        "minResTime": 227.0,
        "maxResTime": 8558.0,
        "pct1ResTime": 1511.0,
        "pct2ResTime": 1823.9999999999993,
        "pct3ResTime": 2715.2,
        "throughput": 11.29813234955038,
        "receivedKBytesPerSec": 1977.391170812197,
        "sentKBytesPerSec": 4.974486732380293,
        "memMaxMB": 4580.9,
        "memAvgMB": 4139.9,
        "memMinMB": 3603.0,
        "cpuMax%": 99.2,
        "cpuAvg%": 95.7,
        "cpuMin%": 24.8,
        "dashboard": "results/details/compare-major/20201028-070448/qgis218-stock/somap218_grundplanav_farbig/av_f_big.txt/dashboard/index.html"
      }
    },
    "somap218_grundplanav_sw": {
      "av_sw_big.txt": {
        "transaction": "Total",
        "sampleCount": 5190,
        "errorCount": 0,
        "errorPct": 0.0,
        "meanResTime": 1003.9319845857439,
        "medianResTime": 604.0,
        "minResTime": 221.0,
        "maxResTime": 18832.0,
        "pct1ResTime": 2300.9000000000005,
        "pct2ResTime": 2833.649999999997,
        "pct3ResTime": 5535.250000000004,
        "throughput": 9.861783025572231,
        "receivedKBytesPerSec": 3070.6891974879054,
        "sentKBytesPerSec": 4.295083217107439,
        "memMaxMB": 7373.4,
        "memAvgMB": 6553.9,
        "memMinMB": 3916.6,
        "cpuMax%": 99.8,
        "cpuAvg%": 98.3,
        "cpuMin%": 13.4,
        "dashboard": "results/details/compare-major/20201028-070448/qgis218-stock/somap218_grundplanav_sw/av_sw_big.txt/dashboard/index.html"
      }
    }
  },
  "qgis310-stock": {
    "somap310_lk": {
      "lk_big.txt": {
        "transaction": "Total",
        "sampleCount": 5262,
        "errorCount": 0,
        "errorPct": 0.0,
        "meanResTime": 366.3968072976054,
        "medianResTime": 193.0,
        "minResTime": 31.0,
        "maxResTime": 3698.0,
        "pct1ResTime": 920.6999999999998,
        "pct2ResTime": 1233.0,
        "pct3ResTime": 1945.329999999999,
        "throughput": 26.933924357747216,
        "receivedKBytesPerSec": 1274.964913790456,
        "sentKBytesPerSec": 13.64347792392011,
        "memMaxMB": 4988.2,
        "memAvgMB": 3883.2,
        "memMinMB": 2739.4,
        "cpuMax%": 89.8,
        "cpuAvg%": 73.3,
        "cpuMin%": 14.6,
        "dashboard": "results/details/compare-major/20201028-070448/qgis310-stock/somap310_lk/lk_big.txt/dashboard/index.html"
      }
    },
    "somap310_grundplanav_farbig": {
      "av_f_big.txt": {
        "transaction": "Total",
        "sampleCount": 735,
        "errorCount": 0,
        "errorPct": 0.0,
        "meanResTime": 1060.3170068027216,
        "medianResTime": 981.0,
        "minResTime": 199.0,
        "maxResTime": 4355.0,
        "pct1ResTime": 1710.9999999999998,
        "pct2ResTime": 1976.3999999999987,
        "pct3ResTime": 3328.159999999999,
        "throughput": 9.306978334367443,
        "receivedKBytesPerSec": 1362.0968558874551,
        "sentKBytesPerSec": 4.09779588435288,
        "memMaxMB": 5310.6,
        "memAvgMB": 4568.4,
        "memMinMB": 2964.2,
        "cpuMax%": 96.1,
        "cpuAvg%": 73.6,
        "cpuMin%": 25.6,
        "dashboard": "results/details/compare-major/20201028-070448/qgis310-stock/somap310_grundplanav_farbig/av_f_big.txt/dashboard/index.html"
      }
    },
    "somap310_grundplanav_sw": {
      "av_sw_big.txt": {
        "transaction": "Total",
        "sampleCount": 5190,
        "errorCount": 0,
        "errorPct": 0.0,
        "meanResTime": 1034.5699421965348,
        "medianResTime": 854.0,
        "minResTime": 185.0,
        "maxResTime": 6230.0,
        "pct1ResTime": 1932.5000000000027,
        "pct2ResTime": 2369.45,
        "pct3ResTime": 3391.1800000000003,
        "throughput": 9.600923464545955,
        "receivedKBytesPerSec": 2598.348448081943,
        "sentKBytesPerSec": 4.1814715588828895,
        "memMaxMB": 8603.8,
        "memAvgMB": 6810.4,
        "memMinMB": 4236.1,
        "cpuMax%": 98.9,
        "cpuAvg%": 73.7,
        "cpuMin%": 12.8,
        "dashboard": "results/details/compare-major/20201028-070448/qgis310-stock/somap310_grundplanav_sw/av_sw_big.txt/dashboard/index.html"
      }
    }
  },
  "qgis314-stock": {
    "somap314_lk": {
      "lk_big.txt": {
        "transaction": "Total",
        "sampleCount": 5262,
        "errorCount": 0,
        "errorPct": 0.0,
        "meanResTime": 367.6719878373242,
        "medianResTime": 204.0,
        "minResTime": 35.0,
        "maxResTime": 4743.0,
        "pct1ResTime": 871.6999999999998,
        "pct2ResTime": 1170.0,
        "pct3ResTime": 2030.4799999999996,
        "throughput": 26.705101983851076,
        "receivedKBytesPerSec": 1263.6015919989368,
        "sentKBytesPerSec": 13.52756711325308,
        "memMaxMB": 5272.6,
        "memAvgMB": 3885.4,
        "memMinMB": 2794.6,
        "cpuMax%": 91.3,
        "cpuAvg%": 73.2,
        "cpuMin%": 15.1,
        "dashboard": "results/details/compare-major/20201028-070448/qgis314-stock/somap314_lk/lk_big.txt/dashboard/index.html"
      }
    },
    "somap314_grundplanav_farbig": {
      "av_f_big.txt": {
        "transaction": "Total",
        "sampleCount": 735,
        "errorCount": 0,
        "errorPct": 0.0,
        "meanResTime": 1091.2285714285701,
        "medianResTime": 1033.0,
        "minResTime": 206.0,
        "maxResTime": 4563.0,
        "pct1ResTime": 1823.4,
        "pct2ResTime": 2075.7999999999993,
        "pct3ResTime": 3036.3999999999996,
        "throughput": 9.043148738265437,
        "receivedKBytesPerSec": 1323.3651514458272,
        "sentKBytesPerSec": 3.981633603294905,
        "memMaxMB": 5193.9,
        "memAvgMB": 4539.8,
        "memMinMB": 3058.3,
        "cpuMax%": 98.2,
        "cpuAvg%": 73.6,
        "cpuMin%": 27.0,
        "dashboard": "results/details/compare-major/20201028-070448/qgis314-stock/somap314_grundplanav_farbig/av_f_big.txt/dashboard/index.html"
      }
    },
    "somap314_grundplanav_sw": {
      "av_sw_big.txt": {
        "transaction": "Total",
        "sampleCount": 5190,
        "errorCount": 0,
        "errorPct": 0.0,
        "meanResTime": 1070.0080924855513,
        "medianResTime": 893.0,
        "minResTime": 195.0,
        "maxResTime": 6635.0,
        "pct1ResTime": 1982.0,
        "pct2ResTime": 2448.699999999999,
        "pct3ResTime": 3417.4400000000023,
        "throughput": 9.287111314707815,
        "receivedKBytesPerSec": 2513.501330996047,
        "sentKBytesPerSec": 4.044797562446429,
        "memMaxMB": 7392.1,
        "memAvgMB": 6277.5,
        "memMinMB": 4129.2,
        "cpuMax%": 95.0,
        "cpuAvg%": 73.7,
        "cpuMin%": 13.6,
        "dashboard": "results/details/compare-major/20201028-070448/qgis314-stock/somap314_grundplanav_sw/av_sw_big.txt/dashboard/index.html"
      }
    }
  },
  "qgis316-stock": {
    "somap316_lk": {
      "lk_big.txt": {
        "transaction": "Total",