{
  "Total" : {
    "transaction" : "Total",
    "sampleCount" : 30,
    "errorCount" : 30,
    "errorPct" : 100.0,
    "meanResTime" : 29144.566666666666,
    "medianResTime" : 3.0,
    "minResTime" : 1.0,
    "maxResTime" : 120125.0,
    "pct1ResTime" : 120063.1,
    "pct2ResTime" : 120120.6,
    "pct3ResTime" : 120125.0,
    "throughput" : 0.19481658018975137,
    "receivedKBytesPerSec" : 0.06446323364677156,
    "sentKBytesPerSec" : 0.07966425391743673
  },
  "HTTP Request" : {
    "transaction" : "HTTP Request",
    "sampleCount" : 30,
    "errorCount" : 30,
    "errorPct" : 100.0,
    "meanResTime" : 29144.566666666666,
    "medianResTime" : 3.0,
    "minResTime" : 1.0,
    "maxResTime" : 120125.0,
    "pct1ResTime" : 120063.1,
    "pct2ResTime" : 120120.6,
    "pct3ResTime" : 120125.0,
    "throughput" : 0.19481658018975137,
    "receivedKBytesPerSec" : 0.06446323364677156,
    "sentKBytesPerSec" : 0.07966425391743673
  }
}