{
  "Total" : {
    "transaction" : "Total",
    "sampleCount" : 735,
    "errorCount" : 0,
    "errorPct" : 0.0,
    "meanResTime" : 899.0544217687068,
    "medianResTime" : 855.0,
    "minResTime" : 189.0,
    "maxResTime" : 3443.0,
    "pct1ResTime" : 1387.4,
    "pct2ResTime" : 1659.9999999999982,
    "pct3ResTime" : 3216.2,
    "throughput" : 10.987039777568501,
    "receivedKBytesPerSec" : 1607.924951324424,
    "sentKBytesPerSec" : 4.8375149016398336
  },
  "HTTP Request" : {
    "transaction" : "HTTP Request",
    "sampleCount" : 735,
    "errorCount" : 0,
    "errorPct" : 0.0,
    "meanResTime" : 899.0544217687068,
    "medianResTime" : 855.0,
    "minResTime" : 189.0,
    "maxResTime" : 3443.0,
    "pct1ResTime" : 1387.4,
    "pct2ResTime" : 1659.9999999999982,
    "pct3ResTime" : 3216.2,
    "throughput" : 10.987039777568501,
    "receivedKBytesPerSec" : 1607.924951324424,
    "sentKBytesPerSec" : 4.8375149016398336
  }
}