{
  "Total" : {
    "transaction" : "Total",
    "sampleCount" : 149,
    "errorCount" : 0,
    "errorPct" : 0.0,
    "meanResTime" : 214.228187919463,
    "medianResTime" : 59.0,
    "minResTime" : 32.0,
    "maxResTime" : 3047.0,
    "pct1ResTime" : 361.0,
    "pct2ResTime" : 796.5,
    "pct3ResTime" : 3045.5,
    "throughput" : 39.47019867549669,
    "receivedKBytesPerSec" : 588.2377897350993,
    "sentKBytesPerSec" : 19.64817880794702
  },
  "HTTP Request" : {
    "transaction" : "HTTP Request",
    "sampleCount" : 149,
    "errorCount" : 0,
    "errorPct" : 0.0,
    "meanResTime" : 214.228187919463,
    "medianResTime" : 59.0,
    "minResTime" : 32.0,
    "maxResTime" : 3047.0,
    "pct1ResTime" : 361.0,
    "pct2ResTime" : 796.5,
    "pct3ResTime" : 3045.5,
    "throughput" : 39.47019867549669,
    "receivedKBytesPerSec" : 588.2377897350993,
    "sentKBytesPerSec" : 19.64817880794702
  }
}