{
  "Total" : {
    "transaction" : "Total",
    "sampleCount" : 5190,
    "errorCount" : 0,
    "errorPct" : 0.0,
    "meanResTime" : 1007.4416184971097,
    "medianResTime" : 837.0,
    "minResTime" : 179.0,
    "maxResTime" : 6213.0,
    "pct1ResTime" : 1842.7000000000016,
    "pct2ResTime" : 2321.3499999999995,
    "pct3ResTime" : 3227.2400000000052,
    "throughput" : 9.870372906111642,
    "receivedKBytesPerSec" : 2671.2997296998856,
    "sentKBytesPerSec" : 4.298824351103808
  },
  "HTTP Request" : {
    "transaction" : "HTTP Request",
    "sampleCount" : 5190,
    "errorCount" : 0,
    "errorPct" : 0.0,
    "meanResTime" : 1007.4416184971097,
    "medianResTime" : 837.0,
    "minResTime" : 179.0,
    "maxResTime" : 6213.0,
    "pct1ResTime" : 1842.7000000000016,
    "pct2ResTime" : 2321.3499999999995,
    "pct3ResTime" : 3227.2400000000052,
    "throughput" : 9.870372906111642,
    "receivedKBytesPerSec" : 2671.2997296998856,
    "sentKBytesPerSec" : 4.298824351103808
  }
}