{
  "Total" : {
    "transaction" : "Total",
    "sampleCount" : 30,
    "errorCount" : 0,
    "errorPct" : 0.0,
    "meanResTime" : 665.5666666666665,
    "medianResTime" : 742.0,
    "minResTime" : 295.0,
    "maxResTime" : 881.0,
    "pct1ResTime" : 846.5,
    "pct2ResTime" : 865.6,
    "pct3ResTime" : 881.0,
    "throughput" : 10.968921389396709,
    "receivedKBytesPerSec" : 297.3113288391225,
    "sentKBytesPerSec" : 4.485403336380256
  },
  "HTTP Request" : {
    "transaction" : "HTTP Request",
    "sampleCount" : 30,
    "errorCount" : 0,
    "errorPct" : 0.0,
    "meanResTime" : 665.5666666666665,
    "medianResTime" : 742.0,
    "minResTime" : 295.0,
    "maxResTime" : 881.0,
    "pct1ResTime" : 846.5,
    "pct2ResTime" : 865.6,
    "pct3ResTime" : 881.0,
    "throughput" : 10.968921389396709,
    "receivedKBytesPerSec" : 297.3113288391225,
    "sentKBytesPerSec" : 4.485403336380256
  }
}