{
  "Total" : {
    "transaction" : "Total",
    "sampleCount" : 735,
    "errorCount" : 0,
    "errorPct" : 0.0,
    "meanResTime" : 812.5129251700689,
    "medianResTime" : 739.0,
    "minResTime" : 179.0,
    "maxResTime" : 3681.0,
    "pct1ResTime" : 1262.8,
    "pct2ResTime" : 1487.9999999999995,
    "pct3ResTime" : 2780.6799999999994,
    "throughput" : 12.09060551726407,
    "receivedKBytesPerSec" : 1769.4025431396096,
    "sentKBytesPerSec" : 5.323406990755211
  },
  "HTTP Request" : {
    "transaction" : "HTTP Request",
    "sampleCount" : 735,
    "errorCount" : 0,
    "errorPct" : 0.0,
    "meanResTime" : 812.5129251700689,
    "medianResTime" : 739.0,
    "minResTime" : 179.0,
    "maxResTime" : 3681.0,
    "pct1ResTime" : 1262.8,
    "pct2ResTime" : 1487.9999999999995,
    "pct3ResTime" : 2780.6799999999994,
    "throughput" : 12.09060551726407,
    "receivedKBytesPerSec" : 1769.4025431396096,
    "sentKBytesPerSec" : 5.323406990755211
  }
}