{
  "Total" : {
    "transaction" : "Total",
    "sampleCount" : 22,
    "errorCount" : 0,
    "errorPct" : 0.0,
    "meanResTime" : 5584.181818181817,
    "medianResTime" : 5951.5,
    "minResTime" : 2589.0,
    "maxResTime" : 7863.0,
    "pct1ResTime" : 7728.2,
    "pct2ResTime" : 7855.65,
    "pct3ResTime" : 7863.0,
    "throughput" : 2.335456475583864,
    "receivedKBytesPerSec" : 304.5232882165605,
    "sentKBytesPerSec" : 0.9952229299363058
  },
  "HTTP Request" : {
    "transaction" : "HTTP Request",
    "sampleCount" : 22,
    "errorCount" : 0,
    "errorPct" : 0.0,
    "meanResTime" : 5584.181818181817,
    "medianResTime" : 5951.5,
    "minResTime" : 2589.0,
    "maxResTime" : 7863.0,
    "pct1ResTime" : 7728.2,
    "pct2ResTime" : 7855.65,
    "pct3ResTime" : 7863.0,
    "throughput" : 2.335456475583864,
    "receivedKBytesPerSec" : 304.5232882165605,
    "sentKBytesPerSec" : 0.9952229299363058
  }
}