{
  "Total" : {
    "transaction" : "Total",
    "sampleCount" : 30,
    "errorCount" : 0,
    "errorPct" : 0.0,
    "meanResTime" : 80.89999999999999,
    "medianResTime" : 75.0,
    "minResTime" : 49.0,
    "maxResTime" : 229.0,
    "pct1ResTime" : 86.9,
    "pct2ResTime" : 151.9999999999999,
    "pct3ResTime" : 229.0,
    "throughput" : 12.145748987854251,
    "receivedKBytesPerSec" : 329.2209640688259,
    "sentKBytesPerSec" : 4.954769736842105
  },
  "HTTP Request" : {
    "transaction" : "HTTP Request",
    "sampleCount" : 30,
    "errorCount" : 0,
    "errorPct" : 0.0,
    "meanResTime" : 80.89999999999999,
    "medianResTime" : 75.0,
    "minResTime" : 49.0,
    "maxResTime" : 229.0,
    "pct1ResTime" : 86.9,
    "pct2ResTime" : 151.9999999999999,
    "pct3ResTime" : 229.0,
    "throughput" : 12.145748987854251,
    "receivedKBytesPerSec" : 329.2209640688259,
    "sentKBytesPerSec" : 4.954769736842105
  }
}