{
  "Total" : {
    "transaction" : "Total",
    "sampleCount" : 30,
    "errorCount" : 0,
    "errorPct" : 0.0,
    "meanResTime" : 326.3666666666666,
    "medianResTime" : 340.5,
    "minResTime" : 177.0,
    "maxResTime" : 468.0,
    "pct1ResTime" : 401.70000000000005,
    "pct2ResTime" : 449.84999999999997,
    "pct3ResTime" : 468.0,
    "throughput" : 20.0,
    "receivedKBytesPerSec" : 542.09765625,
    "sentKBytesPerSec" : 8.158854166666666
  },
  "HTTP Request" : {
    "transaction" : "HTTP Request",
    "sampleCount" : 30,
    "errorCount" : 0,
    "errorPct" : 0.0,
    "meanResTime" : 326.3666666666666,
    "medianResTime" : 340.5,
    "minResTime" : 177.0,
    "maxResTime" : 468.0,
    "pct1ResTime" : 401.70000000000005,
    "pct2ResTime" : 449.84999999999997,
    "pct3ResTime" : 468.0,
    "throughput" : 20.0,
    "receivedKBytesPerSec" : 542.09765625,
    "sentKBytesPerSec" : 8.158854166666666
  }
}