{
  "Total" : {
    "transaction" : "Total",
    "sampleCount" : 5262,
    "errorCount" : 0,
    "errorPct" : 0.0,
    "meanResTime" : 312.64006081337783,
    "medianResTime" : 183.0,
    "minResTime" : 29.0,
    "maxResTime" : 3306.0,
    "pct1ResTime" : 756.6999999999998,
    "pct2ResTime" : 1008.6999999999989,
    "pct3ResTime" : 1593.8799999999974,
    "throughput" : 31.591460339569174,
    "receivedKBytesPerSec" : 1495.4077395269237,
    "sentKBytesPerSec" : 16.0027698155814
  },
  "HTTP Request" : {
    "transaction" : "HTTP Request",
    "sampleCount" : 5262,
    "errorCount" : 0,
    "errorPct" : 0.0,
    "meanResTime" : 312.64006081337783,
    "medianResTime" : 183.0,
    "minResTime" : 29.0,
    "maxResTime" : 3306.0,
    "pct1ResTime" : 756.6999999999998,
    "pct2ResTime" : 1008.6999999999989,
    "pct3ResTime" : 1593.8799999999974,
    "throughput" : 31.591460339569174,
    "receivedKBytesPerSec" : 1495.4077395269237,
    "sentKBytesPerSec" : 16.0027698155814
  }
}