{
  "Total" : {
    "transaction" : "Total",
    "sampleCount" : 5262,
    "errorCount" : 0,
    "errorPct" : 0.0,
    "meanResTime" : 261.8641201064232,
    "medianResTime" : 138.0,
    "minResTime" : 5.0,
    "maxResTime" : 2785.0,
    "pct1ResTime" : 692.6999999999998,
    "pct2ResTime" : 984.6999999999989,
    "pct3ResTime" : 1718.8499999999995,
    "throughput" : 37.86537714261042,
    "receivedKBytesPerSec" : 1927.6013894585724,
    "sentKBytesPerSec" : 19.180845325925045
  },
  "HTTP Request" : {
    "transaction" : "HTTP Request",
    "sampleCount" : 5262,
    "errorCount" : 0,
    "errorPct" : 0.0,
    "meanResTime" : 261.8641201064232,
    "medianResTime" : 138.0,
    "minResTime" : 5.0,
    "maxResTime" : 2785.0,
    "pct1ResTime" : 692.6999999999998,
    "pct2ResTime" : 984.6999999999989,
    "pct3ResTime" : 1718.8499999999995,
    "throughput" : 37.86537714261042,
    "receivedKBytesPerSec" : 1927.6013894585724,
    "sentKBytesPerSec" : 19.180845325925045
  }
}