{
  "qgis310-singlethread-multiinstance": {
    "somap310_lk": {
      "lk_big.txt": {
        "transaction": "Total",
        "sampleCount": 5262,
        "errorCount": 0,
        "errorPct": 0.0,
        "meanResTime": 439.6628658304822,
        "medianResTime": 273.0,
        "minResTime": 34.0,
        "maxResTime": 3668.0,
        "pct1ResTime": 1054.6999999999998,
        "pct2ResTime": 1346.3999999999978,
        "pct3ResTime": 2118.4799999999996,
        "throughput": 26.98281653018004,
        "receivedKBytesPerSec": 1277.3062725305492,
        "sentKBytesPerSec": 13.668244432742945,
        "memMaxMB": 7472.9,
        "memAvgMB": 6121.5,
        "memMinMB": 4883.3,
        "cpuMax%": 88.0,
        "cpuAvg%": 74.2,
        "cpuMin%": 29.3,
        "dashboard": "results/details/compare-deployment/20201101-112556/qgis310-singlethread-multiinstance/somap310_lk/lk_big.txt/dashboard/index.html",
        "effective duration": 201.5
      }
    },
    "somap310_grundplanav_farbig": {
      "av_f_big.txt": {
        "transaction": "Total",
        "sampleCount": 735,
        "errorCount": 0,
        "errorPct": 0.0,
        "meanResTime": 1330.3619047619034,
        "medianResTime": 1281.0,
        "minResTime": 407.0,
        "maxResTime": 4069.0,
        "pct1ResTime": 1940.3999999999996,
        "pct2ResTime": 2181.2,
        "pct3ResTime": 3485.2399999999993,
        "throughput": 8.890770533446233,
        "receivedKBytesPerSec": 1301.1612553110258,
        "sentKBytesPerSec": 3.9145425713680897,
        "memMaxMB": 7145.8,
        "memAvgMB": 6589.6,
        "memMinMB": 5203.7,
        "cpuMax%": 95.2,
        "cpuAvg%": 74.1,
        "cpuMin%": 41.3,
        "dashboard": "results/details/compare-deployment/20201101-112556/qgis310-singlethread-multiinstance/somap310_grundplanav_farbig/av_f_big.txt/dashboard/index.html",
        "effective duration": 88.6
      }
    },
    "somap310_grundplanav_sw": {
      "av_sw_big.txt": {
        "transaction": "Total",
        "sampleCount": 5190,
        "errorCount": 0,
        "errorPct": 0.0,
        "meanResTime": 1267.3233140655102,
        "medianResTime": 1140.5,
        "minResTime": 237.0,
        "maxResTime": 9745.0,
        "pct1ResTime": 2206.0,
        "pct2ResTime": 2601.249999999999,
        "pct3ResTime": 3614.4400000000023,
        "throughput": 9.421306675331605,
        "receivedKBytesPerSec": 2549.822600987467,
        "sentKBytesPerSec": 4.103243407354428,
        "memMaxMB": 11430.5,
        "memAvgMB": 9473.4,
        "memMinMB": 6158.1,
        "cpuMax%": 96.5,
        "cpuAvg%": 74.2,
        "cpuMin%": 18.2,
        "dashboard": "results/details/compare-deployment/20201101-112556/qgis310-singlethread-multiinstance/somap310_grundplanav_sw/av_sw_big.txt/dashboard/index.html",
        "effective duration": 557.2
      }
    }
  },
  "qgis310-multithread-singleinstance": {
    "somap310_lk": {
      "lk_big.txt": {
        "transaction": "Total",
        "sampleCount": 5262,
        "errorCount": 0,
        "errorPct": 0.0,
        "meanResTime": 2112.430824781451,
        "medianResTime": 1565.0,
        "minResTime": 130.0,
        "maxResTime": 12423.0,
        "pct1ResTime": 4133.4,
        "pct2ResTime": 5090.549999999998,
        "pct3ResTime": 7762.849999999999,
        "throughput": 5.642931750767297,
        "receivedKBytesPerSec": 267.11621896159653,
        "sentKBytesPerSec": 2.858447723591251,
        "memMaxMB": 6902.4,
        "memAvgMB": 5459.2,
        "memMinMB": 4625.8,
        "cpuMax%": 38.2,
        "cpuAvg%": 15.9,
        "cpuMin%": 12.9,
        "dashboard": "results/details/compare-deployment/20201101-112556/qgis310-multithread-singleinstance/somap310_lk/lk_big.txt/dashboard/index.html",
        "effective duration": 938.7
      }
    },
    "somap310_grundplanav_farbig": {
      "av_f_big.txt": {
        "transaction": "Total",
        "sampleCount": 735,
        "errorCount": 0,
        "errorPct": 0.0,
        "meanResTime": 5308.49795918367,
        "medianResTime": 5488.0,
        "minResTime": 2441.0,
        "maxResTime": 8717.0,
        "pct1ResTime": 6629.799999999999,
        "pct2ResTime": 7606.2,
        "pct3ResTime": 8177.599999999999,
        "throughput": 2.244151466484285,
        "receivedKBytesPerSec": 328.42589889620575,
        "sentKBytesPerSec": 0.988083813332397,
        "memMaxMB": 5705.0,
        "memAvgMB": 5230.3,
        "memMinMB": 4636.2,
        "cpuMax%": 40.9,
        "cpuAvg%": 17.7,
        "cpuMin%": 12.5,
        "dashboard": "results/details/compare-deployment/20201101-112556/qgis310-multithread-singleinstance/somap310_grundplanav_farbig/av_f_big.txt/dashboard/index.html",
        "effective duration": 333.5
      }
    },
    "somap310_grundplanav_sw": {
      "av_sw_big.txt": {
        "transaction": "Total",
        "sampleCount": 5190,
        "errorCount": 0,
        "errorPct": 0.0,
        "meanResTime": 5987.430250481684,
        "medianResTime": 5847.0,
        "minResTime": 2191.0,
        "maxResTime": 23253.0,
        "pct1ResTime": 8513.900000000001,
        "pct2ResTime": 9690.299999999997,
        "pct3ResTime": 13343.720000000001,
        "throughput": 2.001220783236942,
        "receivedKBytesPerSec": 541.6108015626681,
        "sentKBytesPerSec": 0.8715878028870792,
        "memMaxMB": 9761.5,
        "memAvgMB": 8182.2,
        "memMinMB": 4944.5,
        "cpuMax%": 43.2,
        "cpuAvg%": 15.2,
        "cpuMin%": 12.4,
        "dashboard": "results/details/compare-deployment/20201101-112556/qgis310-multithread-singleinstance/somap310_grundplanav_sw/av_sw_big.txt/dashboard/index.html",
        "effective duration": 2599.9
      }
    }
  },
  "qgis310-balanced": {
    "somap310_lk": {
      "lk_big.txt": {
        "transaction": "Total",
        "sampleCount": 5262,
        "errorCount": 0,
        "errorPct": 0.0,
        "meanResTime": 765.4471683770436,
        "medianResTime": 585.0,
        "minResTime": 45.0,
        "maxResTime": 5036.0,
        "pct1ResTime": 1605.3999999999996,
        "pct2ResTime": 2043.0,
        "pct3ResTime": 3187.4399999999987,
        "throughput": 15.536055932163356,
        "receivedKBytesPerSec": 735.4241755512318,
        "sentKBytesPerSec": 7.869845972679039,
        "memMaxMB": 7866.5,
        "memAvgMB": 5756.4,
        "memMinMB": 4803.1,
        "cpuMax%": 72.4,
        "cpuAvg%": 43.0,
        "cpuMin%": 38.1,
        "dashboard": "results/details/compare-deployment/20201101-112556/qgis310-balanced/somap310_lk/lk_big.txt/dashboard/index.html",
        "effective duration": 345.2
      }
    },
    "somap310_grundplanav_farbig": {
      "av_f_big.txt": {
        "transaction": "Total",
        "sampleCount": 735,
        "errorCount": 0,
        "errorPct": 0.0,
        "meanResTime": 1959.4707482993197,
        "medianResTime": 1960.0,
        "minResTime": 772.0,
        "maxResTime": 4979.0,
        "pct1ResTime": 2588.7999999999997,
        "pct2ResTime": 3013.599999999999,
        "pct3ResTime": 4278.5999999999985,
        "throughput": 6.043612682541771,
        "receivedKBytesPerSec": 884.4829409267695,
        "sentKBytesPerSec": 2.6609593669829628,
        "memMaxMB": 6399.9,
        "memAvgMB": 5966.1,
        "memMinMB": 4986.7,
        "cpuMax%": 74.7,
        "cpuAvg%": 45.0,
        "cpuMin%": 39.0,
        "dashboard": "results/details/compare-deployment/20201101-112556/qgis310-balanced/somap310_grundplanav_farbig/av_f_big.txt/dashboard/index.html",
        "effective duration": 127.5
      }
    },
    "somap310_grundplanav_sw": {
      "av_sw_big.txt": {
        "transaction": "Total",
        "sampleCount": 5190,
        "errorCount": 0,
        "errorPct": 0.0,
        "meanResTime": 2114.2631984585682,
        "medianResTime": 1972.0,
        "minResTime": 399.0,
        "maxResTime": 9047.0,
        "pct1ResTime": 3295.800000000001,
        "pct2ResTime": 3783.5999999999985,
        "pct3ResTime": 5471.360000000001,