{
  "Total" : {
    "transaction" : "Total",
    "sampleCount" : 5190,
    "errorCount" : 0,
    "errorPct" : 0.0,
    "meanResTime" : 638.208477842003,
    "medianResTime" : 355.0,
    "minResTime" : 20.0,
    "maxResTime" : 20860.0,
    "pct1ResTime" : 1090.0,
    "pct2ResTime" : 1777.8999999999996,
    "pct3ResTime" : 8102.540000000001,
    "throughput" : 15.567026697900701,
    "receivedKBytesPerSec" : 4155.104675788175,
    "sentKBytesPerSec" : 7.019649481324067
  },
  "HTTP Request" : {
    "transaction" : "HTTP Request",
    "sampleCount" : 5190,
    "errorCount" : 0,
    "errorPct" : 0.0,
    "meanResTime" : 638.208477842003,
    "medianResTime" : 355.0,
    "minResTime" : 20.0,
    "maxResTime" : 20860.0,
    "pct1ResTime" : 1090.0,
    "pct2ResTime" : 1777.8999999999996,
    "pct3ResTime" : 8102.540000000001,
    "throughput" : 15.567026697900701,
    "receivedKBytesPerSec" : 4155.104675788175,
    "sentKBytesPerSec" : 7.019649481324067
  }
}