{
  "Total" : {
    "transaction" : "Total",
    "sampleCount" : 1,
    "errorCount" : 0,
    "errorPct" : 0.0,
    "meanResTime" : 1055.0,
    "medianResTime" : 1055.0,
    "minResTime" : 1055.0,
    "maxResTime" : 1055.0,
    "pct1ResTime" : 1055.0,
    "pct2ResTime" : 1055.0,
    "pct3ResTime" : 1055.0,
    "throughput" : 0.9478672985781991,
    "receivedKBytesPerSec" : 167.1504739336493,
    "sentKBytesPerSec" : 0.36007849526066354
  },
  "HTTP Request" : {
    "transaction" : "HTTP Request",
    "sampleCount" : 1,
    "errorCount" : 0,
    "errorPct" : 0.0,
    "meanResTime" : 1055.0,
    "medianResTime" : 1055.0,
    "minResTime" : 1055.0,
    "maxResTime" : 1055.0,
    "pct1ResTime" : 1055.0,
    "pct2ResTime" : 1055.0,
    "pct3ResTime" : 1055.0,
    "throughput" : 0.9478672985781991,
    "receivedKBytesPerSec" : 167.1504739336493,
    "sentKBytesPerSec" : 0.36007849526066354
  }
}