{
  "qgis218-stock": {
    "somap218_lk": {
      "lk_big.txt": {
        "transaction": "Total",
        "sampleCount": 5262,
        "errorCount": 0,
        "errorPct": 0.0,
        "meanResTime": 270.2977955150136,
        "medianResTime": 146.0,
        "minResTime": 5.0,
        "maxResTime": 2952.0,
        "pct1ResTime": 718.0,
        "pct2ResTime": 1032.8499999999995,
        "pct3ResTime": 1705.7399999999998,
        "throughput": 36.70556722029619,
        "receivedKBytesPerSec": 1868.7063398761484,
        "sentKBytesPerSec": 18.59333936649414,
        "memMaxMB": 5413.0,
        "memAvgMB": 3963.0,
        "memMinMB": 2231.2,
        "cpuMax%": 99.9,
        "cpuAvg%": 97.8,
        "cpuMin%": 12.0,
        "dashboard": "results/details/compare-major/20201011-030631/qgis218-stock/somap218_lk/lk_big.txt/dashboard/index.html"
      }
    },
    "somap218_grundplanav_farbig": {
      "av_f_big.txt": {
        "transaction": "Total",
        "sampleCount": 735,
        "errorCount": 0,
        "errorPct": 0.0,
        "meanResTime": 909.7292517006808,
        "medianResTime": 700.0,
        "minResTime": 220.0,
        "maxResTime": 9173.0,
        "pct1ResTime": 1590.7999999999997,
        "pct2ResTime": 1918.9999999999995,
        "pct3ResTime": 3106.5199999999986,
        "throughput": 10.795170813383073,
        "receivedKBytesPerSec": 1889.2408503813192,
        "sentKBytesPerSec": 4.75303637128044,
        "memMaxMB": 4399.7,
        "memAvgMB": 3949.6,
        "memMinMB": 3330.4,
        "cpuMax%": 99.4,
        "cpuAvg%": 96.1,
        "cpuMin%": 25.0,
        "dashboard": "results/details/compare-major/20201011-030631/qgis218-stock/somap218_grundplanav_farbig/av_f_big.txt/dashboard/index.html"
      }
    },
    "somap218_grundplanav_sw": {
      "av_sw_big.txt": {
        "transaction": "Total",
        "sampleCount": 5190,
        "errorCount": 0,
        "errorPct": 0.0,
        "meanResTime": 969.3483622350675,
        "medianResTime": 583.5,
        "minResTime": 213.0,
        "maxResTime": 17796.0,
        "pct1ResTime": 2190.800000000001,
        "pct2ResTime": 2713.8999999999996,
        "pct3ResTime": 5203.140000000007,
        "throughput": 10.207272534176663,
        "receivedKBytesPerSec": 3178.160665223095,
        "sentKBytesPerSec": 4.445553592114242,
        "memMaxMB": 9807.1,
        "memAvgMB": 7953.4,
        "memMinMB": 3687.0,
        "cpuMax%": 99.9,
        "cpuAvg%": 98.0,
        "cpuMin%": 13.2,
        "dashboard": "results/details/compare-major/20201011-030631/qgis218-stock/somap218_grundplanav_sw/av_sw_big.txt/dashboard/index.html"
      }
    }
  },
  "qgis310-stock": {
    "somap310_lk": {
      "lk_big.txt": {
        "transaction": "Total",
        "sampleCount": 5262,
        "errorCount": 0,
        "errorPct": 0.0,
        "meanResTime": 360.75750665146285,
        "medianResTime": 189.5,
        "minResTime": 31.0,
        "maxResTime": 2986.0,
        "pct1ResTime": 882.6999999999998,
        "pct2ResTime": 1179.3999999999978,
        "pct3ResTime": 1830.8499999999995,
        "throughput": 27.33549094271599,
        "receivedKBytesPerSec": 1293.9344559996389,
        "sentKBytesPerSec": 13.846892946708259,
        "memMaxMB": 5313.3,
        "memAvgMB": 3561.8,
        "memMinMB": 2406.4,
        "cpuMax%": 84.1,
        "cpuAvg%": 73.5,
        "cpuMin%": 14.3,
        "dashboard": "results/details/compare-major/20201011-030631/qgis310-stock/somap310_lk/lk_big.txt/dashboard/index.html"
      }
    },
    "somap310_grundplanav_farbig": {
      "av_f_big.txt": {
        "transaction": "Total",
        "sampleCount": 735,
        "errorCount": 0,
        "errorPct": 0.0,
        "meanResTime": 1007.6299319727887,
        "medianResTime": 883.0,
        "minResTime": 172.0,
        "maxResTime": 3892.0,
        "pct1ResTime": 1714.6,
        "pct2ResTime": 2017.1999999999998,
        "pct3ResTime": 3046.919999999999,
        "throughput": 9.790470608607622,
        "receivedKBytesPerSec": 1432.8066645340205,
        "sentKBytesPerSec": 4.310674068906265,
        "memMaxMB": 5075.6,
        "memAvgMB": 4333.5,
        "memMinMB": 2581.0,
        "cpuMax%": 94.5,
        "cpuAvg%": 74.8,
        "cpuMin%": 24.7,
        "dashboard": "results/details/compare-major/20201011-030631/qgis310-stock/somap310_grundplanav_farbig/av_f_big.txt/dashboard/index.html"
      }
    },
    "somap310_grundplanav_sw": {
      "av_sw_big.txt": {
        "transaction": "Total",
        "sampleCount": 5190,
        "errorCount": 0,
        "errorPct": 0.0,
        "meanResTime": 1007.4416184971097,
        "medianResTime": 837.0,
        "minResTime": 179.0,
        "maxResTime": 6213.0,
        "pct1ResTime": 1842.7000000000016,
        "pct2ResTime": 2321.3499999999995,
        "pct3ResTime": 3227.2400000000052,
        "throughput": 9.870372906111642,
        "receivedKBytesPerSec": 2671.2997296998856,
        "sentKBytesPerSec": 4.298824351103808,
        "memMaxMB": 9798.7,
        "memAvgMB": 7563.8,
        "memMinMB": 4075.3,
        "cpuMax%": 93.0,
        "cpuAvg%": 73.9,
        "cpuMin%": 17.5,
        "dashboard": "results/details/compare-major/20201011-030631/qgis310-stock/somap310_grundplanav_sw/av_sw_big.txt/dashboard/index.html"
      }
    }
  },
  "qgis314-stock": {
    "somap314_lk": {
      "lk_big.txt": {
        "transaction": "Total",
        "sampleCount": 5262,
        "errorCount": 0,
        "errorPct": 0.0,
        "meanResTime": 361.66723679209395,
        "medianResTime": 210.5,
        "minResTime": 34.0,
        "maxResTime": 4251.0,
        "pct1ResTime": 862.0,
        "pct2ResTime": 1170.0,
        "pct3ResTime": 1857.4799999999996,
        "throughput": 27.295504178359675,
        "receivedKBytesPerSec": 1291.4160643064727,
        "sentKBytesPerSec": 13.826637504927923,
        "memMaxMB": 5240.8,
        "memAvgMB": 3594.5,
        "memMinMB": 2399.9,
        "cpuMax%": 86.9,
        "cpuAvg%": 73.2,
        "cpuMin%": 14.6,
        "dashboard": "results/details/compare-major/20201011-030631/qgis314-stock/somap314_lk/lk_big.txt/dashboard/index.html"
      }
    },
    "somap314_grundplanav_farbig": {
      "av_f_big.txt": {
        "transaction": "Total",
        "sampleCount": 735,
        "errorCount": 0,
        "errorPct": 0.0,
        "meanResTime": 1070.7360544217674,
        "medianResTime": 964.0,
        "minResTime": 205.0,
        "maxResTime": 3475.0,
        "pct1ResTime": 1815.4,
        "pct2ResTime": 2045.199999999999,
        "pct3ResTime": 2798.2799999999997,
        "throughput": 9.213297232250302,
        "receivedKBytesPerSec": 1348.2777044278669,
        "sentKBytesPerSec": 4.056548766232952,
        "memMaxMB": 4949.1,
        "memAvgMB": 4191.6,
        "memMinMB": 2722.9,
        "cpuMax%": 97.1,
        "cpuAvg%": 73.5,
        "cpuMin%": 25.2,
        "dashboard": "results/details/compare-major/20201011-030631/qgis314-stock/somap314_grundplanav_farbig/av_f_big.txt/dashboard/index.html"
      }
    },
    "somap314_grundplanav_sw": {
      "av_sw_big.txt": {
        "transaction": "Total",
        "sampleCount": 5190,
        "errorCount": 0,
        "errorPct": 0.0,
        "meanResTime": 1038.2263969171522,
        "medianResTime": 868.5,
        "minResTime": 194.0,
        "maxResTime": 9622.0,
        "pct1ResTime": 1896.800000000001,
        "pct2ResTime": 2346.0,
        "pct3ResTime": 3339.9900000000016,
        "throughput": 9.58482384423461,
        "receivedKBytesPerSec": 2594.0264823898483,
        "sentKBytesPerSec": 4.174459722501806,
        "memMaxMB": 9564.7,
        "memAvgMB": 7362.1,
        "memMinMB": 3768.3,
        "cpuMax%": 96.1,
        "cpuAvg%": 74.0,
        "cpuMin%": 25.9,
        "dashboard": "results/details/compare-major/20201011-030631/qgis314-stock/somap314_grundplanav_sw/av_sw_big.txt/dashboard/index.html"
      }
    }
  },