{
  "Total" : {
    "transaction" : "Total",
    "sampleCount" : 735,
    "errorCount" : 0,
    "errorPct" : 0.0,
    "meanResTime" : 528.1414965986393,
    "medianResTime" : 473.0,
    "minResTime" : 176.0,
    "maxResTime" : 3030.0,
    "pct1ResTime" : 762.4,
    "pct2ResTime" : 961.3999999999985,
    "pct3ResTime" : 1597.12,
    "throughput" : 18.625985149894834,
    "receivedKBytesPerSec" : 3020.258010876245,
    "sentKBytesPerSec" : 8.419161086262386
  },
  "HTTP Request" : {
    "transaction" : "HTTP Request",
    "sampleCount" : 735,
    "errorCount" : 0,
    "errorPct" : 0.0,
    "meanResTime" : 528.1414965986393,
    "medianResTime" : 473.0,
    "minResTime" : 176.0,
    "maxResTime" : 3030.0,
    "pct1ResTime" : 762.4,
    "pct2ResTime" : 961.3999999999985,
    "pct3ResTime" : 1597.12,
    "throughput" : 18.625985149894834,
    "receivedKBytesPerSec" : 3020.258010876245,
    "sentKBytesPerSec" : 8.419161086262386
  }
}