{
  "qgis218-stock": {
    "somap218_lk": {
      "lk_big.txt": {
        "transaction": "Total",
        "sampleCount": 5272,
        "errorCount": 10,
        "errorPct": 0.18968134,
        "meanResTime": 441.59503034901405,
        "medianResTime": 143.0,
        "minResTime": 5.0,
        "maxResTime": 90108.0,
        "pct1ResTime": 735.6999999999998,
        "pct2ResTime": 1039.0499999999984,
        "pct3ResTime": 1994.6999999999953,
        "throughput": 17.705475196550253,
        "receivedKBytesPerSec": 899.7409684539361,
        "sentKBytesPerSec": 8.969195958545612,
        "memMaxMB": 5121.2,
        "memAvgMB": 4071.9,
        "memMinMB": 2305.0,
        "cpuMax%": 99.9,
        "cpuAvg%": 79.2,
        "cpuMin%": 12.7,
        "dashboard": "results/details/compare-major/20201010-101737/qgis218-stock/somap218_lk/lk_big.txt/dashboard/index.html"
      }
    },
    "somap218_grundplanav_farbig": {
      "av_f_big.txt": {
        "transaction": "Total",
        "sampleCount": 735,
        "errorCount": 0,
        "errorPct": 0.0,
        "meanResTime": 857.6925170068029,
        "medianResTime": 648.0,
        "minResTime": 216.0,
        "maxResTime": 9755.0,
        "pct1ResTime": 1462.1999999999998,
        "pct2ResTime": 1842.1999999999996,
        "pct3ResTime": 3161.079999999997,
        "throughput": 11.400651465798045,
        "receivedKBytesPerSec": 1995.3737869842562,
        "sentKBytesPerSec": 5.019625164805336,
        "memMaxMB": 4058.6,
        "memAvgMB": 3603.2,
        "memMinMB": 2849.7,
        "cpuMax%": 99.2,
        "cpuAvg%": 95.9,
        "cpuMin%": 33.0,
        "dashboard": "results/details/compare-major/20201010-101737/qgis218-stock/somap218_grundplanav_farbig/av_f_big.txt/dashboard/index.html"
      }
    },
    "somap218_grundplanav_sw": {
      "av_sw_big.txt": {
        "transaction": "Total",
        "sampleCount": 5191,
        "errorCount": 1,
        "errorPct": 0.019264111,
        "meanResTime": 976.329994220768,
        "medianResTime": 567.0,
        "minResTime": 207.0,
        "maxResTime": 90095.0,
        "pct1ResTime": 2191.0,
        "pct2ResTime": 2724.999999999998,
        "pct3ResTime": 5294.32,
        "throughput": 10.137860054175349,
        "receivedKBytesPerSec": 3155.663363703419,
        "sentKBytesPerSec": 4.41524053676854,
        "memMaxMB": 9319.7,
        "memAvgMB": 7494.2,
        "memMinMB": 3439.7,
        "cpuMax%": 99.9,
        "cpuAvg%": 98.2,
        "cpuMin%": 13.2,
        "dashboard": "results/details/compare-major/20201010-101737/qgis218-stock/somap218_grundplanav_sw/av_sw_big.txt/dashboard/index.html"
      }
    }
  },
  "qgis310-stock": {
    "somap310_lk": {
      "lk_big.txt": {
        "transaction": "Total",
        "sampleCount": 5272,
        "errorCount": 0,
        "errorPct": 0.0,
        "meanResTime": 354.6382776934748,
        "medianResTime": 193.0,
        "minResTime": 27.0,
        "maxResTime": 3093.0,
        "pct1ResTime": 877.0,
        "pct2ResTime": 1155.3499999999995,
        "pct3ResTime": 1828.2399999999943,
        "throughput": 27.824838629658366,
        "receivedKBytesPerSec": 1327.2519019648785,
        "sentKBytesPerSec": 14.095438129383917,
        "memMaxMB": 4827.5,
        "memAvgMB": 3535.5,
        "memMinMB": 2346.0,
        "cpuMax%": 88.9,
        "cpuAvg%": 71.4,
        "cpuMin%": 14.6,
        "dashboard": "results/details/compare-major/20201010-101737/qgis310-stock/somap310_lk/lk_big.txt/dashboard/index.html"
      }
    },
    "somap310_grundplanav_farbig": {
      "av_f_big.txt": {
        "transaction": "Total",
        "sampleCount": 735,
        "errorCount": 0,
        "errorPct": 0.0,
        "meanResTime": 1014.635374149659,
        "medianResTime": 924.0,
        "minResTime": 188.0,
        "maxResTime": 4429.0,
        "pct1ResTime": 1675.6,
        "pct2ResTime": 1961.3999999999996,
        "pct3ResTime": 3210.3999999999987,
        "throughput": 9.732521186440678,
        "receivedKBytesPerSec": 1424.3256649728548,
        "sentKBytesPerSec": 4.285159353482522,
        "memMaxMB": 5119.7,
        "memAvgMB": 4276.4,
        "memMinMB": 2459.1,
        "cpuMax%": 99.0,
        "cpuAvg%": 72.2,
        "cpuMin%": 25.0,
        "dashboard": "results/details/compare-major/20201010-101737/qgis310-stock/somap310_grundplanav_farbig/av_f_big.txt/dashboard/index.html"
      }
    },
    "somap310_grundplanav_sw": {
      "av_sw_big.txt": {
        "transaction": "Total",
        "sampleCount": 5191,
        "errorCount": 1,
        "errorPct": 0.019264111,
        "meanResTime": 997.5906376420733,
        "medianResTime": 834.0,
        "minResTime": 179.0,
        "maxResTime": 6224.0,
        "pct1ResTime": 1822.0,
        "pct2ResTime": 2281.199999999999,
        "pct3ResTime": 3257.439999999995,
        "throughput": 9.963742036780047,
        "receivedKBytesPerSec": 2696.0498333758005,
        "sentKBytesPerSec": 4.33940866253894,
        "memMaxMB": 9052.0,
        "memAvgMB": 7349.6,
        "memMinMB": 3886.4,
        "cpuMax%": 98.9,
        "cpuAvg%": 73.1,
        "cpuMin%": 21.1,
        "dashboard": "results/details/compare-major/20201010-101737/qgis310-stock/somap310_grundplanav_sw/av_sw_big.txt/dashboard/index.html"
      }
    }
  },
  "qgis314-stock": {
    "somap314_lk": {
      "lk_big.txt": {
        "transaction": "Total",
        "sampleCount": 5272,
        "errorCount": 0,
        "errorPct": 0.0,
        "meanResTime": 357.8638088012138,
        "medianResTime": 197.5,
        "minResTime": 32.0,
        "maxResTime": 4333.0,
        "pct1ResTime": 847.0,
        "pct2ResTime": 1144.3499999999995,
        "pct3ResTime": 1933.8099999999986,
        "throughput": 27.565148282929684,
        "receivedKBytesPerSec": 1314.187503227023,
        "sentKBytesPerSec": 13.963884834005208,
        "memMaxMB": 5626.5,
        "memAvgMB": 3543.3,
        "memMinMB": 2362.2,
        "cpuMax%": 87.2,
        "cpuAvg%": 71.9,
        "cpuMin%": 14.7,
        "dashboard": "results/details/compare-major/20201010-101737/qgis314-stock/somap314_lk/lk_big.txt/dashboard/index.html"
      }
    },
    "somap314_grundplanav_farbig": {
      "av_f_big.txt": {
        "transaction": "Total",
        "sampleCount": 735,
        "errorCount": 0,
        "errorPct": 0.0,
        "meanResTime": 1059.6938775510218,
        "medianResTime": 958.0,
        "minResTime": 198.0,
        "maxResTime": 4306.0,
        "pct1ResTime": 1756.0,
        "pct2ResTime": 1980.1999999999998,
        "pct3ResTime": 2796.5199999999995,
        "throughput": 9.316415905086636,
        "receivedKBytesPerSec": 1363.3638628823217,
        "sentKBytesPerSec": 4.101951179128693,
        "memMaxMB": 4944.8,
        "memAvgMB": 4124.7,
        "memMinMB": 2665.9,
        "cpuMax%": 96.1,
        "cpuAvg%": 72.6,
        "cpuMin%": 25.3,
        "dashboard": "results/details/compare-major/20201010-101737/qgis314-stock/somap314_grundplanav_farbig/av_f_big.txt/dashboard/index.html"
      }
    },
    "somap314_grundplanav_sw": {
      "av_sw_big.txt": {
        "transaction": "Total",
        "sampleCount": 5191,
        "errorCount": 1,
        "errorPct": 0.019264111,
        "meanResTime": 1035.6908110190718,
        "medianResTime": 849.0,
        "minResTime": 187.0,
        "maxResTime": 6705.0,
        "pct1ResTime": 1919.0,
        "pct2ResTime": 2364.7999999999993,
        "pct3ResTime": 3396.16,
        "throughput": 9.593314433770832,
        "receivedKBytesPerSec": 2595.8777131641027,
        "sentKBytesPerSec": 4.178080042889009,
        "memMaxMB": 9047.8,
        "memAvgMB": 7155.2,
        "memMinMB": 3765.2,
        "cpuMax%": 93.0,
        "cpuAvg%": 73.2,
        "cpuMin%": 17.1,
        "dashboard": "results/details/compare-major/20201010-101737/qgis314-stock/somap314_grundplanav_sw/av_sw_big.txt/dashboard/index.html"
      }
    }
  },