{
  "qgis310-singlethread-multiinstance": {
    "somap310_lk": {
      "lk_big.txt": {
        "transaction": "Total",
        "sampleCount": 5272,
        "errorCount": 0,
        "errorPct": 0.0,
        "meanResTime": 426.2655538694997,
        "medianResTime": 251.0,
        "minResTime": 29.0,
        "maxResTime": 3664.0,
        "pct1ResTime": 1032.0999999999995,
        "pct2ResTime": 1325.699999999999,
        "pct3ResTime": 2134.209999999989,
        "throughput": 27.823957525187755,
        "receivedKBytesPerSec": 1327.06874135779,
        "sentKBytesPerSec": 14.094991781654237,
        "memMaxMB": 5056.2,
        "memAvgMB": 3549.1,
        "memMinMB": 2312.5,
        "cpuMax%": 84.3,
        "cpuAvg%": 73.0,
        "cpuMin%": 13.5,
        "dashboard": "results/details/compare-deployment/20201010-074903/qgis310-singlethread-multiinstance/somap310_lk/lk_big.txt/dashboard/index.html"
      }
    },
    "somap310_grundplanav_farbig": {
      "av_f_big.txt": {
        "transaction": "Total",
        "sampleCount": 735,
        "errorCount": 0,
        "errorPct": 0.0,
        "meanResTime": 1254.243537414968,
        "medianResTime": 1166.0,
        "minResTime": 382.0,
        "maxResTime": 4145.0,
        "pct1ResTime": 1882.6,
        "pct2ResTime": 2131.3999999999996,
        "pct3ResTime": 3211.239999999998,
        "throughput": 9.447422203370223,
        "receivedKBytesPerSec": 1382.6003396974895,
        "sentKBytesPerSec": 4.159632313718685,
        "memMaxMB": 5012.0,
        "memAvgMB": 4133.4,
        "memMinMB": 2665.9,
        "cpuMax%": 99.1,
        "cpuAvg%": 73.5,
        "cpuMin%": 27.4,
        "dashboard": "results/details/compare-deployment/20201010-074903/qgis310-singlethread-multiinstance/somap310_grundplanav_farbig/av_f_big.txt/dashboard/index.html"
      }
    },
    "somap310_grundplanav_sw": {
      "av_sw_big.txt": {
        "transaction": "Total",
        "sampleCount": 5191,
        "errorCount": 1,
        "errorPct": 0.019264111,
        "meanResTime": 1225.1439029088808,
        "medianResTime": 1095.0,
        "minResTime": 208.0,
        "maxResTime": 6860.0,
        "pct1ResTime": 2107.0,
        "pct2ResTime": 2547.3999999999996,
        "pct3ResTime": 3709.959999999999,
        "throughput": 9.743471348638336,
        "receivedKBytesPerSec": 2636.555063001274,
        "sentKBytesPerSec": 4.243476378393368,
        "memMaxMB": 9396.7,
        "memAvgMB": 7288.1,
        "memMinMB": 3733.8,
        "cpuMax%": 94.8,
        "cpuAvg%": 73.6,
        "cpuMin%": 14.0,
        "dashboard": "results/details/compare-deployment/20201010-074903/qgis310-singlethread-multiinstance/somap310_grundplanav_sw/av_sw_big.txt/dashboard/index.html"
      }
    }
  },
  "qgis310-multithread-singleinstance": {
    "somap310_lk": {
      "lk_big.txt": {
        "transaction": "Total",
        "sampleCount": 5272,
        "errorCount": 0,
        "errorPct": 0.0,
        "meanResTime": 2055.353566009109,
        "medianResTime": 1515.0,
        "minResTime": 144.0,
        "maxResTime": 12730.0,
        "pct1ResTime": 4043.0999999999995,
        "pct2ResTime": 4983.4999999999945,
        "pct3ResTime": 7739.309999999975,
        "throughput": 5.79899529546607,
        "receivedKBytesPerSec": 276.6012246486449,
        "sentKBytesPerSec": 2.9376407348758087,
        "memMaxMB": 3919.9,
        "memAvgMB": 2893.4,
        "memMinMB": 2055.4,
        "cpuMax%": 40.0,
        "cpuAvg%": 15.6,
        "cpuMin%": 10.4,
        "dashboard": "results/details/compare-deployment/20201010-074903/qgis310-multithread-singleinstance/somap310_lk/lk_big.txt/dashboard/index.html"
      }
    },
    "somap310_grundplanav_farbig": {
      "av_f_big.txt": {
        "transaction": "Total",
        "sampleCount": 735,
        "errorCount": 0,
        "errorPct": 0.0,
        "meanResTime": 5146.646258503399,
        "medianResTime": 5312.0,
        "minResTime": 2295.0,
        "maxResTime": 8390.0,
        "pct1ResTime": 6538.399999999998,
        "pct2ResTime": 7414.199999999999,
        "pct3ResTime": 7936.28,
        "throughput": 2.314552393908476,
        "receivedKBytesPerSec": 338.7270332093001,
        "sentKBytesPerSec": 1.0190808373168827,
        "memMaxMB": 3069.7,
        "memAvgMB": 2625.2,
        "memMinMB": 2141.7,
        "cpuMax%": 34.7,
        "cpuAvg%": 17.5,
        "cpuMin%": 12.5,
        "dashboard": "results/details/compare-deployment/20201010-074903/qgis310-multithread-singleinstance/somap310_grundplanav_farbig/av_f_big.txt/dashboard/index.html"
      }
    },
    "somap310_grundplanav_sw": {
      "av_sw_big.txt": {
        "transaction": "Total",
        "sampleCount": 5191,
        "errorCount": 1,
        "errorPct": 0.019264111,
        "meanResTime": 5810.225582739356,
        "medianResTime": 5705.0,
        "minResTime": 2083.0,
        "maxResTime": 22461.0,
        "pct1ResTime": 8306.6,
        "pct2ResTime": 9526.599999999999,
        "pct3ResTime": 12793.639999999998,
        "throughput": 2.062341430933612,
        "receivedKBytesPerSec": 558.0591842620971,
        "sentKBytesPerSec": 0.8981908842552091,
        "memMaxMB": 8207.1,
        "memAvgMB": 5819.7,
        "memMinMB": 2310.3,
        "cpuMax%": 36.8,
        "cpuAvg%": 15.0,
        "cpuMin%": 12.4,
        "dashboard": "results/details/compare-deployment/20201010-074903/qgis310-multithread-singleinstance/somap310_grundplanav_sw/av_sw_big.txt/dashboard/index.html"
      }
    }
  },
  "qgis310-balanced": {
    "somap310_lk": {
      "lk_big.txt": {
        "transaction": "Total",
        "sampleCount": 5272,
        "errorCount": 0,
        "errorPct": 0.0,
        "meanResTime": 738.0830804248851,
        "medianResTime": 577.0,
        "minResTime": 59.0,
        "maxResTime": 4894.0,
        "pct1ResTime": 1580.6999999999998,
        "pct2ResTime": 1952.7499999999973,
        "pct3ResTime": 3049.619999999997,
        "throughput": 16.110352245884556,
        "receivedKBytesPerSec": 768.4090937630828,
        "sentKBytesPerSec": 8.161142508204913,
        "memMaxMB": 4303.6,
        "memAvgMB": 3143.2,
        "memMinMB": 2217.3,
        "cpuMax%": 72.3,
        "cpuAvg%": 41.9,
        "cpuMin%": 11.1,
        "dashboard": "results/details/compare-deployment/20201010-074903/qgis310-balanced/somap310_lk/lk_big.txt/dashboard/index.html"
      }
    },
    "somap310_grundplanav_farbig": {
      "av_f_big.txt": {
        "transaction": "Total",
        "sampleCount": 735,
        "errorCount": 0,
        "errorPct": 0.0,
        "meanResTime": 1843.7687074829926,
        "medianResTime": 1815.0,
        "minResTime": 580.0,
        "maxResTime": 4928.0,
        "pct1ResTime": 2531.3999999999996,
        "pct2ResTime": 2847.999999999998,
        "pct3ResTime": 3790.2799999999997,
        "throughput": 6.424881336375318,
        "receivedKBytesPerSec": 940.2629960434532,
        "sentKBytesPerSec": 2.828829223813145,
        "memMaxMB": 3827.5,
        "memAvgMB": 3416.6,
        "memMinMB": 2330.3,
        "cpuMax%": 78.0,
        "cpuAvg%": 44.1,
        "cpuMin%": 25.8,
        "dashboard": "results/details/compare-deployment/20201010-074903/qgis310-balanced/somap310_grundplanav_farbig/av_f_big.txt/dashboard/index.html"
      }
    },
    "somap310_grundplanav_sw": {
      "av_sw_big.txt": {
        "transaction": "Total",
        "sampleCount": 5191,
        "errorCount": 1,
        "errorPct": 0.019264111,
        "meanResTime": 2008.9782315546147,
        "medianResTime": 1871.0,
        "minResTime": 700.0,
        "maxResTime": 10211.0,
        "pct1ResTime": 3149.8,
        "pct2ResTime": 3616.199999999999,
        "pct3ResTime": 5324.5999999999985,
        "throughput": 5.951241322778316,
        "receivedKBytesPerSec": 1610.362199664949,
        "sentKBytesPerSec": 2.5918844600346227,
        "memMaxMB": 8495.3,
        "memAvgMB": 6658.1,
        "memMinMB": 3160.8,
        "cpuMax%": 76.0,
        "cpuAvg%": 41.5,