{
  "Total" : {
    "transaction" : "Total",
    "sampleCount" : 735,
    "errorCount" : 0,
    "errorPct" : 0.0,
    "meanResTime" : 1070.7360544217674,
    "medianResTime" : 964.0,
    "minResTime" : 205.0,
    "maxResTime" : 3475.0,
    "pct1ResTime" : 1815.4,
    "pct2ResTime" : 2045.199999999999,
    "pct3ResTime" : 2798.2799999999997,
    "throughput" : 9.213297232250302,
    "receivedKBytesPerSec" : 1348.2777044278669,
    "sentKBytesPerSec" : 4.056548766232952
  },
  "HTTP Request" : {
    "transaction" : "HTTP Request",
    "sampleCount" : 735,
    "errorCount" : 0,
    "errorPct" : 0.0,
    "meanResTime" : 1070.7360544217674,
    "medianResTime" : 964.0,
    "minResTime" : 205.0,
    "maxResTime" : 3475.0,
    "pct1ResTime" : 1815.4,
    "pct2ResTime" : 2045.199999999999,
    "pct3ResTime" : 2798.2799999999997,
    "throughput" : 9.213297232250302,
    "receivedKBytesPerSec" : 1348.2777044278669,
    "sentKBytesPerSec" : 4.056548766232952
  }
}