{
  "qgis310-singlethread-multiinstance": {
    "somap310_lk": {
      "lk_big.txt": {
        "transaction": "Total",
        "sampleCount": 5262,
        "errorCount": 0,
        "errorPct": 0.0,
        "meanResTime": 429.5900798175595,
        "medianResTime": 256.0,
        "minResTime": 31.0,
        "maxResTime": 3592.0,
        "pct1ResTime": 1016.3999999999996,
        "pct2ResTime": 1296.8499999999995,
        "pct3ResTime": 2108.1799999999985,
        "throughput": 27.58743623485496,
        "receivedKBytesPerSec": 1305.8068869223782,
        "sentKBytesPerSec": 13.974516756208745,
        "memMaxMB": 5507.3,
        "memAvgMB": 3506.0,
        "memMinMB": 2246.7,
        "cpuMax%": 95.6,
        "cpuAvg%": 74.4,
        "cpuMin%": 13.0,
        "dashboard": "results/details/compare-deployment/20201011-003531/qgis310-singlethread-multiinstance/somap310_lk/lk_big.txt/dashboard/index.html"
      }
    },
    "somap310_grundplanav_farbig": {
      "av_f_big.txt": {
        "transaction": "Total",
        "sampleCount": 735,
        "errorCount": 0,
        "errorPct": 0.0,
        "meanResTime": 1242.3904761904757,
        "medianResTime": 1152.0,
        "minResTime": 397.0,
        "maxResTime": 3893.0,
        "pct1ResTime": 1858.8,
        "pct2ResTime": 2273.2,
        "pct3ResTime": 3261.72,
        "throughput": 9.522822383167277,
        "receivedKBytesPerSec": 1393.631298747781,
        "sentKBytesPerSec": 4.19283047270772,
        "memMaxMB": 4923.9,
        "memAvgMB": 4193.1,
        "memMinMB": 2599.6,
        "cpuMax%": 96.2,
        "cpuAvg%": 73.6,
        "cpuMin%": 26.2,
        "dashboard": "results/details/compare-deployment/20201011-003531/qgis310-singlethread-multiinstance/somap310_grundplanav_farbig/av_f_big.txt/dashboard/index.html"
      }
    },
    "somap310_grundplanav_sw": {
      "av_sw_big.txt": {
        "transaction": "Total",
        "sampleCount": 5190,
        "errorCount": 0,
        "errorPct": 0.0,
        "meanResTime": 1221.9061657032719,
        "medianResTime": 1094.0,
        "minResTime": 218.0,
        "maxResTime": 9789.0,
        "pct1ResTime": 2095.9000000000005,
        "pct2ResTime": 2512.45,
        "pct3ResTime": 3455.1300000000083,
        "throughput": 9.765661750593654,
        "receivedKBytesPerSec": 2643.047937239159,
        "sentKBytesPerSec": 4.253219704809824,
        "memMaxMB": 9706.9,
        "memAvgMB": 7412.6,
        "memMinMB": 3866.3,
        "cpuMax%": 93.4,
        "cpuAvg%": 74.0,
        "cpuMin%": 12.8,
        "dashboard": "results/details/compare-deployment/20201011-003531/qgis310-singlethread-multiinstance/somap310_grundplanav_sw/av_sw_big.txt/dashboard/index.html"
      }
    }
  },
  "qgis310-multithread-singleinstance": {
    "somap310_lk": {
      "lk_big.txt": {
        "transaction": "Total",
        "sampleCount": 5262,
        "errorCount": 0,
        "errorPct": 0.0,
        "meanResTime": 2079.0938806537447,
        "medianResTime": 1543.0,
        "minResTime": 171.0,
        "maxResTime": 12631.0,
        "pct1ResTime": 4081.7999999999993,
        "pct2ResTime": 5025.849999999999,
        "pct3ResTime": 7794.0,
        "throughput": 5.7325007299079225,
        "receivedKBytesPerSec": 271.3491758559941,
        "sentKBytesPerSec": 2.9038192176721602,
        "memMaxMB": 4317.3,
        "memAvgMB": 2857.5,
        "memMinMB": 1958.9,
        "cpuMax%": 43.6,
        "cpuAvg%": 15.9,
        "cpuMin%": 9.9,
        "dashboard": "results/details/compare-deployment/20201011-003531/qgis310-multithread-singleinstance/somap310_lk/lk_big.txt/dashboard/index.html"
      }
    },
    "somap310_grundplanav_farbig": {
      "av_f_big.txt": {
        "transaction": "Total",
        "sampleCount": 735,
        "errorCount": 0,
        "errorPct": 0.0,
        "meanResTime": 5036.228571428574,
        "medianResTime": 5112.0,
        "minResTime": 2338.0,
        "maxResTime": 8325.0,
        "pct1ResTime": 6497.4,
        "pct2ResTime": 7322.0,
        "pct3ResTime": 7808.2,
        "throughput": 2.364857255929035,
        "receivedKBytesPerSec": 346.0862737280044,
        "sentKBytesPerSec": 1.0412297076746857,
        "memMaxMB": 3084.7,
        "memAvgMB": 2719.2,
        "memMinMB": 1998.5,
        "cpuMax%": 39.8,
        "cpuAvg%": 16.1,
        "cpuMin%": 12.5,
        "dashboard": "results/details/compare-deployment/20201011-003531/qgis310-multithread-singleinstance/somap310_grundplanav_farbig/av_f_big.txt/dashboard/index.html"
      }
    },
    "somap310_grundplanav_sw": {
      "av_sw_big.txt": {
        "transaction": "Total",
        "sampleCount": 5190,
        "errorCount": 0,
        "errorPct": 0.0,
        "meanResTime": 5826.5179190751505,
        "medianResTime": 5695.0,
        "minResTime": 2129.0,
        "maxResTime": 22552.0,
        "pct1ResTime": 8285.400000000003,
        "pct2ResTime": 9450.9,
        "pct3ResTime": 13027.18,
        "throughput": 2.0565165620907524,
        "receivedKBytesPerSec": 556.5851815215152,
        "sentKBytesPerSec": 0.8956706661092807,
        "memMaxMB": 7764.9,
        "memAvgMB": 5984.7,
        "memMinMB": 2486.6,
        "cpuMax%": 37.7,
        "cpuAvg%": 14.7,
        "cpuMin%": 12.4,
        "dashboard": "results/details/compare-deployment/20201011-003531/qgis310-multithread-singleinstance/somap310_grundplanav_sw/av_sw_big.txt/dashboard/index.html"
      }
    }
  },
  "qgis310-balanced": {
    "somap310_lk": {
      "lk_big.txt": {
        "transaction": "Total",
        "sampleCount": 5262,
        "errorCount": 0,
        "errorPct": 0.0,
        "meanResTime": 750.6480425693661,
        "medianResTime": 565.0,
        "minResTime": 38.0,
        "maxResTime": 4970.0,
        "pct1ResTime": 1608.6999999999998,
        "pct2ResTime": 2049.699999999999,
        "pct3ResTime": 3213.7699999999977,
        "throughput": 15.853074357607037,
        "receivedKBytesPerSec": 750.3891121538354,
        "sentKBytesPerSec": 8.030432815931707,
        "memMaxMB": 4488.2,
        "memAvgMB": 3131.5,
        "memMinMB": 2128.3,
        "cpuMax%": 58.1,
        "cpuAvg%": 42.7,
        "cpuMin%": 10.1,
        "dashboard": "results/details/compare-deployment/20201011-003531/qgis310-balanced/somap310_lk/lk_big.txt/dashboard/index.html"
      }
    },
    "somap310_grundplanav_farbig": {
      "av_f_big.txt": {
        "transaction": "Total",
        "sampleCount": 735,
        "errorCount": 0,
        "errorPct": 0.0,
        "meanResTime": 2062.0761904761907,
        "medianResTime": 2019.0,
        "minResTime": 833.0,
        "maxResTime": 4661.0,
        "pct1ResTime": 2833.0,
        "pct2ResTime": 3082.0,
        "pct3ResTime": 4315.32,
        "throughput": 5.756083044223947,
        "receivedKBytesPerSec": 842.3843221869591,
        "sentKBytesPerSec": 2.5343621271272054,
        "memMaxMB": 3704.7,
        "memAvgMB": 3161.3,
        "memMinMB": 2331.1,
        "cpuMax%": 74.0,
        "cpuAvg%": 46.4,
        "cpuMin%": 25.4,
        "dashboard": "results/details/compare-deployment/20201011-003531/qgis310-balanced/somap310_grundplanav_farbig/av_f_big.txt/dashboard/index.html"
      }
    },
    "somap310_grundplanav_sw": {
      "av_sw_big.txt": {
        "transaction": "Total",
        "sampleCount": 5190,
        "errorCount": 0,
        "errorPct": 0.0,
        "meanResTime": 2170.837957610784,
        "medianResTime": 2055.5,
        "minResTime": 735.0,
        "maxResTime": 8186.0,
        "pct1ResTime": 3410.9000000000005,
        "pct2ResTime": 3845.8999999999996,
        "pct3ResTime": 5519.800000000003,
        "throughput": 5.511853671436172,
        "receivedKBytesPerSec": 1491.7361595240238,
        "sentKBytesPerSec": 2.400566929727583,
        "memMaxMB": 8651.2,
        "memAvgMB": 6375.1,
        "memMinMB": 2711.6,
        "cpuMax%": 71.2,
        "cpuAvg%": 43.1,
        "cpuMin%": 22.9,