{
  "Total" : {
    "transaction" : "Total",
    "sampleCount" : 20,
    "errorCount" : 0,
    "errorPct" : 0.0,
    "meanResTime" : 3012.2000000000003,
    "medianResTime" : 3262.0,
    "minResTime" : 259.0,
    "maxResTime" : 5757.0,
    "pct1ResTime" : 5592.200000000003,
    "pct2ResTime" : 5753.85,
    "pct3ResTime" : 5757.0,
    "throughput" : 2.6136957658128592,
    "receivedKBytesPerSec" : 813.2299970595923,
    "sentKBytesPerSec" : 1.0944851019341348
  },
  "HTTP Request" : {
    "transaction" : "HTTP Request",
    "sampleCount" : 20,
    "errorCount" : 0,
    "errorPct" : 0.0,
    "meanResTime" : 3012.2000000000003,
    "medianResTime" : 3262.0,
    "minResTime" : 259.0,
    "maxResTime" : 5757.0,
    "pct1ResTime" : 5592.200000000003,
    "pct2ResTime" : 5753.85,
    "pct3ResTime" : 5757.0,
    "throughput" : 2.6136957658128592,
    "receivedKBytesPerSec" : 813.2299970595923,
    "sentKBytesPerSec" : 1.0944851019341348
  }
}