{
  "Total" : {
    "transaction" : "Total",
    "sampleCount" : 735,
    "errorCount" : 0,
    "errorPct" : 0.0,
    "meanResTime" : 491.51156462585027,
    "medianResTime" : 438.0,
    "minResTime" : 194.0,
    "maxResTime" : 2886.0,
    "pct1ResTime" : 731.3999999999999,
    "pct2ResTime" : 885.1999999999992,
    "pct3ResTime" : 1311.2799999999993,
    "throughput" : 2.0279890074718288,
    "receivedKBytesPerSec" : 296.7928338956289,
    "sentKBytesPerSec" : 0.8929090312420674
  },
  "HTTP Request" : {
    "transaction" : "HTTP Request",
    "sampleCount" : 735,
    "errorCount" : 0,
    "errorPct" : 0.0,
    "meanResTime" : 491.51156462585027,
    "medianResTime" : 438.0,
    "minResTime" : 194.0,
    "maxResTime" : 2886.0,
    "pct1ResTime" : 731.3999999999999,
    "pct2ResTime" : 885.1999999999992,
    "pct3ResTime" : 1311.2799999999993,
    "throughput" : 2.0279890074718288,
    "receivedKBytesPerSec" : 296.7928338956289,
    "sentKBytesPerSec" : 0.8929090312420674
  }
}