{
  "Total" : {
    "transaction" : "Total",
    "sampleCount" : 20,
    "errorCount" : 0,
    "errorPct" : 0.0,
    "meanResTime" : 21252.9,
    "medianResTime" : 22770.5,
    "minResTime" : 2589.0,
    "maxResTime" : 30739.0,
    "pct1ResTime" : 30361.2,
    "pct2ResTime" : 30720.3,
    "pct3ResTime" : 30739.0,
    "throughput" : 0.3611151235013722,
    "receivedKBytesPerSec" : 175.86347069437923,
    "sentKBytesPerSec" : 0.14733779160046223
  },
  "HTTP Request" : {
    "transaction" : "HTTP Request",
    "sampleCount" : 20,
    "errorCount" : 0,
    "errorPct" : 0.0,
    "meanResTime" : 21252.9,
    "medianResTime" : 22770.5,
    "minResTime" : 2589.0,
    "maxResTime" : 30739.0,
    "pct1ResTime" : 30361.2,
    "pct2ResTime" : 30720.3,
    "pct3ResTime" : 30739.0,
    "throughput" : 0.3611151235013722,
    "receivedKBytesPerSec" : 175.86347069437923,
    "sentKBytesPerSec" : 0.14733779160046223
  }
}