{
  "Total" : {
    "transaction" : "Total",
    "sampleCount" : 20,
    "errorCount" : 0,
    "errorPct" : 0.0,
    "meanResTime" : 18914.15,
    "medianResTime" : 20083.5,
    "minResTime" : 2513.0,
    "maxResTime" : 27265.0,
    "pct1ResTime" : 27159.4,
    "pct2ResTime" : 27259.95,
    "pct3ResTime" : 27265.0,
    "throughput" : 0.4032258064516129,
    "receivedKBytesPerSec" : 196.37128276209677,
    "sentKBytesPerSec" : 0.16451927923387097
  },
  "HTTP Request" : {
    "transaction" : "HTTP Request",
    "sampleCount" : 20,
    "errorCount" : 0,
    "errorPct" : 0.0,
    "meanResTime" : 18914.15,
    "medianResTime" : 20083.5,
    "minResTime" : 2513.0,
    "maxResTime" : 27265.0,
    "pct1ResTime" : 27159.4,
    "pct2ResTime" : 27259.95,
    "pct3ResTime" : 27265.0,
    "throughput" : 0.4032258064516129,
    "receivedKBytesPerSec" : 196.37128276209677,
    "sentKBytesPerSec" : 0.16451927923387097
  }
}