{
  "Total" : {
    "transaction" : "Total",
    "sampleCount" : 20,
    "errorCount" : 0,
    "errorPct" : 0.0,
    "meanResTime" : 2521.0,
    "medianResTime" : 2050.5,
    "minResTime" : 1299.0,
    "maxResTime" : 4275.0,
    "pct1ResTime" : 4176.4,
    "pct2ResTime" : 4270.1,
    "pct3ResTime" : 4275.0,
    "throughput" : 2.765486725663717,
    "receivedKBytesPerSec" : 860.1623805223313,
    "sentKBytesPerSec" : 1.1580475663716814
  },
  "HTTP Request" : {
    "transaction" : "HTTP Request",
    "sampleCount" : 20,
    "errorCount" : 0,
    "errorPct" : 0.0,
    "meanResTime" : 2521.0,
    "medianResTime" : 2050.5,
    "minResTime" : 1299.0,
    "maxResTime" : 4275.0,
    "pct1ResTime" : 4176.4,
    "pct2ResTime" : 4270.1,
    "pct3ResTime" : 4275.0,
    "throughput" : 2.765486725663717,
    "receivedKBytesPerSec" : 860.1623805223313,
    "sentKBytesPerSec" : 1.1580475663716814
  }
}