{
  "Total" : {
    "transaction" : "Total",
    "sampleCount" : 735,
    "errorCount" : 0,
    "errorPct" : 0.0,
    "meanResTime" : 457.60544217687067,
    "medianResTime" : 380.0,
    "minResTime" : 175.0,
    "maxResTime" : 2851.0,
    "pct1ResTime" : 688.9999999999999,
    "pct2ResTime" : 832.0,
    "pct3ResTime" : 1615.1199999999992,
    "throughput" : 2.1782231033900263,
    "receivedKBytesPerSec" : 318.7777417827645,
    "sentKBytesPerSec" : 0.9590560273804126
  },
  "HTTP Request" : {
    "transaction" : "HTTP Request",
    "sampleCount" : 735,
    "errorCount" : 0,
    "errorPct" : 0.0,
    "meanResTime" : 457.60544217687067,
    "medianResTime" : 380.0,
    "minResTime" : 175.0,
    "maxResTime" : 2851.0,
    "pct1ResTime" : 688.9999999999999,
    "pct2ResTime" : 832.0,
    "pct3ResTime" : 1615.1199999999992,
    "throughput" : 2.1782231033900263,
    "receivedKBytesPerSec" : 318.7777417827645,
    "sentKBytesPerSec" : 0.9590560273804126
  }
}