{
  "Total" : {
    "transaction" : "Total",
    "sampleCount" : 30,
    "errorCount" : 0,
    "errorPct" : 0.0,
    "meanResTime" : 14048.666666666666,
    "medianResTime" : 16553.5,
    "minResTime" : 1887.0,
    "maxResTime" : 16830.0,
    "pct1ResTime" : 16687.6,
    "pct2ResTime" : 16773.35,
    "pct3ResTime" : 16830.0,
    "throughput" : 0.6025185274447189,
    "receivedKBytesPerSec" : 16.331782475748632,
    "sentKBytesPerSec" : 0.2463814369062682
  },
  "HTTP Request" : {
    "transaction" : "HTTP Request",
    "sampleCount" : 30,
    "errorCount" : 0,
    "errorPct" : 0.0,
    "meanResTime" : 14048.666666666666,
    "medianResTime" : 16553.5,
    "minResTime" : 1887.0,
    "maxResTime" : 16830.0,
    "pct1ResTime" : 16687.6,
    "pct2ResTime" : 16773.35,
    "pct3ResTime" : 16830.0,
    "throughput" : 0.6025185274447189,
    "receivedKBytesPerSec" : 16.331782475748632,
    "sentKBytesPerSec" : 0.2463814369062682
  }
}