{
  "Total" : {
    "transaction" : "Total",
    "sampleCount" : 63,
    "errorCount" : 19,
    "errorPct" : 30.15873,
    "meanResTime" : 12790.571428571428,
    "medianResTime" : 3341.0,
    "minResTime" : 1.0,
    "maxResTime" : 120043.0,
    "pct1ResTime" : 60002.0,
    "pct2ResTime" : 60004.0,
    "pct3ResTime" : 120043.0,
    "throughput" : 0.4710597348606635,
    "receivedKBytesPerSec" : 77.02786863929161,
    "sentKBytesPerSec" : 0.3894026630763939
  },
  "HTTP Request" : {
    "transaction" : "HTTP Request",
    "sampleCount" : 63,
    "errorCount" : 19,
    "errorPct" : 30.15873,
    "meanResTime" : 12790.571428571428,
    "medianResTime" : 3341.0,
    "minResTime" : 1.0,
    "maxResTime" : 120043.0,
    "pct1ResTime" : 60002.0,
    "pct2ResTime" : 60004.0,
    "pct3ResTime" : 120043.0,
    "throughput" : 0.4710597348606635,
    "receivedKBytesPerSec" : 77.02786863929161,
    "sentKBytesPerSec" : 0.3894026630763939
  }
}