{
  "Total" : {
    "transaction" : "Total",
    "sampleCount" : 22,
    "errorCount" : 0,
    "errorPct" : 0.0,
    "meanResTime" : 23287.363636363636,
    "medianResTime" : 26725.0,
    "minResTime" : 3589.0,
    "maxResTime" : 30813.0,
    "pct1ResTime" : 30504.0,
    "pct2ResTime" : 30768.45,
    "pct3ResTime" : 30813.0,
    "throughput" : 0.3522367030644593,
    "receivedKBytesPerSec" : 46.08712679920907,
    "sentKBytesPerSec" : 0.1449411504531045
  },
  "HTTP Request" : {
    "transaction" : "HTTP Request",
    "sampleCount" : 22,
    "errorCount" : 0,
    "errorPct" : 0.0,
    "meanResTime" : 23287.363636363636,
    "medianResTime" : 26725.0,
    "minResTime" : 3589.0,
    "maxResTime" : 30813.0,
    "pct1ResTime" : 30504.0,
    "pct2ResTime" : 30768.45,
    "pct3ResTime" : 30813.0,
    "throughput" : 0.3522367030644593,
    "receivedKBytesPerSec" : 46.08712679920907,
    "sentKBytesPerSec" : 0.1449411504531045
  }
}