{
  "Total" : {
    "transaction" : "Total",
    "sampleCount" : 20,
    "errorCount" : 0,
    "errorPct" : 0.0,
    "meanResTime" : 637.3000000000001,
    "medianResTime" : 413.5,
    "minResTime" : 205.0,
    "maxResTime" : 2349.0,
    "pct1ResTime" : 1334.0000000000005,
    "pct2ResTime" : 2299.2999999999993,
    "pct3ResTime" : 2349.0,
    "throughput" : 1.5614021391209307,
    "receivedKBytesPerSec" : 485.82669229155283,
    "sentKBytesPerSec" : 0.6538371457568897
  },
  "HTTP Request" : {
    "transaction" : "HTTP Request",
    "sampleCount" : 20,
    "errorCount" : 0,
    "errorPct" : 0.0,
    "meanResTime" : 637.3000000000001,
    "medianResTime" : 413.5,
    "minResTime" : 205.0,
    "maxResTime" : 2349.0,
    "pct1ResTime" : 1334.0000000000005,
    "pct2ResTime" : 2299.2999999999993,
    "pct3ResTime" : 2349.0,
    "throughput" : 1.5614021391209307,
    "receivedKBytesPerSec" : 485.82669229155283,
    "sentKBytesPerSec" : 0.6538371457568897
  }
}