{
  "Total" : {
    "transaction" : "Total",
    "sampleCount" : 20,
    "errorCount" : 0,
    "errorPct" : 0.0,
    "meanResTime" : 2526.2,
    "medianResTime" : 2658.5,
    "minResTime" : 437.0,
    "maxResTime" : 4245.0,
    "pct1ResTime" : 4161.5,
    "pct2ResTime" : 4241.45,
    "pct3ResTime" : 4245.0,
    "throughput" : 2.68781077812122,
    "receivedKBytesPerSec" : 836.3074677042737,
    "sentKBytesPerSec" : 1.1255207633382611
  },
  "HTTP Request" : {
    "transaction" : "HTTP Request",
    "sampleCount" : 20,
    "errorCount" : 0,
    "errorPct" : 0.0,
    "meanResTime" : 2526.2,
    "medianResTime" : 2658.5,
    "minResTime" : 437.0,
    "maxResTime" : 4245.0,
    "pct1ResTime" : 4161.5,
    "pct2ResTime" : 4241.45,
    "pct3ResTime" : 4245.0,
    "throughput" : 2.68781077812122,
    "receivedKBytesPerSec" : 836.3074677042737,
    "sentKBytesPerSec" : 1.1255207633382611
  }
}