{
  "Total" : {
    "transaction" : "Total",
    "sampleCount" : 735,
    "errorCount" : 0,
    "errorPct" : 0.0,
    "meanResTime" : 852.2231292517014,
    "medianResTime" : 794.0,
    "minResTime" : 170.0,
    "maxResTime" : 3747.0,
    "pct1ResTime" : 1308.3999999999996,
    "pct2ResTime" : 1675.5999999999995,
    "pct3ResTime" : 3018.16,
    "throughput" : 11.579909251323418,
    "receivedKBytesPerSec" : 1694.659791546863,
    "sentKBytesPerSec" : 5.098551083548651
  },
  "HTTP Request" : {
    "transaction" : "HTTP Request",
    "sampleCount" : 735,
    "errorCount" : 0,
    "errorPct" : 0.0,
    "meanResTime" : 852.2231292517014,
    "medianResTime" : 794.0,
    "minResTime" : 170.0,
    "maxResTime" : 3747.0,
    "pct1ResTime" : 1308.3999999999996,
    "pct2ResTime" : 1675.5999999999995,
    "pct3ResTime" : 3018.16,
    "throughput" : 11.579909251323418,
    "receivedKBytesPerSec" : 1694.659791546863,
    "sentKBytesPerSec" : 5.098551083548651
  }
}