{
  "Total" : {
    "transaction" : "Total",
    "sampleCount" : 5262,
    "errorCount" : 0,
    "errorPct" : 0.0,
    "meanResTime" : 424.82497149372887,
    "medianResTime" : 256.0,
    "minResTime" : 32.0,
    "maxResTime" : 3137.0,
    "pct1ResTime" : 1028.0,
    "pct2ResTime" : 1311.3999999999978,
    "pct3ResTime" : 2140.0,
    "throughput" : 27.90742076456362,
    "receivedKBytesPerSec" : 1321.0167466236105,
    "sentKBytesPerSec" : 14.136606090428636
  },
  "HTTP Request" : {
    "transaction" : "HTTP Request",
    "sampleCount" : 5262,
    "errorCount" : 0,
    "errorPct" : 0.0,
    "meanResTime" : 424.82497149372887,
    "medianResTime" : 256.0,
    "minResTime" : 32.0,
    "maxResTime" : 3137.0,
    "pct1ResTime" : 1028.0,
    "pct2ResTime" : 1311.3999999999978,
    "pct3ResTime" : 2140.0,
    "throughput" : 27.90742076456362,
    "receivedKBytesPerSec" : 1321.0167466236105,
    "sentKBytesPerSec" : 14.136606090428636
  }
}