{
  "Total" : {
    "transaction" : "Total",
    "sampleCount" : 735,
    "errorCount" : 0,
    "errorPct" : 0.0,
    "meanResTime" : 573.7659863945581,
    "medianResTime" : 539.0,
    "minResTime" : 169.0,
    "maxResTime" : 3826.0,
    "pct1ResTime" : 814.9999999999999,
    "pct2ResTime" : 966.5999999999998,
    "pct3ResTime" : 1785.0799999999995,
    "throughput" : 1.7384311545784599,
    "receivedKBytesPerSec" : 254.41216986808027,
    "sentKBytesPerSec" : 0.7654187830390614
  },
  "HTTP Request" : {
    "transaction" : "HTTP Request",
    "sampleCount" : 735,
    "errorCount" : 0,
    "errorPct" : 0.0,
    "meanResTime" : 573.7659863945581,
    "medianResTime" : 539.0,
    "minResTime" : 169.0,
    "maxResTime" : 3826.0,
    "pct1ResTime" : 814.9999999999999,
    "pct2ResTime" : 966.5999999999998,
    "pct3ResTime" : 1785.0799999999995,
    "throughput" : 1.7384311545784599,
    "receivedKBytesPerSec" : 254.41216986808027,
    "sentKBytesPerSec" : 0.7654187830390614
  }
}