{
  "qgis310-stock": {
    "somap310_lk": {
      "lk_big.txt": {
        "transaction": "Total",
        "sampleCount": 5262,
        "errorCount": 0,
        "errorPct": 0.0,
        "meanResTime": 310.77023945267865,
        "medianResTime": 167.0,
        "minResTime": 29.0,
        "maxResTime": 3487.0,
        "pct1ResTime": 758.6999999999998,
        "pct2ResTime": 1011.6999999999989,
        "pct3ResTime": 1670.2899999999981,
        "throughput": 31.76826433707445,
        "receivedKBytesPerSec": 1503.8166161640363,
        "sentKBytesPerSec": 16.09233052737311,
        "memMaxMB": 5290.4,
        "memAvgMB": 4125.7,
        "memMinMB": 2703.6,
        "cpuMax%": 95.1,
        "cpuAvg%": 80.9,
        "cpuMin%": 0.2,
        "dashboard": "results/details/compare-310/20201013-223215/qgis310-stock/somap310_lk/lk_big.txt/dashboard/index.html"
      }
    },
    "somap310_grundplanav_farbig": {
      "av_f_big.txt": {
        "transaction": "Total",
        "sampleCount": 735,
        "errorCount": 0,
        "errorPct": 0.0,
        "meanResTime": 848.9659863945576,
        "medianResTime": 779.0,
        "minResTime": 173.0,
        "maxResTime": 3337.0,
        "pct1ResTime": 1316.1999999999998,
        "pct2ResTime": 1516.7999999999988,
        "pct3ResTime": 2791.6399999999994,
        "throughput": 11.57225178700759,
        "receivedKBytesPerSec": 1693.5891164251188,
        "sentKBytesPerSec": 5.095179556869351,
        "memMaxMB": 5577.4,
        "memAvgMB": 4869.6,
        "memMinMB": 3387.2,
        "cpuMax%": 99.1,
        "cpuAvg%": 85.5,
        "cpuMin%": 29.2,
        "dashboard": "results/details/compare-310/20201013-223215/qgis310-stock/somap310_grundplanav_farbig/av_f_big.txt/dashboard/index.html"
      }
    },
    "somap310_grundplanav_sw": {
      "av_sw_big.txt": {
        "transaction": "Total",
        "sampleCount": 5190,
        "errorCount": 0,
        "errorPct": 0.0,
        "meanResTime": 858.6246628131013,
        "medianResTime": 710.5,
        "minResTime": 177.0,
        "maxResTime": 8676.0,
        "pct1ResTime": 1551.0,
        "pct2ResTime": 1962.0,
        "pct3ResTime": 2840.4500000000007,
        "throughput": 11.574099885151032,
        "receivedKBytesPerSec": 3132.4463775360155,
        "sentKBytesPerSec": 5.040845254953559,
        "memMaxMB": 9394.8,
        "memAvgMB": 7381.9,
        "memMinMB": 4430.6,
        "cpuMax%": 97.5,
        "cpuAvg%": 83.0,
        "cpuMin%": 13.3,
        "dashboard": "results/details/compare-310/20201013-223215/qgis310-stock/somap310_grundplanav_sw/av_sw_big.txt/dashboard/index.html"
      }
    }
  },
  "qgis310-maxcache20": {
    "somap310_lk": {
      "lk_big.txt": {
        "transaction": "Total",
        "sampleCount": 5262,
        "errorCount": 0,
        "errorPct": 0.0,
        "meanResTime": 312.34796655264233,
        "medianResTime": 167.0,
        "minResTime": 31.0,
        "maxResTime": 3095.0,
        "pct1ResTime": 776.6999999999998,
        "pct2ResTime": 1033.0,
        "pct3ResTime": 1664.329999999999,
        "throughput": 31.641992086495325,
        "receivedKBytesPerSec": 1497.826637835392,
        "sentKBytesPerSec": 16.02836685686238,
        "memMaxMB": 5447.0,
        "memAvgMB": 4170.3,
        "memMinMB": 2750.2,
        "cpuMax%": 95.4,
        "cpuAvg%": 81.7,
        "cpuMin%": 14.4,
        "dashboard": "results/details/compare-310/20201013-223215/qgis310-maxcache20/somap310_lk/lk_big.txt/dashboard/index.html"
      }
    },
    "somap310_grundplanav_farbig": {
      "av_f_big.txt": {
        "transaction": "Total",
        "sampleCount": 735,
        "errorCount": 0,
        "errorPct": 0.0,
        "meanResTime": 812.5129251700689,
        "medianResTime": 739.0,
        "minResTime": 179.0,
        "maxResTime": 3681.0,
        "pct1ResTime": 1262.8,
        "pct2ResTime": 1487.9999999999995,
        "pct3ResTime": 2780.6799999999994,
        "throughput": 12.09060551726407,
        "receivedKBytesPerSec": 1769.4025431396096,
        "sentKBytesPerSec": 5.323406990755211,
        "memMaxMB": 5693.1,
        "memAvgMB": 4823.6,
        "memMinMB": 3310.2,
        "cpuMax%": 97.2,
        "cpuAvg%": 87.4,
        "cpuMin%": 26.3,
        "dashboard": "results/details/compare-310/20201013-223215/qgis310-maxcache20/somap310_grundplanav_farbig/av_f_big.txt/dashboard/index.html"
      }
    },
    "somap310_grundplanav_sw": {
      "av_sw_big.txt": {
        "transaction": "Total",
        "sampleCount": 5190,
        "errorCount": 0,
        "errorPct": 0.0,
        "meanResTime": 857.4518304431609,
        "medianResTime": 710.0,
        "minResTime": 179.0,
        "maxResTime": 8580.0,
        "pct1ResTime": 1538.9000000000005,
        "pct2ResTime": 1925.8999999999996,
        "pct3ResTime": 2834.890000000003,
        "throughput": 11.587045727528052,
        "receivedKBytesPerSec": 3135.8766279806223,
        "sentKBytesPerSec": 5.0464835325531245,
        "memMaxMB": 8771.9,
        "memAvgMB": 7396.0,
        "memMinMB": 4369.2,
        "cpuMax%": 99.1,
        "cpuAvg%": 83.2,
        "cpuMin%": 29.2,
        "dashboard": "results/details/compare-310/20201013-223215/qgis310-maxcache20/somap310_grundplanav_sw/av_sw_big.txt/dashboard/index.html"
      }
    }
  },
  "qgis310-maxcache200": {
    "somap310_lk": {
      "lk_big.txt": {
        "transaction": "Total",
        "sampleCount": 5262,
        "errorCount": 0,
        "errorPct": 0.0,
        "meanResTime": 311.7466742683396,
        "medianResTime": 178.0,
        "minResTime": 30.0,
        "maxResTime": 3191.0,
        "pct1ResTime": 768.0,
        "pct2ResTime": 1011.6999999999989,
        "pct3ResTime": 1600.5899999999992,
        "throughput": 31.551113163086036,
        "receivedKBytesPerSec": 1493.5415723541016,
        "sentKBytesPerSec": 15.982331805719616,
        "memMaxMB": 5305.9,
        "memAvgMB": 4159.9,
        "memMinMB": 2837.2,
        "cpuMax%": 96.0,
        "cpuAvg%": 81.4,
        "cpuMin%": 15.1,
        "dashboard": "results/details/compare-310/20201013-223215/qgis310-maxcache200/somap310_lk/lk_big.txt/dashboard/index.html"
      }
    },
    "somap310_grundplanav_farbig": {
      "av_f_big.txt": {
        "transaction": "Total",
        "sampleCount": 735,
        "errorCount": 0,
        "errorPct": 0.0,
        "meanResTime": 853.4448979591842,
        "medianResTime": 805.0,
        "minResTime": 174.0,
        "maxResTime": 3815.0,
        "pct1ResTime": 1358.7999999999997,
        "pct2ResTime": 1530.7999999999993,
        "pct3ResTime": 2969.9999999999977,
        "throughput": 11.560239068889588,
        "receivedKBytesPerSec": 1691.7880125186773,
        "sentKBytesPerSec": 5.089890443142497,
        "memMaxMB": 5550.0,
        "memAvgMB": 4773.0,
        "memMinMB": 3299.2,
        "cpuMax%": 98.9,
        "cpuAvg%": 86.5,
        "cpuMin%": 26.0,
        "dashboard": "results/details/compare-310/20201013-223215/qgis310-maxcache200/somap310_grundplanav_farbig/av_f_big.txt/dashboard/index.html"
      }
    },
    "somap310_grundplanav_sw": {
      "av_sw_big.txt": {
        "transaction": "Total",
        "sampleCount": 5190,
        "errorCount": 0,
        "errorPct": 0.0,
        "meanResTime": 880.1371868978808,
        "medianResTime": 728.0,
        "minResTime": 181.0,
        "maxResTime": 5778.0,
        "pct1ResTime": 1595.9000000000005,
        "pct2ResTime": 1979.699999999999,
        "pct3ResTime": 2892.170000000002,
        "throughput": 11.285209200380958,
        "receivedKBytesPerSec": 3054.279124221424,
        "sentKBytesPerSec": 4.9150252558198195,
        "memMaxMB": 8931.6,
        "memAvgMB": 7274.9,
        "memMinMB": 4285.6,
        "cpuMax%": 98.0,
        "cpuAvg%": 83.7,
        "cpuMin%": 25.4,
        "dashboard": "results/details/compare-310/20201013-223215/qgis310-maxcache200/somap310_grundplanav_sw/av_sw_big.txt/dashboard/index.html"
      }
    }
  },