{
  "Total" : {
    "transaction" : "Total",
    "sampleCount" : 5191,
    "errorCount" : 1,
    "errorPct" : 0.019264111,
    "meanResTime" : 874.1887882874212,
    "medianResTime" : 726.0,
    "minResTime" : 180.0,
    "maxResTime" : 6137.0,
    "pct1ResTime" : 1599.6000000000004,
    "pct2ResTime" : 1959.3999999999996,
    "pct3ResTime" : 2859.4799999999996,
    "throughput" : 11.376811117759091,
    "receivedKBytesPerSec" : 3078.4876396212626,
    "sentKBytesPerSec" : 4.954828470491739
  },
  "HTTP Request" : {
    "transaction" : "HTTP Request",
    "sampleCount" : 5191,
    "errorCount" : 1,
    "errorPct" : 0.019264111,
    "meanResTime" : 874.1887882874212,
    "medianResTime" : 726.0,
    "minResTime" : 180.0,
    "maxResTime" : 6137.0,
    "pct1ResTime" : 1599.6000000000004,
    "pct2ResTime" : 1959.3999999999996,
    "pct3ResTime" : 2859.4799999999996,
    "throughput" : 11.376811117759091,
    "receivedKBytesPerSec" : 3078.4876396212626,
    "sentKBytesPerSec" : 4.954828470491739
  }
}