{
  "Total" : {
    "transaction" : "Total",
    "sampleCount" : 5190,
    "errorCount" : 0,
    "errorPct" : 0.0,
    "meanResTime" : 5852.053757225445,
    "medianResTime" : 5713.0,
    "minResTime" : 2200.0,
    "maxResTime" : 23278.0,
    "pct1ResTime" : 8339.900000000001,
    "pct2ResTime" : 9575.45,
    "pct3ResTime" : 12944.890000000003,
    "throughput" : 2.047510932879909,
    "receivedKBytesPerSec" : 554.145444118658,
    "sentKBytesPerSec" : 0.891748461901108
  },
  "HTTP Request" : {
    "transaction" : "HTTP Request",
    "sampleCount" : 5190,
    "errorCount" : 0,
    "errorPct" : 0.0,
    "meanResTime" : 5852.053757225445,
    "medianResTime" : 5713.0,
    "minResTime" : 2200.0,
    "maxResTime" : 23278.0,
    "pct1ResTime" : 8339.900000000001,
    "pct2ResTime" : 9575.45,
    "pct3ResTime" : 12944.890000000003,
    "throughput" : 2.047510932879909,
    "receivedKBytesPerSec" : 554.145444118658,
    "sentKBytesPerSec" : 0.891748461901108
  }
}