{
  "Total" : {
    "transaction" : "Total",
    "sampleCount" : 30,
    "errorCount" : 0,
    "errorPct" : 0.0,
    "meanResTime" : 596.0666666666665,
    "medianResTime" : 697.0,
    "minResTime" : 259.0,
    "maxResTime" : 791.0,
    "pct1ResTime" : 766.5,
    "pct2ResTime" : 781.1,
    "pct3ResTime" : 791.0,
    "throughput" : 12.219959266802444,
    "receivedKBytesPerSec" : 331.23249745417513,
    "sentKBytesPerSec" : 4.9850432790224035
  },
  "HTTP Request" : {
    "transaction" : "HTTP Request",
    "sampleCount" : 30,
    "errorCount" : 0,
    "errorPct" : 0.0,
    "meanResTime" : 596.0666666666665,
    "medianResTime" : 697.0,
    "minResTime" : 259.0,
    "maxResTime" : 791.0,
    "pct1ResTime" : 766.5,
    "pct2ResTime" : 781.1,
    "pct3ResTime" : 791.0,
    "throughput" : 12.219959266802444,
    "receivedKBytesPerSec" : 331.23249745417513,
    "sentKBytesPerSec" : 4.9850432790224035
  }
}