{
  "Total" : {
    "transaction" : "Total",
    "sampleCount" : 5191,
    "errorCount" : 1,
    "errorPct" : 0.019264111,
    "meanResTime" : 347.00211905220544,
    "medianResTime" : 264.0,
    "minResTime" : 28.0,
    "maxResTime" : 2237.0,
    "pct1ResTime" : 732.0,
    "pct2ResTime" : 927.3999999999996,
    "pct3ResTime" : 1323.3199999999997,
    "throughput" : 28.55445479198869,
    "receivedKBytesPerSec" : 5450.834400037062,
    "sentKBytesPerSec" : 12.82011103459704
  },
  "HTTP Request" : {
    "transaction" : "HTTP Request",
    "sampleCount" : 5191,
    "errorCount" : 1,
    "errorPct" : 0.019264111,
    "meanResTime" : 347.00211905220544,
    "medianResTime" : 264.0,
    "minResTime" : 28.0,
    "maxResTime" : 2237.0,
    "pct1ResTime" : 732.0,
    "pct2ResTime" : 927.3999999999996,
    "pct3ResTime" : 1323.3199999999997,
    "throughput" : 28.55445479198869,
    "receivedKBytesPerSec" : 5450.834400037062,
    "sentKBytesPerSec" : 12.82011103459704
  }
}