{
  "Total" : {
    "transaction" : "Total",
    "sampleCount" : 735,
    "errorCount" : 0,
    "errorPct" : 0.0,
    "meanResTime" : 12030.268027210881,
    "medianResTime" : 777.0,
    "minResTime" : 193.0,
    "maxResTime" : 324520.0,
    "pct1ResTime" : 28389.59999999998,
    "pct2ResTime" : 76053.79999999999,
    "pct3ResTime" : 228017.6799999997,
    "throughput" : 0.830430592385121,
    "receivedKBytesPerSec" : 116.23081447587401,
    "sentKBytesPerSec" : 0.37698618378163407
  },
  "HTTP Request" : {
    "transaction" : "HTTP Request",
    "sampleCount" : 735,
    "errorCount" : 0,
    "errorPct" : 0.0,
    "meanResTime" : 12030.268027210881,
    "medianResTime" : 777.0,
    "minResTime" : 193.0,
    "maxResTime" : 324520.0,
    "pct1ResTime" : 28389.59999999998,
    "pct2ResTime" : 76053.79999999999,
    "pct3ResTime" : 228017.6799999997,
    "throughput" : 0.830430592385121,
    "receivedKBytesPerSec" : 116.23081447587401,
    "sentKBytesPerSec" : 0.37698618378163407
  }
}