{
  "Total" : {
    "transaction" : "Total",
    "sampleCount" : 735,
    "errorCount" : 0,
    "errorPct" : 0.0,
    "meanResTime" : 927.2163265306118,
    "medianResTime" : 714.0,
    "minResTime" : 226.0,
    "maxResTime" : 10149.0,
    "pct1ResTime" : 1574.3999999999999,
    "pct2ResTime" : 1972.1999999999994,
    "pct3ResTime" : 3208.7199999999953,
    "throughput" : 20.23734133649054,
    "receivedKBytesPerSec" : 3542.3126712258045,
    "sentKBytesPerSec" : 8.910356407803077
  },
  "HTTP Request" : {
    "transaction" : "HTTP Request",
    "sampleCount" : 735,
    "errorCount" : 0,
    "errorPct" : 0.0,
    "meanResTime" : 927.2163265306118,
    "medianResTime" : 714.0,
    "minResTime" : 226.0,
    "maxResTime" : 10149.0,
    "pct1ResTime" : 1574.3999999999999,
    "pct2ResTime" : 1972.1999999999994,
    "pct3ResTime" : 3208.7199999999953,
    "throughput" : 20.23734133649054,
    "receivedKBytesPerSec" : 3542.3126712258045,
    "sentKBytesPerSec" : 8.910356407803077
  }
}