{
  "Total" : {
    "transaction" : "Total",
    "sampleCount" : 735,
    "errorCount" : 0,
    "errorPct" : 0.0,
    "meanResTime" : 869.6312925170071,
    "medianResTime" : 903.0,
    "minResTime" : 127.0,
    "maxResTime" : 2866.0,
    "pct1ResTime" : 1292.1999999999998,
    "pct2ResTime" : 1434.6,
    "pct3ResTime" : 2134.159999999999,
    "throughput" : 11.383171490963157,
    "receivedKBytesPerSec" : 1576.1167619620096,
    "sentKBytesPerSec" : 5.145325398023819
  },
  "HTTP Request" : {
    "transaction" : "HTTP Request",
    "sampleCount" : 735,
    "errorCount" : 0,
    "errorPct" : 0.0,
    "meanResTime" : 869.6312925170071,
    "medianResTime" : 903.0,
    "minResTime" : 127.0,
    "maxResTime" : 2866.0,
    "pct1ResTime" : 1292.1999999999998,
    "pct2ResTime" : 1434.6,
    "pct3ResTime" : 2134.159999999999,
    "throughput" : 11.383171490963157,
    "receivedKBytesPerSec" : 1576.1167619620096,
    "sentKBytesPerSec" : 5.145325398023819
  }
}