{
  "Total" : {
    "transaction" : "Total",
    "sampleCount" : 30,
    "errorCount" : 0,
    "errorPct" : 0.0,
    "meanResTime" : 601.8333333333333,
    "medianResTime" : 684.5,
    "minResTime" : 266.0,
    "maxResTime" : 841.0,
    "pct1ResTime" : 789.5000000000001,
    "pct2ResTime" : 821.1999999999999,
    "pct3ResTime" : 841.0,
    "throughput" : 11.985617259288853,
    "receivedKBytesPerSec" : 324.8921606572113,
    "sentKBytesPerSec" : 4.889445165801039
  },
  "HTTP Request" : {
    "transaction" : "HTTP Request",
    "sampleCount" : 30,
    "errorCount" : 0,
    "errorPct" : 0.0,
    "meanResTime" : 601.8333333333333,
    "medianResTime" : 684.5,
    "minResTime" : 266.0,
    "maxResTime" : 841.0,
    "pct1ResTime" : 789.5000000000001,
    "pct2ResTime" : 821.1999999999999,
    "pct3ResTime" : 841.0,
    "throughput" : 11.985617259288853,
    "receivedKBytesPerSec" : 324.8921606572113,
    "sentKBytesPerSec" : 4.889445165801039
  }
}