{
  "Total" : {
    "transaction" : "Total",
    "sampleCount" : 735,
    "errorCount" : 0,
    "errorPct" : 0.0,
    "meanResTime" : 5308.49795918367,
    "medianResTime" : 5488.0,
    "minResTime" : 2441.0,
    "maxResTime" : 8717.0,
    "pct1ResTime" : 6629.799999999999,
    "pct2ResTime" : 7606.2,
    "pct3ResTime" : 8177.599999999999,
    "throughput" : 2.244151466484285,
    "receivedKBytesPerSec" : 328.42589889620575,
    "sentKBytesPerSec" : 0.988083813332397
  },
  "HTTP Request" : {
    "transaction" : "HTTP Request",
    "sampleCount" : 735,
    "errorCount" : 0,
    "errorPct" : 0.0,
    "meanResTime" : 5308.49795918367,
    "medianResTime" : 5488.0,
    "minResTime" : 2441.0,
    "maxResTime" : 8717.0,
    "pct1ResTime" : 6629.799999999999,
    "pct2ResTime" : 7606.2,
    "pct3ResTime" : 8177.599999999999,
    "throughput" : 2.244151466484285,
    "receivedKBytesPerSec" : 328.42589889620575,
    "sentKBytesPerSec" : 0.988083813332397
  }
}