{
  "Total" : {
    "transaction" : "Total",
    "sampleCount" : 5190,
    "errorCount" : 0,
    "errorPct" : 0.0,
    "meanResTime" : 880.1371868978808,
    "medianResTime" : 728.0,
    "minResTime" : 181.0,
    "maxResTime" : 5778.0,
    "pct1ResTime" : 1595.9000000000005,
    "pct2ResTime" : 1979.699999999999,
    "pct3ResTime" : 2892.170000000002,
    "throughput" : 11.285209200380958,
    "receivedKBytesPerSec" : 3054.279124221424,
    "sentKBytesPerSec" : 4.9150252558198195
  },
  "HTTP Request" : {
    "transaction" : "HTTP Request",
    "sampleCount" : 5190,
    "errorCount" : 0,
    "errorPct" : 0.0,
    "meanResTime" : 880.1371868978808,
    "medianResTime" : 728.0,
    "minResTime" : 181.0,
    "maxResTime" : 5778.0,
    "pct1ResTime" : 1595.9000000000005,
    "pct2ResTime" : 1979.699999999999,
    "pct3ResTime" : 2892.170000000002,
    "throughput" : 11.285209200380958,
    "receivedKBytesPerSec" : 3054.279124221424,
    "sentKBytesPerSec" : 4.9150252558198195
  }
}