{
  "Total" : {
    "transaction" : "Total",
    "sampleCount" : 22,
    "errorCount" : 0,
    "errorPct" : 0.0,
    "meanResTime" : 4827.318181818181,
    "medianResTime" : 4933.0,
    "minResTime" : 2040.0,
    "maxResTime" : 6809.0,
    "pct1ResTime" : 6635.5,
    "pct2ResTime" : 6790.849999999999,
    "pct3ResTime" : 6809.0,
    "throughput" : 1.653886633588934,
    "receivedKBytesPerSec" : 216.8093555010525,
    "sentKBytesPerSec" : 0.6805543809201624
  },
  "HTTP Request" : {
    "transaction" : "HTTP Request",
    "sampleCount" : 22,
    "errorCount" : 0,
    "errorPct" : 0.0,
    "meanResTime" : 4827.318181818181,
    "medianResTime" : 4933.0,
    "minResTime" : 2040.0,
    "maxResTime" : 6809.0,
    "pct1ResTime" : 6635.5,
    "pct2ResTime" : 6790.849999999999,
    "pct3ResTime" : 6809.0,
    "throughput" : 1.653886633588934,
    "receivedKBytesPerSec" : 216.8093555010525,
    "sentKBytesPerSec" : 0.6805543809201624
  }
}