{
  "Total" : {
    "transaction" : "Total",
    "sampleCount" : 22,
    "errorCount" : 0,
    "errorPct" : 0.0,
    "meanResTime" : 15373.681818181818,
    "medianResTime" : 3245.0,
    "minResTime" : 738.0,
    "maxResTime" : 74034.0,
    "pct1ResTime" : 73531.2,
    "pct2ResTime" : 73963.8,
    "pct3ResTime" : 74034.0,
    "throughput" : 0.2815855828181597,
    "receivedKBytesPerSec" : 34.21682309865734,
    "sentKBytesPerSec" : 0.12384365920464871
  },
  "HTTP Request" : {
    "transaction" : "HTTP Request",
    "sampleCount" : 22,
    "errorCount" : 0,
    "errorPct" : 0.0,
    "meanResTime" : 15373.681818181818,
    "medianResTime" : 3245.0,
    "minResTime" : 738.0,
    "maxResTime" : 74034.0,
    "pct1ResTime" : 73531.2,
    "pct2ResTime" : 73963.8,
    "pct3ResTime" : 74034.0,
    "throughput" : 0.2815855828181597,
    "receivedKBytesPerSec" : 34.21682309865734,
    "sentKBytesPerSec" : 0.12384365920464871
  }
}