{
  "Total" : {
    "transaction" : "Total",
    "sampleCount" : 735,
    "errorCount" : 0,
    "errorPct" : 0.0,
    "meanResTime" : 1076.9673469387742,
    "medianResTime" : 977.0,
    "minResTime" : 198.0,
    "maxResTime" : 4134.0,
    "pct1ResTime" : 1827.0,
    "pct2ResTime" : 2041.1999999999998,
    "pct3ResTime" : 2897.2,
    "throughput" : 9.17568630388375,
    "receivedKBytesPerSec" : 1343.1343619699014,
    "sentKBytesPerSec" : 4.0399889439222
  },
  "HTTP Request" : {
    "transaction" : "HTTP Request",
    "sampleCount" : 735,
    "errorCount" : 0,
    "errorPct" : 0.0,
    "meanResTime" : 1076.9673469387742,
    "medianResTime" : 977.0,
    "minResTime" : 198.0,
    "maxResTime" : 4134.0,
    "pct1ResTime" : 1827.0,
    "pct2ResTime" : 2041.1999999999998,
    "pct3ResTime" : 2897.2,
    "throughput" : 9.17568630388375,
    "receivedKBytesPerSec" : 1343.1343619699014,
    "sentKBytesPerSec" : 4.0399889439222
  }
}