{
  "Total" : {
    "transaction" : "Total",
    "sampleCount" : 5262,
    "errorCount" : 0,
    "errorPct" : 0.0,
    "meanResTime" : 360.1989737742297,
    "medianResTime" : 220.0,
    "minResTime" : 4.0,
    "maxResTime" : 3134.0,
    "pct1ResTime" : 938.3999999999996,
    "pct2ResTime" : 1230.8499999999995,
    "pct3ResTime" : 1877.029999999998,
    "throughput" : 27.405250850229418,
    "receivedKBytesPerSec" : 1293.8002829974948,
    "sentKBytesPerSec" : 14.256911247050889
  },
  "HTTP Request" : {
    "transaction" : "HTTP Request",
    "sampleCount" : 5262,
    "errorCount" : 0,
    "errorPct" : 0.0,
    "meanResTime" : 360.1989737742297,
    "medianResTime" : 220.0,
    "minResTime" : 4.0,
    "maxResTime" : 3134.0,
    "pct1ResTime" : 938.3999999999996,
    "pct2ResTime" : 1230.8499999999995,
    "pct3ResTime" : 1877.029999999998,
    "throughput" : 27.405250850229418,
    "receivedKBytesPerSec" : 1293.8002829974948,
    "sentKBytesPerSec" : 14.256911247050889
  }
}