{
  "Total" : {
    "transaction" : "Total",
    "sampleCount" : 20,
    "errorCount" : 0,
    "errorPct" : 0.0,
    "meanResTime" : 18691.65,
    "medianResTime" : 19765.0,
    "minResTime" : 4478.0,
    "maxResTime" : 26600.0,
    "pct1ResTime" : 26570.1,
    "pct2ResTime" : 26599.25,
    "pct3ResTime" : 26600.0,
    "throughput" : 0.40924902803355845,
    "receivedKBytesPerSec" : 199.30433660093107,
    "sentKBytesPerSec" : 0.16697680069572335
  },
  "HTTP Request" : {
    "transaction" : "HTTP Request",
    "sampleCount" : 20,
    "errorCount" : 0,
    "errorPct" : 0.0,
    "meanResTime" : 18691.65,
    "medianResTime" : 19765.0,
    "minResTime" : 4478.0,
    "maxResTime" : 26600.0,
    "pct1ResTime" : 26570.1,
    "pct2ResTime" : 26599.25,
    "pct3ResTime" : 26600.0,
    "throughput" : 0.40924902803355845,
    "receivedKBytesPerSec" : 199.30433660093107,
    "sentKBytesPerSec" : 0.16697680069572335
  }
}