{
  "Total" : {
    "transaction" : "Total",
    "sampleCount" : 30,
    "errorCount" : 0,
    "errorPct" : 0.0,
    "meanResTime" : 15250.133333333335,
    "medianResTime" : 17588.5,
    "minResTime" : 1995.0,
    "maxResTime" : 19051.0,
    "pct1ResTime" : 18856.6,
    "pct2ResTime" : 19027.9,
    "pct3ResTime" : 19051.0,
    "throughput" : 0.5581291510855613,
    "receivedKBytesPerSec" : 15.129115330412459,
    "sentKBytesPerSec" : 0.22822976549273502
  },
  "HTTP Request" : {
    "transaction" : "HTTP Request",
    "sampleCount" : 30,
    "errorCount" : 0,
    "errorPct" : 0.0,
    "meanResTime" : 15250.133333333335,
    "medianResTime" : 17588.5,
    "minResTime" : 1995.0,
    "maxResTime" : 19051.0,
    "pct1ResTime" : 18856.6,
    "pct2ResTime" : 19027.9,
    "pct3ResTime" : 19051.0,
    "throughput" : 0.5581291510855613,
    "receivedKBytesPerSec" : 15.129115330412459,
    "sentKBytesPerSec" : 0.22822976549273502
  }
}