{
  "Total" : {
    "transaction" : "Total",
    "sampleCount" : 20,
    "errorCount" : 0,
    "errorPct" : 0.0,
    "meanResTime" : 619.6500000000001,
    "medianResTime" : 378.0,
    "minResTime" : 210.0,
    "maxResTime" : 2394.0,
    "pct1ResTime" : 1305.9000000000005,
    "pct2ResTime" : 2340.749999999999,
    "pct3ResTime" : 2394.0,
    "throughput" : 1.6057808109193097,
    "receivedKBytesPerSec" : 499.63321080891205,
    "sentKBytesPerSec" : 0.6724207145724609
  },
  "HTTP Request" : {
    "transaction" : "HTTP Request",
    "sampleCount" : 20,
    "errorCount" : 0,
    "errorPct" : 0.0,
    "meanResTime" : 619.6500000000001,
    "medianResTime" : 378.0,
    "minResTime" : 210.0,
    "maxResTime" : 2394.0,
    "pct1ResTime" : 1305.9000000000005,
    "pct2ResTime" : 2340.749999999999,
    "pct3ResTime" : 2394.0,
    "throughput" : 1.6057808109193097,
    "receivedKBytesPerSec" : 499.63321080891205,
    "sentKBytesPerSec" : 0.6724207145724609
  }
}