{
  "qgis218-stock": {
    "somap218_grundplanav_farbig_ohne_labels": {
      "av_f_big.txt": {
        "transaction": "Total",
        "sampleCount": 735,
        "errorCount": 0,
        "errorPct": 0.0,
        "meanResTime": 550.9265306122452,
        "medianResTime": 504.0,
        "minResTime": 175.0,
        "maxResTime": 3242.0,
        "pct1ResTime": 809.8,
        "pct2ResTime": 961.3999999999999,
        "pct3ResTime": 1610.039999999999,
        "throughput": 17.895403194390337,
        "receivedKBytesPerSec": 2901.7920083557533,
        "sentKBytesPerSec": 8.088929577936307,
        "memMaxMB": 3491.3,
        "memAvgMB": 3095.6,
        "memMinMB": 2270.6,
        "cpuMax%": 98.7,
        "cpuAvg%": 95.0,
        "cpuMin%": 14.1,
        "dashboard": "results/details/compare-av-ohnelabel/20201010-072405/qgis218-stock/somap218_grundplanav_farbig_ohne_labels/av_f_big.txt/dashboard/index.html"
      }
    }
  },
  "qgis310-stock": {
    "somap310_grundplanav_farbig_ohne_labels": {
      "av_f_big.txt": {
        "transaction": "Total",
        "sampleCount": 735,
        "errorCount": 0,
        "errorPct": 0.0,
        "meanResTime": 839.4979591836736,
        "medianResTime": 876.0,
        "minResTime": 133.0,
        "maxResTime": 3236.0,
        "pct1ResTime": 1231.4,
        "pct2ResTime": 1426.7999999999997,
        "pct3ResTime": 2320.1599999999976,
        "throughput": 11.804384485666104,
        "receivedKBytesPerSec": 1634.5071845137718,
        "sentKBytesPerSec": 5.3357185517545975,
        "memMaxMB": 3714.0,
        "memAvgMB": 3069.5,
        "memMinMB": 2246.5,
        "cpuMax%": 92.2,
        "cpuAvg%": 72.1,
        "cpuMin%": 15.5,
        "dashboard": "results/details/compare-av-ohnelabel/20201010-072405/qgis310-stock/somap310_grundplanav_farbig_ohne_labels/av_f_big.txt/dashboard/index.html"
      }
    }
  },
  "qgis314-stock": {
    "somap314_grundplanav_farbig_ohne_labels": {
      "av_f_big.txt": {
        "transaction": "Total",
        "sampleCount": 735,
        "errorCount": 0,
        "errorPct": 0.0,
        "meanResTime": 859.9292517006814,
        "medianResTime": 835.0,
        "minResTime": 147.0,
        "maxResTime": 2891.0,
        "pct1ResTime": 1303.8,
        "pct2ResTime": 1432.799999999999,
        "pct3ResTime": 2131.04,
        "throughput": 11.514781219156836,
        "receivedKBytesPerSec": 1594.3394777322146,
        "sentKBytesPerSec": 5.204814519982453,
        "memMaxMB": 3502.7,
        "memAvgMB": 3061.0,
        "memMinMB": 2309.7,
        "cpuMax%": 98.0,
        "cpuAvg%": 73.3,
        "cpuMin%": 15.9,
        "dashboard": "results/details/compare-av-ohnelabel/20201010-072405/qgis314-stock/somap314_grundplanav_farbig_ohne_labels/av_f_big.txt/dashboard/index.html"
      }
    }
  }
}