{
  "Total" : {
    "transaction" : "Total",
    "sampleCount" : 735,
    "errorCount" : 0,
    "errorPct" : 0.0,
    "meanResTime" : 5183.4013605442215,
    "medianResTime" : 5359.0,
    "minResTime" : 2364.0,
    "maxResTime" : 8363.0,
    "pct1ResTime" : 6584.599999999999,
    "pct2ResTime" : 7520.599999999999,
    "pct3ResTime" : 8032.5599999999995,
    "throughput" : 2.2980096422608662,
    "receivedKBytesPerSec" : 336.3038368846962,
    "sentKBytesPerSec" : 1.0117971822806262
  },
  "HTTP Request" : {
    "transaction" : "HTTP Request",
    "sampleCount" : 735,
    "errorCount" : 0,
    "errorPct" : 0.0,
    "meanResTime" : 5183.4013605442215,
    "medianResTime" : 5359.0,
    "minResTime" : 2364.0,
    "maxResTime" : 8363.0,
    "pct1ResTime" : 6584.599999999999,
    "pct2ResTime" : 7520.599999999999,
    "pct3ResTime" : 8032.5599999999995,
    "throughput" : 2.2980096422608662,
    "receivedKBytesPerSec" : 336.3038368846962,
    "sentKBytesPerSec" : 1.0117971822806262
  }
}