{
  "Total" : {
    "transaction" : "Total",
    "sampleCount" : 30,
    "errorCount" : 0,
    "errorPct" : 0.0,
    "meanResTime" : 306.3,
    "medianResTime" : 321.0,
    "minResTime" : 170.0,
    "maxResTime" : 433.0,
    "pct1ResTime" : 370.40000000000003,
    "pct2ResTime" : 415.4,
    "pct3ResTime" : 433.0,
    "throughput" : 20.9351011863224,
    "receivedKBytesPerSec" : 567.4434643230984,
    "sentKBytesPerSec" : 8.54032187718074
  },
  "HTTP Request" : {
    "transaction" : "HTTP Request",
    "sampleCount" : 30,
    "errorCount" : 0,
    "errorPct" : 0.0,
    "meanResTime" : 306.3,
    "medianResTime" : 321.0,
    "minResTime" : 170.0,
    "maxResTime" : 433.0,
    "pct1ResTime" : 370.40000000000003,
    "pct2ResTime" : 415.4,
    "pct3ResTime" : 433.0,
    "throughput" : 20.9351011863224,
    "receivedKBytesPerSec" : 567.4434643230984,
    "sentKBytesPerSec" : 8.54032187718074
  }
}