{
  "qgis218-stock": {
    "somap218_avbobe_farbig_categorized": {
      "bodenbedeckung_big.txt": {
        "transaction": "Total",
        "sampleCount": 5190,
        "errorCount": 0,
        "errorPct": 0.0,
        "meanResTime": 438.6990366088631,
        "medianResTime": 233.5,
        "minResTime": 19.0,
        "maxResTime": 13221.0,
        "pct1ResTime": 674.0,
        "pct2ResTime": 1020.7999999999993,
        "pct3ResTime": 4913.94000000001,
        "throughput": 22.429761138169923,
        "receivedKBytesPerSec": 5814.620241610178,
        "sentKBytesPerSec": 10.114266789367688,
        "memMaxMB": 6605.4,
        "memAvgMB": 5752.6,
        "memMinMB": 2423.0,
        "cpuMax%": 99.4,
        "cpuAvg%": 95.0,
        "cpuMin%": 12.7,
        "dashboard": "results/details/compare-categorized/20201027-234624/qgis218-stock/somap218_avbobe_farbig_categorized/bodenbedeckung_big.txt/dashboard/index.html"
      }
    }
  },
  "qgis310-stock": {
    "somap310_avbobe_farbig_categorized": {
      "bodenbedeckung_big.txt": {
        "transaction": "Total",
        "sampleCount": 5190,
        "errorCount": 0,
        "errorPct": 0.0,
        "meanResTime": 638.208477842003,
        "medianResTime": 355.0,
        "minResTime": 20.0,
        "maxResTime": 20860.0,
        "pct1ResTime": 1090.0,
        "pct2ResTime": 1777.8999999999996,
        "pct3ResTime": 8102.540000000001,
        "throughput": 15.567026697900701,
        "receivedKBytesPerSec": 4155.104675788175,
        "sentKBytesPerSec": 7.019649481324067,
        "memMaxMB": 5706.1,
        "memAvgMB": 5070.2,
        "memMinMB": 2553.3,
        "cpuMax%": 92.9,
        "cpuAvg%": 73.5,
        "cpuMin%": 14.6,
        "dashboard": "results/details/compare-categorized/20201027-234624/qgis310-stock/somap310_avbobe_farbig_categorized/bodenbedeckung_big.txt/dashboard/index.html"
      }
    }
  },
  "qgis314-stock": {
    "somap314_avbobe_farbig_categorized": {
      "bodenbedeckung_big.txt": {
        "transaction": "Total",
        "sampleCount": 5190,
        "errorCount": 0,
        "errorPct": 0.0,
        "meanResTime": 641.9275529865112,
        "medianResTime": 355.0,
        "minResTime": 19.0,
        "maxResTime": 21127.0,
        "pct1ResTime": 1104.7000000000016,
        "pct2ResTime": 1756.199999999997,
        "pct3ResTime": 8028.630000000001,
        "throughput": 15.4888847107697,
        "receivedKBytesPerSec": 4134.141308607448,
        "sentKBytesPerSec": 6.984412864205157,
        "memMaxMB": 5759.2,
        "memAvgMB": 5072.1,
        "memMinMB": 2574.4,
        "cpuMax%": 91.1,
        "cpuAvg%": 73.6,
        "cpuMin%": 15.2,
        "dashboard": "results/details/compare-categorized/20201027-234624/qgis314-stock/somap314_avbobe_farbig_categorized/bodenbedeckung_big.txt/dashboard/index.html"
      }
    }
  }
}