{
  "Total" : {
    "transaction" : "Total",
    "sampleCount" : 20,
    "errorCount" : 0,
    "errorPct" : 0.0,
    "meanResTime" : 1977.4499999999998,
    "medianResTime" : 2285.0,
    "minResTime" : 258.0,
    "maxResTime" : 3843.0,
    "pct1ResTime" : 3623.400000000002,
    "pct2ResTime" : 3836.4,
    "pct3ResTime" : 3843.0,
    "throughput" : 3.5803795202291444,
    "receivedKBytesPerSec" : 1114.0057174185463,
    "sentKBytesPerSec" : 1.4992839240959541
  },
  "HTTP Request" : {
    "transaction" : "HTTP Request",
    "sampleCount" : 20,
    "errorCount" : 0,
    "errorPct" : 0.0,
    "meanResTime" : 1977.4499999999998,
    "medianResTime" : 2285.0,
    "minResTime" : 258.0,
    "maxResTime" : 3843.0,
    "pct1ResTime" : 3623.400000000002,
    "pct2ResTime" : 3836.4,
    "pct3ResTime" : 3843.0,
    "throughput" : 3.5803795202291444,
    "receivedKBytesPerSec" : 1114.0057174185463,
    "sentKBytesPerSec" : 1.4992839240959541
  }
}