{
  "Total" : {
    "transaction" : "Total",
    "sampleCount" : 30,
    "errorCount" : 0,
    "errorPct" : 0.0,
    "meanResTime" : 515.5666666666667,
    "medianResTime" : 549.0,
    "minResTime" : 247.0,
    "maxResTime" : 718.0,
    "pct1ResTime" : 696.1,
    "pct2ResTime" : 713.05,
    "pct3ResTime" : 718.0,
    "throughput" : 13.642564802182811,
    "receivedKBytesPerSec" : 369.75702734197364,
    "sentKBytesPerSec" : 5.565384834015462
  },
  "HTTP Request" : {
    "transaction" : "HTTP Request",
    "sampleCount" : 30,
    "errorCount" : 0,
    "errorPct" : 0.0,
    "meanResTime" : 515.5666666666667,
    "medianResTime" : 549.0,
    "minResTime" : 247.0,
    "maxResTime" : 718.0,
    "pct1ResTime" : 696.1,
    "pct2ResTime" : 713.05,
    "pct3ResTime" : 718.0,
    "throughput" : 13.642564802182811,
    "receivedKBytesPerSec" : 369.75702734197364,
    "sentKBytesPerSec" : 5.565384834015462
  }
}