{
  "Total" : {
    "transaction" : "Total",
    "sampleCount" : 18,
    "errorCount" : 0,
    "errorPct" : 0.0,
    "meanResTime" : 203.05555555555554,
    "medianResTime" : 131.0,
    "minResTime" : 70.0,
    "maxResTime" : 1166.0,
    "pct1ResTime" : 464.00000000000114,
    "pct2ResTime" : 1166.0,
    "pct3ResTime" : 1166.0,
    "throughput" : 10.625737898465172,
    "receivedKBytesPerSec" : 1644.1230999114523,
    "sentKBytesPerSec" : 4.109172077922078
  },
  "HTTP Request" : {
    "transaction" : "HTTP Request",
    "sampleCount" : 18,
    "errorCount" : 0,
    "errorPct" : 0.0,
    "meanResTime" : 203.05555555555554,
    "medianResTime" : 131.0,
    "minResTime" : 70.0,
    "maxResTime" : 1166.0,
    "pct1ResTime" : 464.00000000000114,
    "pct2ResTime" : 1166.0,
    "pct3ResTime" : 1166.0,
    "throughput" : 10.625737898465172,
    "receivedKBytesPerSec" : 1644.1230999114523,
    "sentKBytesPerSec" : 4.109172077922078
  }
}