{
  "Total" : {
    "transaction" : "Total",
    "sampleCount" : 735,
    "errorCount" : 0,
    "errorPct" : 0.0,
    "meanResTime" : 739.1945578231293,
    "medianResTime" : 738.0,
    "minResTime" : 174.0,
    "maxResTime" : 3731.0,
    "pct1ResTime" : 1072.9999999999998,
    "pct2ResTime" : 1267.3999999999985,
    "pct3ResTime" : 2089.9599999999996,
    "throughput" : 1.3500283781475406,
    "receivedKBytesPerSec" : 197.57211681407537,
    "sentKBytesPerSec" : 0.5944078231389354
  },
  "HTTP Request" : {
    "transaction" : "HTTP Request",
    "sampleCount" : 735,
    "errorCount" : 0,
    "errorPct" : 0.0,
    "meanResTime" : 739.1945578231293,
    "medianResTime" : 738.0,
    "minResTime" : 174.0,
    "maxResTime" : 3731.0,
    "pct1ResTime" : 1072.9999999999998,
    "pct2ResTime" : 1267.3999999999985,
    "pct3ResTime" : 2089.9599999999996,
    "throughput" : 1.3500283781475406,
    "receivedKBytesPerSec" : 197.57211681407537,
    "sentKBytesPerSec" : 0.5944078231389354
  }
}