{
  "Total" : {
    "transaction" : "Total",
    "sampleCount" : 30,
    "errorCount" : 0,
    "errorPct" : 0.0,
    "meanResTime" : 507.66666666666686,
    "medianResTime" : 476.0,
    "minResTime" : 246.0,
    "maxResTime" : 922.0,
    "pct1ResTime" : 807.7000000000003,
    "pct2ResTime" : 905.5,
    "pct3ResTime" : 922.0,
    "throughput" : 14.612761811982464,
    "receivedKBytesPerSec" : 396.10573703117393,
    "sentKBytesPerSec" : 5.961169629810034
  },
  "HTTP Request" : {
    "transaction" : "HTTP Request",
    "sampleCount" : 30,
    "errorCount" : 0,
    "errorPct" : 0.0,
    "meanResTime" : 507.66666666666686,
    "medianResTime" : 476.0,
    "minResTime" : 246.0,
    "maxResTime" : 922.0,
    "pct1ResTime" : 807.7000000000003,
    "pct2ResTime" : 905.5,
    "pct3ResTime" : 922.0,
    "throughput" : 14.612761811982464,
    "receivedKBytesPerSec" : 396.10573703117393,
    "sentKBytesPerSec" : 5.961169629810034
  }
}