{
  "Total" : {
    "transaction" : "Total",
    "sampleCount" : 20,
    "errorCount" : 0,
    "errorPct" : 0.0,
    "meanResTime" : 1781.8500000000001,
    "medianResTime" : 2019.5,
    "minResTime" : 23.0,
    "maxResTime" : 3643.0,
    "pct1ResTime" : 3435.8000000000015,
    "pct2ResTime" : 3635.95,
    "pct3ResTime" : 3643.0,
    "throughput" : 3.9269585705870806,
    "receivedKBytesPerSec" : 1221.4162284630866,
    "sentKBytesPerSec" : 1.6444139014333399
  },
  "HTTP Request" : {
    "transaction" : "HTTP Request",
    "sampleCount" : 20,
    "errorCount" : 0,
    "errorPct" : 0.0,
    "meanResTime" : 1781.8500000000001,
    "medianResTime" : 2019.5,
    "minResTime" : 23.0,
    "maxResTime" : 3643.0,
    "pct1ResTime" : 3435.8000000000015,
    "pct2ResTime" : 3635.95,
    "pct3ResTime" : 3643.0,
    "throughput" : 3.9269585705870806,
    "receivedKBytesPerSec" : 1221.4162284630866,
    "sentKBytesPerSec" : 1.6444139014333399
  }
}