{
  "Total" : {
    "transaction" : "Total",
    "sampleCount" : 20,
    "errorCount" : 0,
    "errorPct" : 0.0,
    "meanResTime" : 18678.9,
    "medianResTime" : 19680.0,
    "minResTime" : 4668.0,
    "maxResTime" : 26563.0,
    "pct1ResTime" : 26471.9,
    "pct2ResTime" : 26558.5,
    "pct3ResTime" : 26563.0,
    "throughput" : 0.410871664235676,
    "receivedKBytesPerSec" : 200.09476128998296,
    "sentKBytesPerSec" : 0.16763884894303266
  },
  "HTTP Request" : {
    "transaction" : "HTTP Request",
    "sampleCount" : 20,
    "errorCount" : 0,
    "errorPct" : 0.0,
    "meanResTime" : 18678.9,
    "medianResTime" : 19680.0,
    "minResTime" : 4668.0,
    "maxResTime" : 26563.0,
    "pct1ResTime" : 26471.9,
    "pct2ResTime" : 26558.5,
    "pct3ResTime" : 26563.0,
    "throughput" : 0.410871664235676,
    "receivedKBytesPerSec" : 200.09476128998296,
    "sentKBytesPerSec" : 0.16763884894303266
  }
}