{
  "Total" : {
    "transaction" : "Total",
    "sampleCount" : 30,
    "errorCount" : 0,
    "errorPct" : 0.0,
    "meanResTime" : 232.13333333333333,
    "medianResTime" : 144.0,
    "minResTime" : 74.0,
    "maxResTime" : 755.0,
    "pct1ResTime" : 688.6,
    "pct2ResTime" : 741.8,
    "pct3ResTime" : 755.0,
    "throughput" : 27.98507462686567,
    "receivedKBytesPerSec" : 758.5321682602612,
    "sentKBytesPerSec" : 11.41630713619403
  },
  "HTTP Request" : {
    "transaction" : "HTTP Request",
    "sampleCount" : 30,
    "errorCount" : 0,
    "errorPct" : 0.0,
    "meanResTime" : 232.13333333333333,
    "medianResTime" : 144.0,
    "minResTime" : 74.0,
    "maxResTime" : 755.0,
    "pct1ResTime" : 688.6,
    "pct2ResTime" : 741.8,
    "pct3ResTime" : 755.0,
    "throughput" : 27.98507462686567,
    "receivedKBytesPerSec" : 758.5321682602612,
    "sentKBytesPerSec" : 11.41630713619403
  }
}