{
  "Total" : {
    "transaction" : "Total",
    "sampleCount" : 347,
    "errorCount" : 347,
    "errorPct" : 100.0,
    "meanResTime" : 115414.57060518739,
    "medianResTime" : 120058.0,
    "minResTime" : 39077.0,
    "maxResTime" : 120118.0,
    "pct1ResTime" : 120080.2,
    "pct2ResTime" : 120083.0,
    "pct3ResTime" : 120088.04,
    "throughput" : 0.08501163948989096,
    "receivedKBytesPerSec" : 0.02789779368459065,
    "sentKBytesPerSec" : 0.03962837977920983
  },
  "HTTP Request" : {
    "transaction" : "HTTP Request",
    "sampleCount" : 347,
    "errorCount" : 347,
    "errorPct" : 100.0,
    "meanResTime" : 115414.57060518739,
    "medianResTime" : 120058.0,
    "minResTime" : 39077.0,
    "maxResTime" : 120118.0,
    "pct1ResTime" : 120080.2,
    "pct2ResTime" : 120083.0,
    "pct3ResTime" : 120088.04,
    "throughput" : 0.08501163948989096,
    "receivedKBytesPerSec" : 0.02789779368459065,
    "sentKBytesPerSec" : 0.03962837977920983
  }
}