{
  "Total" : {
    "transaction" : "Total",
    "sampleCount" : 347,
    "errorCount" : 0,
    "errorPct" : 0.0,
    "meanResTime" : 277.3458213256484,
    "medianResTime" : 76.0,
    "minResTime" : 21.0,
    "maxResTime" : 6899.0,
    "pct1ResTime" : 460.4,
    "pct2ResTime" : 916.0,
    "pct3ResTime" : 4864.199999999999,
    "throughput" : 34.06636559984292,
    "receivedKBytesPerSec" : 2201.621807045209,
    "sentKBytesPerSec" : 15.880118084871393
  },
  "HTTP Request" : {
    "transaction" : "HTTP Request",
    "sampleCount" : 347,
    "errorCount" : 0,
    "errorPct" : 0.0,
    "meanResTime" : 277.3458213256484,
    "medianResTime" : 76.0,
    "minResTime" : 21.0,
    "maxResTime" : 6899.0,
    "pct1ResTime" : 460.4,
    "pct2ResTime" : 916.0,
    "pct3ResTime" : 4864.199999999999,
    "throughput" : 34.06636559984292,
    "receivedKBytesPerSec" : 2201.621807045209,
    "sentKBytesPerSec" : 15.880118084871393
  }
}