{
  "Total" : {
    "transaction" : "Total",
    "sampleCount" : 22,
    "errorCount" : 0,
    "errorPct" : 0.0,
    "meanResTime" : 2415.181818181818,
    "medianResTime" : 1996.5,
    "minResTime" : 213.0,
    "maxResTime" : 4347.0,
    "pct1ResTime" : 3870.9,
    "pct2ResTime" : 4277.249999999999,
    "pct3ResTime" : 4347.0,
    "throughput" : 3.4050456585667854,
    "receivedKBytesPerSec" : 443.99177517025225,
    "sentKBytesPerSec" : 1.4510137749574368
  },
  "HTTP Request" : {
    "transaction" : "HTTP Request",
    "sampleCount" : 22,
    "errorCount" : 0,
    "errorPct" : 0.0,
    "meanResTime" : 2415.181818181818,
    "medianResTime" : 1996.5,
    "minResTime" : 213.0,
    "maxResTime" : 4347.0,
    "pct1ResTime" : 3870.9,
    "pct2ResTime" : 4277.249999999999,
    "pct3ResTime" : 4347.0,
    "throughput" : 3.4050456585667854,
    "receivedKBytesPerSec" : 443.99177517025225,
    "sentKBytesPerSec" : 1.4510137749574368
  }
}