{
  "Total" : {
    "transaction" : "Total",
    "sampleCount" : 20,
    "errorCount" : 0,
    "errorPct" : 0.0,
    "meanResTime" : 1632.4499999999998,
    "medianResTime" : 1485.5,
    "minResTime" : 259.0,
    "maxResTime" : 3593.0,
    "pct1ResTime" : 3312.8000000000006,
    "pct2ResTime" : 3580.3999999999996,
    "pct3ResTime" : 3593.0,
    "throughput" : 4.8911714355588165,
    "receivedKBytesPerSec" : 1521.8791555851062,
    "sentKBytesPerSec" : 2.048178038640254
  },
  "HTTP Request" : {
    "transaction" : "HTTP Request",
    "sampleCount" : 20,
    "errorCount" : 0,
    "errorPct" : 0.0,
    "meanResTime" : 1632.4499999999998,
    "medianResTime" : 1485.5,
    "minResTime" : 259.0,
    "maxResTime" : 3593.0,
    "pct1ResTime" : 3312.8000000000006,
    "pct2ResTime" : 3580.3999999999996,
    "pct3ResTime" : 3593.0,
    "throughput" : 4.8911714355588165,
    "receivedKBytesPerSec" : 1521.8791555851062,
    "sentKBytesPerSec" : 2.048178038640254
  }
}