{
  "Total" : {
    "transaction" : "Total",
    "sampleCount" : 5190,
    "errorCount" : 0,
    "errorPct" : 0.0,
    "meanResTime" : 2099.784778420037,
    "medianResTime" : 1960.0,
    "minResTime" : 702.0,
    "maxResTime" : 10931.0,
    "pct1ResTime" : 3257.7000000000016,
    "pct2ResTime" : 3765.45,
    "pct3ResTime" : 5297.540000000001,
    "throughput" : 5.69723634639197,
    "receivedKBytesPerSec" : 1541.895224623011,
    "sentKBytesPerSec" : 2.481306286280089
  },
  "HTTP Request" : {
    "transaction" : "HTTP Request",
    "sampleCount" : 5190,
    "errorCount" : 0,
    "errorPct" : 0.0,
    "meanResTime" : 2099.784778420037,
    "medianResTime" : 1960.0,
    "minResTime" : 702.0,
    "maxResTime" : 10931.0,
    "pct1ResTime" : 3257.7000000000016,
    "pct2ResTime" : 3765.45,
    "pct3ResTime" : 5297.540000000001,
    "throughput" : 5.69723634639197,
    "receivedKBytesPerSec" : 1541.895224623011,
    "sentKBytesPerSec" : 2.481306286280089
  }
}