{
  "Total" : {
    "transaction" : "Total",
    "sampleCount" : 30,
    "errorCount" : 0,
    "errorPct" : 0.0,
    "meanResTime" : 14063.366666666669,
    "medianResTime" : 16344.0,
    "minResTime" : 1913.0,
    "maxResTime" : 16986.0,
    "pct1ResTime" : 16900.7,
    "pct2ResTime" : 16950.8,
    "pct3ResTime" : 16986.0,
    "throughput" : 0.6007088364269838,
    "receivedKBytesPerSec" : 16.283315875232773,
    "sentKBytesPerSec" : 0.24564141937486234
  },
  "HTTP Request" : {
    "transaction" : "HTTP Request",
    "sampleCount" : 30,
    "errorCount" : 0,
    "errorPct" : 0.0,
    "meanResTime" : 14063.366666666669,
    "medianResTime" : 16344.0,
    "minResTime" : 1913.0,
    "maxResTime" : 16986.0,
    "pct1ResTime" : 16900.7,
    "pct2ResTime" : 16950.8,
    "pct3ResTime" : 16986.0,
    "throughput" : 0.6007088364269838,
    "receivedKBytesPerSec" : 16.283315875232773,
    "sentKBytesPerSec" : 0.24564141937486234
  }
}