{
  "Total" : {
    "transaction" : "Total",
    "sampleCount" : 735,
    "errorCount" : 0,
    "errorPct" : 0.0,
    "meanResTime" : 556.3646258503406,
    "medianResTime" : 502.0,
    "minResTime" : 182.0,
    "maxResTime" : 3384.0,
    "pct1ResTime" : 787.5999999999997,
    "pct2ResTime" : 992.1999999999992,
    "pct3ResTime" : 1670.119999999999,
    "throughput" : 17.684848776497194,
    "receivedKBytesPerSec" : 2867.649993195243,
    "sentKBytesPerSec" : 7.9937565415894705
  },
  "HTTP Request" : {
    "transaction" : "HTTP Request",
    "sampleCount" : 735,
    "errorCount" : 0,
    "errorPct" : 0.0,
    "meanResTime" : 556.3646258503406,
    "medianResTime" : 502.0,
    "minResTime" : 182.0,
    "maxResTime" : 3384.0,
    "pct1ResTime" : 787.5999999999997,
    "pct2ResTime" : 992.1999999999992,
    "pct3ResTime" : 1670.119999999999,
    "throughput" : 17.684848776497194,
    "receivedKBytesPerSec" : 2867.649993195243,
    "sentKBytesPerSec" : 7.9937565415894705
  }
}