{
  "Total" : {
    "transaction" : "Total",
    "sampleCount" : 735,
    "errorCount" : 0,
    "errorPct" : 0.0,
    "meanResTime" : 841.073469387755,
    "medianResTime" : 794.0,
    "minResTime" : 184.0,
    "maxResTime" : 3604.0,
    "pct1ResTime" : 1267.0,
    "pct2ResTime" : 1549.1999999999994,
    "pct3ResTime" : 2808.879999999999,
    "throughput" : 11.718376327285483,
    "receivedKBytesPerSec" : 1714.9461518934743,
    "sentKBytesPerSec" : 5.159517145100603
  },
  "HTTP Request" : {
    "transaction" : "HTTP Request",
    "sampleCount" : 735,
    "errorCount" : 0,
    "errorPct" : 0.0,
    "meanResTime" : 841.073469387755,
    "medianResTime" : 794.0,
    "minResTime" : 184.0,
    "maxResTime" : 3604.0,
    "pct1ResTime" : 1267.0,
    "pct2ResTime" : 1549.1999999999994,
    "pct3ResTime" : 2808.879999999999,
    "throughput" : 11.718376327285483,
    "receivedKBytesPerSec" : 1714.9461518934743,
    "sentKBytesPerSec" : 5.159517145100603
  }
}