{
  "Total" : {
    "transaction" : "Total",
    "sampleCount" : 5190,
    "errorCount" : 6,
    "errorPct" : 0.115606934,
    "meanResTime" : 1276.0780346820832,
    "medianResTime" : 771.0,
    "minResTime" : 269.0,
    "maxResTime" : 64070.0,
    "pct1ResTime" : 1904.9000000000005,
    "pct2ResTime" : 2510.2499999999955,
    "pct3ResTime" : 7149.250000000004,
    "throughput" : 7.771857788479681,
    "receivedKBytesPerSec" : 4235.879010429302,
    "sentKBytesPerSec" : 3.271016562555219
  },
  "HTTP Request" : {
    "transaction" : "HTTP Request",
    "sampleCount" : 5190,
    "errorCount" : 6,
    "errorPct" : 0.115606934,
    "meanResTime" : 1276.0780346820832,
    "medianResTime" : 771.0,
    "minResTime" : 269.0,
    "maxResTime" : 64070.0,
    "pct1ResTime" : 1904.9000000000005,
    "pct2ResTime" : 2510.2499999999955,
    "pct3ResTime" : 7149.250000000004,
    "throughput" : 7.771857788479681,
    "receivedKBytesPerSec" : 4235.879010429302,
    "sentKBytesPerSec" : 3.271016562555219
  }
}