{
  "Total" : {
    "transaction" : "Total",
    "sampleCount" : 735,
    "errorCount" : 0,
    "errorPct" : 0.0,
    "meanResTime" : 1043.2965986394568,
    "medianResTime" : 896.0,
    "minResTime" : 191.0,
    "maxResTime" : 3987.0,
    "pct1ResTime" : 1799.7999999999997,
    "pct2ResTime" : 1994.799999999999,
    "pct3ResTime" : 3143.3999999999996,
    "throughput" : 9.453376205787782,
    "receivedKBytesPerSec" : 1383.501193227492,
    "sentKBytesPerSec" : 4.162253818327974
  },
  "HTTP Request" : {
    "transaction" : "HTTP Request",
    "sampleCount" : 735,
    "errorCount" : 0,
    "errorPct" : 0.0,
    "meanResTime" : 1043.2965986394568,
    "medianResTime" : 896.0,
    "minResTime" : 191.0,
    "maxResTime" : 3987.0,
    "pct1ResTime" : 1799.7999999999997,
    "pct2ResTime" : 1994.799999999999,
    "pct3ResTime" : 3143.3999999999996,
    "throughput" : 9.453376205787782,
    "receivedKBytesPerSec" : 1383.501193227492,
    "sentKBytesPerSec" : 4.162253818327974
  }
}