{
  "Total" : {
    "transaction" : "Total",
    "sampleCount" : 20,
    "errorCount" : 0,
    "errorPct" : 0.0,
    "meanResTime" : 667.45,
    "medianResTime" : 446.0,
    "minResTime" : 207.0,
    "maxResTime" : 2365.0,
    "pct1ResTime" : 1413.1000000000004,
    "pct2ResTime" : 2318.0999999999995,
    "pct3ResTime" : 2365.0,
    "throughput" : 1.4920919128618322,
    "receivedKBytesPerSec" : 464.25886162712624,
    "sentKBytesPerSec" : 0.6248134885108922
  },
  "HTTP Request" : {
    "transaction" : "HTTP Request",
    "sampleCount" : 20,
    "errorCount" : 0,
    "errorPct" : 0.0,
    "meanResTime" : 667.45,
    "medianResTime" : 446.0,
    "minResTime" : 207.0,
    "maxResTime" : 2365.0,
    "pct1ResTime" : 1413.1000000000004,
    "pct2ResTime" : 2318.0999999999995,
    "pct3ResTime" : 2365.0,
    "throughput" : 1.4920919128618322,
    "receivedKBytesPerSec" : 464.25886162712624,
    "sentKBytesPerSec" : 0.6248134885108922
  }
}