{
  "Total" : {
    "transaction" : "Total",
    "sampleCount" : 30,
    "errorCount" : 0,
    "errorPct" : 0.0,
    "meanResTime" : 1861.8000000000002,
    "medianResTime" : 1942.5,
    "minResTime" : 600.0,
    "maxResTime" : 2707.0,
    "pct1ResTime" : 2284.6,
    "pct2ResTime" : 2540.8999999999996,
    "pct3ResTime" : 2707.0,
    "throughput" : 4.606879606879607,
    "receivedKBytesPerSec" : 2333.056250719825,
    "sentKBytesPerSec" : 1.8474007121468061
  },
  "HTTP Request" : {
    "transaction" : "HTTP Request",
    "sampleCount" : 30,
    "errorCount" : 0,
    "errorPct" : 0.0,
    "meanResTime" : 1861.8000000000002,
    "medianResTime" : 1942.5,
    "minResTime" : 600.0,
    "maxResTime" : 2707.0,
    "pct1ResTime" : 2284.6,
    "pct2ResTime" : 2540.8999999999996,
    "pct3ResTime" : 2707.0,
    "throughput" : 4.606879606879607,
    "receivedKBytesPerSec" : 2333.056250719825,
    "sentKBytesPerSec" : 1.8474007121468061
  }
}