{
  "Total" : {
    "transaction" : "Total",
    "sampleCount" : 735,
    "errorCount" : 0,
    "errorPct" : 0.0,
    "meanResTime" : 862.0952380952381,
    "medianResTime" : 669.0,
    "minResTime" : 220.0,
    "maxResTime" : 9122.0,
    "pct1ResTime" : 1513.8,
    "pct2ResTime" : 1770.7999999999993,
    "pct3ResTime" : 3152.519999999999,
    "throughput" : 11.383700399591115,
    "receivedKBytesPerSec" : 1992.2042736550584,
    "sentKBytesPerSec" : 5.012161731793823
  },
  "HTTP Request" : {
    "transaction" : "HTTP Request",
    "sampleCount" : 735,
    "errorCount" : 0,
    "errorPct" : 0.0,
    "meanResTime" : 862.0952380952381,
    "medianResTime" : 669.0,
    "minResTime" : 220.0,
    "maxResTime" : 9122.0,
    "pct1ResTime" : 1513.8,
    "pct2ResTime" : 1770.7999999999993,
    "pct3ResTime" : 3152.519999999999,
    "throughput" : 11.383700399591115,
    "receivedKBytesPerSec" : 1992.2042736550584,
    "sentKBytesPerSec" : 5.012161731793823
  }
}