{
  "qgis310-stock": {
    "somap310_lk": {
      "lk_big.txt": {
        "transaction": "Total",
        "sampleCount": 5262,
        "errorCount": 0,
        "errorPct": 0.0,
        "meanResTime": 322.2191182060049,
        "medianResTime": 175.0,
        "minResTime": 29.0,
        "maxResTime": 3243.0,
        "pct1ResTime": 788.0,
        "pct2ResTime": 1066.8499999999995,
        "pct3ResTime": 1796.2199999999993,
        "throughput": 30.69044758360843,
        "receivedKBytesPerSec": 1452.7598954657662,
        "sentKBytesPerSec": 15.546358507602621,
        "memMaxMB": 4845.6,
        "memAvgMB": 3532.1,
        "memMinMB": 2058.2,
        "cpuMax%": 98.4,
        "cpuAvg%": 81.6,
        "cpuMin%": 0.5,
        "dashboard": "results/details/compare-310/20201026-200449/qgis310-stock/somap310_lk/lk_big.txt/dashboard/index.html"
      }
    },
    "somap310_grundplanav_farbig": {
      "av_f_big.txt": {
        "transaction": "Total",
        "sampleCount": 735,
        "errorCount": 0,
        "errorPct": 0.0,
        "meanResTime": 858.8789115646263,
        "medianResTime": 792.0,
        "minResTime": 205.0,
        "maxResTime": 3484.0,
        "pct1ResTime": 1349.8,
        "pct2ResTime": 1622.3999999999996,
        "pct3ResTime": 2857.7599999999993,
        "throughput": 11.481683980317113,
        "receivedKBytesPerSec": 1680.3202404953918,
        "sentKBytesPerSec": 5.055303200421776,
        "memMaxMB": 5036.4,
        "memAvgMB": 4195.1,
        "memMinMB": 2762.1,
        "cpuMax%": 97.4,
        "cpuAvg%": 87.8,
        "cpuMin%": 27.4,
        "dashboard": "results/details/compare-310/20201026-200449/qgis310-stock/somap310_grundplanav_farbig/av_f_big.txt/dashboard/index.html"
      }
    },
    "somap310_grundplanav_sw": {
      "av_sw_big.txt": {
        "transaction": "Total",
        "sampleCount": 5190,
        "errorCount": 0,
        "errorPct": 0.0,
        "meanResTime": 887.1491329479798,
        "medianResTime": 731.0,
        "minResTime": 188.0,
        "maxResTime": 5940.0,
        "pct1ResTime": 1587.5000000000027,
        "pct2ResTime": 2011.4499999999998,
        "pct3ResTime": 3108.0800000000017,
        "throughput": 11.216649917333939,
        "receivedKBytesPerSec": 3035.750874527912,
        "sentKBytesPerSec": 4.8851657643639035,
        "memMaxMB": 8987.1,
        "memAvgMB": 7078.8,
        "memMinMB": 3864.1,
        "cpuMax%": 99.4,
        "cpuAvg%": 83.1,
        "cpuMin%": 31.4,
        "dashboard": "results/details/compare-310/20201026-200449/qgis310-stock/somap310_grundplanav_sw/av_sw_big.txt/dashboard/index.html"
      }
    }
  },
  "qgis310-maxcache20": {
    "somap310_lk": {
      "lk_big.txt": {
        "transaction": "Total",
        "sampleCount": 5262,
        "errorCount": 0,
        "errorPct": 0.0,
        "meanResTime": 322.23451159254995,
        "medianResTime": 179.0,
        "minResTime": 31.0,
        "maxResTime": 3231.0,
        "pct1ResTime": 784.6999999999998,
        "pct2ResTime": 1032.0,
        "pct3ResTime": 1612.5899999999992,
        "throughput": 30.663263522254464,
        "receivedKBytesPerSec": 1451.488882509207,
        "sentKBytesPerSec": 15.532588321868117,
        "memMaxMB": 5023.8,
        "memAvgMB": 3560.5,
        "memMinMB": 2151.8,
        "cpuMax%": 91.5,
        "cpuAvg%": 81.7,
        "cpuMin%": 13.9,
        "dashboard": "results/details/compare-310/20201026-200449/qgis310-maxcache20/somap310_lk/lk_big.txt/dashboard/index.html"
      }
    },
    "somap310_grundplanav_farbig": {
      "av_f_big.txt": {
        "transaction": "Total",
        "sampleCount": 735,
        "errorCount": 0,
        "errorPct": 0.0,
        "meanResTime": 865.7292517006805,
        "medianResTime": 806.0,
        "minResTime": 182.0,
        "maxResTime": 3896.0,
        "pct1ResTime": 1367.8,
        "pct2ResTime": 1599.1999999999998,
        "pct3ResTime": 2986.6399999999976,
        "throughput": 11.373659532983613,
        "receivedKBytesPerSec": 1664.509654795893,
        "sentKBytesPerSec": 5.007740810160469,
        "memMaxMB": 5030.8,
        "memAvgMB": 4306.0,
        "memMinMB": 2719.4,
        "cpuMax%": 99.1,
        "cpuAvg%": 85.4,
        "cpuMin%": 25.6,
        "dashboard": "results/details/compare-310/20201026-200449/qgis310-maxcache20/somap310_grundplanav_farbig/av_f_big.txt/dashboard/index.html"
      }
    },
    "somap310_grundplanav_sw": {
      "av_sw_big.txt": {
        "transaction": "Total",
        "sampleCount": 5190,
        "errorCount": 0,
        "errorPct": 0.0,
        "meanResTime": 895.0818882466277,
        "medianResTime": 718.5,
        "minResTime": 191.0,
        "maxResTime": 5957.0,
        "pct1ResTime": 1635.7000000000016,
        "pct2ResTime": 2045.4499999999998,
        "pct3ResTime": 3018.260000000002,
        "throughput": 11.10490605762997,
        "receivedKBytesPerSec": 3005.4626494227696,
        "sentKBytesPerSec": 4.8364981780679175,
        "memMaxMB": 9181.9,
        "memAvgMB": 7223.5,
        "memMinMB": 4031.6,
        "cpuMax%": 97.7,
        "cpuAvg%": 82.7,
        "cpuMin%": 28.3,
        "dashboard": "results/details/compare-310/20201026-200449/qgis310-maxcache20/somap310_grundplanav_sw/av_sw_big.txt/dashboard/index.html"
      }
    }
  },
  "qgis310-maxcache200": {
    "somap310_lk": {
      "lk_big.txt": {
        "transaction": "Total",
        "sampleCount": 5262,
        "errorCount": 0,
        "errorPct": 0.0,
        "meanResTime": 324.2979855568219,
        "medianResTime": 183.0,
        "minResTime": 31.0,
        "maxResTime": 3355.0,
        "pct1ResTime": 794.0,
        "pct2ResTime": 1034.699999999999,
        "pct3ResTime": 1688.359999999997,
        "throughput": 30.319617864489402,
        "receivedKBytesPerSec": 1435.1904697232371,
        "sentKBytesPerSec": 15.358513356664613,
        "memMaxMB": 4822.3,
        "memAvgMB": 3579.7,
        "memMinMB": 2091.5,
        "cpuMax%": 92.6,
        "cpuAvg%": 81.0,
        "cpuMin%": 14.1,
        "dashboard": "results/details/compare-310/20201026-200449/qgis310-maxcache200/somap310_lk/lk_big.txt/dashboard/index.html"
      }
    },
    "somap310_grundplanav_farbig": {
      "av_f_big.txt": {
        "transaction": "Total",
        "sampleCount": 735,
        "errorCount": 0,
        "errorPct": 0.0,
        "meanResTime": 871.2068027210885,
        "medianResTime": 802.0,
        "minResTime": 188.0,
        "maxResTime": 3746.0,
        "pct1ResTime": 1387.6,
        "pct2ResTime": 1666.199999999998,
        "pct3ResTime": 3122.08,
        "throughput": 11.334371674865453,
        "receivedKBytesPerSec": 1658.7579767086374,
        "sentKBytesPerSec": 4.990442647693802,
        "memMaxMB": 5120.7,
        "memAvgMB": 4194.0,
        "memMinMB": 2777.0,
        "cpuMax%": 98.2,
        "cpuAvg%": 87.2,
        "cpuMin%": 26.1,
        "dashboard": "results/details/compare-310/20201026-200449/qgis310-maxcache200/somap310_grundplanav_farbig/av_f_big.txt/dashboard/index.html"
      }
    },
    "somap310_grundplanav_sw": {
      "av_sw_big.txt": {
        "transaction": "Total",
        "sampleCount": 5190,
        "errorCount": 0,
        "errorPct": 0.0,
        "meanResTime": 909.0838150289022,
        "medianResTime": 752.0,
        "minResTime": 195.0,
        "maxResTime": 6439.0,
        "pct1ResTime": 1626.9000000000005,
        "pct2ResTime": 2014.699999999999,
        "pct3ResTime": 2903.970000000005,
        "throughput": 10.940988230532314,
        "receivedKBytesPerSec": 2961.124920337247,
        "sentKBytesPerSec": 4.765107365034794,
        "memMaxMB": 9107.7,
        "memAvgMB": 6886.9,
        "memMinMB": 3863.7,
        "cpuMax%": 98.7,
        "cpuAvg%": 83.7,
        "cpuMin%": 15.1,
        "dashboard": "results/details/compare-310/20201026-200449/qgis310-maxcache200/somap310_grundplanav_sw/av_sw_big.txt/dashboard/index.html"
      }
    }
  },