{
  "Total" : {
    "transaction" : "Total",
    "sampleCount" : 149,
    "errorCount" : 149,
    "errorPct" : 100.0,
    "meanResTime" : 16.85234899328859,
    "medianResTime" : 8.0,
    "minResTime" : 4.0,
    "maxResTime" : 391.0,
    "pct1ResTime" : 9.0,
    "pct2ResTime" : 10.0,
    "pct3ResTime" : 390.5,
    "throughput" : 252.9711375212224,
    "receivedKBytesPerSec" : 79.7564728353141,
    "sentKBytesPerSec" : 125.6996763582343
  },
  "HTTP Request" : {
    "transaction" : "HTTP Request",
    "sampleCount" : 149,
    "errorCount" : 149,
    "errorPct" : 100.0,
    "meanResTime" : 16.85234899328859,
    "medianResTime" : 8.0,
    "minResTime" : 4.0,
    "maxResTime" : 391.0,
    "pct1ResTime" : 9.0,
    "pct2ResTime" : 10.0,
    "pct3ResTime" : 390.5,
    "throughput" : 252.9711375212224,
    "receivedKBytesPerSec" : 79.7564728353141,
    "sentKBytesPerSec" : 125.6996763582343
  }
}