{
  "Total" : {
    "transaction" : "Total",
    "sampleCount" : 22,
    "errorCount" : 0,
    "errorPct" : 0.0,
    "meanResTime" : 25435.31818181818,
    "medianResTime" : 29063.0,
    "minResTime" : 3657.0,
    "maxResTime" : 33973.0,
    "pct1ResTime" : 33710.4,
    "pct2ResTime" : 33939.1,
    "pct3ResTime" : 33973.0,
    "throughput" : 0.32466574186122016,
    "receivedKBytesPerSec" : 42.562456649744696,
    "sentKBytesPerSec" : 0.13359603280599747
  },
  "HTTP Request" : {
    "transaction" : "HTTP Request",
    "sampleCount" : 22,
    "errorCount" : 0,
    "errorPct" : 0.0,
    "meanResTime" : 25435.31818181818,
    "medianResTime" : 29063.0,
    "minResTime" : 3657.0,
    "maxResTime" : 33973.0,
    "pct1ResTime" : 33710.4,
    "pct2ResTime" : 33939.1,
    "pct3ResTime" : 33973.0,
    "throughput" : 0.32466574186122016,
    "receivedKBytesPerSec" : 42.562456649744696,
    "sentKBytesPerSec" : 0.13359603280599747
  }
}