{
  "qgis218-stock": {
    "somap218_lk": {
      "lk_big.txt": {
        "transaction": "Total",
        "sampleCount": 5272,
        "errorCount": 10,
        "errorPct": 0.18968134,
        "meanResTime": 442.84256449165395,
        "medianResTime": 139.0,
        "minResTime": 5.0,
        "maxResTime": 90102.0,
        "pct1ResTime": 729.6999999999998,
        "pct2ResTime": 1043.3499999999995,
        "pct3ResTime": 2044.259999999982,
        "throughput": 17.676979355621796,
        "receivedKBytesPerSec": 898.2492052096711,
        "sentKBytesPerSec": 8.954760605726577,
        "dashboard": "results/details/compare-major/20201008-225554/qgis218-stock/somap218_lk/lk_big.txt/dashboard/index.html"
      }
    },
    "somap218_grundplanav_farbig": {
      "av_f_big.txt": {
        "transaction": "Total",
        "sampleCount": 735,
        "errorCount": 0,
        "errorPct": 0.0,
        "meanResTime": 881.1850340136053,
        "medianResTime": 674.0,
        "minResTime": 219.0,
        "maxResTime": 9554.0,
        "pct1ResTime": 1538.1999999999998,
        "pct2ResTime": 1818.5999999999995,
        "pct3ResTime": 3238.9199999999987,
        "throughput": 11.10338993292646,
        "receivedKBytesPerSec": 1943.5311099093979,
        "sentKBytesPerSec": 4.888743041497976,
        "dashboard": "results/details/compare-major/20201008-225554/qgis218-stock/somap218_grundplanav_farbig/av_f_big.txt/dashboard/index.html"
      }
    },
    "somap218_grundplanav_sw": {
      "av_sw_big.txt": {
        "transaction": "Total",
        "sampleCount": 5191,
        "errorCount": 1,
        "errorPct": 0.019264111,
        "meanResTime": 989.7466769408591,
        "medianResTime": 584.0,
        "minResTime": 221.0,
        "maxResTime": 90091.0,
        "pct1ResTime": 2193.0,
        "pct2ResTime": 2688.3999999999996,
        "pct3ResTime": 5564.319999999996,
        "throughput": 10.000404562696623,
        "receivedKBytesPerSec": 3113.0488935992885,
        "sentKBytesPerSec": 4.355375924835141,
        "dashboard": "results/details/compare-major/20201008-225554/qgis218-stock/somap218_grundplanav_sw/av_sw_big.txt/dashboard/index.html"
      }
    }
  },
  "qgis310-stock": {
    "somap310_lk": {
      "lk_big.txt": {
        "transaction": "Total",
        "sampleCount": 5272,
        "errorCount": 0,
        "errorPct": 0.0,
        "meanResTime": 358.20276934749677,
        "medianResTime": 189.0,
        "minResTime": 28.0,
        "maxResTime": 3575.0,
        "pct1ResTime": 896.3999999999996,
        "pct2ResTime": 1199.0,
        "pct3ResTime": 2078.3499999999976,
        "throughput": 27.623064630216657,
        "receivedKBytesPerSec": 1317.5441803004899,
        "sentKBytesPerSec": 13.99322395437636,
        "dashboard": "results/details/compare-major/20201008-225554/qgis310-stock/somap310_lk/lk_big.txt/dashboard/index.html"
      }
    },
    "somap310_grundplanav_farbig": {
      "av_f_big.txt": {
        "transaction": "Total",
        "sampleCount": 735,
        "errorCount": 0,
        "errorPct": 0.0,
        "meanResTime": 1052.2734693877537,
        "medianResTime": 966.0,
        "minResTime": 176.0,
        "maxResTime": 4146.0,
        "pct1ResTime": 1739.1999999999998,
        "pct2ResTime": 1932.3999999999987,
        "pct3ResTime": 3257.2799999999997,
        "throughput": 9.375239164264395,
        "receivedKBytesPerSec": 1372.040329771646,
        "sentKBytesPerSec": 4.127850638728029,
        "dashboard": "results/details/compare-major/20201008-225554/qgis310-stock/somap310_grundplanav_farbig/av_f_big.txt/dashboard/index.html"
      }
    },
    "somap310_grundplanav_sw": {
      "av_sw_big.txt": {
        "transaction": "Total",
        "sampleCount": 5191,
        "errorCount": 1,
        "errorPct": 0.019264111,
        "meanResTime": 1010.7428241186684,
        "medianResTime": 832.0,
        "minResTime": 184.0,
        "maxResTime": 6671.0,
        "pct1ResTime": 1856.8000000000002,
        "pct2ResTime": 2329.3999999999996,
        "pct3ResTime": 3337.7199999999993,
        "throughput": 9.8449202221982,
        "receivedKBytesPerSec": 2663.905337514129,
        "sentKBytesPerSec": 4.287659389064002,
        "dashboard": "results/details/compare-major/20201008-225554/qgis310-stock/somap310_grundplanav_sw/av_sw_big.txt/dashboard/index.html"
      }
    }
  },
  "qgis314-stock": {
    "somap314_lk": {
      "lk_big.txt": {
        "transaction": "Total",
        "sampleCount": 5272,
        "errorCount": 0,
        "errorPct": 0.0,
        "meanResTime": 366.1407435508343,
        "medianResTime": 202.0,
        "minResTime": 32.0,
        "maxResTime": 4231.0,
        "pct1ResTime": 904.0,
        "pct2ResTime": 1212.3999999999978,
        "pct3ResTime": 2076.2699999999995,
        "throughput": 26.992294498630418,
        "receivedKBytesPerSec": 1286.8268686160818,
        "sentKBytesPerSec": 13.673689976768298,
        "dashboard": "results/details/compare-major/20201008-225554/qgis314-stock/somap314_lk/lk_big.txt/dashboard/index.html"
      }
    },
    "somap314_grundplanav_farbig": {
      "av_f_big.txt": {
        "transaction": "Total",
        "sampleCount": 735,
        "errorCount": 0,
        "errorPct": 0.0,
        "meanResTime": 1069.7102040816321,
        "medianResTime": 940.0,
        "minResTime": 202.0,
        "maxResTime": 4619.0,
        "pct1ResTime": 1772.3999999999999,
        "pct2ResTime": 2057.3999999999996,
        "pct3ResTime": 3024.9599999999996,
        "throughput": 9.229610096063288,
        "receivedKBytesPerSec": 1350.66177177513,
        "sentKBytesPerSec": 4.063731203302567,
        "dashboard": "results/details/compare-major/20201008-225554/qgis314-stock/somap314_grundplanav_farbig/av_f_big.txt/dashboard/index.html"
      }
    },
    "somap314_grundplanav_sw": {
      "av_sw_big.txt": {
        "transaction": "Total",
        "sampleCount": 5191,
        "errorCount": 1,
        "errorPct": 0.019264111,
        "meanResTime": 1040.7241379310315,
        "medianResTime": 860.0,
        "minResTime": 192.0,
        "maxResTime": 6922.0,
        "pct1ResTime": 1932.0,
        "pct2ResTime": 2404.199999999999,
        "pct3ResTime": 3339.3199999999997,
        "throughput": 9.56115566393947,
        "receivedKBytesPerSec": 2587.155392651922,
        "sentKBytesPerSec": 4.164074256321303,
        "dashboard": "results/details/compare-major/20201008-225554/qgis314-stock/somap314_grundplanav_sw/av_sw_big.txt/dashboard/index.html"
      }
    }
  }
}