{
  "Total" : {
    "transaction" : "Total",
    "sampleCount" : 5191,
    "errorCount" : 1,
    "errorPct" : 0.019264111,
    "meanResTime" : 5810.225582739356,
    "medianResTime" : 5705.0,
    "minResTime" : 2083.0,
    "maxResTime" : 22461.0,
    "pct1ResTime" : 8306.6,
    "pct2ResTime" : 9526.599999999999,
    "pct3ResTime" : 12793.639999999998,
    "throughput" : 2.062341430933612,
    "receivedKBytesPerSec" : 558.0591842620971,
    "sentKBytesPerSec" : 0.8981908842552091
  },
  "HTTP Request" : {
    "transaction" : "HTTP Request",
    "sampleCount" : 5191,
    "errorCount" : 1,
    "errorPct" : 0.019264111,
    "meanResTime" : 5810.225582739356,
    "medianResTime" : 5705.0,
    "minResTime" : 2083.0,
    "maxResTime" : 22461.0,
    "pct1ResTime" : 8306.6,
    "pct2ResTime" : 9526.599999999999,
    "pct3ResTime" : 12793.639999999998,
    "throughput" : 2.062341430933612,
    "receivedKBytesPerSec" : 558.0591842620971,
    "sentKBytesPerSec" : 0.8981908842552091
  }
}