{
  "Total" : {
    "transaction" : "Total",
    "sampleCount" : 1,
    "errorCount" : 0,
    "errorPct" : 0.0,
    "meanResTime" : 351.0,
    "medianResTime" : 351.0,
    "minResTime" : 351.0,
    "maxResTime" : 351.0,
    "pct1ResTime" : 351.0,
    "pct2ResTime" : 351.0,
    "pct3ResTime" : 351.0,
    "throughput" : 2.849002849002849,
    "receivedKBytesPerSec" : 488.10318732193736,
    "sentKBytesPerSec" : 1.0822872150997151
  },
  "HTTP Request" : {
    "transaction" : "HTTP Request",
    "sampleCount" : 1,
    "errorCount" : 0,
    "errorPct" : 0.0,
    "meanResTime" : 351.0,
    "medianResTime" : 351.0,
    "minResTime" : 351.0,
    "maxResTime" : 351.0,
    "pct1ResTime" : 351.0,
    "pct2ResTime" : 351.0,
    "pct3ResTime" : 351.0,
    "throughput" : 2.849002849002849,
    "receivedKBytesPerSec" : 488.10318732193736,
    "sentKBytesPerSec" : 1.0822872150997151
  }
}