{
  "qgis310-stock": {
    "somap310_lk": {
      "lk.txt": {
        "transaction": "Total",
        "sampleCount": 30,
        "errorCount": 0,
        "errorPct": 0.0,
        "meanResTime": 267.86666666666673,
        "medianResTime": 179.5,
        "minResTime": 85.0,
        "maxResTime": 856.0,
        "pct1ResTime": 803.6,
        "pct2ResTime": 830.6999999999999,
        "pct3ResTime": 856.0,
        "throughput": 25.31645569620253,
        "receivedKBytesPerSec": 686.2490110759493,
        "sentKBytesPerSec": 10.327663502109704,
        "responseSizeMB": 0.8,
        "memMaxMB": 2893.8,
        "memAvgMB": 2893.8,
        "memMinMB": 2893.8,
        "cpuMax%": 16.3,
        "cpuAvg%": 16.3,
        "cpuMin%": 16.3,
        "dashboard": "results/details/compare-310/20201111-033029/qgis310-stock/somap310_lk/lk.txt/dashboard/index.html",
        "tests duration": 6.7,
        "warmup duration": 12.7
      }
    },
    "somap310_grundplanav_farbig": {
      "av_f.txt": {
        "transaction": "Total",
        "sampleCount": 22,
        "errorCount": 0,
        "errorPct": 0.0,
        "meanResTime": 1524.7727272727275,
        "medianResTime": 1088.5,
        "minResTime": 419.0,
        "maxResTime": 3429.0,
        "pct1ResTime": 3246.7,
        "pct2ResTime": 3413.3999999999996,
        "pct3ResTime": 3429.0,
        "throughput": 5.394801373222168,
        "receivedKBytesPerSec": 703.440622701079,
        "sentKBytesPerSec": 2.2989210397253554,
        "responseSizeMB": 2.8,
        "memMaxMB": 3448.2,
        "memAvgMB": 3320.1,
        "memMinMB": 3243.5,
        "cpuMax%": 97.7,
        "cpuAvg%": 75.5,
        "cpuMin%": 36.3,
        "dashboard": "results/details/compare-310/20201111-033029/qgis310-stock/somap310_grundplanav_farbig/av_f.txt/dashboard/index.html",
        "tests duration": 9.4,
        "warmup duration": 0.2
      }
    },
    "somap310_grundplanav_sw": {
      "av_sw.txt": {
        "transaction": "Total",
        "sampleCount": 20,
        "errorCount": 0,
        "errorPct": 0.0,
        "meanResTime": 1450.1,
        "medianResTime": 1193.5,
        "minResTime": 240.0,
        "maxResTime": 2732.0,
        "pct1ResTime": 2688.1000000000004,
        "pct2ResTime": 2730.25,
        "pct3ResTime": 2732.0,
        "throughput": 5.006257822277847,
        "receivedKBytesPerSec": 1556.2226220275343,
        "sentKBytesPerSec": 2.0963704630788484,
        "responseSizeMB": 6.1,
        "memMaxMB": 3230.6,
        "memAvgMB": 3136.8,
        "memMinMB": 3007.0,
        "cpuMax%": 96.1,
        "cpuAvg%": 66.7,
        "cpuMin%": 29.4,
        "dashboard": "results/details/compare-310/20201111-033029/qgis310-stock/somap310_grundplanav_sw/av_sw.txt/dashboard/index.html",
        "tests duration": 9.4,
        "warmup duration": 0.2
      }
    }
  },
  "qgis310-maxcache20": {
    "somap310_lk": {
      "lk.txt": {
        "transaction": "Total",
        "sampleCount": 30,
        "errorCount": 0,
        "errorPct": 0.0,
        "meanResTime": 271.6333333333334,
        "medianResTime": 170.0,
        "minResTime": 53.0,
        "maxResTime": 908.0,
        "pct1ResTime": 872.8000000000001,
        "pct2ResTime": 895.9,
        "pct3ResTime": 908.0,
        "throughput": 24.54991816693944,
        "receivedKBytesPerSec": 665.4706040302782,
        "sentKBytesPerSec": 10.01496010638298,
        "responseSizeMB": 0.8,
        "memMaxMB": 2992.9,
        "memAvgMB": 2907.0,
        "memMinMB": 2821.1,
        "cpuMax%": 78.9,
        "cpuAvg%": 47.6,
        "cpuMin%": 16.3,
        "dashboard": "results/details/compare-310/20201111-033029/qgis310-maxcache20/somap310_lk/lk.txt/dashboard/index.html",
        "tests duration": 6.9,
        "warmup duration": 12.8
      }
    },
    "somap310_grundplanav_farbig": {
      "av_f.txt": {
        "transaction": "Total",
        "sampleCount": 22,
        "errorCount": 0,
        "errorPct": 0.0,
        "meanResTime": 1533.8636363636365,
        "medianResTime": 1000.5,
        "minResTime": 459.0,
        "maxResTime": 3491.0,
        "pct1ResTime": 3231.7999999999997,
        "pct2ResTime": 3465.3499999999995,
        "pct3ResTime": 3491.0,
        "throughput": 5.050505050505051,
        "receivedKBytesPerSec": 658.5470292412764,
        "sentKBytesPerSec": 2.152203856749311,
        "responseSizeMB": 2.8,
        "memMaxMB": 3489.4,
        "memAvgMB": 3275.2,
        "memMinMB": 2926.3,
        "cpuMax%": 98.3,
        "cpuAvg%": 75.1,
        "cpuMin%": 27.5,
        "dashboard": "results/details/compare-310/20201111-033029/qgis310-maxcache20/somap310_grundplanav_farbig/av_f.txt/dashboard/index.html",
        "tests duration": 10.0,
        "warmup duration": 0.2
      }
    },
    "somap310_grundplanav_sw": {
      "av_sw.txt": {
        "transaction": "Total",
        "sampleCount": 20,
        "errorCount": 0,
        "errorPct": 0.0,
        "meanResTime": 1501.1,
        "medianResTime": 1199.5,
        "minResTime": 415.0,
        "maxResTime": 2971.0,
        "pct1ResTime": 2748.6,
        "pct2ResTime": 2960.0,
        "pct3ResTime": 2971.0,
        "throughput": 4.844961240310077,
        "receivedKBytesPerSec": 1506.0841168544089,
        "sentKBytesPerSec": 2.028827519379845,
        "responseSizeMB": 6.1,
        "memMaxMB": 3382.5,
        "memAvgMB": 3223.8,
        "memMinMB": 2987.0,
        "cpuMax%": 98.1,
        "cpuAvg%": 66.7,
        "cpuMin%": 24.3,
        "dashboard": "results/details/compare-310/20201111-033029/qgis310-maxcache20/somap310_grundplanav_sw/av_sw.txt/dashboard/index.html",
        "tests duration": 9.8,
        "warmup duration": 0.2
      }
    }
  },
  "qgis310-maxcache200": {
    "somap310_lk": {
      "lk.txt": {
        "transaction": "Total",
        "sampleCount": 30,
        "errorCount": 0,
        "errorPct": 0.0,
        "meanResTime": 257.6,
        "medianResTime": 165.0,
        "minResTime": 73.0,
        "maxResTime": 910.0,
        "pct1ResTime": 820.9000000000001,
        "pct2ResTime": 880.8499999999999,
        "pct3ResTime": 910.0,
        "throughput": 25.66295979469632,
        "receivedKBytesPerSec": 695.6416408254919,
        "sentKBytesPerSec": 10.46901732249786,
        "responseSizeMB": 0.8,
        "memMaxMB": 2915.6,
        "memAvgMB": 2915.6,
        "memMinMB": 2915.6,
        "cpuMax%": 17.2,
        "cpuAvg%": 17.2,
        "cpuMin%": 17.2,
        "dashboard": "results/details/compare-310/20201111-033029/qgis310-maxcache200/somap310_lk/lk.txt/dashboard/index.html",
        "tests duration": 6.6,
        "warmup duration": 12.5
      }
    },
    "somap310_grundplanav_farbig": {
      "av_f.txt": {
        "transaction": "Total",
        "sampleCount": 22,
        "errorCount": 0,
        "errorPct": 0.0,
        "meanResTime": 1517.4090909090912,
        "medianResTime": 1104.5,
        "minResTime": 428.0,
        "maxResTime": 3494.0,
        "pct1ResTime": 3212.8999999999996,
        "pct2ResTime": 3475.5499999999997,
        "pct3ResTime": 3494.0,
        "throughput": 5.0285714285714285,
        "receivedKBytesPerSec": 655.6870535714286,
        "sentKBytesPerSec": 2.142857142857143,
        "responseSizeMB": 2.8,
        "memMaxMB": 3639.8,
        "memAvgMB": 3418.3,
        "memMinMB": 3009.0,
        "cpuMax%": 99.1,
        "cpuAvg%": 78.8,
        "cpuMin%": 35.5,
        "dashboard": "results/details/compare-310/20201111-033029/qgis310-maxcache200/somap310_grundplanav_farbig/av_f.txt/dashboard/index.html",
        "tests duration": 9.9,
        "warmup duration": 0.2
      }
    },
    "somap310_grundplanav_sw": {
      "av_sw.txt": {
        "transaction": "Total",
        "sampleCount": 20,
        "errorCount": 0,
        "errorPct": 0.0,
        "meanResTime": 1514.1000000000001,
        "medianResTime": 1298.0,
        "minResTime": 227.0,
        "maxResTime": 2679.0,
        "pct1ResTime": 2672.7,
        "pct2ResTime": 2678.7,
        "pct3ResTime": 2679.0,