{
  "Total" : {
    "transaction" : "Total",
    "sampleCount" : 5262,
    "errorCount" : 0,
    "errorPct" : 0.0,
    "meanResTime" : 313.13949068795193,
    "medianResTime" : 168.5,
    "minResTime" : 30.0,
    "maxResTime" : 3242.0,
    "pct1ResTime" : 782.0,
    "pct2ResTime" : 1030.699999999999,
    "pct3ResTime" : 1606.329999999999,
    "throughput" : 31.520495510336108,
    "receivedKBytesPerSec" : 1492.0058982996784,
    "sentKBytesPerSec" : 15.96682232170134
  },
  "HTTP Request" : {
    "transaction" : "HTTP Request",
    "sampleCount" : 5262,
    "errorCount" : 0,
    "errorPct" : 0.0,
    "meanResTime" : 313.13949068795193,
    "medianResTime" : 168.5,
    "minResTime" : 30.0,
    "maxResTime" : 3242.0,
    "pct1ResTime" : 782.0,
    "pct2ResTime" : 1030.699999999999,
    "pct3ResTime" : 1606.329999999999,
    "throughput" : 31.520495510336108,
    "receivedKBytesPerSec" : 1492.0058982996784,
    "sentKBytesPerSec" : 15.96682232170134
  }
}