{
  "Total" : {
    "transaction" : "Total",
    "sampleCount" : 735,
    "errorCount" : 0,
    "errorPct" : 0.0,
    "meanResTime" : 1052.2734693877537,
    "medianResTime" : 966.0,
    "minResTime" : 176.0,
    "maxResTime" : 4146.0,
    "pct1ResTime" : 1739.1999999999998,
    "pct2ResTime" : 1932.3999999999987,
    "pct3ResTime" : 3257.2799999999997,
    "throughput" : 9.375239164264395,
    "receivedKBytesPerSec" : 1372.040329771646,
    "sentKBytesPerSec" : 4.127850638728029
  },
  "HTTP Request" : {
    "transaction" : "HTTP Request",
    "sampleCount" : 735,
    "errorCount" : 0,
    "errorPct" : 0.0,
    "meanResTime" : 1052.2734693877537,
    "medianResTime" : 966.0,
    "minResTime" : 176.0,
    "maxResTime" : 4146.0,
    "pct1ResTime" : 1739.1999999999998,
    "pct2ResTime" : 1932.3999999999987,
    "pct3ResTime" : 3257.2799999999997,
    "throughput" : 9.375239164264395,
    "receivedKBytesPerSec" : 1372.040329771646,
    "sentKBytesPerSec" : 4.127850638728029
  }
}