{
  "Total" : {
    "transaction" : "Total",
    "sampleCount" : 22,
    "errorCount" : 0,
    "errorPct" : 0.0,
    "meanResTime" : 7617.954545454547,
    "medianResTime" : 7961.5,
    "minResTime" : 2706.0,
    "maxResTime" : 9261.0,
    "pct1ResTime" : 8743.4,
    "pct2ResTime" : 9186.15,
    "pct3ResTime" : 9261.0,
    "throughput" : 0.48925855090512826,
    "receivedKBytesPerSec" : 64.13947656284748,
    "sentKBytesPerSec" : 0.20132398645643373
  },
  "HTTP Request" : {
    "transaction" : "HTTP Request",
    "sampleCount" : 22,
    "errorCount" : 0,
    "errorPct" : 0.0,
    "meanResTime" : 7617.954545454547,
    "medianResTime" : 7961.5,
    "minResTime" : 2706.0,
    "maxResTime" : 9261.0,
    "pct1ResTime" : 8743.4,
    "pct2ResTime" : 9186.15,
    "pct3ResTime" : 9261.0,
    "throughput" : 0.48925855090512826,
    "receivedKBytesPerSec" : 64.13947656284748,
    "sentKBytesPerSec" : 0.20132398645643373
  }
}