{
  "Total" : {
    "transaction" : "Total",
    "sampleCount" : 198,
    "errorCount" : 0,
    "errorPct" : 0.0,
    "meanResTime" : 42.71717171717173,
    "medianResTime" : 42.0,
    "minResTime" : 7.0,
    "maxResTime" : 103.0,
    "pct1ResTime" : 61.0,
    "pct2ResTime" : 68.04999999999998,
    "pct3ResTime" : 103.0,
    "throughput" : 159.6774193548387,
    "receivedKBytesPerSec" : 147.66885080645162,
    "sentKBytesPerSec" : 75.08033014112904
  },
  "HTTP Request" : {
    "transaction" : "HTTP Request",
    "sampleCount" : 198,
    "errorCount" : 0,
    "errorPct" : 0.0,
    "meanResTime" : 42.71717171717173,
    "medianResTime" : 42.0,
    "minResTime" : 7.0,
    "maxResTime" : 103.0,
    "pct1ResTime" : 61.0,
    "pct2ResTime" : 68.04999999999998,
    "pct3ResTime" : 103.0,
    "throughput" : 159.6774193548387,
    "receivedKBytesPerSec" : 147.66885080645162,
    "sentKBytesPerSec" : 75.08033014112904
  }
}