{
  "Total" : {
    "transaction" : "Total",
    "sampleCount" : 5272,
    "errorCount" : 0,
    "errorPct" : 0.0,
    "meanResTime" : 317.2539833080418,
    "medianResTime" : 176.5,
    "minResTime" : 28.0,
    "maxResTime" : 3269.0,
    "pct1ResTime" : 788.6999999999998,
    "pct2ResTime" : 1037.3499999999995,
    "pct3ResTime" : 1648.079999999998,
    "throughput" : 31.151212191043435,
    "receivedKBytesPerSec" : 1485.77914291143,
    "sentKBytesPerSec" : 15.780504244367433
  },
  "HTTP Request" : {
    "transaction" : "HTTP Request",
    "sampleCount" : 5272,
    "errorCount" : 0,
    "errorPct" : 0.0,
    "meanResTime" : 317.2539833080418,
    "medianResTime" : 176.5,
    "minResTime" : 28.0,
    "maxResTime" : 3269.0,
    "pct1ResTime" : 788.6999999999998,
    "pct2ResTime" : 1037.3499999999995,
    "pct3ResTime" : 1648.079999999998,
    "throughput" : 31.151212191043435,
    "receivedKBytesPerSec" : 1485.77914291143,
    "sentKBytesPerSec" : 15.780504244367433
  }
}