{
  "qgis218": {
    "somap218_fix": {
      "lk.txt": {
        "transaction": "Total",
        "sampleCount": 30,
        "errorCount": 0,
        "errorPct": 0.0,
        "meanResTime": 1606.3000000000002,
        "medianResTime": 82.0,
        "minResTime": 64.0,
        "maxResTime": 11033.0,
        "pct1ResTime": 4079.6,
        "pct2ResTime": 7211.599999999995,
        "pct3ResTime": 11033.0,
        "throughput": 2.719115381129339,
        "receivedKBytesPerSec": 45.54323535076588,
        "sentKBytesPerSec": 1.1118986789631107,
        "responseSizeMB": 0.5,
        "memMaxMB": 5159.6,
        "memAvgMB": 4477.1,
        "memMinMB": 2675.2,
        "cpuMax%": 99.7,
        "cpuAvg%": 40.3,
        "cpuMin%": 10.8,
        "dashboard": "results/details/compare-major-bigfile/20201103-073858/qgis218/somap218_fix/lk.txt/dashboard/index.html",
        "effective duration": 16.9
      },
      "av_f.txt": {
        "transaction": "Total",
        "sampleCount": 22,
        "errorCount": 0,
        "errorPct": 0.0,
        "meanResTime": 592.7272727272729,
        "medianResTime": 305.5,
        "minResTime": 226.0,
        "maxResTime": 1295.0,
        "pct1ResTime": 1192.6999999999998,
        "pct2ResTime": 1293.65,
        "pct3ResTime": 1295.0,
        "throughput": 10.832102412604629,
        "receivedKBytesPerSec": 421.40186484490397,
        "sentKBytesPerSec": 4.457279357459379,
        "responseSizeMB": 0.8,
        "memMaxMB": 5213.5,
        "memAvgMB": 5213.5,
        "memMinMB": 5213.5,
        "cpuMax%": 27.2,
        "cpuAvg%": 27.2,
        "cpuMin%": 27.2,
        "dashboard": "results/details/compare-major-bigfile/20201103-073858/qgis218/somap218_fix/av_f.txt/dashboard/index.html",
        "effective duration": 7.8
      },
      "av_sw.txt": {
        "transaction": "Total",
        "sampleCount": 20,
        "errorCount": 0,
        "errorPct": 0.0,
        "meanResTime": 732.65,
        "medianResTime": 728.0,
        "minResTime": 266.0,
        "maxResTime": 1689.0,
        "pct1ResTime": 1295.5000000000002,
        "pct2ResTime": 1669.6499999999996,
        "pct3ResTime": 1689.0,
        "throughput": 8.288437629506838,
        "receivedKBytesPerSec": 140.79052592726896,
        "sentKBytesPerSec": 3.3817473062577705,
        "responseSizeMB": 0.3,
        "memMaxMB": 5253.9,
        "memAvgMB": 5178.5,
        "memMinMB": 5106.2,
        "cpuMax%": 90.6,
        "cpuAvg%": 62.1,
        "cpuMin%": 25.4,
        "dashboard": "results/details/compare-major-bigfile/20201103-073858/qgis218/somap218_fix/av_sw.txt/dashboard/index.html",
        "effective duration": 8.1
      }
    }
  },
  "qgis310": {
    "somap310_fix": {
      "lk.txt": {
        "transaction": "Total",
        "sampleCount": 30,
        "errorCount": 0,
        "errorPct": 0.0,
        "meanResTime": 15299.4,
        "medianResTime": 17682.0,
        "minResTime": 2054.0,
        "maxResTime": 18705.0,
        "pct1ResTime": 18594.2,
        "pct2ResTime": 18651.65,
        "pct3ResTime": 18705.0,
        "throughput": 0.5523946307241894,
        "receivedKBytesPerSec": 14.973670627796498,
        "sentKBytesPerSec": 0.22588480960798396,
        "responseSizeMB": 0.8,
        "memMaxMB": 2871.0,
        "memAvgMB": 2841.9,
        "memMinMB": 2830.9,
        "cpuMax%": 40.1,
        "cpuAvg%": 13.4,
        "cpuMin%": 12.5,
        "dashboard": "results/details/compare-major-bigfile/20201103-073858/qgis310/somap310_fix/lk.txt/dashboard/index.html",
        "effective duration": 59.7
      },
      "av_f.txt": {
        "transaction": "Total",
        "sampleCount": 22,
        "errorCount": 0,
        "errorPct": 0.0,
        "meanResTime": 26495.772727272728,
        "medianResTime": 30079.0,
        "minResTime": 4081.0,
        "maxResTime": 35224.0,
        "pct1ResTime": 34897.5,
        "pct2ResTime": 35176.15,
        "pct3ResTime": 35224.0,
        "throughput": 0.3120213309128042,
        "receivedKBytesPerSec": 40.90482197055653,
        "sentKBytesPerSec": 0.12839301036761785,
        "responseSizeMB": 2.8,
        "memMaxMB": 3709.3,
        "memAvgMB": 3034.5,
        "memMinMB": 2794.2,
        "cpuMax%": 29.2,
        "cpuAvg%": 13.4,
        "cpuMin%": 12.4,
        "dashboard": "results/details/compare-major-bigfile/20201103-073858/qgis310/somap310_fix/av_f.txt/dashboard/index.html",
        "effective duration": 76.1
      },
      "av_sw.txt": {
        "transaction": "Total",
        "sampleCount": 20,
        "errorCount": 0,
        "errorPct": 0.0,
        "meanResTime": 21083.149999999998,
        "medianResTime": 22443.5,
        "minResTime": 2658.0,
        "maxResTime": 30241.0,
        "pct1ResTime": 30205.100000000002,
        "pct2ResTime": 30240.2,
        "pct3ResTime": 30241.0,
        "throughput": 0.36248957842462026,
        "receivedKBytesPerSec": 176.53283178557837,
        "sentKBytesPerSec": 0.14789857994707653,
        "responseSizeMB": 9.5,
        "memMaxMB": 4693.0,
        "memAvgMB": 3053.0,
        "memMinMB": 2799.8,
        "cpuMax%": 32.0,
        "cpuAvg%": 13.7,
        "cpuMin%": 12.4,
        "dashboard": "results/details/compare-major-bigfile/20201103-073858/qgis310/somap310_fix/av_sw.txt/dashboard/index.html",
        "effective duration": 60.7
      }
    }
  },
  "qgis316": {
    "somap316_fix": {
      "lk.txt": {
        "transaction": "Total",
        "sampleCount": 30,
        "errorCount": 0,
        "errorPct": 0.0,
        "meanResTime": 678.4666666666667,
        "medianResTime": 759.5,
        "minResTime": 286.0,
        "maxResTime": 873.0,
        "pct1ResTime": 853.2,
        "pct2ResTime": 863.65,
        "pct3ResTime": 873.0,
        "throughput": 10.92896174863388,
        "receivedKBytesPerSec": 296.2282274590164,
        "sentKBytesPerSec": 4.469063069216758,
        "responseSizeMB": 0.8,
        "memMaxMB": 2932.2,
        "memAvgMB": 2921.9,
        "memMinMB": 2911.6,
        "cpuMax%": 14.9,
        "cpuAvg%": 13.8,
        "cpuMin%": 12.7,
        "dashboard": "results/details/compare-major-bigfile/20201103-073858/qgis316/somap316_fix/lk.txt/dashboard/index.html",
        "effective duration": 8.4
      },
      "av_f.txt": {
        "transaction": "Total",
        "sampleCount": 22,
        "errorCount": 0,
        "errorPct": 0.0,
        "meanResTime": 27610.227272727272,
        "medianResTime": 30228.0,
        "minResTime": 4182.0,
        "maxResTime": 39291.0,
        "pct1ResTime": 39198.9,
        "pct2ResTime": 39281.1,
        "pct3ResTime": 39291.0,
        "throughput": 0.3189977670156309,
        "receivedKBytesPerSec": 41.819576403590176,
        "sentKBytesPerSec": 0.13126372959139287,
        "responseSizeMB": 2.8,
        "memMaxMB": 3893.7,
        "memAvgMB": 3391.1,
        "memMinMB": 2892.2,
        "cpuMax%": 26.9,
        "cpuAvg%": 13.2,
        "cpuMin%": 12.4,
        "dashboard": "results/details/compare-major-bigfile/20201103-073858/qgis316/somap316_fix/av_f.txt/dashboard/index.html",
        "effective duration": 74.4
      },
      "av_sw.txt": {
        "transaction": "Total",
        "sampleCount": 20,
        "errorCount": 0,
        "errorPct": 0.0,
        "meanResTime": 16924.55,
        "medianResTime": 14082.0,
        "minResTime": 1010.0,
        "maxResTime": 28447.0,
        "pct1ResTime": 28369.9,
        "pct2ResTime": 28443.95,
        "pct3ResTime": 28447.0,
        "throughput": 0.44931703810208484,
        "receivedKBytesPerSec": 219.63233316998787,
        "sentKBytesPerSec": 0.1833248618350108,
        "responseSizeMB": 9.5,
        "memMaxMB": 5215.1,
        "memAvgMB": 3669.0,
        "memMinMB": 2961.5,
        "cpuMax%": 40.0,
        "cpuAvg%": 13.8,
        "cpuMin%": 12.4,
        "dashboard": "results/details/compare-major-bigfile/20201103-073858/qgis316/somap316_fix/av_sw.txt/dashboard/index.html",
        "effective duration": 50.0
      }
    }
  }
}