{
  "Total" : {
    "transaction" : "Total",
    "sampleCount" : 5262,
    "errorCount" : 0,
    "errorPct" : 0.0,
    "meanResTime" : 2112.430824781451,
    "medianResTime" : 1565.0,
    "minResTime" : 130.0,
    "maxResTime" : 12423.0,
    "pct1ResTime" : 4133.4,
    "pct2ResTime" : 5090.549999999998,
    "pct3ResTime" : 7762.849999999999,
    "throughput" : 5.642931750767297,
    "receivedKBytesPerSec" : 267.11621896159653,
    "sentKBytesPerSec" : 2.858447723591251
  },
  "HTTP Request" : {
    "transaction" : "HTTP Request",
    "sampleCount" : 5262,
    "errorCount" : 0,
    "errorPct" : 0.0,
    "meanResTime" : 2112.430824781451,
    "medianResTime" : 1565.0,
    "minResTime" : 130.0,
    "maxResTime" : 12423.0,
    "pct1ResTime" : 4133.4,
    "pct2ResTime" : 5090.549999999998,
    "pct3ResTime" : 7762.849999999999,
    "throughput" : 5.642931750767297,
    "receivedKBytesPerSec" : 267.11621896159653,
    "sentKBytesPerSec" : 2.858447723591251
  }
}