{
  "Total" : {
    "transaction" : "Total",
    "sampleCount" : 5190,
    "errorCount" : 0,
    "errorPct" : 0.0,
    "meanResTime" : 350.1423892100199,
    "medianResTime" : 252.0,
    "minResTime" : 31.0,
    "maxResTime" : 2258.0,
    "pct1ResTime" : 744.9000000000005,
    "pct2ResTime" : 935.3499999999995,
    "pct3ResTime" : 1375.0900000000001,
    "throughput" : 28.286153410143775,
    "receivedKBytesPerSec" : 5400.683601201344,
    "sentKBytesPerSec" : 12.699847175063494
  },
  "HTTP Request" : {
    "transaction" : "HTTP Request",
    "sampleCount" : 5190,
    "errorCount" : 0,
    "errorPct" : 0.0,
    "meanResTime" : 350.1423892100199,
    "medianResTime" : 252.0,
    "minResTime" : 31.0,
    "maxResTime" : 2258.0,
    "pct1ResTime" : 744.9000000000005,
    "pct2ResTime" : 935.3499999999995,
    "pct3ResTime" : 1375.0900000000001,
    "throughput" : 28.286153410143775,
    "receivedKBytesPerSec" : 5400.683601201344,
    "sentKBytesPerSec" : 12.699847175063494
  }
}