{
  "Total" : {
    "transaction" : "Total",
    "sampleCount" : 20,
    "errorCount" : 0,
    "errorPct" : 0.0,
    "meanResTime" : 614.7,
    "medianResTime" : 377.0,
    "minResTime" : 220.0,
    "maxResTime" : 2328.0,
    "pct1ResTime" : 1345.3000000000004,
    "pct2ResTime" : 2279.999999999999,
    "pct3ResTime" : 2328.0,
    "throughput" : 1.6198266785453956,
    "receivedKBytesPerSec" : 504.0045627227262,
    "sentKBytesPerSec" : 0.6783024216408845
  },
  "HTTP Request" : {
    "transaction" : "HTTP Request",
    "sampleCount" : 20,
    "errorCount" : 0,
    "errorPct" : 0.0,
    "meanResTime" : 614.7,
    "medianResTime" : 377.0,
    "minResTime" : 220.0,
    "maxResTime" : 2328.0,
    "pct1ResTime" : 1345.3000000000004,
    "pct2ResTime" : 2279.999999999999,
    "pct3ResTime" : 2328.0,
    "throughput" : 1.6198266785453956,
    "receivedKBytesPerSec" : 504.0045627227262,
    "sentKBytesPerSec" : 0.6783024216408845
  }
}