{
  "Total" : {
    "transaction" : "Total",
    "sampleCount" : 735,
    "errorCount" : 0,
    "errorPct" : 0.0,
    "meanResTime" : 877.877551020409,
    "medianResTime" : 795.0,
    "minResTime" : 200.0,
    "maxResTime" : 3627.0,
    "pct1ResTime" : 1354.4,
    "pct2ResTime" : 1654.1999999999996,
    "pct3ResTime" : 3059.48,
    "throughput" : 11.252296387017758,
    "receivedKBytesPerSec" : 1646.7442135831293,
    "sentKBytesPerSec" : 4.954305486451317
  },
  "HTTP Request" : {
    "transaction" : "HTTP Request",
    "sampleCount" : 735,
    "errorCount" : 0,
    "errorPct" : 0.0,
    "meanResTime" : 877.877551020409,
    "medianResTime" : 795.0,
    "minResTime" : 200.0,
    "maxResTime" : 3627.0,
    "pct1ResTime" : 1354.4,
    "pct2ResTime" : 1654.1999999999996,
    "pct3ResTime" : 3059.48,
    "throughput" : 11.252296387017758,
    "receivedKBytesPerSec" : 1646.7442135831293,
    "sentKBytesPerSec" : 4.954305486451317
  }
}