{
  "Total" : {
    "transaction" : "Total",
    "sampleCount" : 735,
    "errorCount" : 0,
    "errorPct" : 0.0,
    "meanResTime" : 839.0421768707484,
    "medianResTime" : 773.0,
    "minResTime" : 184.0,
    "maxResTime" : 3335.0,
    "pct1ResTime" : 1273.0,
    "pct2ResTime" : 1462.799999999999,
    "pct3ResTime" : 2950.72,
    "throughput" : 11.75041166408211,
    "receivedKBytesPerSec" : 1719.637869248693,
    "sentKBytesPerSec" : 5.1736220743873
  },
  "HTTP Request" : {
    "transaction" : "HTTP Request",
    "sampleCount" : 735,
    "errorCount" : 0,
    "errorPct" : 0.0,
    "meanResTime" : 839.0421768707484,
    "medianResTime" : 773.0,
    "minResTime" : 184.0,
    "maxResTime" : 3335.0,
    "pct1ResTime" : 1273.0,
    "pct2ResTime" : 1462.799999999999,
    "pct3ResTime" : 2950.72,
    "throughput" : 11.75041166408211,
    "receivedKBytesPerSec" : 1719.637869248693,
    "sentKBytesPerSec" : 5.1736220743873
  }
}