{
  "Total" : {
    "transaction" : "Total",
    "sampleCount" : 5262,
    "errorCount" : 0,
    "errorPct" : 0.0,
    "meanResTime" : 697.8966172557962,
    "medianResTime" : 528.0,
    "minResTime" : 49.0,
    "maxResTime" : 4417.0,
    "pct1ResTime" : 1477.0,
    "pct2ResTime" : 1828.0,
    "pct3ResTime" : 2877.069999999999,
    "throughput" : 17.062920736215418,
    "receivedKBytesPerSec" : 807.6718631946607,
    "sentKBytesPerSec" : 8.643284925361883
  },
  "HTTP Request" : {
    "transaction" : "HTTP Request",
    "sampleCount" : 5262,
    "errorCount" : 0,
    "errorPct" : 0.0,
    "meanResTime" : 697.8966172557962,
    "medianResTime" : 528.0,
    "minResTime" : 49.0,
    "maxResTime" : 4417.0,
    "pct1ResTime" : 1477.0,
    "pct2ResTime" : 1828.0,
    "pct3ResTime" : 2877.069999999999,
    "throughput" : 17.062920736215418,
    "receivedKBytesPerSec" : 807.6718631946607,
    "sentKBytesPerSec" : 8.643284925361883
  }
}