{
  "qgis316": {
    "somap316_lk": {
      "lk.txt": {
        "transaction": "Total",
        "sampleCount": 30,
        "errorCount": 0,
        "errorPct": 0.0,
        "meanResTime": 290.20000000000005,
        "medianResTime": 292.0,
        "minResTime": 157.0,
        "maxResTime": 446.0,
        "pct1ResTime": 390.50000000000006,
        "pct2ResTime": 433.9,
        "pct3ResTime": 446.0,
        "throughput": 21.41327623126338,
        "receivedKBytesPerSec": 580.4043428800857,
        "sentKBytesPerSec": 8.735389900071377,
        "responseSizeMB": 0.8,
        "memMaxMB": 2246.7,
        "memAvgMB": 2165.8,
        "memMinMB": 2084.8,
        "cpuMax%": 37.7,
        "cpuAvg%": 19.0,
        "cpuMin%": 0.4,
        "dashboard": "results/details/compare-316/20201102-233058/qgis316/somap316_lk/lk.txt/dashboard/index.html",
        "effective duration": 7.2
      }
    },
    "somap316_grundplanav_farbig": {
      "av_f.txt": {
        "transaction": "Total",
        "sampleCount": 22,
        "errorCount": 0,
        "errorPct": 0.0,
        "meanResTime": 3517.590909090909,
        "medianResTime": 3479.5,
        "minResTime": 2558.0,
        "maxResTime": 4525.0,
        "pct1ResTime": 4250.5,
        "pct2ResTime": 4492.599999999999,
        "pct3ResTime": 4525.0,
        "throughput": 2.3783783783783785,
        "receivedKBytesPerSec": 310.1416807432432,
        "sentKBytesPerSec": 1.0135135135135136,
        "responseSizeMB": 2.8,
        "memMaxMB": 2545.9,
        "memAvgMB": 2392.2,
        "memMinMB": 2172.0,
        "cpuMax%": 39.3,
        "cpuAvg%": 27.0,
        "cpuMin%": 22.5,
        "dashboard": "results/details/compare-316/20201102-233058/qgis316/somap316_grundplanav_farbig/av_f.txt/dashboard/index.html",
        "effective duration": 14.7
      }
    },
    "somap316_grundplanav_sw": {
      "av_sw.txt": {
        "transaction": "Total",
        "sampleCount": 20,
        "errorCount": 0,
        "errorPct": 0.0,
        "meanResTime": 3017.1000000000004,
        "medianResTime": 3110.5,
        "minResTime": 1687.0,
        "maxResTime": 4139.0,
        "pct1ResTime": 4021.9,
        "pct2ResTime": 4133.2,
        "pct3ResTime": 4139.0,
        "throughput": 2.445286709866732,
        "receivedKBytesPerSec": 760.5664325177283,
        "sentKBytesPerSec": 1.0239638097566939,
        "responseSizeMB": 6.1,
        "memMaxMB": 2512.0,
        "memAvgMB": 2335.4,
        "memMinMB": 2257.1,
        "cpuMax%": 33.2,
        "cpuAvg%": 22.0,
        "cpuMin%": 15.4,
        "dashboard": "results/details/compare-316/20201102-233058/qgis316/somap316_grundplanav_sw/av_sw.txt/dashboard/index.html",
        "effective duration": 13.6
      }
    }
  },
  "qgis316-fastread": {
    "somap316_lk": {
      "lk.txt": {
        "transaction": "Total",
        "sampleCount": 30,
        "errorCount": 0,
        "errorPct": 0.0,
        "meanResTime": 315.99999999999994,
        "medianResTime": 323.0,
        "minResTime": 178.0,
        "maxResTime": 453.0,
        "pct1ResTime": 395.70000000000005,
        "pct2ResTime": 438.15,
        "pct3ResTime": 453.0,
        "throughput": 20.463847203274216,
        "receivedKBytesPerSec": 554.6701803376535,
        "sentKBytesPerSec": 8.348077251023193,
        "responseSizeMB": 0.8,
        "memMaxMB": 2229.7,
        "memAvgMB": 2229.7,
        "memMinMB": 2229.7,
        "cpuMax%": 8.5,
        "cpuAvg%": 8.5,
        "cpuMin%": 8.5,
        "dashboard": "results/details/compare-316/20201102-233058/qgis316-fastread/somap316_lk/lk.txt/dashboard/index.html",
        "effective duration": 7.2
      }
    },
    "somap316_grundplanav_farbig": {
      "av_f.txt": {
        "transaction": "Total",
        "sampleCount": 22,
        "errorCount": 0,
        "errorPct": 0.0,
        "meanResTime": 3419.863636363636,
        "medianResTime": 3450.5,
        "minResTime": 2284.0,
        "maxResTime": 4280.0,
        "pct1ResTime": 4059.5,
        "pct2ResTime": 4250.299999999999,
        "pct3ResTime": 4280.0,
        "throughput": 2.4306706441277206,
        "receivedKBytesPerSec": 316.96061726604796,
        "sentKBytesPerSec": 1.0357971494862446,
        "responseSizeMB": 2.8,
        "memMaxMB": 2560.8,
        "memAvgMB": 2412.4,
        "memMinMB": 2251.3,
        "cpuMax%": 34.8,
        "cpuAvg%": 26.3,
        "cpuMin%": 22.1,
        "dashboard": "results/details/compare-316/20201102-233058/qgis316-fastread/somap316_grundplanav_farbig/av_f.txt/dashboard/index.html",
        "effective duration": 14.6
      }
    },
    "somap316_grundplanav_sw": {
      "av_sw.txt": {
        "transaction": "Total",
        "sampleCount": 20,
        "errorCount": 0,
        "errorPct": 0.0,
        "meanResTime": 2962.8500000000004,
        "medianResTime": 3022.0,
        "minResTime": 1711.0,
        "maxResTime": 4105.0,
        "pct1ResTime": 4001.2,
        "pct2ResTime": 4099.85,
        "pct3ResTime": 4105.0,
        "throughput": 2.486943546381497,
        "receivedKBytesPerSec": 773.5231101171972,
        "sentKBytesPerSec": 1.041407610047252,
        "responseSizeMB": 6.1,
        "memMaxMB": 2507.8,
        "memAvgMB": 2344.0,
        "memMinMB": 2249.9,
        "cpuMax%": 32.1,
        "cpuAvg%": 21.9,
        "cpuMin%": 15.2,
        "dashboard": "results/details/compare-316/20201102-233058/qgis316-fastread/somap316_grundplanav_sw/av_sw.txt/dashboard/index.html",
        "effective duration": 13.6
      }
    }
  },
  "qgis316-bigfile": {
    "somap316_fix": {
      "lk.txt": {
        "transaction": "Total",
        "sampleCount": 30,
        "errorCount": 0,
        "errorPct": 0.0,
        "meanResTime": 480.0333333333333,
        "medianResTime": 530.5,
        "minResTime": 275.0,
        "maxResTime": 603.0,
        "pct1ResTime": 579.2,
        "pct2ResTime": 596.95,
        "pct3ResTime": 603.0,
        "throughput": 15.015015015015015,
        "receivedKBytesPerSec": 406.9802224099099,
        "sentKBytesPerSec": 6.139928991491492,
        "responseSizeMB": 0.8,
        "memMaxMB": 2852.4,
        "memAvgMB": 2829.4,
        "memMinMB": 2800.3,
        "cpuMax%": 33.4,
        "cpuAvg%": 22.7,
        "cpuMin%": 12.6,
        "dashboard": "results/details/compare-316/20201102-233058/qgis316-bigfile/somap316_fix/lk.txt/dashboard/index.html",
        "effective duration": 7.6
      },
      "av_f.txt": {
        "transaction": "Total",
        "sampleCount": 22,
        "errorCount": 0,
        "errorPct": 0.0,
        "meanResTime": 11019.454545454546,
        "medianResTime": 11974.0,
        "minResTime": 2092.0,
        "maxResTime": 15512.0,
        "pct1ResTime": 15273.2,
        "pct2ResTime": 15479.6,
        "pct3ResTime": 15512.0,
        "throughput": 0.7832247499020969,
        "receivedKBytesPerSec": 102.67823369468476,
        "sentKBytesPerSec": 0.32228752803588595,
        "responseSizeMB": 2.8,
        "memMaxMB": 5094.3,
        "memAvgMB": 3867.0,
        "memMinMB": 2903.9,
        "cpuMax%": 41.1,
        "cpuAvg%": 33.4,
        "cpuMin%": 23.8,
        "dashboard": "results/details/compare-316/20201102-233058/qgis316-bigfile/somap316_fix/av_f.txt/dashboard/index.html",
        "effective duration": 33.3
      },
      "av_sw.txt": {
        "transaction": "Total",
        "sampleCount": 20,
        "errorCount": 0,
        "errorPct": 0.0,
        "meanResTime": 8336.8,
        "medianResTime": 6073.0,
        "minResTime": 3468.0,
        "maxResTime": 14687.0,
        "pct1ResTime": 14486.5,
        "pct2ResTime": 14677.25,
        "pct3ResTime": 14687.0,
        "throughput": 0.8887703861707328,
        "receivedKBytesPerSec": 434.4564387942719,
        "sentKBytesPerSec": 0.36262526107630094,
        "responseSizeMB": 9.5,
        "memMaxMB": 7335.7,
        "memAvgMB": 4093.9,
        "memMinMB": 2938.6,
        "cpuMax%": 49.3,
        "cpuAvg%": 27.0,
        "cpuMin%": 12.9,