{
  "Total" : {
    "transaction" : "Total",
    "sampleCount" : 735,
    "errorCount" : 0,
    "errorPct" : 0.0,
    "meanResTime" : 456.25714285714326,
    "medianResTime" : 382.0,
    "minResTime" : 179.0,
    "maxResTime" : 2778.0,
    "pct1ResTime" : 689.0,
    "pct2ResTime" : 847.3999999999988,
    "pct3ResTime" : 1639.1199999999992,
    "throughput" : 2.1845222880716166,
    "receivedKBytesPerSec" : 319.69308471915514,
    "sentKBytesPerSec" : 0.9618295132676292
  },
  "HTTP Request" : {
    "transaction" : "HTTP Request",
    "sampleCount" : 735,
    "errorCount" : 0,
    "errorPct" : 0.0,
    "meanResTime" : 456.25714285714326,
    "medianResTime" : 382.0,
    "minResTime" : 179.0,
    "maxResTime" : 2778.0,
    "pct1ResTime" : 689.0,
    "pct2ResTime" : 847.3999999999988,
    "pct3ResTime" : 1639.1199999999992,
    "throughput" : 2.1845222880716166,
    "receivedKBytesPerSec" : 319.69308471915514,
    "sentKBytesPerSec" : 0.9618295132676292
  }
}