{
  "Total" : {
    "transaction" : "Total",
    "sampleCount" : 735,
    "errorCount" : 3,
    "errorPct" : 0.40816328,
    "meanResTime" : 1294.7578231292518,
    "medianResTime" : 1203.0,
    "minResTime" : 399.0,
    "maxResTime" : 6468.0,
    "pct1ResTime" : 1748.4,
    "pct2ResTime" : 2873.9999999999964,
    "pct3ResTime" : 3698.3199999999993,
    "throughput" : 28.98036432458008,
    "receivedKBytesPerSec" : 4226.533082219463,
    "sentKBytesPerSec" : 12.759846793431118
  },
  "HTTP Request" : {
    "transaction" : "HTTP Request",
    "sampleCount" : 735,
    "errorCount" : 3,
    "errorPct" : 0.40816328,
    "meanResTime" : 1294.7578231292518,
    "medianResTime" : 1203.0,
    "minResTime" : 399.0,
    "maxResTime" : 6468.0,
    "pct1ResTime" : 1748.4,
    "pct2ResTime" : 2873.9999999999964,
    "pct3ResTime" : 3698.3199999999993,
    "throughput" : 28.98036432458008,
    "receivedKBytesPerSec" : 4226.533082219463,
    "sentKBytesPerSec" : 12.759846793431118
  }
}