{
  "Total" : {
    "transaction" : "Total",
    "sampleCount" : 5272,
    "errorCount" : 1212,
    "errorPct" : 22.989378,
    "meanResTime" : 307.77845220030366,
    "medianResTime" : 89.0,
    "minResTime" : 0.0,
    "maxResTime" : 3545.0,
    "pct1ResTime" : 869.0,
    "pct2ResTime" : 1366.3499999999995,
    "pct3ResTime" : 2427.2899999999872,
    "throughput" : 32.08373904576437,
    "receivedKBytesPerSec" : 1127.8828621839248,
    "sentKBytesPerSec" : 16.25290139856682
  },
  "HTTP Request" : {
    "transaction" : "HTTP Request",
    "sampleCount" : 5272,
    "errorCount" : 1212,
    "errorPct" : 22.989378,
    "meanResTime" : 307.77845220030366,
    "medianResTime" : 89.0,
    "minResTime" : 0.0,
    "maxResTime" : 3545.0,
    "pct1ResTime" : 869.0,
    "pct2ResTime" : 1366.3499999999995,
    "pct3ResTime" : 2427.2899999999872,
    "throughput" : 32.08373904576437,
    "receivedKBytesPerSec" : 1127.8828621839248,
    "sentKBytesPerSec" : 16.25290139856682
  }
}