{
  "Total" : {
    "transaction" : "Total",
    "sampleCount" : 22,
    "errorCount" : 0,
    "errorPct" : 0.0,
    "meanResTime" : 4259.681818181819,
    "medianResTime" : 4315.5,
    "minResTime" : 3008.0,
    "maxResTime" : 5778.0,
    "pct1ResTime" : 5387.9,
    "pct2ResTime" : 5734.65,
    "pct3ResTime" : 5778.0,
    "throughput" : 1.984305943898259,
    "receivedKBytesPerSec" : 258.720799134121,
    "sentKBytesPerSec" : 0.8455849192748264
  },
  "HTTP Request" : {
    "transaction" : "HTTP Request",
    "sampleCount" : 22,
    "errorCount" : 0,
    "errorPct" : 0.0,
    "meanResTime" : 4259.681818181819,
    "medianResTime" : 4315.5,
    "minResTime" : 3008.0,
    "maxResTime" : 5778.0,
    "pct1ResTime" : 5387.9,
    "pct2ResTime" : 5734.65,
    "pct3ResTime" : 5778.0,
    "throughput" : 1.984305943898259,
    "receivedKBytesPerSec" : 258.720799134121,
    "sentKBytesPerSec" : 0.8455849192748264
  }
}