{
  "Total" : {
    "transaction" : "Total",
    "sampleCount" : 20,
    "errorCount" : 0,
    "errorPct" : 0.0,
    "meanResTime" : 3985.7999999999993,
    "medianResTime" : 4221.0,
    "minResTime" : 2375.0,
    "maxResTime" : 5466.0,
    "pct1ResTime" : 5381.1,
    "pct2ResTime" : 5461.85,
    "pct3ResTime" : 5466.0,
    "throughput" : 3.2658393207054215,
    "receivedKBytesPerSec" : 1016.158250326584,
    "sentKBytesPerSec" : 1.3675702155453953
  },
  "HTTP Request" : {
    "transaction" : "HTTP Request",
    "sampleCount" : 20,
    "errorCount" : 0,
    "errorPct" : 0.0,
    "meanResTime" : 3985.7999999999993,
    "medianResTime" : 4221.0,
    "minResTime" : 2375.0,
    "maxResTime" : 5466.0,
    "pct1ResTime" : 5381.1,
    "pct2ResTime" : 5461.85,
    "pct3ResTime" : 5466.0,
    "throughput" : 3.2658393207054215,
    "receivedKBytesPerSec" : 1016.158250326584,
    "sentKBytesPerSec" : 1.3675702155453953
  }
}