{
  "Total" : {
    "transaction" : "Total",
    "sampleCount" : 30,
    "errorCount" : 0,
    "errorPct" : 0.0,
    "meanResTime" : 93.86666666666666,
    "medianResTime" : 87.0,
    "minResTime" : 58.0,
    "maxResTime" : 285.0,
    "pct1ResTime" : 112.10000000000002,
    "pct2ResTime" : 192.59999999999988,
    "pct3ResTime" : 285.0,
    "throughput" : 10.4675505931612,
    "receivedKBytesPerSec" : 283.7421765963015,
    "sentKBytesPerSec" : 4.27016093859037
  },
  "HTTP Request" : {
    "transaction" : "HTTP Request",
    "sampleCount" : 30,
    "errorCount" : 0,
    "errorPct" : 0.0,
    "meanResTime" : 93.86666666666666,
    "medianResTime" : 87.0,
    "minResTime" : 58.0,
    "maxResTime" : 285.0,
    "pct1ResTime" : 112.10000000000002,
    "pct2ResTime" : 192.59999999999988,
    "pct3ResTime" : 285.0,
    "throughput" : 10.4675505931612,
    "receivedKBytesPerSec" : 283.7421765963015,
    "sentKBytesPerSec" : 4.27016093859037
  }
}