{
  "qgis218": {
    "somap218_lk": {
      "featureinfo_lk.txt": {
        "transaction": "Total",
        "sampleCount": 198,
        "errorCount": 0,
        "errorPct": 0.0,
        "meanResTime": 156.4848484848485,
        "medianResTime": 66.0,
        "minResTime": 21.0,
        "maxResTime": 3074.0,
        "pct1ResTime": 114.19999999999999,
        "pct2ResTime": 359.8499999999765,
        "pct3ResTime": 3036.3799999999997,
        "throughput": 52.05047318611987,
        "receivedKBytesPerSec": 56.83727244348055,
        "sentKBytesPerSec": 24.474134956624606,
        "memMaxMB": 4846.1,
        "memAvgMB": 4748.3,
        "memMinMB": 4640.7,
        "cpuMax%": 92.8,
        "cpuAvg%": 55.1,
        "cpuMin%": 30.9,
        "dashboard": "results/details/compare-featureinfo/20201101-082147/qgis218/somap218_lk/featureinfo_lk.txt/dashboard/index.html",
        "effective duration": 9.6
      }
    },
    "somap218_grundplanav_farbig": {
      "featureinfo_av.txt": {
        "transaction": "Total",
        "sampleCount": 149,
        "errorCount": 0,
        "errorPct": 0.0,
        "meanResTime": 241.34228187919462,
        "medianResTime": 62.0,
        "minResTime": 32.0,
        "maxResTime": 4386.0,
        "pct1ResTime": 424.0,
        "pct2ResTime": 887.0,
        "pct3ResTime": 3327.5,
        "throughput": 29.84177848988584,
        "receivedKBytesPerSec": 444.7421702884037,
        "sentKBytesPerSec": 14.855172241137591,
        "memMaxMB": 5091.4,
        "memAvgMB": 5036.5,
        "memMinMB": 4834.9,
        "cpuMax%": 95.4,
        "cpuAvg%": 65.2,
        "cpuMin%": 4.8,
        "dashboard": "results/details/compare-featureinfo/20201101-082147/qgis218/somap218_grundplanav_farbig/featureinfo_av.txt/dashboard/index.html",
        "effective duration": 10.8
      }
    }
  },
  "qgis310": {
    "somap310_lk": {
      "featureinfo_lk.txt": {
        "transaction": "Total",
        "sampleCount": 198,
        "errorCount": 0,
        "errorPct": 0.0,
        "meanResTime": 476.69696969697,
        "medianResTime": 491.5,
        "minResTime": 186.0,
        "maxResTime": 542.0,
        "pct1ResTime": 526.0,
        "pct2ResTime": 530.0999999999999,
        "pct3ResTime": 539.03,
        "throughput": 19.788127123725765,
        "receivedKBytesPerSec": 18.338606211273234,
        "sentKBytesPerSec": 9.304378310513691,
        "memMaxMB": 4648.8,
        "memAvgMB": 4639.0,
        "memMinMB": 4630.8,
        "cpuMax%": 37.8,
        "cpuAvg%": 18.3,
        "cpuMin%": 14.2,
        "dashboard": "results/details/compare-featureinfo/20201101-082147/qgis310/somap310_lk/featureinfo_lk.txt/dashboard/index.html",
        "effective duration": 15.6
      }
    },
    "somap310_grundplanav_farbig": {
      "featureinfo_av.txt": {
        "transaction": "Total",
        "sampleCount": 149,
        "errorCount": 0,
        "errorPct": 0.0,
        "meanResTime": 2204.8657718120785,
        "medianResTime": 2236.0,
        "minResTime": 1177.0,
        "maxResTime": 2521.0,
        "pct1ResTime": 2394.0,
        "pct2ResTime": 2444.5,
        "pct3ResTime": 2518.0,
        "throughput": 4.362209795942267,
        "receivedKBytesPerSec": 7.926975985888691,
        "sentKBytesPerSec": 2.171498521532922,
        "memMaxMB": 4693.2,
        "memAvgMB": 4665.8,
        "memMinMB": 4658.4,
        "cpuMax%": 42.5,
        "cpuAvg%": 14.7,
        "cpuMin%": 12.7,
        "dashboard": "results/details/compare-featureinfo/20201101-082147/qgis310/somap310_grundplanav_farbig/featureinfo_av.txt/dashboard/index.html",
        "effective duration": 39.3
      }
    }
  },
  "qgis316": {
    "somap316_lk": {
      "featureinfo_lk.txt": {
        "transaction": "Total",
        "sampleCount": 198,
        "errorCount": 0,
        "errorPct": 0.0,
        "meanResTime": 120.58585858585856,
        "medianResTime": 120.5,
        "minResTime": 41.0,
        "maxResTime": 177.0,
        "pct1ResTime": 161.1,
        "pct2ResTime": 167.0,
        "pct3ResTime": 172.04999999999995,
        "throughput": 70.68903962870402,
        "receivedKBytesPerSec": 65.37285790789004,
        "sentKBytesPerSec": 33.237989780435555,
        "memMaxMB": 4649.6,
        "memAvgMB": 4631.9,
        "memMinMB": 4590.1,
        "cpuMax%": 33.2,
        "cpuAvg%": 27.7,
        "cpuMin%": 21.0,
        "dashboard": "results/details/compare-featureinfo/20201101-082147/qgis316/somap316_lk/featureinfo_lk.txt/dashboard/index.html",
        "effective duration": 8.5
      }
    },
    "somap316_grundplanav_farbig": {
      "featureinfo_av.txt": {
        "transaction": "Total",
        "sampleCount": 149,
        "errorCount": 0,
        "errorPct": 0.0,
        "meanResTime": 306.3691275167785,
        "medianResTime": 316.0,
        "minResTime": 96.0,
        "maxResTime": 723.0,
        "pct1ResTime": 394.0,
        "pct2ResTime": 443.0,
        "pct3ResTime": 721.0,
        "throughput": 29.746456378518666,
        "receivedKBytesPerSec": 53.99694612198043,
        "sentKBytesPerSec": 14.80772110201637,
        "memMaxMB": 4684.6,
        "memAvgMB": 4677.6,
        "memMinMB": 4671.0,
        "cpuMax%": 35.2,
        "cpuAvg%": 22.8,
        "cpuMin%": 16.5,
        "dashboard": "results/details/compare-featureinfo/20201101-082147/qgis316/somap316_grundplanav_farbig/featureinfo_av.txt/dashboard/index.html",
        "effective duration": 10.8
      }
    }
  },
  "qgis316-standalone": {
    "somap316_lk": {
      "featureinfo_lk.txt": {
        "transaction": "Total",
        "sampleCount": 198,
        "errorCount": 0,
        "errorPct": 0.0,
        "meanResTime": 118.65656565656562,
        "medianResTime": 118.5,
        "minResTime": 28.0,
        "maxResTime": 203.0,
        "pct1ResTime": 156.1,
        "pct2ResTime": 169.09999999999997,
        "pct3ResTime": 203.0,
        "throughput": 71.86932849364791,
        "receivedKBytesPerSec": 59.16515426497278,
        "sentKBytesPerSec": 34.77555013611615,
        "memMaxMB": 4657.6,
        "memAvgMB": 4655.8,
        "memMinMB": 4654.1,
        "cpuMax%": 37.3,
        "cpuAvg%": 31.8,
        "cpuMin%": 26.2,
        "dashboard": "results/details/compare-featureinfo/20201101-082147/qgis316-standalone/somap316_lk/featureinfo_lk.txt/dashboard/index.html",
        "effective duration": 8.4
      }
    },
    "somap316_grundplanav_farbig": {
      "featureinfo_av.txt": {
        "transaction": "Total",
        "sampleCount": 149,
        "errorCount": 0,
        "errorPct": 0.0,
        "meanResTime": 323.3691275167784,
        "medianResTime": 326.0,
        "minResTime": 173.0,
        "maxResTime": 813.0,
        "pct1ResTime": 426.0,
        "pct2ResTime": 500.5,
        "pct3ResTime": 813.0,
        "throughput": 28.332382582239973,
        "receivedKBytesPerSec": 48.689226207453885,
        "sentKBytesPerSec": 14.49115504373455,
        "memMaxMB": 4691.2,
        "memAvgMB": 4677.2,
        "memMinMB": 4634.3,
        "cpuMax%": 34.5,
        "cpuAvg%": 20.9,
        "cpuMin%": 15.1,
        "dashboard": "results/details/compare-featureinfo/20201101-082147/qgis316-standalone/somap316_grundplanav_farbig/featureinfo_av.txt/dashboard/index.html",
        "effective duration": 11.0
      }
    }
  }
}