{
  "Total" : {
    "transaction" : "Total",
    "sampleCount" : 22,
    "errorCount" : 0,
    "errorPct" : 0.0,
    "meanResTime" : 4200.227272727273,
    "medianResTime" : 4223.0,
    "minResTime" : 3141.0,
    "maxResTime" : 5584.0,
    "pct1ResTime" : 5370.5,
    "pct2ResTime" : 5576.5,
    "pct3ResTime" : 5584.0,
    "throughput" : 2.013729977116705,
    "receivedKBytesPerSec" : 262.57490703661324,
    "sentKBytesPerSec" : 0.8581235697940502
  },
  "HTTP Request" : {
    "transaction" : "HTTP Request",
    "sampleCount" : 22,
    "errorCount" : 0,
    "errorPct" : 0.0,
    "meanResTime" : 4200.227272727273,
    "medianResTime" : 4223.0,
    "minResTime" : 3141.0,
    "maxResTime" : 5584.0,
    "pct1ResTime" : 5370.5,
    "pct2ResTime" : 5576.5,
    "pct3ResTime" : 5584.0,
    "throughput" : 2.013729977116705,
    "receivedKBytesPerSec" : 262.57490703661324,
    "sentKBytesPerSec" : 0.8581235697940502
  }
}