{
  "qgis310-singlethread-multiinstance": {
    "somap310_lk": {
      "lk.txt": {
        "transaction": "Total",
        "sampleCount": 30,
        "errorCount": 0,
        "errorPct": 0.0,
        "meanResTime": 108.9,
        "medianResTime": 103.0,
        "minResTime": 63.0,
        "maxResTime": 259.0,
        "pct1ResTime": 119.80000000000001,
        "pct2ResTime": 182.5499999999999,
        "pct3ResTime": 259.0,
        "throughput": 9.04977375565611,
        "receivedKBytesPerSec": 245.30189479638008,
        "sentKBytesPerSec": 3.6917892156862746,
        "memMaxMB": 2779.3,
        "memAvgMB": 2755.9,
        "memMinMB": 2705.2,
        "cpuMax%": 25.6,
        "cpuAvg%": 16.4,
        "cpuMin%": 13.2,
        "dashboard": "results/details/compare-deployment-sequential/20201014-000413/qgis310-singlethread-multiinstance/somap310_lk/lk.txt/dashboard/index.html"
      }
    },
    "somap310_grundplanav_farbig": {
      "av_f_big.txt": {
        "transaction": "Total",
        "sampleCount": 735,
        "errorCount": 0,
        "errorPct": 0.0,
        "meanResTime": 699.2272108843534,
        "medianResTime": 688.0,
        "minResTime": 168.0,
        "maxResTime": 3396.0,
        "pct1ResTime": 1022.1999999999999,
        "pct2ResTime": 1256.9999999999993,
        "pct3ResTime": 2754.679999999994,
        "throughput": 1.4271816947928258,
        "receivedKBytesPerSec": 208.8642409796292,
        "sentKBytesPerSec": 0.6283778757225714,
        "memMaxMB": 4092.4,
        "memAvgMB": 3402.4,
        "memMinMB": 2750.7,
        "cpuMax%": 30.9,
        "cpuAvg%": 13.1,
        "cpuMin%": 11.9,
        "dashboard": "results/details/compare-deployment-sequential/20201014-000413/qgis310-singlethread-multiinstance/somap310_grundplanav_farbig/av_f_big.txt/dashboard/index.html"
      }
    },
    "somap310_grundplanav_sw": {
      "av_sw.txt": {
        "transaction": "Total",
        "sampleCount": 20,
        "errorCount": 0,
        "errorPct": 0.0,
        "meanResTime": 747.4499999999999,
        "medianResTime": 535.5,
        "minResTime": 199.0,
        "maxResTime": 2357.0,
        "pct1ResTime": 1622.4,
        "pct2ResTime": 2320.5499999999993,
        "pct3ResTime": 2357.0,
        "throughput": 1.3327114013460386,
        "receivedKBytesPerSec": 414.67002898647297,
        "sentKBytesPerSec": 0.5580728993136537,
        "memMaxMB": 3408.2,
        "memAvgMB": 3228.3,
        "memMinMB": 3159.7,
        "cpuMax%": 30.4,
        "cpuAvg%": 15.5,
        "cpuMin%": 12.3,
        "dashboard": "results/details/compare-deployment-sequential/20201014-000413/qgis310-singlethread-multiinstance/somap310_grundplanav_sw/av_sw.txt/dashboard/index.html"
      }
    }
  },
  "qgis310-multithread-singleinstance": {
    "somap310_lk": {
      "lk.txt": {
        "transaction": "Total",
        "sampleCount": 30,
        "errorCount": 0,
        "errorPct": 0.0,
        "meanResTime": 80.89999999999999,
        "medianResTime": 75.0,
        "minResTime": 49.0,
        "maxResTime": 229.0,
        "pct1ResTime": 86.9,
        "pct2ResTime": 151.9999999999999,
        "pct3ResTime": 229.0,
        "throughput": 12.145748987854251,
        "receivedKBytesPerSec": 329.2209640688259,
        "sentKBytesPerSec": 4.954769736842105,
        "memMaxMB": 2506.7,
        "memAvgMB": 2506.2,
        "memMinMB": 2505.7,
        "cpuMax%": 22.2,
        "cpuAvg%": 15.9,
        "cpuMin%": 9.5,
        "dashboard": "results/details/compare-deployment-sequential/20201014-000413/qgis310-multithread-singleinstance/somap310_lk/lk.txt/dashboard/index.html"
      }
    },
    "somap310_grundplanav_farbig": {
      "av_f_big.txt": {
        "transaction": "Total",
        "sampleCount": 735,
        "errorCount": 0,
        "errorPct": 0.0,
        "meanResTime": 462.37959183673485,
        "medianResTime": 406.0,
        "minResTime": 159.0,
        "maxResTime": 2732.0,
        "pct1ResTime": 697.8,
        "pct2ResTime": 821.1999999999999,
        "pct3ResTime": 1278.1599999999994,
        "throughput": 2.1559120387888173,
        "receivedKBytesPerSec": 315.5111443328112,
        "sentKBytesPerSec": 0.9492326254755472,
        "memMaxMB": 3496.5,
        "memAvgMB": 2917.1,
        "memMinMB": 2522.0,
        "cpuMax%": 27.8,
        "cpuAvg%": 19.7,
        "cpuMin%": 12.5,
        "dashboard": "results/details/compare-deployment-sequential/20201014-000413/qgis310-multithread-singleinstance/somap310_grundplanav_farbig/av_f_big.txt/dashboard/index.html"
      }
    },
    "somap310_grundplanav_sw": {
      "av_sw.txt": {
        "transaction": "Total",
        "sampleCount": 20,
        "errorCount": 0,
        "errorPct": 0.0,
        "meanResTime": 622.4,
        "medianResTime": 390.0,
        "minResTime": 207.0,
        "maxResTime": 2392.0,
        "pct1ResTime": 1298.3000000000004,
        "pct2ResTime": 2338.149999999999,
        "pct3ResTime": 2392.0,
        "throughput": 1.5998720102391808,
        "receivedKBytesPerSec": 497.79548886089117,
        "sentKBytesPerSec": 0.6699464042876571,
        "memMaxMB": 2838.2,
        "memAvgMB": 2664.6,
        "memMinMB": 2586.3,
        "cpuMax%": 30.8,
        "cpuAvg%": 18.3,
        "cpuMin%": 12.8,
        "dashboard": "results/details/compare-deployment-sequential/20201014-000413/qgis310-multithread-singleinstance/somap310_grundplanav_sw/av_sw.txt/dashboard/index.html"
      }
    }
  },
  "qgis310-balanced": {
    "somap310_lk": {
      "lk.txt": {
        "transaction": "Total",
        "sampleCount": 30,
        "errorCount": 0,
        "errorPct": 0.0,
        "meanResTime": 93.16666666666667,
        "medianResTime": 90.0,
        "minResTime": 53.0,
        "maxResTime": 247.0,
        "pct1ResTime": 95.9,
        "pct2ResTime": 166.6999999999999,
        "pct3ResTime": 247.0,
        "throughput": 10.548523206751055,
        "receivedKBytesPerSec": 285.92678665611817,
        "sentKBytesPerSec": 4.3031931258790435,
        "memMaxMB": 2623.4,
        "memAvgMB": 2602.3,
        "memMinMB": 2575.4,
        "cpuMax%": 27.4,
        "cpuAvg%": 17.9,
        "cpuMin%": 9.6,
        "dashboard": "results/details/compare-deployment-sequential/20201014-000413/qgis310-balanced/somap310_lk/lk.txt/dashboard/index.html"
      }
    },
    "somap310_grundplanav_farbig": {
      "av_f_big.txt": {
        "transaction": "Total",
        "sampleCount": 735,
        "errorCount": 0,
        "errorPct": 0.0,
        "meanResTime": 555.9714285714291,
        "medianResTime": 524.0,
        "minResTime": 170.0,
        "maxResTime": 3065.0,
        "pct1ResTime": 784.0,
        "pct2ResTime": 952.3999999999995,
        "pct3ResTime": 1709.4399999999982,
        "throughput": 1.7938905214241783,
        "receivedKBytesPerSec": 262.5270732935464,
        "sentKBytesPerSec": 0.7898371449439134,
        "memMaxMB": 3726.4,
        "memAvgMB": 3131.8,
        "memMinMB": 2638.1,
        "cpuMax%": 40.5,
        "cpuAvg%": 16.5,
        "cpuMin%": 12.4,
        "dashboard": "results/details/compare-deployment-sequential/20201014-000413/qgis310-balanced/somap310_grundplanav_farbig/av_f_big.txt/dashboard/index.html"
      }
    },
    "somap310_grundplanav_sw": {
      "av_sw.txt": {
        "transaction": "Total",
        "sampleCount": 20,
        "errorCount": 0,
        "errorPct": 0.0,
        "meanResTime": 668.35,
        "medianResTime": 462.5,
        "minResTime": 188.0,
        "maxResTime": 2251.0,
        "pct1ResTime": 1405.3000000000002,
        "pct2ResTime": 2209.3499999999995,
        "pct3ResTime": 2251.0,
        "throughput": 1.4898688915375446,
        "receivedKBytesPerSec": 463.56761327659416,
        "sentKBytesPerSec": 0.6238825983313468,
        "memMaxMB": 3027.5,
        "memAvgMB": 2848.9,
        "memMinMB": 2778.1,
        "cpuMax%": 31.1,
        "cpuAvg%": 17.3,
        "cpuMin%": 14.4,