{
  "Total" : {
    "transaction" : "Total",
    "sampleCount" : 5262,
    "errorCount" : 0,
    "errorPct" : 0.0,
    "meanResTime" : 323.6163055872296,
    "medianResTime" : 190.0,
    "minResTime" : 30.0,
    "maxResTime" : 3488.0,
    "pct1ResTime" : 788.0,
    "pct2ResTime" : 1038.8499999999995,
    "pct3ResTime" : 1641.6199999999972,
    "throughput" : 30.36878859583309,
    "receivedKBytesPerSec" : 1437.5593591288161,
    "sentKBytesPerSec" : 15.383420970522883
  },
  "HTTP Request" : {
    "transaction" : "HTTP Request",
    "sampleCount" : 5262,
    "errorCount" : 0,
    "errorPct" : 0.0,
    "meanResTime" : 323.6163055872296,
    "medianResTime" : 190.0,
    "minResTime" : 30.0,
    "maxResTime" : 3488.0,
    "pct1ResTime" : 788.0,
    "pct2ResTime" : 1038.8499999999995,
    "pct3ResTime" : 1641.6199999999972,
    "throughput" : 30.36878859583309,
    "receivedKBytesPerSec" : 1437.5593591288161,
    "sentKBytesPerSec" : 15.383420970522883
  }
}