{
  "Total" : {
    "transaction" : "Total",
    "sampleCount" : 20,
    "errorCount" : 0,
    "errorPct" : 0.0,
    "meanResTime" : 3059.6,
    "medianResTime" : 3142.0,
    "minResTime" : 1307.0,
    "maxResTime" : 4212.0,
    "pct1ResTime" : 4113.8,
    "pct2ResTime" : 4207.1,
    "pct3ResTime" : 4212.0,
    "throughput" : 2.4093482712926155,
    "receivedKBytesPerSec" : 749.3883690594506,
    "sentKBytesPerSec" : 1.0089145886037827
  },
  "HTTP Request" : {
    "transaction" : "HTTP Request",
    "sampleCount" : 20,
    "errorCount" : 0,
    "errorPct" : 0.0,
    "meanResTime" : 3059.6,
    "medianResTime" : 3142.0,
    "minResTime" : 1307.0,
    "maxResTime" : 4212.0,
    "pct1ResTime" : 4113.8,
    "pct2ResTime" : 4207.1,
    "pct3ResTime" : 4212.0,
    "throughput" : 2.4093482712926155,
    "receivedKBytesPerSec" : 749.3883690594506,
    "sentKBytesPerSec" : 1.0089145886037827
  }
}