{
  "Total" : {
    "transaction" : "Total",
    "sampleCount" : 22,
    "errorCount" : 0,
    "errorPct" : 0.0,
    "meanResTime" : 22957.045454545452,
    "medianResTime" : 25896.5,
    "minResTime" : 3062.0,
    "maxResTime" : 30986.0,
    "pct1ResTime" : 30836.7,
    "pct2ResTime" : 30964.1,
    "pct3ResTime" : 30986.0,
    "throughput" : 0.3604253018561903,
    "receivedKBytesPerSec" : 47.25004838095316,
    "sentKBytesPerSec" : 0.1483106599878766
  },
  "HTTP Request" : {
    "transaction" : "HTTP Request",
    "sampleCount" : 22,
    "errorCount" : 0,
    "errorPct" : 0.0,
    "meanResTime" : 22957.045454545452,
    "medianResTime" : 25896.5,
    "minResTime" : 3062.0,
    "maxResTime" : 30986.0,
    "pct1ResTime" : 30836.7,
    "pct2ResTime" : 30964.1,
    "pct3ResTime" : 30986.0,
    "throughput" : 0.3604253018561903,
    "receivedKBytesPerSec" : 47.25004838095316,
    "sentKBytesPerSec" : 0.1483106599878766
  }
}