{
  "Total" : {
    "transaction" : "Total",
    "sampleCount" : 30,
    "errorCount" : 0,
    "errorPct" : 0.0,
    "meanResTime" : 2767.866666666667,
    "medianResTime" : 3262.0,
    "minResTime" : 1597.0,
    "maxResTime" : 3693.0,
    "pct1ResTime" : 3606.4,
    "pct2ResTime" : 3690.25,
    "pct3ResTime" : 3693.0,
    "throughput" : 2.8677946659019216,
    "receivedKBytesPerSec" : 77.72638400965491,
    "sentKBytesPerSec" : 1.1726965036803365
  },
  "HTTP Request" : {
    "transaction" : "HTTP Request",
    "sampleCount" : 30,
    "errorCount" : 0,
    "errorPct" : 0.0,
    "meanResTime" : 2767.866666666667,
    "medianResTime" : 3262.0,
    "minResTime" : 1597.0,
    "maxResTime" : 3693.0,
    "pct1ResTime" : 3606.4,
    "pct2ResTime" : 3690.25,
    "pct3ResTime" : 3693.0,
    "throughput" : 2.8677946659019216,
    "receivedKBytesPerSec" : 77.72638400965491,
    "sentKBytesPerSec" : 1.1726965036803365
  }
}