{
  "Total" : {
    "transaction" : "Total",
    "sampleCount" : 20,
    "errorCount" : 0,
    "errorPct" : 0.0,
    "meanResTime" : 18855.75,
    "medianResTime" : 19867.5,
    "minResTime" : 2575.0,
    "maxResTime" : 27086.0,
    "pct1ResTime" : 26974.2,
    "pct2ResTime" : 27081.1,
    "pct3ResTime" : 27086.0,
    "throughput" : 0.4040240798351582,
    "receivedKBytesPerSec" : 196.7601806177023,
    "sentKBytesPerSec" : 0.16484498101086825
  },
  "HTTP Request" : {
    "transaction" : "HTTP Request",
    "sampleCount" : 20,
    "errorCount" : 0,
    "errorPct" : 0.0,
    "meanResTime" : 18855.75,
    "medianResTime" : 19867.5,
    "minResTime" : 2575.0,
    "maxResTime" : 27086.0,
    "pct1ResTime" : 26974.2,
    "pct2ResTime" : 27081.1,
    "pct3ResTime" : 27086.0,
    "throughput" : 0.4040240798351582,
    "receivedKBytesPerSec" : 196.7601806177023,
    "sentKBytesPerSec" : 0.16484498101086825
  }
}