{
  "Total" : {
    "transaction" : "Total",
    "sampleCount" : 5262,
    "errorCount" : 0,
    "errorPct" : 0.0,
    "meanResTime" : 271.9610414291143,
    "medianResTime" : 127.5,
    "minResTime" : 5.0,
    "maxResTime" : 54062.0,
    "pct1ResTime" : 594.0,
    "pct2ResTime" : 845.5499999999984,
    "pct3ResTime" : 1682.1099999999997,
    "throughput" : 36.492503155471105,
    "receivedKBytesPerSec" : 1857.8997061900982,
    "sentKBytesPerSec" : 18.48541098494043
  },
  "HTTP Request" : {
    "transaction" : "HTTP Request",
    "sampleCount" : 5262,
    "errorCount" : 0,
    "errorPct" : 0.0,
    "meanResTime" : 271.9610414291143,
    "medianResTime" : 127.5,
    "minResTime" : 5.0,
    "maxResTime" : 54062.0,
    "pct1ResTime" : 594.0,
    "pct2ResTime" : 845.5499999999984,
    "pct3ResTime" : 1682.1099999999997,
    "throughput" : 36.492503155471105,
    "receivedKBytesPerSec" : 1857.8997061900982,
    "sentKBytesPerSec" : 18.48541098494043
  }
}