{
  "Total" : {
    "transaction" : "Total",
    "sampleCount" : 20,
    "errorCount" : 0,
    "errorPct" : 0.0,
    "meanResTime" : 3372.0999999999995,
    "medianResTime" : 3356.5,
    "minResTime" : 2023.0,
    "maxResTime" : 4495.0,
    "pct1ResTime" : 4233.3,
    "pct2ResTime" : 4482.05,
    "pct3ResTime" : 4495.0,
    "throughput" : 2.256063169768754,
    "receivedKBytesPerSec" : 701.9685473068246,
    "sentKBytesPerSec" : 0.9447264523406655
  },
  "HTTP Request" : {
    "transaction" : "HTTP Request",
    "sampleCount" : 20,
    "errorCount" : 0,
    "errorPct" : 0.0,
    "meanResTime" : 3372.0999999999995,
    "medianResTime" : 3356.5,
    "minResTime" : 2023.0,
    "maxResTime" : 4495.0,
    "pct1ResTime" : 4233.3,
    "pct2ResTime" : 4482.05,
    "pct3ResTime" : 4495.0,
    "throughput" : 2.256063169768754,
    "receivedKBytesPerSec" : 701.9685473068246,
    "sentKBytesPerSec" : 0.9447264523406655
  }
}