{
  "Total" : {
    "transaction" : "Total",
    "sampleCount" : 20,
    "errorCount" : 0,
    "errorPct" : 0.0,
    "meanResTime" : 1552.4,
    "medianResTime" : 1431.5,
    "minResTime" : 265.0,
    "maxResTime" : 3443.0,
    "pct1ResTime" : 3024.3000000000006,
    "pct2ResTime" : 3423.6499999999996,
    "pct3ResTime" : 3443.0,
    "throughput" : 4.6274872744099955,
    "receivedKBytesPerSec" : 1439.532885889056,
    "sentKBytesPerSec" : 1.9377602961591855
  },
  "HTTP Request" : {
    "transaction" : "HTTP Request",
    "sampleCount" : 20,
    "errorCount" : 0,
    "errorPct" : 0.0,
    "meanResTime" : 1552.4,
    "medianResTime" : 1431.5,
    "minResTime" : 265.0,
    "maxResTime" : 3443.0,
    "pct1ResTime" : 3024.3000000000006,
    "pct2ResTime" : 3423.6499999999996,
    "pct3ResTime" : 3443.0,
    "throughput" : 4.6274872744099955,
    "receivedKBytesPerSec" : 1439.532885889056,
    "sentKBytesPerSec" : 1.9377602961591855
  }
}