{
  "Total" : {
    "transaction" : "Total",
    "sampleCount" : 22,
    "errorCount" : 0,
    "errorPct" : 0.0,
    "meanResTime" : 1551.1363636363635,
    "medianResTime" : 1174.5,
    "minResTime" : 226.0,
    "maxResTime" : 3205.0,
    "pct1ResTime" : 3074.1,
    "pct2ResTime" : 3185.4999999999995,
    "pct3ResTime" : 3205.0,
    "throughput" : 5.052824988516307,
    "receivedKBytesPerSec" : 658.849531321773,
    "sentKBytesPerSec" : 2.15319246669729
  },
  "HTTP Request" : {
    "transaction" : "HTTP Request",
    "sampleCount" : 22,
    "errorCount" : 0,
    "errorPct" : 0.0,
    "meanResTime" : 1551.1363636363635,
    "medianResTime" : 1174.5,
    "minResTime" : 226.0,
    "maxResTime" : 3205.0,
    "pct1ResTime" : 3074.1,
    "pct2ResTime" : 3185.4999999999995,
    "pct3ResTime" : 3205.0,
    "throughput" : 5.052824988516307,
    "receivedKBytesPerSec" : 658.849531321773,
    "sentKBytesPerSec" : 2.15319246669729
  }
}