{
  "Total" : {
    "transaction" : "Total",
    "sampleCount" : 5191,
    "errorCount" : 1,
    "errorPct" : 0.019264111,
    "meanResTime" : 1025.6162589096518,
    "medianResTime" : 853.0,
    "minResTime" : 189.0,
    "maxResTime" : 9129.0,
    "pct1ResTime" : 1908.8000000000002,
    "pct2ResTime" : 2369.3999999999996,
    "pct3ResTime" : 3283.879999999999,
    "throughput" : 9.71631577371148,
    "receivedKBytesPerSec" : 2629.099396081888,
    "sentKBytesPerSec" : 4.231649583135239
  },
  "HTTP Request" : {
    "transaction" : "HTTP Request",
    "sampleCount" : 5191,
    "errorCount" : 1,
    "errorPct" : 0.019264111,
    "meanResTime" : 1025.6162589096518,
    "medianResTime" : 853.0,
    "minResTime" : 189.0,
    "maxResTime" : 9129.0,
    "pct1ResTime" : 1908.8000000000002,
    "pct2ResTime" : 2369.3999999999996,
    "pct3ResTime" : 3283.879999999999,
    "throughput" : 9.71631577371148,
    "receivedKBytesPerSec" : 2629.099396081888,
    "sentKBytesPerSec" : 4.231649583135239
  }
}