{
  "Total" : {
    "transaction" : "Total",
    "sampleCount" : 30,
    "errorCount" : 30,
    "errorPct" : 100.0,
    "meanResTime" : 27159.46666666667,
    "medianResTime" : 3.0,
    "minResTime" : 1.0,
    "maxResTime" : 120172.0,
    "pct1ResTime" : 114064.00000000013,
    "pct2ResTime" : 120118.65,
    "pct3ResTime" : 120172.0,
    "throughput" : 0.19425270982530207,
    "receivedKBytesPerSec" : 0.06427665349525376,
    "sentKBytesPerSec" : 0.0794336764591616
  },
  "HTTP Request" : {
    "transaction" : "HTTP Request",
    "sampleCount" : 30,
    "errorCount" : 30,
    "errorPct" : 100.0,
    "meanResTime" : 27159.46666666667,
    "medianResTime" : 3.0,
    "minResTime" : 1.0,
    "maxResTime" : 120172.0,
    "pct1ResTime" : 114064.00000000013,
    "pct2ResTime" : 120118.65,
    "pct3ResTime" : 120172.0,
    "throughput" : 0.19425270982530207,
    "receivedKBytesPerSec" : 0.06427665349525376,
    "sentKBytesPerSec" : 0.0794336764591616
  }
}