{
  "Total" : {
    "transaction" : "Total",
    "sampleCount" : 5191,
    "errorCount" : 1,
    "errorPct" : 0.019264111,
    "meanResTime" : 637.2602581390877,
    "medianResTime" : 350.0,
    "minResTime" : 18.0,
    "maxResTime" : 21416.0,
    "pct1ResTime" : 1079.8000000000002,
    "pct2ResTime" : 1874.199999999999,
    "pct3ResTime" : 8040.0,
    "throughput" : 15.610292989952997,
    "receivedKBytesPerSec" : 4165.744946121597,
    "sentKBytesPerSec" : 7.039051645944662
  },
  "HTTP Request" : {
    "transaction" : "HTTP Request",
    "sampleCount" : 5191,
    "errorCount" : 1,
    "errorPct" : 0.019264111,
    "meanResTime" : 637.2602581390877,
    "medianResTime" : 350.0,
    "minResTime" : 18.0,
    "maxResTime" : 21416.0,
    "pct1ResTime" : 1079.8000000000002,
    "pct2ResTime" : 1874.199999999999,
    "pct3ResTime" : 8040.0,
    "throughput" : 15.610292989952997,
    "receivedKBytesPerSec" : 4165.744946121597,
    "sentKBytesPerSec" : 7.039051645944662
  }
}