{
  "Total" : {
    "transaction" : "Total",
    "sampleCount" : 735,
    "errorCount" : 0,
    "errorPct" : 0.0,
    "meanResTime" : 858.951020408164,
    "medianResTime" : 797.0,
    "minResTime" : 174.0,
    "maxResTime" : 3510.0,
    "pct1ResTime" : 1311.0,
    "pct2ResTime" : 1555.3999999999999,
    "pct3ResTime" : 2983.2799999999975,
    "throughput" : 11.468605667207589,
    "receivedKBytesPerSec" : 1678.3969313921875,
    "sentKBytesPerSec" : 5.049544912854201
  },
  "HTTP Request" : {
    "transaction" : "HTTP Request",
    "sampleCount" : 735,
    "errorCount" : 0,
    "errorPct" : 0.0,
    "meanResTime" : 858.951020408164,
    "medianResTime" : 797.0,
    "minResTime" : 174.0,
    "maxResTime" : 3510.0,
    "pct1ResTime" : 1311.0,
    "pct2ResTime" : 1555.3999999999999,
    "pct3ResTime" : 2983.2799999999975,
    "throughput" : 11.468605667207589,
    "receivedKBytesPerSec" : 1678.3969313921875,
    "sentKBytesPerSec" : 5.049544912854201
  }
}