{
  "Total" : {
    "transaction" : "Total",
    "sampleCount" : 20,
    "errorCount" : 0,
    "errorPct" : 0.0,
    "meanResTime" : 21083.149999999998,
    "medianResTime" : 22443.5,
    "minResTime" : 2658.0,
    "maxResTime" : 30241.0,
    "pct1ResTime" : 30205.100000000002,
    "pct2ResTime" : 30240.2,
    "pct3ResTime" : 30241.0,
    "throughput" : 0.36248957842462026,
    "receivedKBytesPerSec" : 176.53283178557837,
    "sentKBytesPerSec" : 0.14789857994707653
  },
  "HTTP Request" : {
    "transaction" : "HTTP Request",
    "sampleCount" : 20,
    "errorCount" : 0,
    "errorPct" : 0.0,
    "meanResTime" : 21083.149999999998,
    "medianResTime" : 22443.5,
    "minResTime" : 2658.0,
    "maxResTime" : 30241.0,
    "pct1ResTime" : 30205.100000000002,
    "pct2ResTime" : 30240.2,
    "pct3ResTime" : 30241.0,
    "throughput" : 0.36248957842462026,
    "receivedKBytesPerSec" : 176.53283178557837,
    "sentKBytesPerSec" : 0.14789857994707653
  }
}