{
  "Total" : {
    "transaction" : "Total",
    "sampleCount" : 22,
    "errorCount" : 0,
    "errorPct" : 0.0,
    "meanResTime" : 25400.272727272728,
    "medianResTime" : 28887.5,
    "minResTime" : 3517.0,
    "maxResTime" : 34072.0,
    "pct1ResTime" : 33765.3,
    "pct2ResTime" : 34035.4,
    "pct3ResTime" : 34072.0,
    "throughput" : 0.32494867288007917,
    "receivedKBytesPerSec" : 42.59954784130688,
    "sentKBytesPerSec" : 0.1337124555041874
  },
  "HTTP Request" : {
    "transaction" : "HTTP Request",
    "sampleCount" : 22,
    "errorCount" : 0,
    "errorPct" : 0.0,
    "meanResTime" : 25400.272727272728,
    "medianResTime" : 28887.5,
    "minResTime" : 3517.0,
    "maxResTime" : 34072.0,
    "pct1ResTime" : 33765.3,
    "pct2ResTime" : 34035.4,
    "pct3ResTime" : 34072.0,
    "throughput" : 0.32494867288007917,
    "receivedKBytesPerSec" : 42.59954784130688,
    "sentKBytesPerSec" : 0.1337124555041874
  }
}