{
  "Total" : {
    "transaction" : "Total",
    "sampleCount" : 22,
    "errorCount" : 0,
    "errorPct" : 0.0,
    "meanResTime" : 581.4545454545453,
    "medianResTime" : 477.5,
    "minResTime" : 200.0,
    "maxResTime" : 2474.0,
    "pct1ResTime" : 738.8,
    "pct2ResTime" : 2215.2499999999964,
    "pct3ResTime" : 2474.0,
    "throughput" : 1.7136625642623462,
    "receivedKBytesPerSec" : 223.44674988315938,
    "sentKBytesPerSec" : 0.7302539336345225
  },
  "HTTP Request" : {
    "transaction" : "HTTP Request",
    "sampleCount" : 22,
    "errorCount" : 0,
    "errorPct" : 0.0,
    "meanResTime" : 581.4545454545453,
    "medianResTime" : 477.5,
    "minResTime" : 200.0,
    "maxResTime" : 2474.0,
    "pct1ResTime" : 738.8,
    "pct2ResTime" : 2215.2499999999964,
    "pct3ResTime" : 2474.0,
    "throughput" : 1.7136625642623462,
    "receivedKBytesPerSec" : 223.44674988315938,
    "sentKBytesPerSec" : 0.7302539336345225
  }
}