{
  "Total" : {
    "transaction" : "Total",
    "sampleCount" : 735,
    "errorCount" : 0,
    "errorPct" : 0.0,
    "meanResTime" : 1060.3170068027216,
    "medianResTime" : 981.0,
    "minResTime" : 199.0,
    "maxResTime" : 4355.0,
    "pct1ResTime" : 1710.9999999999998,
    "pct2ResTime" : 1976.3999999999987,
    "pct3ResTime" : 3328.159999999999,
    "throughput" : 9.306978334367443,
    "receivedKBytesPerSec" : 1362.0968558874551,
    "sentKBytesPerSec" : 4.09779588435288
  },
  "HTTP Request" : {
    "transaction" : "HTTP Request",
    "sampleCount" : 735,
    "errorCount" : 0,
    "errorPct" : 0.0,
    "meanResTime" : 1060.3170068027216,
    "medianResTime" : 981.0,
    "minResTime" : 199.0,
    "maxResTime" : 4355.0,
    "pct1ResTime" : 1710.9999999999998,
    "pct2ResTime" : 1976.3999999999987,
    "pct3ResTime" : 3328.159999999999,
    "throughput" : 9.306978334367443,
    "receivedKBytesPerSec" : 1362.0968558874551,
    "sentKBytesPerSec" : 4.09779588435288
  }
}