{
  "Total" : {
    "transaction" : "Total",
    "sampleCount" : 5190,
    "errorCount" : 10,
    "errorPct" : 0.19267823,
    "meanResTime" : 1310.0597302504839,
    "medianResTime" : 788.0,
    "minResTime" : 265.0,
    "maxResTime" : 64069.0,
    "pct1ResTime" : 1975.800000000001,
    "pct2ResTime" : 2627.0499999999984,
    "pct3ResTime" : 6979.360000000044,
    "throughput" : 7.565741041739858,
    "receivedKBytesPerSec" : 4125.490171062371,
    "sentKBytesPerSec" : 3.1842662242506057
  },
  "HTTP Request" : {
    "transaction" : "HTTP Request",
    "sampleCount" : 5190,
    "errorCount" : 10,
    "errorPct" : 0.19267823,
    "meanResTime" : 1310.0597302504839,
    "medianResTime" : 788.0,
    "minResTime" : 265.0,
    "maxResTime" : 64069.0,
    "pct1ResTime" : 1975.800000000001,
    "pct2ResTime" : 2627.0499999999984,
    "pct3ResTime" : 6979.360000000044,
    "throughput" : 7.565741041739858,
    "receivedKBytesPerSec" : 4125.490171062371,
    "sentKBytesPerSec" : 3.1842662242506057
  }
}