{
  "Total" : {
    "transaction" : "Total",
    "sampleCount" : 22,
    "errorCount" : 0,
    "errorPct" : 0.0,
    "meanResTime" : 1281.1363636363635,
    "medianResTime" : 919.5,
    "minResTime" : 245.0,
    "maxResTime" : 2739.0,
    "pct1ResTime" : 2683.4,
    "pct2ResTime" : 2737.5,
    "pct3ResTime" : 2739.0,
    "throughput" : 6.260671599317018,
    "receivedKBytesPerSec" : 990.2277052504269,
    "sentKBytesPerSec" : 2.667899829254411
  },
  "HTTP Request" : {
    "transaction" : "HTTP Request",
    "sampleCount" : 22,
    "errorCount" : 0,
    "errorPct" : 0.0,
    "meanResTime" : 1281.1363636363635,
    "medianResTime" : 919.5,
    "minResTime" : 245.0,
    "maxResTime" : 2739.0,
    "pct1ResTime" : 2683.4,
    "pct2ResTime" : 2737.5,
    "pct3ResTime" : 2739.0,
    "throughput" : 6.260671599317018,
    "receivedKBytesPerSec" : 990.2277052504269,
    "sentKBytesPerSec" : 2.667899829254411
  }
}