{
  "Total" : {
    "transaction" : "Total",
    "sampleCount" : 22,
    "errorCount" : 0,
    "errorPct" : 0.0,
    "meanResTime" : 26903.590909090908,
    "medianResTime" : 29438.5,
    "minResTime" : 4082.0,
    "maxResTime" : 38546.0,
    "pct1ResTime" : 38086.8,
    "pct2ResTime" : 38478.2,
    "pct3ResTime" : 38546.0,
    "throughput" : 0.32673914334937326,
    "receivedKBytesPerSec" : 42.83444582442227,
    "sentKBytesPerSec" : 0.13444921248440564
  },
  "HTTP Request" : {
    "transaction" : "HTTP Request",
    "sampleCount" : 22,
    "errorCount" : 0,
    "errorPct" : 0.0,
    "meanResTime" : 26903.590909090908,
    "medianResTime" : 29438.5,
    "minResTime" : 4082.0,
    "maxResTime" : 38546.0,
    "pct1ResTime" : 38086.8,
    "pct2ResTime" : 38478.2,
    "pct3ResTime" : 38546.0,
    "throughput" : 0.32673914334937326,
    "receivedKBytesPerSec" : 42.83444582442227,
    "sentKBytesPerSec" : 0.13444921248440564
  }
}