{
  "Total" : {
    "transaction" : "Total",
    "sampleCount" : 20,
    "errorCount" : 0,
    "errorPct" : 0.0,
    "meanResTime" : 18771.8,
    "medianResTime" : 19975.5,
    "minResTime" : 4470.0,
    "maxResTime" : 26850.0,
    "pct1ResTime" : 26512.2,
    "pct2ResTime" : 26833.25,
    "pct3ResTime" : 26850.0,
    "throughput" : 0.40936630096610443,
    "receivedKBytesPerSec" : 199.36132860472614,
    "sentKBytesPerSec" : 0.16702464896839692
  },
  "HTTP Request" : {
    "transaction" : "HTTP Request",
    "sampleCount" : 20,
    "errorCount" : 0,
    "errorPct" : 0.0,
    "meanResTime" : 18771.8,
    "medianResTime" : 19975.5,
    "minResTime" : 4470.0,
    "maxResTime" : 26850.0,
    "pct1ResTime" : 26512.2,
    "pct2ResTime" : 26833.25,
    "pct3ResTime" : 26850.0,
    "throughput" : 0.40936630096610443,
    "receivedKBytesPerSec" : 199.36132860472614,
    "sentKBytesPerSec" : 0.16702464896839692
  }
}