{
  "qgis218-stock": {
    "somap218_orthofoto": {
      "orthofotos_big.txt": {
        "transaction": "Total",
        "sampleCount": 5190,
        "errorCount": 0,
        "errorPct": 0.0,
        "meanResTime": 405.3545279383423,
        "medianResTime": 330.0,
        "minResTime": 2.0,
        "maxResTime": 7535.0,
        "pct1ResTime": 639.0,
        "pct2ResTime": 848.4499999999998,
        "pct3ResTime": 1963.3400000000038,
        "throughput": 24.526251122347713,
        "receivedKBytesPerSec": 9961.989401013361,
        "sentKBytesPerSec": 9.731133113392561,
        "responseSizeMB": 2058.65,
        "memMaxMB": 8630.5,
        "memAvgMB": 7424.2,
        "memMinMB": 2276.1,
        "cpuMax%": 100.0,
        "cpuAvg%": 99.1,
        "cpuMin%": 13.7,
        "dashboard": "results/details/compare-orthofotos/20201011-045735/qgis218-stock/somap218_orthofoto/orthofotos_big.txt/dashboard/index.html"
      }
    }
  },
  "qgis310-stock": {
    "somap310_orthofoto": {
      "orthofotos_big.txt": {
        "transaction": "Total",
        "sampleCount": 5190,
        "errorCount": 0,
        "errorPct": 0.0,
        "meanResTime": 1452.272254335258,
        "medianResTime": 904.5,
        "minResTime": 4.0,
        "maxResTime": 11279.0,
        "pct1ResTime": 3465.4000000000033,
        "pct2ResTime": 4121.9,
        "pct3ResTime": 6301.630000000016,
        "throughput": 6.855947170898023,
        "receivedKBytesPerSec": 2702.333905257399,
        "sentKBytesPerSec": 2.720192915157984,
        "responseSizeMB": 1997.74,
        "memMaxMB": 19863.2,
        "memAvgMB": 17222.9,
        "memMinMB": 2548.9,
        "cpuMax%": 90.9,
        "cpuAvg%": 74.7,
        "cpuMin%": 15.2,
        "dashboard": "results/details/compare-orthofotos/20201011-045735/qgis310-stock/somap310_orthofoto/orthofotos_big.txt/dashboard/index.html"
      }
    }
  },
  "qgis314-stock": {
    "somap314_orthofoto": {
      "orthofotos_big.txt": {
        "transaction": "Total",
        "sampleCount": 5190,
        "errorCount": 0,
        "errorPct": 0.0,
        "meanResTime": 329.3019267822732,
        "medianResTime": 279.5,
        "minResTime": 4.0,
        "maxResTime": 4606.0,
        "pct1ResTime": 579.0,
        "pct2ResTime": 743.0,
        "pct3ResTime": 1297.0,
        "throughput": 30.06621519068005,
        "receivedKBytesPerSec": 12200.695516571177,
        "sentKBytesPerSec": 11.929191329604505,
        "responseSizeMB": 2056.71,
        "memMaxMB": 11842.6,
        "memAvgMB": 9768.8,
        "memMinMB": 2620.0,
        "cpuMax%": 89.9,
        "cpuAvg%": 75.1,
        "cpuMin%": 15.1,
        "dashboard": "results/details/compare-orthofotos/20201011-045735/qgis314-stock/somap314_orthofoto/orthofotos_big.txt/dashboard/index.html"
      }
    }
  }
}