{
  "Total" : {
    "transaction" : "Total",
    "sampleCount" : 20,
    "errorCount" : 0,
    "errorPct" : 0.0,
    "meanResTime" : 18716.2,
    "medianResTime" : 20499.0,
    "minResTime" : 2028.0,
    "maxResTime" : 26881.0,
    "pct1ResTime" : 26812.5,
    "pct2ResTime" : 26878.5,
    "pct3ResTime" : 26881.0,
    "throughput" : 0.40844667728628026,
    "receivedKBytesPerSec" : 198.91432958583508,
    "sentKBytesPerSec" : 0.16664943532246865
  },
  "HTTP Request" : {
    "transaction" : "HTTP Request",
    "sampleCount" : 20,
    "errorCount" : 0,
    "errorPct" : 0.0,
    "meanResTime" : 18716.2,
    "medianResTime" : 20499.0,
    "minResTime" : 2028.0,
    "maxResTime" : 26881.0,
    "pct1ResTime" : 26812.5,
    "pct2ResTime" : 26878.5,
    "pct3ResTime" : 26881.0,
    "throughput" : 0.40844667728628026,
    "receivedKBytesPerSec" : 198.91432958583508,
    "sentKBytesPerSec" : 0.16664943532246865
  }
}