{
  "Total" : {
    "transaction" : "Total",
    "sampleCount" : 30,
    "errorCount" : 0,
    "errorPct" : 0.0,
    "meanResTime" : 260.83333333333337,
    "medianResTime" : 180.5,
    "minResTime" : 78.0,
    "maxResTime" : 889.0,
    "pct1ResTime" : 852.0,
    "pct2ResTime" : 875.25,
    "pct3ResTime" : 889.0,
    "throughput" : 24.489795918367346,
    "receivedKBytesPerSec" : 663.8408801020407,
    "sentKBytesPerSec" : 9.990433673469386
  },
  "HTTP Request" : {
    "transaction" : "HTTP Request",
    "sampleCount" : 30,
    "errorCount" : 0,
    "errorPct" : 0.0,
    "meanResTime" : 260.83333333333337,
    "medianResTime" : 180.5,
    "minResTime" : 78.0,
    "maxResTime" : 889.0,
    "pct1ResTime" : 852.0,
    "pct2ResTime" : 875.25,
    "pct3ResTime" : 889.0,
    "throughput" : 24.489795918367346,
    "receivedKBytesPerSec" : 663.8408801020407,
    "sentKBytesPerSec" : 9.990433673469386
  }
}