{
  "Total" : {
    "transaction" : "Total",
    "sampleCount" : 735,
    "errorCount" : 0,
    "errorPct" : 0.0,
    "meanResTime" : 848.0108843537415,
    "medianResTime" : 844.0,
    "minResTime" : 139.0,
    "maxResTime" : 2964.0,
    "pct1ResTime" : 1279.1999999999998,
    "pct2ResTime" : 1394.3999999999996,
    "pct3ResTime" : 2428.9199999999964,
    "throughput" : 11.685028854867172,
    "receivedKBytesPerSec" : 1617.991885934842,
    "sentKBytesPerSec" : 5.281768423792944
  },
  "HTTP Request" : {
    "transaction" : "HTTP Request",
    "sampleCount" : 735,
    "errorCount" : 0,
    "errorPct" : 0.0,
    "meanResTime" : 848.0108843537415,
    "medianResTime" : 844.0,
    "minResTime" : 139.0,
    "maxResTime" : 2964.0,
    "pct1ResTime" : 1279.1999999999998,
    "pct2ResTime" : 1394.3999999999996,
    "pct3ResTime" : 2428.9199999999964,
    "throughput" : 11.685028854867172,
    "receivedKBytesPerSec" : 1617.991885934842,
    "sentKBytesPerSec" : 5.281768423792944
  }
}