{
  "qgis316-nginx": {
    "somap316_lk": {
      "lk.txt": {
        "transaction": "Total",
        "sampleCount": 30,
        "errorCount": 0,
        "errorPct": 0.0,
        "meanResTime": 263.2333333333333,
        "medianResTime": 255.5,
        "minResTime": 128.0,
        "maxResTime": 397.0,
        "pct1ResTime": 341.80000000000007,
        "pct2ResTime": 369.49999999999994,
        "pct3ResTime": 397.0,
        "throughput": 23.65930599369085,
        "receivedKBytesPerSec": 641.2827163840694,
        "sentKBytesPerSec": 9.651641364353312,
        "responseSizeMB": 0.8,
        "memMaxMB": 2352.9,
        "memAvgMB": 2352.9,
        "memMinMB": 2352.9,
        "cpuMax%": 13.9,
        "cpuAvg%": 13.9,
        "cpuMin%": 13.9,
        "dashboard": "results/details/compare-dev-webserver/20201103-084011/qgis316-nginx/somap316_lk/lk.txt/dashboard/index.html",
        "effective duration": 7.2
      }
    },
    "somap316_grundplanav_farbig": {
      "av_f.txt": {
        "transaction": "Total",
        "sampleCount": 22,
        "errorCount": 0,
        "errorPct": 0.0,
        "meanResTime": 2693.136363636364,
        "medianResTime": 2893.5,
        "minResTime": 864.0,
        "maxResTime": 3991.0,
        "pct1ResTime": 3851.2,
        "pct2ResTime": 3970.7499999999995,
        "pct3ResTime": 3991.0,
        "throughput": 3.000545553737043,
        "receivedKBytesPerSec": 391.27257867907804,
        "sentKBytesPerSec": 1.2786415711947627,
        "responseSizeMB": 2.8,
        "memMaxMB": 2950.7,
        "memAvgMB": 2706.3,
        "memMinMB": 2533.6,
        "cpuMax%": 31.1,
        "cpuAvg%": 26.4,
        "cpuMin%": 24.9,
        "dashboard": "results/details/compare-dev-webserver/20201103-084011/qgis316-nginx/somap316_grundplanav_farbig/av_f.txt/dashboard/index.html",
        "effective duration": 13.1
      }
    },
    "somap316_grundplanav_sw": {
      "av_sw.txt": {
        "transaction": "Total",
        "sampleCount": 20,
        "errorCount": 0,
        "errorPct": 0.0,
        "meanResTime": 1635.45,
        "medianResTime": 1654.5,
        "minResTime": 181.0,
        "maxResTime": 3793.0,
        "pct1ResTime": 3353.4000000000005,
        "pct2ResTime": 3771.9999999999995,
        "pct3ResTime": 3793.0,
        "throughput": 4.071661237785016,
        "receivedKBytesPerSec": 1266.425017813518,
        "sentKBytesPerSec": 1.7050081433224755,
        "responseSizeMB": 6.1,
        "memMaxMB": 2612.5,
        "memAvgMB": 2452.0,
        "memMinMB": 2363.1,
        "cpuMax%": 32.7,
        "cpuAvg%": 27.4,
        "cpuMin%": 25.9,
        "dashboard": "results/details/compare-dev-webserver/20201103-084011/qgis316-nginx/somap316_grundplanav_sw/av_sw.txt/dashboard/index.html",
        "effective duration": 10.8
      }
    }
  },
  "qgis316-standalone": {
    "somap316_lk": {
      "lk.txt": {
        "transaction": "Total",
        "sampleCount": 30,
        "errorCount": 0,
        "errorPct": 0.0,
        "meanResTime": 245.76666666666668,
        "medianResTime": 247.0,
        "minResTime": 117.0,
        "maxResTime": 339.0,
        "pct1ResTime": 311.70000000000005,
        "pct2ResTime": 335.15,
        "pct3ResTime": 339.0,
        "throughput": 25.188916876574307,
        "receivedKBytesPerSec": 680.1975099706129,
        "sentKBytesPerSec": 10.620014693534845,
        "responseSizeMB": 0.8,
        "memMaxMB": 2405.4,
        "memAvgMB": 2405.4,
        "memMinMB": 2405.4,
        "cpuMax%": 14.3,
        "cpuAvg%": 14.3,
        "cpuMin%": 14.3,
        "dashboard": "results/details/compare-dev-webserver/20201103-084011/qgis316-standalone/somap316_lk/lk.txt/dashboard/index.html",
        "effective duration": 7.0
      }
    },
    "somap316_grundplanav_farbig": {
      "av_f.txt": {
        "transaction": "Total",
        "sampleCount": 22,
        "errorCount": 0,
        "errorPct": 0.0,
        "meanResTime": 39700.27272727273,
        "medianResTime": 3413.0,
        "minResTime": 849.0,
        "maxResTime": 106176.0,
        "pct1ResTime": 105978.8,
        "pct2ResTime": 106174.95,
        "pct3ResTime": 106176.0,
        "throughput": 0.20052135552436334,
        "receivedKBytesPerSec": 24.366317624687824,
        "sentKBytesPerSec": 0.0881909441821463,
        "responseSizeMB": 2.6,
        "memMaxMB": 4214.0,
        "memAvgMB": 3737.0,
        "memMinMB": 2391.2,
        "cpuMax%": 53.2,
        "cpuAvg%": 25.8,
        "cpuMin%": 24.8,
        "dashboard": "results/details/compare-dev-webserver/20201103-084011/qgis316-standalone/somap316_grundplanav_farbig/av_f.txt/dashboard/index.html",
        "effective duration": 115.1
      }
    },
    "somap316_grundplanav_sw": {
      "av_sw.txt": {
        "transaction": "Total",
        "sampleCount": 20,
        "errorCount": 0,
        "errorPct": 0.0,
        "meanResTime": 32337.55,
        "medianResTime": 1724.5,
        "minResTime": 200.0,
        "maxResTime": 196689.0,
        "pct1ResTime": 107377.1,
        "pct2ResTime": 192225.49999999994,
        "pct3ResTime": 196689.0,
        "throughput": 0.10060665814863627,
        "receivedKBytesPerSec": 26.123221266424036,
        "sentKBytesPerSec": 0.04350451975411732,
        "responseSizeMB": 5.1,
        "memMaxMB": 4858.9,
        "memAvgMB": 4598.8,
        "memMinMB": 3793.1,
        "cpuMax%": 51.1,
        "cpuAvg%": 20.2,
        "cpuMin%": 12.8,
        "dashboard": "results/details/compare-dev-webserver/20201103-084011/qgis316-standalone/somap316_grundplanav_sw/av_sw.txt/dashboard/index.html",
        "effective duration": 204.4
      }
    }
  }
}