{
  "Total" : {
    "transaction" : "Total",
    "sampleCount" : 735,
    "errorCount" : 0,
    "errorPct" : 0.0,
    "meanResTime" : 26412.662585034006,
    "medianResTime" : 27395.0,
    "minResTime" : 3286.0,
    "maxResTime" : 44561.0,
    "pct1ResTime" : 30348.4,
    "pct2ResTime" : 32135.399999999998,
    "pct3ResTime" : 42920.56,
    "throughput" : 0.3769215305783361,
    "receivedKBytesPerSec" : 69.8153050245499,
    "sentKBytesPerSec" : 0.16043453812112565
  },
  "HTTP Request" : {
    "transaction" : "HTTP Request",
    "sampleCount" : 735,
    "errorCount" : 0,
    "errorPct" : 0.0,
    "meanResTime" : 26412.662585034006,
    "medianResTime" : 27395.0,
    "minResTime" : 3286.0,
    "maxResTime" : 44561.0,
    "pct1ResTime" : 30348.4,
    "pct2ResTime" : 32135.399999999998,
    "pct3ResTime" : 42920.56,
    "throughput" : 0.3769215305783361,
    "receivedKBytesPerSec" : 69.8153050245499,
    "sentKBytesPerSec" : 0.16043453812112565
  }
}