{
  "qgis310-singlethread-multiinstance": {
    "somap310_lk": {
      "lk.txt": {
        "transaction": "Total",
        "sampleCount": 30,
        "errorCount": 0,
        "errorPct": 0.0,
        "meanResTime": 114.3,
        "medianResTime": 110.0,
        "minResTime": 63.0,
        "maxResTime": 280.0,
        "pct1ResTime": 123.9,
        "pct2ResTime": 195.8499999999999,
        "pct3ResTime": 280.0,
        "throughput": 8.62316757688991,
        "receivedKBytesPerSec": 233.74678876832422,
        "sentKBytesPerSec": 3.5177583357286575,
        "memMaxMB": 2601.5,
        "memAvgMB": 2592.7,
        "memMinMB": 2585.3,
        "cpuMax%": 16.1,
        "cpuAvg%": 15.1,
        "cpuMin%": 14.0,
        "dashboard": "results/details/compare-deployment-sequential/20201028-000243/qgis310-singlethread-multiinstance/somap310_lk/lk.txt/dashboard/index.html"
      }
    },
    "somap310_grundplanav_farbig": {
      "av_f_big.txt": {
        "transaction": "Total",
        "sampleCount": 735,
        "errorCount": 0,
        "errorPct": 0.0,
        "meanResTime": 719.6734693877555,
        "medianResTime": 703.0,
        "minResTime": 183.0,
        "maxResTime": 3274.0,
        "pct1ResTime": 1062.4,
        "pct2ResTime": 1274.3999999999999,
        "pct3ResTime": 2449.8399999999956,
        "throughput": 1.386530843237125,
        "receivedKBytesPerSec": 202.91521315258913,
        "sentKBytesPerSec": 0.6104795970099981,
        "memMaxMB": 3780.7,
        "memAvgMB": 3211.7,
        "memMinMB": 2622.7,
        "cpuMax%": 38.3,
        "cpuAvg%": 13.1,
        "cpuMin%": 11.9,
        "dashboard": "results/details/compare-deployment-sequential/20201028-000243/qgis310-singlethread-multiinstance/somap310_grundplanav_farbig/av_f_big.txt/dashboard/index.html"
      }
    },
    "somap310_grundplanav_sw": {
      "av_sw.txt": {
        "transaction": "Total",
        "sampleCount": 20,
        "errorCount": 0,
        "errorPct": 0.0,
        "meanResTime": 760.6500000000002,
        "medianResTime": 565.0,
        "minResTime": 200.0,
        "maxResTime": 2405.0,
        "pct1ResTime": 1634.8000000000002,
        "pct2ResTime": 2367.0999999999995,
        "pct3ResTime": 2405.0,
        "throughput": 1.309757694826457,
        "receivedKBytesPerSec": 407.52874048379175,
        "sentKBytesPerSec": 0.5484610347085789,
        "memMaxMB": 3181.4,
        "memAvgMB": 2999.4,
        "memMinMB": 2936.1,
        "cpuMax%": 24.6,
        "cpuAvg%": 15.7,
        "cpuMin%": 12.6,
        "dashboard": "results/details/compare-deployment-sequential/20201028-000243/qgis310-singlethread-multiinstance/somap310_grundplanav_sw/av_sw.txt/dashboard/index.html"
      }
    }
  },
  "qgis310-multithread-singleinstance": {
    "somap310_lk": {
      "lk.txt": {
        "transaction": "Total",
        "sampleCount": 30,
        "errorCount": 0,
        "errorPct": 0.0,
        "meanResTime": 79.9,
        "medianResTime": 74.5,
        "minResTime": 56.0,
        "maxResTime": 241.0,
        "pct1ResTime": 85.50000000000001,
        "pct2ResTime": 158.4999999999999,
        "pct3ResTime": 241.0,
        "throughput": 12.290045063498567,
        "receivedKBytesPerSec": 333.1442352007374,
        "sentKBytesPerSec": 5.013634268742319,
        "memMaxMB": 2316.0,
        "memAvgMB": 2314.6,
        "memMinMB": 2313.1,
        "cpuMax%": 25.1,
        "cpuAvg%": 17.2,
        "cpuMin%": 9.4,
        "dashboard": "results/details/compare-deployment-sequential/20201028-000243/qgis310-multithread-singleinstance/somap310_lk/lk.txt/dashboard/index.html"
      }
    },
    "somap310_grundplanav_farbig": {
      "av_f_big.txt": {
        "transaction": "Total",
        "sampleCount": 735,
        "errorCount": 0,
        "errorPct": 0.0,
        "meanResTime": 475.15918367346933,
        "medianResTime": 418.0,
        "minResTime": 178.0,
        "maxResTime": 2915.0,
        "pct1ResTime": 706.8,
        "pct2ResTime": 846.3999999999995,
        "pct3ResTime": 1333.3599999999992,
        "throughput": 2.0980278538174115,
        "receivedKBytesPerSec": 307.03934897178794,
        "sentKBytesPerSec": 0.9237466335216326,
        "memMaxMB": 3306.6,
        "memAvgMB": 2726.9,
        "memMinMB": 2291.6,
        "cpuMax%": 27.5,
        "cpuAvg%": 19.8,
        "cpuMin%": 12.5,
        "dashboard": "results/details/compare-deployment-sequential/20201028-000243/qgis310-multithread-singleinstance/somap310_grundplanav_farbig/av_f_big.txt/dashboard/index.html"
      }
    },
    "somap310_grundplanav_sw": {
      "av_sw.txt": {
        "transaction": "Total",
        "sampleCount": 20,
        "errorCount": 0,
        "errorPct": 0.0,
        "meanResTime": 622.9000000000001,
        "medianResTime": 383.0,
        "minResTime": 218.0,
        "maxResTime": 2341.0,
        "pct1ResTime": 1319.0000000000005,
        "pct2ResTime": 2291.0999999999995,
        "pct3ResTime": 2341.0,
        "throughput": 1.59846547314578,
        "receivedKBytesPerSec": 497.359644116648,
        "sentKBytesPerSec": 0.6693574168797953,
        "memMaxMB": 2641.3,
        "memAvgMB": 2459.7,
        "memMinMB": 2397.2,
        "cpuMax%": 32.8,
        "cpuAvg%": 18.9,
        "cpuMin%": 15.5,
        "dashboard": "results/details/compare-deployment-sequential/20201028-000243/qgis310-multithread-singleinstance/somap310_grundplanav_sw/av_sw.txt/dashboard/index.html"
      }
    }
  },
  "qgis310-balanced": {
    "somap310_lk": {
      "lk.txt": {
        "transaction": "Total",
        "sampleCount": 30,
        "errorCount": 0,
        "errorPct": 0.0,
        "meanResTime": 95.69999999999999,
        "medianResTime": 92.5,
        "minResTime": 50.0,
        "maxResTime": 252.0,
        "pct1ResTime": 105.0,
        "pct2ResTime": 178.2999999999999,
        "pct3ResTime": 252.0,
        "throughput": 10.291595197255575,
        "receivedKBytesPerSec": 278.9725825471698,
        "sentKBytesPerSec": 4.198381217838765,
        "memMaxMB": 2432.2,
        "memAvgMB": 2419.9,
        "memMinMB": 2403.3,
        "cpuMax%": 25.2,
        "cpuAvg%": 17.2,
        "cpuMin%": 9.7,
        "dashboard": "results/details/compare-deployment-sequential/20201028-000243/qgis310-balanced/somap310_lk/lk.txt/dashboard/index.html"
      }
    },
    "somap310_grundplanav_farbig": {
      "av_f_big.txt": {
        "transaction": "Total",
        "sampleCount": 735,
        "errorCount": 0,
        "errorPct": 0.0,
        "meanResTime": 568.6394557823135,
        "medianResTime": 538.0,
        "minResTime": 181.0,
        "maxResTime": 3014.0,
        "pct1ResTime": 808.0,
        "pct2ResTime": 987.5999999999991,
        "pct3ResTime": 1758.0799999999995,
        "throughput": 1.7539756782039289,
        "receivedKBytesPerSec": 256.6938301407297,
        "sentKBytesPerSec": 0.7722629254285905,
        "memMaxMB": 3433.8,
        "memAvgMB": 2931.3,
        "memMinMB": 2396.7,
        "cpuMax%": 31.8,
        "cpuAvg%": 16.5,
        "cpuMin%": 12.4,
        "dashboard": "results/details/compare-deployment-sequential/20201028-000243/qgis310-balanced/somap310_grundplanav_farbig/av_f_big.txt/dashboard/index.html"
      }
    },
    "somap310_grundplanav_sw": {
      "av_sw.txt": {
        "transaction": "Total",
        "sampleCount": 20,
        "errorCount": 0,
        "errorPct": 0.0,
        "meanResTime": 681.2,
        "medianResTime": 458.5,
        "minResTime": 206.0,
        "maxResTime": 2268.0,
        "pct1ResTime": 1439.8000000000002,
        "pct2ResTime": 2227.1999999999994,
        "pct3ResTime": 2268.0,
        "throughput": 1.461988304093567,
        "receivedKBytesPerSec": 454.89366319444446,
        "sentKBytesPerSec": 0.6122076023391813,
        "memMaxMB": 2723.6,
        "memAvgMB": 2649.1,
        "memMinMB": 2609.3,
        "cpuMax%": 24.4,
        "cpuAvg%": 17.3,
        "cpuMin%": 13.8,