{
  "Total" : {
    "transaction" : "Total",
    "sampleCount" : 5262,
    "errorCount" : 0,
    "errorPct" : 0.0,
    "meanResTime" : 2131.1290383884457,
    "medianResTime" : 1589.0,
    "minResTime" : 182.0,
    "maxResTime" : 12885.0,
    "pct1ResTime" : 4136.0,
    "pct2ResTime" : 5011.549999999987,
    "pct3ResTime" : 7636.619999999997,
    "throughput" : 5.592862563533515,
    "receivedKBytesPerSec" : 264.75809970118524,
    "sentKBytesPerSec" : 2.833084993614762
  },
  "HTTP Request" : {
    "transaction" : "HTTP Request",
    "sampleCount" : 5262,
    "errorCount" : 0,
    "errorPct" : 0.0,
    "meanResTime" : 2131.1290383884457,
    "medianResTime" : 1589.0,
    "minResTime" : 182.0,
    "maxResTime" : 12885.0,
    "pct1ResTime" : 4136.0,
    "pct2ResTime" : 5011.549999999987,
    "pct3ResTime" : 7636.619999999997,
    "throughput" : 5.592862563533515,
    "receivedKBytesPerSec" : 264.75809970118524,
    "sentKBytesPerSec" : 2.833084993614762
  }
}