{
  "Total" : {
    "transaction" : "Total",
    "sampleCount" : 5190,
    "errorCount" : 0,
    "errorPct" : 0.0,
    "meanResTime" : 349.6088631984591,
    "medianResTime" : 287.0,
    "minResTime" : 5.0,
    "maxResTime" : 7425.0,
    "pct1ResTime" : 646.9000000000005,
    "pct2ResTime" : 824.4499999999998,
    "pct3ResTime" : 1332.630000000001,
    "throughput" : 28.35848623602566,
    "receivedKBytesPerSec" : 11508.019958300662,
    "sentKBytesPerSec" : 11.251625985580338
  },
  "HTTP Request" : {
    "transaction" : "HTTP Request",
    "sampleCount" : 5190,
    "errorCount" : 0,
    "errorPct" : 0.0,
    "meanResTime" : 349.6088631984591,
    "medianResTime" : 287.0,
    "minResTime" : 5.0,
    "maxResTime" : 7425.0,
    "pct1ResTime" : 646.9000000000005,
    "pct2ResTime" : 824.4499999999998,
    "pct3ResTime" : 1332.630000000001,
    "throughput" : 28.35848623602566,
    "receivedKBytesPerSec" : 11508.019958300662,
    "sentKBytesPerSec" : 11.251625985580338
  }
}