{
  "Total" : {
    "transaction" : "Total",
    "sampleCount" : 5190,
    "errorCount" : 0,
    "errorPct" : 0.0,
    "meanResTime" : 864.6728323699421,
    "medianResTime" : 717.0,
    "minResTime" : 178.0,
    "maxResTime" : 5957.0,
    "pct1ResTime" : 1570.9000000000005,
    "pct2ResTime" : 1950.0,
    "pct3ResTime" : 2925.540000000001,
    "throughput" : 11.497588607861337,
    "receivedKBytesPerSec" : 3111.7648769956013,
    "sentKBytesPerSec" : 5.007522446881805
  },
  "HTTP Request" : {
    "transaction" : "HTTP Request",
    "sampleCount" : 5190,
    "errorCount" : 0,
    "errorPct" : 0.0,
    "meanResTime" : 864.6728323699421,
    "medianResTime" : 717.0,
    "minResTime" : 178.0,
    "maxResTime" : 5957.0,
    "pct1ResTime" : 1570.9000000000005,
    "pct2ResTime" : 1950.0,
    "pct3ResTime" : 2925.540000000001,
    "throughput" : 11.497588607861337,
    "receivedKBytesPerSec" : 3111.7648769956013,
    "sentKBytesPerSec" : 5.007522446881805
  }
}