{
  "Total" : {
    "transaction" : "Total",
    "sampleCount" : 5262,
    "errorCount" : 1,
    "errorPct" : 0.019004181,
    "meanResTime" : 288.42474344355696,
    "medianResTime" : 136.0,
    "minResTime" : 5.0,
    "maxResTime" : 64065.0,
    "pct1ResTime" : 638.0,
    "pct2ResTime" : 912.5499999999984,
    "pct3ResTime" : 1795.4399999999987,
    "throughput" : 34.409924078445734,
    "receivedKBytesPerSec" : 1751.7487647318715,
    "sentKBytesPerSec" : 17.430472934145737
  },
  "HTTP Request" : {
    "transaction" : "HTTP Request",
    "sampleCount" : 5262,
    "errorCount" : 1,
    "errorPct" : 0.019004181,
    "meanResTime" : 288.42474344355696,
    "medianResTime" : 136.0,
    "minResTime" : 5.0,
    "maxResTime" : 64065.0,
    "pct1ResTime" : 638.0,
    "pct2ResTime" : 912.5499999999984,
    "pct3ResTime" : 1795.4399999999987,
    "throughput" : 34.409924078445734,
    "receivedKBytesPerSec" : 1751.7487647318715,
    "sentKBytesPerSec" : 17.430472934145737
  }
}