{
  "qgis218-stock": {
    "somap218_orthofoto": {
      "orthofotos_big.txt": {
        "transaction": "Total",
        "sampleCount": 5190,
        "errorCount": 0,
        "errorPct": 0.0,
        "meanResTime": 436.17341040462475,
        "medianResTime": 351.0,
        "minResTime": 2.0,
        "maxResTime": 7751.0,
        "pct1ResTime": 692.9000000000005,
        "pct2ResTime": 937.0,
        "pct3ResTime": 2104.1800000000003,
        "throughput": 22.799557187791034,
        "receivedKBytesPerSec": 9260.646897623838,
        "sentKBytesPerSec": 9.046043148381626,
        "responseSizeMB": 2058.6,
        "memMaxMB": 9721.1,
        "memAvgMB": 8739.2,
        "memMinMB": 4194.3,
        "cpuMax%": 99.9,
        "cpuAvg%": 99.3,
        "cpuMin%": 49.9,
        "dashboard": "results/details/compare-orthofotos/20201030-103804/qgis218-stock/somap218_orthofoto/orthofotos_big.txt/dashboard/index.html",
        "effective duration": 234.1
      }
    }
  },
  "qgis310-stock": {
    "somap310_orthofoto": {
      "orthofotos_big.txt": {
        "transaction": "Total",
        "sampleCount": 5190,
        "errorCount": 0,
        "errorPct": 0.0,
        "meanResTime": 1520.7314065510607,
        "medianResTime": 983.0,
        "minResTime": 6.0,
        "maxResTime": 12826.0,
        "pct1ResTime": 3636.7000000000016,
        "pct2ResTime": 4287.799999999999,
        "pct3ResTime": 6709.590000000007,
        "throughput": 6.546929754849648,
        "receivedKBytesPerSec": 2580.538287230065,
        "sentKBytesPerSec": 2.5975859339718794,
        "responseSizeMB": 1997.7,
        "memMaxMB": 20749.4,
        "memAvgMB": 18464.4,
        "memMinMB": 4314.8,
        "cpuMax%": 89.8,
        "cpuAvg%": 74.7,
        "cpuMin%": 42.0,
        "dashboard": "results/details/compare-orthofotos/20201030-103804/qgis310-stock/somap310_orthofoto/orthofotos_big.txt/dashboard/index.html",
        "effective duration": 799.3
      }
    }
  },
  "qgis316-stock": {
    "somap316_orthofoto": {
      "orthofotos_big.txt": {
        "transaction": "Total",
        "sampleCount": 5190,
        "errorCount": 0,
        "errorPct": 0.0,
        "meanResTime": 358.7855491329482,
        "medianResTime": 290.0,
        "minResTime": 4.0,
        "maxResTime": 5384.0,
        "pct1ResTime": 681.0,
        "pct2ResTime": 848.0,
        "pct3ResTime": 1492.260000000002,
        "throughput": 27.664802801660954,
        "receivedKBytesPerSec": 11226.51964333426,
        "sentKBytesPerSec": 10.976397382371283,
        "responseSizeMB": 2056.8,
        "memMaxMB": 13208.0,
        "memAvgMB": 11270.9,
        "memMinMB": 4136.2,
        "cpuMax%": 89.8,
        "cpuAvg%": 74.8,
        "cpuMin%": 38.2,
        "dashboard": "results/details/compare-orthofotos/20201030-103804/qgis316-stock/somap316_orthofoto/orthofotos_big.txt/dashboard/index.html",
        "effective duration": 194.4
      }
    }
  }
}