{
  "Total" : {
    "transaction" : "Total",
    "sampleCount" : 20,
    "errorCount" : 20,
    "errorPct" : 100.0,
    "meanResTime" : 6014.35,
    "medianResTime" : 4.0,
    "minResTime" : 3.0,
    "maxResTime" : 120126.0,
    "pct1ResTime" : 60.80000000000007,
    "pct2ResTime" : 114122.89999999992,
    "pct3ResTime" : 120126.0,
    "throughput" : 0.16649046425865957,
    "receivedKBytesPerSec" : 0.05560521364888826,
    "sentKBytesPerSec" : 0.06792941012428513
  },
  "HTTP Request" : {
    "transaction" : "HTTP Request",
    "sampleCount" : 20,
    "errorCount" : 20,
    "errorPct" : 100.0,
    "meanResTime" : 6014.35,
    "medianResTime" : 4.0,
    "minResTime" : 3.0,
    "maxResTime" : 120126.0,
    "pct1ResTime" : 60.80000000000007,
    "pct2ResTime" : 114122.89999999992,
    "pct3ResTime" : 120126.0,
    "throughput" : 0.16649046425865957,
    "receivedKBytesPerSec" : 0.05560521364888826,
    "sentKBytesPerSec" : 0.06792941012428513
  }
}