{
  "Total" : {
    "transaction" : "Total",
    "sampleCount" : 30,
    "errorCount" : 0,
    "errorPct" : 0.0,
    "meanResTime" : 84.46666666666665,
    "medianResTime" : 79.5,
    "minResTime" : 54.0,
    "maxResTime" : 250.0,
    "pct1ResTime" : 92.0,
    "pct2ResTime" : 164.19999999999987,
    "pct3ResTime" : 250.0,
    "throughput" : 11.578541103820918,
    "receivedKBytesPerSec" : 313.85761409687376,
    "sentKBytesPerSec" : 4.723381416441528
  },
  "HTTP Request" : {
    "transaction" : "HTTP Request",
    "sampleCount" : 30,
    "errorCount" : 0,
    "errorPct" : 0.0,
    "meanResTime" : 84.46666666666665,
    "medianResTime" : 79.5,
    "minResTime" : 54.0,
    "maxResTime" : 250.0,
    "pct1ResTime" : 92.0,
    "pct2ResTime" : 164.19999999999987,
    "pct3ResTime" : 250.0,
    "throughput" : 11.578541103820918,
    "receivedKBytesPerSec" : 313.85761409687376,
    "sentKBytesPerSec" : 4.723381416441528
  }
}