{
  "Total" : {
    "transaction" : "Total",
    "sampleCount" : 735,
    "errorCount" : 0,
    "errorPct" : 0.0,
    "meanResTime" : 1231.8408163265285,
    "medianResTime" : 1179.0,
    "minResTime" : 374.0,
    "maxResTime" : 3879.0,
    "pct1ResTime" : 1815.1999999999998,
    "pct2ResTime" : 2097.9999999999977,
    "pct3ResTime" : 3244.5599999999995,
    "throughput" : 9.618278655273041,
    "receivedKBytesPerSec" : 1407.6149664423492,
    "sentKBytesPerSec" : 4.2348591854561155
  },
  "HTTP Request" : {
    "transaction" : "HTTP Request",
    "sampleCount" : 735,
    "errorCount" : 0,
    "errorPct" : 0.0,
    "meanResTime" : 1231.8408163265285,
    "medianResTime" : 1179.0,
    "minResTime" : 374.0,
    "maxResTime" : 3879.0,
    "pct1ResTime" : 1815.1999999999998,
    "pct2ResTime" : 2097.9999999999977,
    "pct3ResTime" : 3244.5599999999995,
    "throughput" : 9.618278655273041,
    "receivedKBytesPerSec" : 1407.6149664423492,
    "sentKBytesPerSec" : 4.2348591854561155
  }
}