{
  "Total" : {
    "transaction" : "Total",
    "sampleCount" : 30,
    "errorCount" : 0,
    "errorPct" : 0.0,
    "meanResTime" : 221.66666666666666,
    "medianResTime" : 214.5,
    "minResTime" : 130.0,
    "maxResTime" : 330.0,
    "pct1ResTime" : 302.90000000000003,
    "pct2ResTime" : 322.3,
    "pct3ResTime" : 330.0,
    "throughput" : 26.714158504007123,
    "receivedKBytesPerSec" : 723.9867403161176,
    "sentKBytesPerSec" : 10.897846170970615
  },
  "HTTP Request" : {
    "transaction" : "HTTP Request",
    "sampleCount" : 30,
    "errorCount" : 0,
    "errorPct" : 0.0,
    "meanResTime" : 221.66666666666666,
    "medianResTime" : 214.5,
    "minResTime" : 130.0,
    "maxResTime" : 330.0,
    "pct1ResTime" : 302.90000000000003,
    "pct2ResTime" : 322.3,
    "pct3ResTime" : 330.0,
    "throughput" : 26.714158504007123,
    "receivedKBytesPerSec" : 723.9867403161176,
    "sentKBytesPerSec" : 10.897846170970615
  }
}