{
  "Total" : {
    "transaction" : "Total",
    "sampleCount" : 5262,
    "errorCount" : 5262,
    "errorPct" : 100.0,
    "meanResTime" : 7.346066134549602,
    "medianResTime" : 2.0,
    "minResTime" : 1.0,
    "maxResTime" : 1291.0,
    "pct1ResTime" : 3.0,
    "pct2ResTime" : 3.0,
    "pct3ResTime" : 7.0,
    "throughput" : 1039.715471250741,
    "receivedKBytesPerSec" : 505.24576726437465,
    "sentKBytesPerSec" : 523.6256344472437
  },
  "HTTP Request" : {
    "transaction" : "HTTP Request",
    "sampleCount" : 5262,
    "errorCount" : 5262,
    "errorPct" : 100.0,
    "meanResTime" : 7.346066134549602,
    "medianResTime" : 2.0,
    "minResTime" : 1.0,
    "maxResTime" : 1291.0,
    "pct1ResTime" : 3.0,
    "pct2ResTime" : 3.0,
    "pct3ResTime" : 7.0,
    "throughput" : 1039.715471250741,
    "receivedKBytesPerSec" : 505.24576726437465,
    "sentKBytesPerSec" : 523.6256344472437
  }
}