{
  "Total" : {
    "transaction" : "Total",
    "sampleCount" : 30,
    "errorCount" : 0,
    "errorPct" : 0.0,
    "meanResTime" : 214.26666666666665,
    "medianResTime" : 206.0,
    "minResTime" : 115.0,
    "maxResTime" : 335.0,
    "pct1ResTime" : 305.7000000000001,
    "pct2ResTime" : 329.5,
    "pct3ResTime" : 335.0,
    "throughput" : 26.619343389529725,
    "receivedKBytesPerSec" : 721.4171334294588,
    "sentKBytesPerSec" : 10.85916703637977
  },
  "HTTP Request" : {
    "transaction" : "HTTP Request",
    "sampleCount" : 30,
    "errorCount" : 0,
    "errorPct" : 0.0,
    "meanResTime" : 214.26666666666665,
    "medianResTime" : 206.0,
    "minResTime" : 115.0,
    "maxResTime" : 335.0,
    "pct1ResTime" : 305.7000000000001,
    "pct2ResTime" : 329.5,
    "pct3ResTime" : 335.0,
    "throughput" : 26.619343389529725,
    "receivedKBytesPerSec" : 721.4171334294588,
    "sentKBytesPerSec" : 10.85916703637977
  }
}