{
  "Total" : {
    "transaction" : "Total",
    "sampleCount" : 30,
    "errorCount" : 0,
    "errorPct" : 0.0,
    "meanResTime" : 13829.2,
    "medianResTime" : 16103.0,
    "minResTime" : 1868.0,
    "maxResTime" : 16891.0,
    "pct1ResTime" : 16849.7,
    "pct2ResTime" : 16889.9,
    "pct3ResTime" : 16891.0,
    "throughput" : 0.609694136774718,
    "receivedKBytesPerSec" : 16.526283533177523,
    "sentKBytesPerSec" : 0.2493156818412763
  },
  "HTTP Request" : {
    "transaction" : "HTTP Request",
    "sampleCount" : 30,
    "errorCount" : 0,
    "errorPct" : 0.0,
    "meanResTime" : 13829.2,
    "medianResTime" : 16103.0,
    "minResTime" : 1868.0,
    "maxResTime" : 16891.0,
    "pct1ResTime" : 16849.7,
    "pct2ResTime" : 16889.9,
    "pct3ResTime" : 16891.0,
    "throughput" : 0.609694136774718,
    "receivedKBytesPerSec" : 16.526283533177523,
    "sentKBytesPerSec" : 0.2493156818412763
  }
}