{
  "Total" : {
    "transaction" : "Total",
    "sampleCount" : 20,
    "errorCount" : 0,
    "errorPct" : 0.0,
    "meanResTime" : 19629.2,
    "medianResTime" : 21875.5,
    "minResTime" : 2576.0,
    "maxResTime" : 27631.0,
    "pct1ResTime" : 27469.0,
    "pct2ResTime" : 27623.05,
    "pct3ResTime" : 27631.0,
    "throughput" : 0.3917037153097397,
    "receivedKBytesPerSec" : 190.76018750979262,
    "sentKBytesPerSec" : 0.15981817603164966
  },
  "HTTP Request" : {
    "transaction" : "HTTP Request",
    "sampleCount" : 20,
    "errorCount" : 0,
    "errorPct" : 0.0,
    "meanResTime" : 19629.2,
    "medianResTime" : 21875.5,
    "minResTime" : 2576.0,
    "maxResTime" : 27631.0,
    "pct1ResTime" : 27469.0,
    "pct2ResTime" : 27623.05,
    "pct3ResTime" : 27631.0,
    "throughput" : 0.3917037153097397,
    "receivedKBytesPerSec" : 190.76018750979262,
    "sentKBytesPerSec" : 0.15981817603164966
  }
}