{
  "Total" : {
    "transaction" : "Total",
    "sampleCount" : 5190,
    "errorCount" : 0,
    "errorPct" : 0.0,
    "meanResTime" : 6545.2119460501,
    "medianResTime" : 775.0,
    "minResTime" : 8.0,
    "maxResTime" : 263726.0,
    "pct1ResTime" : 3142.600000000002,
    "pct2ResTime" : 72787.04999999948,
    "pct3ResTime" : 154822.18000000008,
    "throughput" : 1.505837514039251,
    "receivedKBytesPerSec" : 392.7914814487129,
    "sentKBytesPerSec" : 0.6764221115700837
  },
  "HTTP Request" : {
    "transaction" : "HTTP Request",
    "sampleCount" : 5190,
    "errorCount" : 0,
    "errorPct" : 0.0,
    "meanResTime" : 6545.2119460501,
    "medianResTime" : 775.0,
    "minResTime" : 8.0,
    "maxResTime" : 263726.0,
    "pct1ResTime" : 3142.600000000002,
    "pct2ResTime" : 72787.04999999948,
    "pct3ResTime" : 154822.18000000008,
    "throughput" : 1.505837514039251,
    "receivedKBytesPerSec" : 392.7914814487129,
    "sentKBytesPerSec" : 0.6764221115700837
  }
}