{
  "Total" : {
    "transaction" : "Total",
    "sampleCount" : 735,
    "errorCount" : 0,
    "errorPct" : 0.0,
    "meanResTime" : 25989.74965986393,
    "medianResTime" : 27028.0,
    "minResTime" : 3133.0,
    "maxResTime" : 44311.0,
    "pct1ResTime" : 29698.6,
    "pct2ResTime" : 31847.59999999998,
    "pct3ResTime" : 42558.67999999999,
    "throughput" : 0.38304991114284376,
    "receivedKBytesPerSec" : 70.94978717685049,
    "sentKBytesPerSec" : 0.1630430489795759
  },
  "HTTP Request" : {
    "transaction" : "HTTP Request",
    "sampleCount" : 735,
    "errorCount" : 0,
    "errorPct" : 0.0,
    "meanResTime" : 25989.74965986393,
    "medianResTime" : 27028.0,
    "minResTime" : 3133.0,
    "maxResTime" : 44311.0,
    "pct1ResTime" : 29698.6,
    "pct2ResTime" : 31847.59999999998,
    "pct3ResTime" : 42558.67999999999,
    "throughput" : 0.38304991114284376,
    "receivedKBytesPerSec" : 70.94978717685049,
    "sentKBytesPerSec" : 0.1630430489795759
  }
}