{
  "Total" : {
    "transaction" : "Total",
    "sampleCount" : 20,
    "errorCount" : 0,
    "errorPct" : 0.0,
    "meanResTime" : 19628.85,
    "medianResTime" : 20885.0,
    "minResTime" : 4521.0,
    "maxResTime" : 28049.0,
    "pct1ResTime" : 27921.1,
    "pct2ResTime" : 28042.7,
    "pct3ResTime" : 28049.0,
    "throughput" : 0.38961291956441274,
    "receivedKBytesPerSec" : 189.74234791094423,
    "sentKBytesPerSec" : 0.1589651150332145
  },
  "HTTP Request" : {
    "transaction" : "HTTP Request",
    "sampleCount" : 20,
    "errorCount" : 0,
    "errorPct" : 0.0,
    "meanResTime" : 19628.85,
    "medianResTime" : 20885.0,
    "minResTime" : 4521.0,
    "maxResTime" : 28049.0,
    "pct1ResTime" : 27921.1,
    "pct2ResTime" : 28042.7,
    "pct3ResTime" : 28049.0,
    "throughput" : 0.38961291956441274,
    "receivedKBytesPerSec" : 189.74234791094423,
    "sentKBytesPerSec" : 0.1589651150332145
  }
}