{
  "qgis310-stock": {
    "somap310_lk": {
      "lk_big.txt": {
        "transaction": "Total",
        "sampleCount": 5262,
        "errorCount": 0,
        "errorPct": 0.0,
        "meanResTime": 309.886735081717,
        "medianResTime": 169.5,
        "minResTime": 30.0,
        "maxResTime": 2408.0,
        "pct1ResTime": 749.0,
        "pct2ResTime": 998.8499999999995,
        "pct3ResTime": 1589.8799999999974,
        "throughput": 31.987841945288753,
        "receivedKBytesPerSec": 1514.180934175532,
        "sentKBytesPerSec": 16.203558368161094,
        "memMaxMB": 5253.8,
        "memAvgMB": 3696.0,
        "memMinMB": 2218.6,
        "cpuMax%": 99.4,
        "cpuAvg%": 81.9,
        "cpuMin%": 0.2,
        "dashboard": "results/details/compare-310/20201010-225815/qgis310-stock/somap310_lk/lk_big.txt/dashboard/index.html"
      }
    },
    "somap310_grundplanav_farbig": {
      "av_f_big.txt": {
        "transaction": "Total",
        "sampleCount": 735,
        "errorCount": 0,
        "errorPct": 0.0,
        "meanResTime": 843.3646258503405,
        "medianResTime": 790.0,
        "minResTime": 182.0,
        "maxResTime": 3411.0,
        "pct1ResTime": 1365.8,
        "pct2ResTime": 1636.9999999999977,
        "pct3ResTime": 3022.92,
        "throughput": 11.696930152617089,
        "receivedKBytesPerSec": 1711.7933384441092,
        "sentKBytesPerSec": 5.150074548036985,
        "memMaxMB": 4981.5,
        "memAvgMB": 4271.4,
        "memMinMB": 2913.6,
        "cpuMax%": 98.4,
        "cpuAvg%": 87.3,
        "cpuMin%": 30.1,
        "dashboard": "results/details/compare-310/20201010-225815/qgis310-stock/somap310_grundplanav_farbig/av_f_big.txt/dashboard/index.html"
      }
    },
    "somap310_grundplanav_sw": {
      "av_sw_big.txt": {
        "transaction": "Total",
        "sampleCount": 5190,
        "errorCount": 0,
        "errorPct": 0.0,
        "meanResTime": 870.6333333333333,
        "medianResTime": 705.5,
        "minResTime": 183.0,
        "maxResTime": 5804.0,
        "pct1ResTime": 1600.0,
        "pct2ResTime": 1968.4499999999998,
        "pct3ResTime": 2947.3600000000006,
        "throughput": 11.42127790675924,
        "receivedKBytesPerSec": 3091.057899046714,
        "sentKBytesPerSec": 4.97428699536767,
        "memMaxMB": 9879.5,
        "memAvgMB": 7437.1,
        "memMinMB": 3850.5,
        "cpuMax%": 99.4,
        "cpuAvg%": 82.7,
        "cpuMin%": 26.5,
        "dashboard": "results/details/compare-310/20201010-225815/qgis310-stock/somap310_grundplanav_sw/av_sw_big.txt/dashboard/index.html"
      }
    }
  },
  "qgis310-maxcache20": {
    "somap310_lk": {
      "lk_big.txt": {
        "transaction": "Total",
        "sampleCount": 5262,
        "errorCount": 0,
        "errorPct": 0.0,
        "meanResTime": 320.87001140250885,
        "medianResTime": 177.5,
        "minResTime": 29.0,
        "maxResTime": 3232.0,
        "pct1ResTime": 802.0,
        "pct2ResTime": 1041.8499999999995,
        "pct3ResTime": 1760.4399999999987,
        "throughput": 30.792998718421376,
        "receivedKBytesPerSec": 1457.5872087919804,
        "sentKBytesPerSec": 15.598306160135882,
        "memMaxMB": 5401.7,
        "memAvgMB": 3705.5,
        "memMinMB": 2315.7,
        "cpuMax%": 96.2,
        "cpuAvg%": 81.3,
        "cpuMin%": 15.0,
        "dashboard": "results/details/compare-310/20201010-225815/qgis310-maxcache20/somap310_lk/lk_big.txt/dashboard/index.html"
      }
    },
    "somap310_grundplanav_farbig": {
      "av_f_big.txt": {
        "transaction": "Total",
        "sampleCount": 735,
        "errorCount": 0,
        "errorPct": 0.0,
        "meanResTime": 834.2054421768706,
        "medianResTime": 761.0,
        "minResTime": 171.0,
        "maxResTime": 3318.0,
        "pct1ResTime": 1275.0,
        "pct2ResTime": 1561.5999999999995,
        "pct3ResTime": 3011.08,
        "throughput": 11.84223246221764,
        "receivedKBytesPerSec": 1733.0717942895465,
        "sentKBytesPerSec": 5.214050113991557,
        "memMaxMB": 5249.6,
        "memAvgMB": 4284.3,
        "memMinMB": 2927.7,
        "cpuMax%": 98.7,
        "cpuAvg%": 87.6,
        "cpuMin%": 28.5,
        "dashboard": "results/details/compare-310/20201010-225815/qgis310-maxcache20/somap310_grundplanav_farbig/av_f_big.txt/dashboard/index.html"
      }
    },
    "somap310_grundplanav_sw": {
      "av_sw_big.txt": {
        "transaction": "Total",
        "sampleCount": 5190,
        "errorCount": 0,
        "errorPct": 0.0,
        "meanResTime": 865.534874759154,
        "medianResTime": 707.0,
        "minResTime": 186.0,
        "maxResTime": 5929.0,
        "pct1ResTime": 1575.9000000000005,
        "pct2ResTime": 1949.8999999999996,
        "pct3ResTime": 2829.2400000000052,
        "throughput": 11.496467992636944,
        "receivedKBytesPerSec": 3111.5274943694444,
        "sentKBytesPerSec": 5.007034387508501,
        "memMaxMB": 10050.7,
        "memAvgMB": 7484.8,
        "memMinMB": 3888.1,
        "cpuMax%": 98.4,
        "cpuAvg%": 83.6,
        "cpuMin%": 26.6,
        "dashboard": "results/details/compare-310/20201010-225815/qgis310-maxcache20/somap310_grundplanav_sw/av_sw_big.txt/dashboard/index.html"
      }
    }
  },
  "qgis310-maxcache200": {
    "somap310_lk": {
      "lk_big.txt": {
        "transaction": "Total",
        "sampleCount": 5262,
        "errorCount": 0,
        "errorPct": 0.0,
        "meanResTime": 314.1045229950585,
        "medianResTime": 168.0,
        "minResTime": 30.0,
        "maxResTime": 3335.0,
        "pct1ResTime": 775.0,
        "pct2ResTime": 1008.8499999999995,
        "pct3ResTime": 1611.7399999999998,
        "throughput": 31.400490520775524,
        "receivedKBytesPerSec": 1486.3316156994247,
        "sentKBytesPerSec": 15.906033355188958,
        "memMaxMB": 5222.3,
        "memAvgMB": 3699.9,
        "memMinMB": 2373.8,
        "cpuMax%": 97.5,
        "cpuAvg%": 81.9,
        "cpuMin%": 15.3,
        "dashboard": "results/details/compare-310/20201010-225815/qgis310-maxcache200/somap310_lk/lk_big.txt/dashboard/index.html"
      }
    },
    "somap310_grundplanav_farbig": {
      "av_f_big.txt": {
        "transaction": "Total",
        "sampleCount": 735,
        "errorCount": 0,
        "errorPct": 0.0,
        "meanResTime": 822.1959183673466,
        "medianResTime": 736.0,
        "minResTime": 177.0,
        "maxResTime": 3968.0,
        "pct1ResTime": 1307.6,
        "pct2ResTime": 1557.1999999999975,
        "pct3ResTime": 3045.7599999999998,
        "throughput": 11.951219512195122,
        "receivedKBytesPerSec": 1749.0095433180895,
        "sentKBytesPerSec": 5.262036331300813,
        "memMaxMB": 5163.6,
        "memAvgMB": 4368.7,
        "memMinMB": 2884.1,
        "cpuMax%": 97.5,
        "cpuAvg%": 86.9,
        "cpuMin%": 25.1,
        "dashboard": "results/details/compare-310/20201010-225815/qgis310-maxcache200/somap310_grundplanav_farbig/av_f_big.txt/dashboard/index.html"
      }
    },
    "somap310_grundplanav_sw": {
      "av_sw_big.txt": {
        "transaction": "Total",
        "sampleCount": 5190,
        "errorCount": 0,
        "errorPct": 0.0,
        "meanResTime": 858.1468208092473,
        "medianResTime": 704.0,
        "minResTime": 182.0,
        "maxResTime": 5748.0,
        "pct1ResTime": 1535.0,
        "pct2ResTime": 1944.4499999999998,
        "pct3ResTime": 2976.350000000002,
        "throughput": 11.571390350486045,
        "receivedKBytesPerSec": 3131.7049315491786,
        "sentKBytesPerSec": 5.039665176580755,
        "memMaxMB": 9728.2,
        "memAvgMB": 7682.4,
        "memMinMB": 4126.7,
        "cpuMax%": 98.1,
        "cpuAvg%": 82.5,
        "cpuMin%": 12.5,
        "dashboard": "results/details/compare-310/20201010-225815/qgis310-maxcache200/somap310_grundplanav_sw/av_sw_big.txt/dashboard/index.html"
      }
    }
  },
  "qgis310-cachesize20": {
    "somap310_lk": {
      "lk_big.txt": {
        "transaction": "Total",