{
  "Total" : {
    "transaction" : "Total",
    "sampleCount" : 22,
    "errorCount" : 0,
    "errorPct" : 0.0,
    "meanResTime" : 1653.2272727272732,
    "medianResTime" : 1230.5,
    "minResTime" : 471.0,
    "maxResTime" : 3457.0,
    "pct1ResTime" : 3338.7999999999997,
    "pct2ResTime" : 3445.2999999999997,
    "pct3ResTime" : 3457.0,
    "throughput" : 4.709912224363092,
    "receivedKBytesPerSec" : 614.1363432616142,
    "sentKBytesPerSec" : 2.0070648683365446
  },
  "HTTP Request" : {
    "transaction" : "HTTP Request",
    "sampleCount" : 22,
    "errorCount" : 0,
    "errorPct" : 0.0,
    "meanResTime" : 1653.2272727272732,
    "medianResTime" : 1230.5,
    "minResTime" : 471.0,
    "maxResTime" : 3457.0,
    "pct1ResTime" : 3338.7999999999997,
    "pct2ResTime" : 3445.2999999999997,
    "pct3ResTime" : 3457.0,
    "throughput" : 4.709912224363092,
    "receivedKBytesPerSec" : 614.1363432616142,
    "sentKBytesPerSec" : 2.0070648683365446
  }
}