{
  "Total" : {
    "transaction" : "Total",
    "sampleCount" : 5191,
    "errorCount" : 5191,
    "errorPct" : 100.0,
    "meanResTime" : 10.977846272394501,
    "medianResTime" : 11.0,
    "minResTime" : 5.0,
    "maxResTime" : 76.0,
    "pct1ResTime" : 16.0,
    "pct2ResTime" : 18.0,
    "pct3ResTime" : 22.0,
    "throughput" : 843.5164120896977,
    "receivedKBytesPerSec" : 284.1552496343841,
    "sentKBytesPerSec" : 337.964890721482
  },
  "HTTP Request" : {
    "transaction" : "HTTP Request",
    "sampleCount" : 5191,
    "errorCount" : 5191,
    "errorPct" : 100.0,
    "meanResTime" : 10.977846272394501,
    "medianResTime" : 11.0,
    "minResTime" : 5.0,
    "maxResTime" : 76.0,
    "pct1ResTime" : 16.0,
    "pct2ResTime" : 18.0,
    "pct3ResTime" : 22.0,
    "throughput" : 843.5164120896977,
    "receivedKBytesPerSec" : 284.1552496343841,
    "sentKBytesPerSec" : 337.964890721482
  }
}