{
  "Total" : {
    "transaction" : "Total",
    "sampleCount" : 5190,
    "errorCount" : 4,
    "errorPct" : 0.077071294,
    "meanResTime" : 973.906936416185,
    "medianResTime" : 465.0,
    "minResTime" : 220.0,
    "maxResTime" : 64068.0,
    "pct1ResTime" : 1752.0,
    "pct2ResTime" : 2274.8499999999976,
    "pct3ResTime" : 6070.050000000007,
    "throughput" : 10.168515220445181,
    "receivedKBytesPerSec" : 3165.4447653177954,
    "sentKBytesPerSec" : 4.428673694501753
  },
  "HTTP Request" : {
    "transaction" : "HTTP Request",
    "sampleCount" : 5190,
    "errorCount" : 4,
    "errorPct" : 0.077071294,
    "meanResTime" : 973.906936416185,
    "medianResTime" : 465.0,
    "minResTime" : 220.0,
    "maxResTime" : 64068.0,
    "pct1ResTime" : 1752.0,
    "pct2ResTime" : 2274.8499999999976,
    "pct3ResTime" : 6070.050000000007,
    "throughput" : 10.168515220445181,
    "receivedKBytesPerSec" : 3165.4447653177954,
    "sentKBytesPerSec" : 4.428673694501753
  }
}