{
  "qgis218": {
    "somap218_fix": {
      "lk.txt": {
        "transaction": "Total",
        "sampleCount": 30,
        "errorCount": 0,
        "errorPct": 0.0,
        "meanResTime": 1513.8666666666666,
        "medianResTime": 71.0,
        "minResTime": 55.0,
        "maxResTime": 9665.0,
        "pct1ResTime": 4061.9000000000005,
        "pct2ResTime": 6596.549999999996,
        "pct3ResTime": 9665.0,
        "throughput": 3.1039834454216244,
        "receivedKBytesPerSec": 51.98949980600104,
        "sentKBytesPerSec": 1.2692786471805484,
        "responseSizeMB": 0.5,
        "memMaxMB": 5786.8,
        "memAvgMB": 5044.7,
        "memMinMB": 3296.2,
        "cpuMax%": 99.9,
        "cpuAvg%": 38.5,
        "cpuMin%": 4.7,
        "dashboard": "results/details/compare-major-bigfile/20201111-013826/qgis218/somap218_fix/lk.txt/dashboard/index.html",
        "tests duration": 15.1,
        "warmup duration": 28.7
      },
      "av_f.txt": {
        "transaction": "Total",
        "sampleCount": 22,
        "errorCount": 0,
        "errorPct": 0.0,
        "meanResTime": 600.4090909090909,
        "medianResTime": 602.0,
        "minResTime": 219.0,
        "maxResTime": 1282.0,
        "pct1ResTime": 1171.7999999999997,
        "pct2ResTime": 1277.8,
        "pct3ResTime": 1282.0,
        "throughput": 10.864197530864198,
        "receivedKBytesPerSec": 422.650462962963,
        "sentKBytesPerSec": 4.470486111111112,
        "responseSizeMB": 0.8,
        "memMaxMB": 5861.6,
        "memAvgMB": 5797.2,
        "memMinMB": 5738.7,
        "cpuMax%": 77.2,
        "cpuAvg%": 56.4,
        "cpuMin%": 23.3,
        "dashboard": "results/details/compare-major-bigfile/20201111-013826/qgis218/somap218_fix/av_f.txt/dashboard/index.html",
        "tests duration": 7.2,
        "warmup duration": 0.1
      },
      "av_sw.txt": {
        "transaction": "Total",
        "sampleCount": 20,
        "errorCount": 0,
        "errorPct": 0.0,
        "meanResTime": 1112.15,
        "medianResTime": 811.0,
        "minResTime": 207.0,
        "maxResTime": 10076.0,
        "pct1ResTime": 1256.9,
        "pct2ResTime": 9635.149999999994,
        "pct3ResTime": 10076.0,
        "throughput": 1.9849146486701073,
        "receivedKBytesPerSec": 33.71650844209012,
        "sentKBytesPerSec": 0.8098606838030964,
        "responseSizeMB": 0.3,
        "memMaxMB": 5928.1,
        "memAvgMB": 5912.2,
        "memMinMB": 5856.9,
        "cpuMax%": 94.7,
        "cpuAvg%": 26.0,
        "cpuMin%": 12.5,
        "dashboard": "results/details/compare-major-bigfile/20201111-013826/qgis218/somap218_fix/av_sw.txt/dashboard/index.html",
        "tests duration": 15.3,
        "warmup duration": 25.3
      }
    }
  },
  "qgis310": {
    "somap310_fix": {
      "lk.txt": {
        "transaction": "Total",
        "sampleCount": 30,
        "errorCount": 0,
        "errorPct": 0.0,
        "meanResTime": 14466.166666666668,
        "medianResTime": 16991.0,
        "minResTime": 1985.0,
        "maxResTime": 17224.0,
        "pct1ResTime": 17152.6,
        "pct2ResTime": 17210.8,
        "pct3ResTime": 17224.0,
        "throughput": 0.5833625014584063,
        "receivedKBytesPerSec": 15.813111619122623,
        "sentKBytesPerSec": 0.23854816872788082,
        "responseSizeMB": 0.8,
        "memMaxMB": 3481.2,
        "memAvgMB": 3473.1,
        "memMinMB": 3469.2,
        "cpuMax%": 31.1,
        "cpuAvg%": 13.4,
        "cpuMin%": 12.4,
        "dashboard": "results/details/compare-major-bigfile/20201111-013826/qgis310/somap310_fix/lk.txt/dashboard/index.html",
        "tests duration": 56.3,
        "warmup duration": 66.2
      },
      "av_f.txt": {
        "transaction": "Total",
        "sampleCount": 22,
        "errorCount": 0,
        "errorPct": 0.0,
        "meanResTime": 25424.136363636364,
        "medianResTime": 29105.5,
        "minResTime": 3702.0,
        "maxResTime": 33920.0,
        "pct1ResTime": 33705.5,
        "pct2ResTime": 33899.75,
        "pct3ResTime": 33920.0,
        "throughput": 0.3232964481476583,
        "receivedKBytesPerSec": 42.30054469022322,
        "sentKBytesPerSec": 0.13303258497553233,
        "responseSizeMB": 2.8,
        "memMaxMB": 4438.3,
        "memAvgMB": 3677.6,
        "memMinMB": 3467.3,
        "cpuMax%": 23.9,
        "cpuAvg%": 13.3,
        "cpuMin%": 12.4,
        "dashboard": "results/details/compare-major-bigfile/20201111-013826/qgis310/somap310_fix/av_f.txt/dashboard/index.html",
        "tests duration": 72.8,
        "warmup duration": 0.1
      },
      "av_sw.txt": {
        "transaction": "Total",
        "sampleCount": 20,
        "errorCount": 0,
        "errorPct": 0.0,
        "meanResTime": 20746.350000000002,
        "medianResTime": 22200.0,
        "minResTime": 4840.0,
        "maxResTime": 29320.0,
        "pct1ResTime": 29222.6,
        "pct2ResTime": 29315.2,
        "pct3ResTime": 29320.0,
        "throughput": 0.3685684800235884,
        "receivedKBytesPerSec": 179.55936486436678,
        "sentKBytesPerSec": 0.15037881929087424,
        "responseSizeMB": 9.5,
        "memMaxMB": 5458.0,
        "memAvgMB": 3720.9,
        "memMinMB": 3468.3,
        "cpuMax%": 33.2,
        "cpuAvg%": 13.7,
        "cpuMin%": 12.2,
        "dashboard": "results/details/compare-major-bigfile/20201111-013826/qgis310/somap310_fix/av_sw.txt/dashboard/index.html",
        "tests duration": 59.2,
        "warmup duration": 0.1
      }
    }
  },
  "qgis316": {
    "somap316_fix": {
      "lk.txt": {
        "transaction": "Total",
        "sampleCount": 30,
        "errorCount": 0,
        "errorPct": 0.0,
        "meanResTime": 630.4666666666667,
        "medianResTime": 682.0,
        "minResTime": 284.0,
        "maxResTime": 816.0,
        "pct1ResTime": 791.6,
        "pct2ResTime": 808.3,
        "pct3ResTime": 816.0,
        "throughput": 11.645962732919253,
        "receivedKBytesPerSec": 315.66245511451865,
        "sentKBytesPerSec": 4.762258588897516,
        "responseSizeMB": 0.8,
        "memMaxMB": 3568.1,
        "memAvgMB": 3547.1,
        "memMinMB": 3519.3,
        "cpuMax%": 25.8,
        "cpuAvg%": 17.4,
        "cpuMin%": 12.5,
        "dashboard": "results/details/compare-major-bigfile/20201111-013826/qgis316/somap316_fix/lk.txt/dashboard/index.html",
        "tests duration": 7.9,
        "warmup duration": 61.3
      },
      "av_f.txt": {
        "transaction": "Total",
        "sampleCount": 22,
        "errorCount": 0,
        "errorPct": 0.0,
        "meanResTime": 26268.86363636364,
        "medianResTime": 28670.5,
        "minResTime": 3913.0,
        "maxResTime": 37764.0,
        "pct1ResTime": 37325.1,
        "pct2ResTime": 37727.1,
        "pct3ResTime": 37764.0,
        "throughput": 0.33442782439498964,
        "receivedKBytesPerSec": 43.75592018005898,
        "sentKBytesPerSec": 0.1376130119025903,
        "responseSizeMB": 2.8,
        "memMaxMB": 4530.8,
        "memAvgMB": 4047.2,
        "memMinMB": 3527.0,
        "cpuMax%": 38.0,
        "cpuAvg%": 13.6,
        "cpuMin%": 12.3,
        "dashboard": "results/details/compare-major-bigfile/20201111-013826/qgis316/somap316_fix/av_f.txt/dashboard/index.html",
        "tests duration": 70.8,
        "warmup duration": 0.1
      },
      "av_sw.txt": {
        "transaction": "Total",
        "sampleCount": 20,
        "errorCount": 0,
        "errorPct": 0.0,
        "meanResTime": 16114.400000000001,
        "medianResTime": 13514.0,
        "minResTime": 1106.0,
        "maxResTime": 26935.0,
        "pct1ResTime": 26769.3,
        "pct2ResTime": 26927.25,
        "pct3ResTime": 26935.0,
        "throughput": 0.47224386673278085,
        "receivedKBytesPerSec": 230.42007291002574,
        "sentKBytesPerSec": 0.19267918703218342,
        "responseSizeMB": 9.5,
        "memMaxMB": 5832.0,
        "memAvgMB": 4234.0,
        "memMinMB": 3534.2,
        "cpuMax%": 28.3,
        "cpuAvg%": 13.9,
        "cpuMin%": 12.1,