{
  "Total" : {
    "transaction" : "Total",
    "sampleCount" : 18,
    "errorCount" : 0,
    "errorPct" : 0.0,
    "meanResTime" : 505.3333333333333,
    "medianResTime" : 190.0,
    "minResTime" : 101.0,
    "maxResTime" : 1305.0,
    "pct1ResTime" : 1255.5,
    "pct2ResTime" : 1305.0,
    "pct3ResTime" : 1305.0,
    "throughput" : 9.719222462203025,
    "receivedKBytesPerSec" : 1503.8587928590712,
    "sentKBytesPerSec" : 3.6921655642548594
  },
  "HTTP Request" : {
    "transaction" : "HTTP Request",
    "sampleCount" : 18,
    "errorCount" : 0,
    "errorPct" : 0.0,
    "meanResTime" : 505.3333333333333,
    "medianResTime" : 190.0,
    "minResTime" : 101.0,
    "maxResTime" : 1305.0,
    "pct1ResTime" : 1255.5,
    "pct2ResTime" : 1305.0,
    "pct3ResTime" : 1305.0,
    "throughput" : 9.719222462203025,
    "receivedKBytesPerSec" : 1503.8587928590712,
    "sentKBytesPerSec" : 3.6921655642548594
  }
}