{
  "Total" : {
    "transaction" : "Total",
    "sampleCount" : 20,
    "errorCount" : 0,
    "errorPct" : 0.0,
    "meanResTime" : 1900.3000000000002,
    "medianResTime" : 2182.5,
    "minResTime" : 231.0,
    "maxResTime" : 3800.0,
    "pct1ResTime" : 3527.700000000001,
    "pct2ResTime" : 3789.5,
    "pct3ResTime" : 3800.0,
    "throughput" : 3.7292560134253216,
    "receivedKBytesPerSec" : 1160.3274170240536,
    "sentKBytesPerSec" : 1.5616259556218532
  },
  "HTTP Request" : {
    "transaction" : "HTTP Request",
    "sampleCount" : 20,
    "errorCount" : 0,
    "errorPct" : 0.0,
    "meanResTime" : 1900.3000000000002,
    "medianResTime" : 2182.5,
    "minResTime" : 231.0,
    "maxResTime" : 3800.0,
    "pct1ResTime" : 3527.700000000001,
    "pct2ResTime" : 3789.5,
    "pct3ResTime" : 3800.0,
    "throughput" : 3.7292560134253216,
    "receivedKBytesPerSec" : 1160.3274170240536,
    "sentKBytesPerSec" : 1.5616259556218532
  }
}