{
  "Total" : {
    "transaction" : "Total",
    "sampleCount" : 20,
    "errorCount" : 20,
    "errorPct" : 100.0,
    "meanResTime" : 12018.5,
    "medianResTime" : 1.5,
    "minResTime" : 1.0,
    "maxResTime" : 120170.0,
    "pct1ResTime" : 108102.40000000026,
    "pct2ResTime" : 120166.8,
    "pct3ResTime" : 120170.0,
    "throughput" : 0.1664295046225795,
    "receivedKBytesPerSec" : 0.05558485408293182,
    "sentKBytesPerSec" : 0.0679045381165173
  },
  "HTTP Request" : {
    "transaction" : "HTTP Request",
    "sampleCount" : 20,
    "errorCount" : 20,
    "errorPct" : 100.0,
    "meanResTime" : 12018.5,
    "medianResTime" : 1.5,
    "minResTime" : 1.0,
    "maxResTime" : 120170.0,
    "pct1ResTime" : 108102.40000000026,
    "pct2ResTime" : 120166.8,
    "pct3ResTime" : 120170.0,
    "throughput" : 0.1664295046225795,
    "receivedKBytesPerSec" : 0.05558485408293182,
    "sentKBytesPerSec" : 0.0679045381165173
  }
}