{
  "Total" : {
    "transaction" : "Total",
    "sampleCount" : 5262,
    "errorCount" : 0,
    "errorPct" : 0.0,
    "meanResTime" : 259.23223109083966,
    "medianResTime" : 137.5,
    "minResTime" : 5.0,
    "maxResTime" : 2758.0,
    "pct1ResTime" : 699.0,
    "pct2ResTime" : 963.8499999999995,
    "pct3ResTime" : 1627.9199999999983,
    "throughput" : 38.237666499531294,
    "receivedKBytesPerSec" : 1946.6685872473895,
    "sentKBytesPerSec" : 19.369429861731813
  },
  "HTTP Request" : {
    "transaction" : "HTTP Request",
    "sampleCount" : 5262,
    "errorCount" : 0,
    "errorPct" : 0.0,
    "meanResTime" : 259.23223109083966,
    "medianResTime" : 137.5,
    "minResTime" : 5.0,
    "maxResTime" : 2758.0,
    "pct1ResTime" : 699.0,
    "pct2ResTime" : 963.8499999999995,
    "pct3ResTime" : 1627.9199999999983,
    "throughput" : 38.237666499531294,
    "receivedKBytesPerSec" : 1946.6685872473895,
    "sentKBytesPerSec" : 19.369429861731813
  }
}