{
  "Total" : {
    "transaction" : "Total",
    "sampleCount" : 5190,
    "errorCount" : 0,
    "errorPct" : 0.0,
    "meanResTime" : 856.9526011560699,
    "medianResTime" : 707.0,
    "minResTime" : 180.0,
    "maxResTime" : 8457.0,
    "pct1ResTime" : 1541.0,
    "pct2ResTime" : 1921.3499999999995,
    "pct3ResTime" : 2855.4500000000007,
    "throughput" : 11.614271903755952,
    "receivedKBytesPerSec" : 3143.3211393560177,
    "sentKBytesPerSec" : 5.058341296233306
  },
  "HTTP Request" : {
    "transaction" : "HTTP Request",
    "sampleCount" : 5190,
    "errorCount" : 0,
    "errorPct" : 0.0,
    "meanResTime" : 856.9526011560699,
    "medianResTime" : 707.0,
    "minResTime" : 180.0,
    "maxResTime" : 8457.0,
    "pct1ResTime" : 1541.0,
    "pct2ResTime" : 1921.3499999999995,
    "pct3ResTime" : 2855.4500000000007,
    "throughput" : 11.614271903755952,
    "receivedKBytesPerSec" : 3143.3211393560177,
    "sentKBytesPerSec" : 5.058341296233306
  }
}