{
  "Total" : {
    "transaction" : "Total",
    "sampleCount" : 735,
    "errorCount" : 0,
    "errorPct" : 0.0,
    "meanResTime" : 499.7891156462592,
    "medianResTime" : 458.0,
    "minResTime" : 175.0,
    "maxResTime" : 2883.0,
    "pct1ResTime" : 713.5999999999999,
    "pct2ResTime" : 929.3999999999992,
    "pct3ResTime" : 1286.9599999999998,
    "throughput" : 19.662395334528238,
    "receivedKBytesPerSec" : 3189.2249268930073,
    "sentKBytesPerSec" : 8.887630497445226
  },
  "HTTP Request" : {
    "transaction" : "HTTP Request",
    "sampleCount" : 735,
    "errorCount" : 0,
    "errorPct" : 0.0,
    "meanResTime" : 499.7891156462592,
    "medianResTime" : 458.0,
    "minResTime" : 175.0,
    "maxResTime" : 2883.0,
    "pct1ResTime" : 713.5999999999999,
    "pct2ResTime" : 929.3999999999992,
    "pct3ResTime" : 1286.9599999999998,
    "throughput" : 19.662395334528238,
    "receivedKBytesPerSec" : 3189.2249268930073,
    "sentKBytesPerSec" : 8.887630497445226
  }
}