{
  "Total" : {
    "transaction" : "Total",
    "sampleCount" : 20,
    "errorCount" : 20,
    "errorPct" : 100.0,
    "meanResTime" : 6013.8,
    "medianResTime" : 2.0,
    "minResTime" : 1.0,
    "maxResTime" : 120109.0,
    "pct1ResTime" : 66.4,
    "pct2ResTime" : 114106.89999999992,
    "pct3ResTime" : 120109.0,
    "throughput" : 0.16651541516455884,
    "receivedKBytesPerSec" : 0.055613546861600714,
    "sentKBytesPerSec" : 0.06793959028882099
  },
  "HTTP Request" : {
    "transaction" : "HTTP Request",
    "sampleCount" : 20,
    "errorCount" : 20,
    "errorPct" : 100.0,
    "meanResTime" : 6013.8,
    "medianResTime" : 2.0,
    "minResTime" : 1.0,
    "maxResTime" : 120109.0,
    "pct1ResTime" : 66.4,
    "pct2ResTime" : 114106.89999999992,
    "pct3ResTime" : 120109.0,
    "throughput" : 0.16651541516455884,
    "receivedKBytesPerSec" : 0.055613546861600714,
    "sentKBytesPerSec" : 0.06793959028882099
  }
}