{
  "Total" : {
    "transaction" : "Total",
    "sampleCount" : 149,
    "errorCount" : 149,
    "errorPct" : 100.0,
    "meanResTime" : 30.38926174496644,
    "medianResTime" : 17.0,
    "minResTime" : 4.0,
    "maxResTime" : 508.0,
    "pct1ResTime" : 23.0,
    "pct2ResTime" : 27.0,
    "pct3ResTime" : 507.0,
    "throughput" : 182.59803921568627,
    "receivedKBytesPerSec" : 73.08301738664215,
    "sentKBytesPerSec" : 88.23529411764706
  },
  "HTTP Request" : {
    "transaction" : "HTTP Request",
    "sampleCount" : 149,
    "errorCount" : 149,
    "errorPct" : 100.0,
    "meanResTime" : 30.38926174496644,
    "medianResTime" : 17.0,
    "minResTime" : 4.0,
    "maxResTime" : 508.0,
    "pct1ResTime" : 23.0,
    "pct2ResTime" : 27.0,
    "pct3ResTime" : 507.0,
    "throughput" : 182.59803921568627,
    "receivedKBytesPerSec" : 73.08301738664215,
    "sentKBytesPerSec" : 88.23529411764706
  }
}