{
  "Total" : {
    "transaction" : "Total",
    "sampleCount" : 22,
    "errorCount" : 0,
    "errorPct" : 0.0,
    "meanResTime" : 10811.59090909091,
    "medianResTime" : 11785.0,
    "minResTime" : 1657.0,
    "maxResTime" : 15579.0,
    "pct1ResTime" : 15330.1,
    "pct2ResTime" : 15550.8,
    "pct3ResTime" : 15579.0,
    "throughput" : 0.7957175925925926,
    "receivedKBytesPerSec" : 104.31600500036168,
    "sentKBytesPerSec" : 0.3274281819661458
  },
  "HTTP Request" : {
    "transaction" : "HTTP Request",
    "sampleCount" : 22,
    "errorCount" : 0,
    "errorPct" : 0.0,
    "meanResTime" : 10811.59090909091,
    "medianResTime" : 11785.0,
    "minResTime" : 1657.0,
    "maxResTime" : 15579.0,
    "pct1ResTime" : 15330.1,
    "pct2ResTime" : 15550.8,
    "pct3ResTime" : 15579.0,
    "throughput" : 0.7957175925925926,
    "receivedKBytesPerSec" : 104.31600500036168,
    "sentKBytesPerSec" : 0.3274281819661458
  }
}