{
  "Total" : {
    "transaction" : "Total",
    "sampleCount" : 735,
    "errorCount" : 0,
    "errorPct" : 0.0,
    "meanResTime" : 474.24489795918356,
    "medianResTime" : 412.0,
    "minResTime" : 170.0,
    "maxResTime" : 3068.0,
    "pct1ResTime" : 703.4,
    "pct2ResTime" : 840.7999999999997,
    "pct3ResTime" : 1369.1999999999982,
    "throughput" : 2.1019518123972256,
    "receivedKBytesPerSec" : 307.6135205905484,
    "sentKBytesPerSec" : 0.9254743243726317
  },
  "HTTP Request" : {
    "transaction" : "HTTP Request",
    "sampleCount" : 735,
    "errorCount" : 0,
    "errorPct" : 0.0,
    "meanResTime" : 474.24489795918356,
    "medianResTime" : 412.0,
    "minResTime" : 170.0,
    "maxResTime" : 3068.0,
    "pct1ResTime" : 703.4,
    "pct2ResTime" : 840.7999999999997,
    "pct3ResTime" : 1369.1999999999982,
    "throughput" : 2.1019518123972256,
    "receivedKBytesPerSec" : 307.6135205905484,
    "sentKBytesPerSec" : 0.9254743243726317
  }
}