{
  "Total" : {
    "transaction" : "Total",
    "sampleCount" : 20,
    "errorCount" : 0,
    "errorPct" : 0.0,
    "meanResTime" : 760.6500000000002,
    "medianResTime" : 565.0,
    "minResTime" : 200.0,
    "maxResTime" : 2405.0,
    "pct1ResTime" : 1634.8000000000002,
    "pct2ResTime" : 2367.0999999999995,
    "pct3ResTime" : 2405.0,
    "throughput" : 1.309757694826457,
    "receivedKBytesPerSec" : 407.52874048379175,
    "sentKBytesPerSec" : 0.5484610347085789
  },
  "HTTP Request" : {
    "transaction" : "HTTP Request",
    "sampleCount" : 20,
    "errorCount" : 0,
    "errorPct" : 0.0,
    "meanResTime" : 760.6500000000002,
    "medianResTime" : 565.0,
    "minResTime" : 200.0,
    "maxResTime" : 2405.0,
    "pct1ResTime" : 1634.8000000000002,
    "pct2ResTime" : 2367.0999999999995,
    "pct3ResTime" : 2405.0,
    "throughput" : 1.309757694826457,
    "receivedKBytesPerSec" : 407.52874048379175,
    "sentKBytesPerSec" : 0.5484610347085789
  }
}