{
  "Total" : {
    "transaction" : "Total",
    "sampleCount" : 20,
    "errorCount" : 0,
    "errorPct" : 0.0,
    "meanResTime" : 1499.3999999999999,
    "medianResTime" : 1063.5,
    "minResTime" : 220.0,
    "maxResTime" : 3420.0,
    "pct1ResTime" : 3275.300000000001,
    "pct2ResTime" : 3415.7999999999997,
    "pct3ResTime" : 3420.0,
    "throughput" : 5.296610169491525,
    "receivedKBytesPerSec" : 1646.4851508706304,
    "sentKBytesPerSec" : 2.2179555084745766
  },
  "HTTP Request" : {
    "transaction" : "HTTP Request",
    "sampleCount" : 20,
    "errorCount" : 0,
    "errorPct" : 0.0,
    "meanResTime" : 1499.3999999999999,
    "medianResTime" : 1063.5,
    "minResTime" : 220.0,
    "maxResTime" : 3420.0,
    "pct1ResTime" : 3275.300000000001,
    "pct2ResTime" : 3415.7999999999997,
    "pct3ResTime" : 3420.0,
    "throughput" : 5.296610169491525,
    "receivedKBytesPerSec" : 1646.4851508706304,
    "sentKBytesPerSec" : 2.2179555084745766
  }
}