{
  "Total" : {
    "transaction" : "Total",
    "sampleCount" : 20,
    "errorCount" : 0,
    "errorPct" : 0.0,
    "meanResTime" : 3443.2500000000005,
    "medianResTime" : 3506.0,
    "minResTime" : 1753.0,
    "maxResTime" : 5116.0,
    "pct1ResTime" : 4656.000000000001,
    "pct2ResTime" : 5094.299999999999,
    "pct3ResTime" : 5116.0,
    "throughput" : 2.1244954323348204,
    "receivedKBytesPerSec" : 661.0350940089229,
    "sentKBytesPerSec" : 0.8896324622902061
  },
  "HTTP Request" : {
    "transaction" : "HTTP Request",
    "sampleCount" : 20,
    "errorCount" : 0,
    "errorPct" : 0.0,
    "meanResTime" : 3443.2500000000005,
    "medianResTime" : 3506.0,
    "minResTime" : 1753.0,
    "maxResTime" : 5116.0,
    "pct1ResTime" : 4656.000000000001,
    "pct2ResTime" : 5094.299999999999,
    "pct3ResTime" : 5116.0,
    "throughput" : 2.1244954323348204,
    "receivedKBytesPerSec" : 661.0350940089229,
    "sentKBytesPerSec" : 0.8896324622902061
  }
}