{
  "Total" : {
    "transaction" : "Total",
    "sampleCount" : 5191,
    "errorCount" : 1,
    "errorPct" : 0.019264111,
    "meanResTime" : 5881.257368522441,
    "medianResTime" : 5751.0,
    "minResTime" : 2121.0,
    "maxResTime" : 22874.0,
    "pct1ResTime" : 8371.0,
    "pct2ResTime" : 9578.599999999991,
    "pct3ResTime" : 13055.16,
    "throughput" : 2.037759195039974,
    "receivedKBytesPerSec" : 551.3991606651776,
    "sentKBytesPerSec" : 0.8874848295432688
  },
  "HTTP Request" : {
    "transaction" : "HTTP Request",
    "sampleCount" : 5191,
    "errorCount" : 1,
    "errorPct" : 0.019264111,
    "meanResTime" : 5881.257368522441,
    "medianResTime" : 5751.0,
    "minResTime" : 2121.0,
    "maxResTime" : 22874.0,
    "pct1ResTime" : 8371.0,
    "pct2ResTime" : 9578.599999999991,
    "pct3ResTime" : 13055.16,
    "throughput" : 2.037759195039974,
    "receivedKBytesPerSec" : 551.3991606651776,
    "sentKBytesPerSec" : 0.8874848295432688
  }
}