{
  "qgis218-stock": {
    "somap218_lk": {
      "lk_big.txt": {
        "transaction": "Total",
        "sampleCount": 5262,
        "errorCount": 0,
        "errorPct": 0.0,
        "meanResTime": 259.23223109083966,
        "medianResTime": 137.5,
        "minResTime": 5.0,
        "maxResTime": 2758.0,
        "pct1ResTime": 699.0,
        "pct2ResTime": 963.8499999999995,
        "pct3ResTime": 1627.9199999999983,
        "throughput": 38.237666499531294,
        "receivedKBytesPerSec": 1946.6685872473895,
        "sentKBytesPerSec": 19.369429861731813,
        "memMaxMB": 7072.0,
        "memAvgMB": 5667.0,
        "memMinMB": 4099.7,
        "cpuMax%": 99.6,
        "cpuAvg%": 98.1,
        "cpuMin%": 51.5,
        "dashboard": "results/details/compare-major/20201030-025546/qgis218-stock/somap218_lk/lk_big.txt/dashboard/index.html",
        "effective duration": 143.6
      }
    },
    "somap218_grundplanav_farbig": {
      "av_f_big.txt": {
        "transaction": "Total",
        "sampleCount": 735,
        "errorCount": 0,
        "errorPct": 0.0,
        "meanResTime": 836.9523809523815,
        "medianResTime": 646.0,
        "minResTime": 219.0,
        "maxResTime": 9076.0,
        "pct1ResTime": 1467.4,
        "pct2ResTime": 1724.6,
        "pct3ResTime": 3005.2,
        "throughput": 11.694696812996229,
        "receivedKBytesPerSec": 2046.7796263166479,
        "sentKBytesPerSec": 5.149091224601824,
        "memMaxMB": 5969.3,
        "memAvgMB": 5560.4,
        "memMinMB": 5082.1,
        "cpuMax%": 99.1,
        "cpuAvg%": 96.4,
        "cpuMin%": 34.5,
        "dashboard": "results/details/compare-major/20201030-025546/qgis218-stock/somap218_grundplanav_farbig/av_f_big.txt/dashboard/index.html",
        "effective duration": 68.7
      }
    },
    "somap218_grundplanav_sw": {
      "av_sw_big.txt": {
        "transaction": "Total",
        "sampleCount": 5190,
        "errorCount": 0,
        "errorPct": 0.0,
        "meanResTime": 962.523699421966,
        "medianResTime": 577.5,
        "minResTime": 209.0,
        "maxResTime": 14293.0,
        "pct1ResTime": 2193.800000000001,
        "pct2ResTime": 2606.699999999999,
        "pct3ResTime": 5303.780000000006,
        "throughput": 10.281788357608127,
        "receivedKBytesPerSec": 3201.301941201394,
        "sentKBytesPerSec": 4.478007324040763,
        "memMaxMB": 10346.4,
        "memAvgMB": 9085.5,
        "memMinMB": 5316.8,
        "cpuMax%": 99.9,
        "cpuAvg%": 98.2,
        "cpuMin%": 13.4,
        "dashboard": "results/details/compare-major/20201030-025546/qgis218-stock/somap218_grundplanav_sw/av_sw_big.txt/dashboard/index.html",
        "effective duration": 510.8
      }
    }
  },
  "qgis310-stock": {
    "somap310_lk": {
      "lk_big.txt": {
        "transaction": "Total",
        "sampleCount": 5262,
        "errorCount": 0,
        "errorPct": 0.0,
        "meanResTime": 359.8850247054353,
        "medianResTime": 185.0,
        "minResTime": 30.0,
        "maxResTime": 3892.0,
        "pct1ResTime": 911.6999999999998,
        "pct2ResTime": 1237.0,
        "pct3ResTime": 1981.8799999999974,
        "throughput": 27.405964521202904,
        "receivedKBytesPerSec": 1297.3442639106622,
        "sentKBytesPerSec": 13.882591595725565,
        "memMaxMB": 7222.8,
        "memAvgMB": 5337.6,
        "memMinMB": 4124.4,
        "cpuMax%": 88.4,
        "cpuAvg%": 73.4,
        "cpuMin%": 21.0,
        "dashboard": "results/details/compare-major/20201030-025546/qgis310-stock/somap310_lk/lk_big.txt/dashboard/index.html",
        "effective duration": 198.1
      }
    },
    "somap310_grundplanav_farbig": {
      "av_f_big.txt": {
        "transaction": "Total",
        "sampleCount": 735,
        "errorCount": 0,
        "errorPct": 0.0,
        "meanResTime": 1043.2965986394568,
        "medianResTime": 896.0,
        "minResTime": 191.0,
        "maxResTime": 3987.0,
        "pct1ResTime": 1799.7999999999997,
        "pct2ResTime": 1994.799999999999,
        "pct3ResTime": 3143.3999999999996,
        "throughput": 9.453376205787782,
        "receivedKBytesPerSec": 1383.501193227492,
        "sentKBytesPerSec": 4.162253818327974,
        "memMaxMB": 6739.7,
        "memAvgMB": 5933.6,
        "memMinMB": 4413.9,
        "cpuMax%": 94.2,
        "cpuAvg%": 73.8,
        "cpuMin%": 34.5,
        "dashboard": "results/details/compare-major/20201030-025546/qgis310-stock/somap310_grundplanav_farbig/av_f_big.txt/dashboard/index.html",
        "effective duration": 83.2
      }
    },
    "somap310_grundplanav_sw": {
      "av_sw_big.txt": {
        "transaction": "Total",
        "sampleCount": 5190,
        "errorCount": 0,
        "errorPct": 0.0,
        "meanResTime": 1010.2273603082865,
        "medianResTime": 826.0,
        "minResTime": 184.0,
        "maxResTime": 9184.0,
        "pct1ResTime": 1905.0,
        "pct2ResTime": 2335.0,
        "pct3ResTime": 3372.1600000000035,
        "throughput": 9.84110129318518,
        "receivedKBytesPerSec": 2663.4635189521787,
        "sentKBytesPerSec": 4.28607574234897,
        "memMaxMB": 10417.6,
        "memAvgMB": 8786.6,
        "memMinMB": 5467.6,
        "cpuMax%": 93.4,
        "cpuAvg%": 73.8,
        "cpuMin%": 13.1,
        "dashboard": "results/details/compare-major/20201030-025546/qgis310-stock/somap310_grundplanav_sw/av_sw_big.txt/dashboard/index.html",
        "effective duration": 533.4
      }
    }
  },
  "qgis314-stock": {
    "somap314_lk": {
      "lk_big.txt": {
        "transaction": "Total",
        "sampleCount": 5262,
        "errorCount": 0,
        "errorPct": 0.0,
        "meanResTime": 359.6068034967692,
        "medianResTime": 201.0,
        "minResTime": 33.0,
        "maxResTime": 3004.0,
        "pct1ResTime": 839.0,
        "pct2ResTime": 1130.699999999999,
        "pct3ResTime": 1882.329999999999,
        "throughput": 27.55882830462404,
        "receivedKBytesPerSec": 1303.8627228811074,
        "sentKBytesPerSec": 13.960025304485248,
        "memMaxMB": 6830.0,
        "memAvgMB": 5354.2,
        "memMinMB": 4254.3,
        "cpuMax%": 93.1,
        "cpuAvg%": 73.6,
        "cpuMin%": 51.8,
        "dashboard": "results/details/compare-major/20201030-025546/qgis314-stock/somap314_lk/lk_big.txt/dashboard/index.html",
        "effective duration": 197.2
      }
    },
    "somap314_grundplanav_farbig": {
      "av_f_big.txt": {
        "transaction": "Total",
        "sampleCount": 735,
        "errorCount": 0,
        "errorPct": 0.0,
        "meanResTime": 1029.2979591836731,
        "medianResTime": 892.0,
        "minResTime": 193.0,
        "maxResTime": 3857.0,
        "pct1ResTime": 1783.1999999999998,
        "pct2ResTime": 1985.1999999999998,
        "pct3ResTime": 2936.479999999998,
        "throughput": 9.582290362953692,
        "receivedKBytesPerSec": 1402.2629936386957,
        "sentKBytesPerSec": 4.2190137981721945,
        "memMaxMB": 6687.9,
        "memAvgMB": 6125.7,
        "memMinMB": 4501.2,
        "cpuMax%": 99.1,
        "cpuAvg%": 74.0,
        "cpuMin%": 41.5,
        "dashboard": "results/details/compare-major/20201030-025546/qgis314-stock/somap314_grundplanav_farbig/av_f_big.txt/dashboard/index.html",
        "effective duration": 82.6
      }
    },
    "somap314_grundplanav_sw": {
      "av_sw_big.txt": {
        "transaction": "Total",
        "sampleCount": 5190,
        "errorCount": 0,
        "errorPct": 0.0,
        "meanResTime": 1023.1140655106004,
        "medianResTime": 860.0,
        "minResTime": 193.0,
        "maxResTime": 6467.0,
        "pct1ResTime": 1868.9000000000005,
        "pct2ResTime": 2300.45,
        "pct3ResTime": 3204.4500000000007,
        "throughput": 9.715098648496875,
        "receivedKBytesPerSec": 2629.3051796749232,
        "sentKBytesPerSec": 4.231198055108382,
        "memMaxMB": 10655.7,
        "memAvgMB": 8989.4,
        "memMinMB": 5859.3,
        "cpuMax%": 95.9,
        "cpuAvg%": 73.7,