{
  "Total" : {
    "transaction" : "Total",
    "sampleCount" : 20,
    "errorCount" : 0,
    "errorPct" : 0.0,
    "meanResTime" : 18809.250000000004,
    "medianResTime" : 19885.0,
    "minResTime" : 2527.0,
    "maxResTime" : 26893.0,
    "pct1ResTime" : 26700.8,
    "pct2ResTime" : 26883.5,
    "pct3ResTime" : 26893.0,
    "throughput" : 0.4073900556087426,
    "receivedKBytesPerSec" : 198.39943449167905,
    "sentKBytesPerSec" : 0.1662183254231764
  },
  "HTTP Request" : {
    "transaction" : "HTTP Request",
    "sampleCount" : 20,
    "errorCount" : 0,
    "errorPct" : 0.0,
    "meanResTime" : 18809.250000000004,
    "medianResTime" : 19885.0,
    "minResTime" : 2527.0,
    "maxResTime" : 26893.0,
    "pct1ResTime" : 26700.8,
    "pct2ResTime" : 26883.5,
    "pct3ResTime" : 26893.0,
    "throughput" : 0.4073900556087426,
    "receivedKBytesPerSec" : 198.39943449167905,
    "sentKBytesPerSec" : 0.1662183254231764
  }
}