{
  "Total" : {
    "transaction" : "Total",
    "sampleCount" : 22,
    "errorCount" : 0,
    "errorPct" : 0.0,
    "meanResTime" : 600.0454545454544,
    "medianResTime" : 482.5,
    "minResTime" : 211.0,
    "maxResTime" : 1300.0,
    "pct1ResTime" : 1195.1999999999998,
    "pct2ResTime" : 1297.1499999999999,
    "pct3ResTime" : 1300.0,
    "throughput" : 10.901883052527255,
    "receivedKBytesPerSec" : 424.1165448463826,
    "sentKBytesPerSec" : 4.48599324826561
  },
  "HTTP Request" : {
    "transaction" : "HTTP Request",
    "sampleCount" : 22,
    "errorCount" : 0,
    "errorPct" : 0.0,
    "meanResTime" : 600.0454545454544,
    "medianResTime" : 482.5,
    "minResTime" : 211.0,
    "maxResTime" : 1300.0,
    "pct1ResTime" : 1195.1999999999998,
    "pct2ResTime" : 1297.1499999999999,
    "pct3ResTime" : 1300.0,
    "throughput" : 10.901883052527255,
    "receivedKBytesPerSec" : 424.1165448463826,
    "sentKBytesPerSec" : 4.48599324826561
  }
}