{
  "Total" : {
    "transaction" : "Total",
    "sampleCount" : 5262,
    "errorCount" : 0,
    "errorPct" : 0.0,
    "meanResTime" : 266.71113645001964,
    "medianResTime" : 148.0,
    "minResTime" : 5.0,
    "maxResTime" : 3946.0,
    "pct1ResTime" : 706.0,
    "pct2ResTime" : 997.0,
    "pct3ResTime" : 1752.5899999999992,
    "throughput" : 37.13846110413167,
    "receivedKBytesPerSec" : 1890.5331099667574,
    "sentKBytesPerSec" : 18.812623347137333
  },
  "HTTP Request" : {
    "transaction" : "HTTP Request",
    "sampleCount" : 5262,
    "errorCount" : 0,
    "errorPct" : 0.0,
    "meanResTime" : 266.71113645001964,
    "medianResTime" : 148.0,
    "minResTime" : 5.0,
    "maxResTime" : 3946.0,
    "pct1ResTime" : 706.0,
    "pct2ResTime" : 997.0,
    "pct3ResTime" : 1752.5899999999992,
    "throughput" : 37.13846110413167,
    "receivedKBytesPerSec" : 1890.5331099667574,
    "sentKBytesPerSec" : 18.812623347137333
  }
}