{
  "Total" : {
    "transaction" : "Total",
    "sampleCount" : 149,
    "errorCount" : 0,
    "errorPct" : 0.0,
    "meanResTime" : 323.3691275167784,
    "medianResTime" : 326.0,
    "minResTime" : 173.0,
    "maxResTime" : 813.0,
    "pct1ResTime" : 426.0,
    "pct2ResTime" : 500.5,
    "pct3ResTime" : 813.0,
    "throughput" : 28.332382582239973,
    "receivedKBytesPerSec" : 48.689226207453885,
    "sentKBytesPerSec" : 14.49115504373455
  },
  "HTTP Request" : {
    "transaction" : "HTTP Request",
    "sampleCount" : 149,
    "errorCount" : 0,
    "errorPct" : 0.0,
    "meanResTime" : 323.3691275167784,
    "medianResTime" : 326.0,
    "minResTime" : 173.0,
    "maxResTime" : 813.0,
    "pct1ResTime" : 426.0,
    "pct2ResTime" : 500.5,
    "pct3ResTime" : 813.0,
    "throughput" : 28.332382582239973,
    "receivedKBytesPerSec" : 48.689226207453885,
    "sentKBytesPerSec" : 14.49115504373455
  }
}