{
  "Total" : {
    "transaction" : "Total",
    "sampleCount" : 5262,
    "errorCount" : 0,
    "errorPct" : 0.0,
    "meanResTime" : 324.0993918662098,
    "medianResTime" : 187.0,
    "minResTime" : 30.0,
    "maxResTime" : 3675.0,
    "pct1ResTime" : 791.3999999999996,
    "pct2ResTime" : 1033.0,
    "pct3ResTime" : 1707.4799999999996,
    "throughput" : 30.412141738381603,
    "receivedKBytesPerSec" : 1439.5395308264654,
    "sentKBytesPerSec" : 15.405381663492715
  },
  "HTTP Request" : {
    "transaction" : "HTTP Request",
    "sampleCount" : 5262,
    "errorCount" : 0,
    "errorPct" : 0.0,
    "meanResTime" : 324.0993918662098,
    "medianResTime" : 187.0,
    "minResTime" : 30.0,
    "maxResTime" : 3675.0,
    "pct1ResTime" : 791.3999999999996,
    "pct2ResTime" : 1033.0,
    "pct3ResTime" : 1707.4799999999996,
    "throughput" : 30.412141738381603,
    "receivedKBytesPerSec" : 1439.5395308264654,
    "sentKBytesPerSec" : 15.405381663492715
  }
}