{
  "Total" : {
    "transaction" : "Total",
    "sampleCount" : 735,
    "errorCount" : 0,
    "errorPct" : 0.0,
    "meanResTime" : 873.1823129251704,
    "medianResTime" : 821.0,
    "minResTime" : 176.0,
    "maxResTime" : 3761.0,
    "pct1ResTime" : 1324.1999999999998,
    "pct2ResTime" : 1581.799999999999,
    "pct3ResTime" : 3000.5599999999995,
    "throughput" : 11.313261913557444,
    "receivedKBytesPerSec" : 1655.6433762342615,
    "sentKBytesPerSec" : 4.981148171022657
  },
  "HTTP Request" : {
    "transaction" : "HTTP Request",
    "sampleCount" : 735,
    "errorCount" : 0,
    "errorPct" : 0.0,
    "meanResTime" : 873.1823129251704,
    "medianResTime" : 821.0,
    "minResTime" : 176.0,
    "maxResTime" : 3761.0,
    "pct1ResTime" : 1324.1999999999998,
    "pct2ResTime" : 1581.799999999999,
    "pct3ResTime" : 3000.5599999999995,
    "throughput" : 11.313261913557444,
    "receivedKBytesPerSec" : 1655.6433762342615,
    "sentKBytesPerSec" : 4.981148171022657
  }
}