{
  "Total" : {
    "transaction" : "Total",
    "sampleCount" : 5190,
    "errorCount" : 0,
    "errorPct" : 0.0,
    "meanResTime" : 1052.1930635838155,
    "medianResTime" : 879.5,
    "minResTime" : 194.0,
    "maxResTime" : 7262.0,
    "pct1ResTime" : 1928.800000000001,
    "pct2ResTime" : 2408.7999999999993,
    "pct3ResTime" : 3436.1800000000003,
    "throughput" : 9.453448596190206,
    "receivedKBytesPerSec" : 2558.4265070503557,
    "sentKBytesPerSec" : 4.117242115751012
  },
  "HTTP Request" : {
    "transaction" : "HTTP Request",
    "sampleCount" : 5190,
    "errorCount" : 0,
    "errorPct" : 0.0,
    "meanResTime" : 1052.1930635838155,
    "medianResTime" : 879.5,
    "minResTime" : 194.0,
    "maxResTime" : 7262.0,
    "pct1ResTime" : 1928.800000000001,
    "pct2ResTime" : 2408.7999999999993,
    "pct3ResTime" : 3436.1800000000003,
    "throughput" : 9.453448596190206,
    "receivedKBytesPerSec" : 2558.4265070503557,
    "sentKBytesPerSec" : 4.117242115751012
  }
}