{
  "Total" : {
    "transaction" : "Total",
    "sampleCount" : 30,
    "errorCount" : 26,
    "errorPct" : 86.666664,
    "meanResTime" : 158.6,
    "medianResTime" : 6.0,
    "minResTime" : 4.0,
    "maxResTime" : 1124.0,
    "pct1ResTime" : 1050.6,
    "pct2ResTime" : 1107.5,
    "pct3ResTime" : 1124.0,
    "throughput" : 25.273799494524013,
    "receivedKBytesPerSec" : 87.93998788963773,
    "sentKBytesPerSec" : 10.310262215669756
  },
  "HTTP Request" : {
    "transaction" : "HTTP Request",
    "sampleCount" : 30,
    "errorCount" : 26,
    "errorPct" : 86.666664,
    "meanResTime" : 158.6,
    "medianResTime" : 6.0,
    "minResTime" : 4.0,
    "maxResTime" : 1124.0,
    "pct1ResTime" : 1050.6,
    "pct2ResTime" : 1107.5,
    "pct3ResTime" : 1124.0,
    "throughput" : 25.273799494524013,
    "receivedKBytesPerSec" : 87.93998788963773,
    "sentKBytesPerSec" : 10.310262215669756
  }
}