{
  "Total" : {
    "transaction" : "Total",
    "sampleCount" : 20,
    "errorCount" : 0,
    "errorPct" : 0.0,
    "meanResTime" : 19038.3,
    "medianResTime" : 20225.0,
    "minResTime" : 2519.0,
    "maxResTime" : 27391.0,
    "pct1ResTime" : 27241.3,
    "pct2ResTime" : 27383.75,
    "pct3ResTime" : 27391.0,
    "throughput" : 0.40192926045016075,
    "receivedKBytesPerSec" : 195.73986384646304,
    "sentKBytesPerSec" : 0.16399027833601287
  },
  "HTTP Request" : {
    "transaction" : "HTTP Request",
    "sampleCount" : 20,
    "errorCount" : 0,
    "errorPct" : 0.0,
    "meanResTime" : 19038.3,
    "medianResTime" : 20225.0,
    "minResTime" : 2519.0,
    "maxResTime" : 27391.0,
    "pct1ResTime" : 27241.3,
    "pct2ResTime" : 27383.75,
    "pct3ResTime" : 27391.0,
    "throughput" : 0.40192926045016075,
    "receivedKBytesPerSec" : 195.73986384646304,
    "sentKBytesPerSec" : 0.16399027833601287
  }
}