{
  "Total" : {
    "transaction" : "Total",
    "sampleCount" : 5190,
    "errorCount" : 0,
    "errorPct" : 0.0,
    "meanResTime" : 969.3483622350675,
    "medianResTime" : 583.5,
    "minResTime" : 213.0,
    "maxResTime" : 17796.0,
    "pct1ResTime" : 2190.800000000001,
    "pct2ResTime" : 2713.8999999999996,
    "pct3ResTime" : 5203.140000000007,
    "throughput" : 10.207272534176663,
    "receivedKBytesPerSec" : 3178.160665223095,
    "sentKBytesPerSec" : 4.445553592114242
  },
  "HTTP Request" : {
    "transaction" : "HTTP Request",
    "sampleCount" : 5190,
    "errorCount" : 0,
    "errorPct" : 0.0,
    "meanResTime" : 969.3483622350675,
    "medianResTime" : 583.5,
    "minResTime" : 213.0,
    "maxResTime" : 17796.0,
    "pct1ResTime" : 2190.800000000001,
    "pct2ResTime" : 2713.8999999999996,
    "pct3ResTime" : 5203.140000000007,
    "throughput" : 10.207272534176663,
    "receivedKBytesPerSec" : 3178.160665223095,
    "sentKBytesPerSec" : 4.445553592114242
  }
}