{
  "Total" : {
    "transaction" : "Total",
    "sampleCount" : 20,
    "errorCount" : 0,
    "errorPct" : 0.0,
    "meanResTime" : 1601.05,
    "medianResTime" : 1453.5,
    "minResTime" : 462.0,
    "maxResTime" : 2966.0,
    "pct1ResTime" : 2792.7000000000003,
    "pct2ResTime" : 2957.7,
    "pct3ResTime" : 2966.0,
    "throughput" : 4.643603436266543,
    "receivedKBytesPerSec" : 1444.852901163803,
    "sentKBytesPerSec" : 1.9445089389366146
  },
  "HTTP Request" : {
    "transaction" : "HTTP Request",
    "sampleCount" : 20,
    "errorCount" : 0,
    "errorPct" : 0.0,
    "meanResTime" : 1601.05,
    "medianResTime" : 1453.5,
    "minResTime" : 462.0,
    "maxResTime" : 2966.0,
    "pct1ResTime" : 2792.7000000000003,
    "pct2ResTime" : 2957.7,
    "pct3ResTime" : 2966.0,
    "throughput" : 4.643603436266543,
    "receivedKBytesPerSec" : 1444.852901163803,
    "sentKBytesPerSec" : 1.9445089389366146
  }
}