{
  "Total" : {
    "transaction" : "Total",
    "sampleCount" : 5190,
    "errorCount" : 0,
    "errorPct" : 0.0,
    "meanResTime" : 409.00539499036563,
    "medianResTime" : 331.0,
    "minResTime" : 2.0,
    "maxResTime" : 7497.0,
    "pct1ResTime" : 657.0,
    "pct2ResTime" : 873.8999999999996,
    "pct3ResTime" : 1877.6100000000042,
    "throughput" : 24.309019629884638,
    "receivedKBytesPerSec" : 9873.75503272672,
    "sentKBytesPerSec" : 9.644943480943883
  },
  "HTTP Request" : {
    "transaction" : "HTTP Request",
    "sampleCount" : 5190,
    "errorCount" : 0,
    "errorPct" : 0.0,
    "meanResTime" : 409.00539499036563,
    "medianResTime" : 331.0,
    "minResTime" : 2.0,
    "maxResTime" : 7497.0,
    "pct1ResTime" : 657.0,
    "pct2ResTime" : 873.8999999999996,
    "pct3ResTime" : 1877.6100000000042,
    "throughput" : 24.309019629884638,
    "receivedKBytesPerSec" : 9873.75503272672,
    "sentKBytesPerSec" : 9.644943480943883
  }
}