{
  "Total" : {
    "transaction" : "Total",
    "sampleCount" : 5190,
    "errorCount" : 0,
    "errorPct" : 0.0,
    "meanResTime" : 710.2930635838165,
    "medianResTime" : 511.5,
    "minResTime" : 195.0,
    "maxResTime" : 6645.0,
    "pct1ResTime" : 1439.800000000001,
    "pct2ResTime" : 1663.4499999999998,
    "pct3ResTime" : 2454.720000000001,
    "throughput" : 13.978216605798131,
    "receivedKBytesPerSec" : 3783.000564793007,
    "sentKBytesPerSec" : 6.087905543345938
  },
  "HTTP Request" : {
    "transaction" : "HTTP Request",
    "sampleCount" : 5190,
    "errorCount" : 0,
    "errorPct" : 0.0,
    "meanResTime" : 710.2930635838165,
    "medianResTime" : 511.5,
    "minResTime" : 195.0,
    "maxResTime" : 6645.0,
    "pct1ResTime" : 1439.800000000001,
    "pct2ResTime" : 1663.4499999999998,
    "pct3ResTime" : 2454.720000000001,
    "throughput" : 13.978216605798131,
    "receivedKBytesPerSec" : 3783.000564793007,
    "sentKBytesPerSec" : 6.087905543345938
  }
}