{
  "Total" : {
    "transaction" : "Total",
    "sampleCount" : 30,
    "errorCount" : 0,
    "errorPct" : 0.0,
    "meanResTime" : 14400.933333333334,
    "medianResTime" : 16763.0,
    "minResTime" : 2000.0,
    "maxResTime" : 17204.0,
    "pct1ResTime" : 17044.0,
    "pct2ResTime" : 17180.9,
    "pct3ResTime" : 17204.0,
    "throughput" : 0.5852973310441704,
    "receivedKBytesPerSec" : 15.865558727270953,
    "sentKBytesPerSec" : 0.2393393578312783
  },
  "HTTP Request" : {
    "transaction" : "HTTP Request",
    "sampleCount" : 30,
    "errorCount" : 0,
    "errorPct" : 0.0,
    "meanResTime" : 14400.933333333334,
    "medianResTime" : 16763.0,
    "minResTime" : 2000.0,
    "maxResTime" : 17204.0,
    "pct1ResTime" : 17044.0,
    "pct2ResTime" : 17180.9,
    "pct3ResTime" : 17204.0,
    "throughput" : 0.5852973310441704,
    "receivedKBytesPerSec" : 15.865558727270953,
    "sentKBytesPerSec" : 0.2393393578312783
  }
}