{
  "Total" : {
    "transaction" : "Total",
    "sampleCount" : 30,
    "errorCount" : 0,
    "errorPct" : 0.0,
    "meanResTime" : 83.10000000000001,
    "medianResTime" : 77.5,
    "minResTime" : 55.0,
    "maxResTime" : 238.0,
    "pct1ResTime" : 89.9,
    "pct2ResTime" : 158.2499999999999,
    "pct3ResTime" : 238.0,
    "throughput" : 11.82033096926714,
    "receivedKBytesPerSec" : 320.40022901891257,
    "sentKBytesPerSec" : 4.822017828999212
  },
  "HTTP Request" : {
    "transaction" : "HTTP Request",
    "sampleCount" : 30,
    "errorCount" : 0,
    "errorPct" : 0.0,
    "meanResTime" : 83.10000000000001,
    "medianResTime" : 77.5,
    "minResTime" : 55.0,
    "maxResTime" : 238.0,
    "pct1ResTime" : 89.9,
    "pct2ResTime" : 158.2499999999999,
    "pct3ResTime" : 238.0,
    "throughput" : 11.82033096926714,
    "receivedKBytesPerSec" : 320.40022901891257,
    "sentKBytesPerSec" : 4.822017828999212
  }
}