{
  "Total" : {
    "transaction" : "Total",
    "sampleCount" : 5191,
    "errorCount" : 1,
    "errorPct" : 0.019264111,
    "meanResTime" : 441.50221537275945,
    "medianResTime" : 232.0,
    "minResTime" : 17.0,
    "maxResTime" : 21805.0,
    "pct1ResTime" : 686.0,
    "pct2ResTime" : 996.5999999999985,
    "pct3ResTime" : 4718.919999999995,
    "throughput" : 22.242980242268946,
    "receivedKBytesPerSec" : 5765.092323458931,
    "sentKBytesPerSec" : 10.02988776609306
  },
  "HTTP Request" : {
    "transaction" : "HTTP Request",
    "sampleCount" : 5191,
    "errorCount" : 1,
    "errorPct" : 0.019264111,
    "meanResTime" : 441.50221537275945,
    "medianResTime" : 232.0,
    "minResTime" : 17.0,
    "maxResTime" : 21805.0,
    "pct1ResTime" : 686.0,
    "pct2ResTime" : 996.5999999999985,
    "pct3ResTime" : 4718.919999999995,
    "throughput" : 22.242980242268946,
    "receivedKBytesPerSec" : 5765.092323458931,
    "sentKBytesPerSec" : 10.02988776609306
  }
}