{
  "Total" : {
    "transaction" : "Total",
    "sampleCount" : 5272,
    "errorCount" : 0,
    "errorPct" : 0.0,
    "meanResTime" : 426.2655538694997,
    "medianResTime" : 251.0,
    "minResTime" : 29.0,
    "maxResTime" : 3664.0,
    "pct1ResTime" : 1032.0999999999995,
    "pct2ResTime" : 1325.699999999999,
    "pct3ResTime" : 2134.209999999989,
    "throughput" : 27.823957525187755,
    "receivedKBytesPerSec" : 1327.06874135779,
    "sentKBytesPerSec" : 14.094991781654237
  },
  "HTTP Request" : {
    "transaction" : "HTTP Request",
    "sampleCount" : 5272,
    "errorCount" : 0,
    "errorPct" : 0.0,
    "meanResTime" : 426.2655538694997,
    "medianResTime" : 251.0,
    "minResTime" : 29.0,
    "maxResTime" : 3664.0,
    "pct1ResTime" : 1032.0999999999995,
    "pct2ResTime" : 1325.699999999999,
    "pct3ResTime" : 2134.209999999989,
    "throughput" : 27.823957525187755,
    "receivedKBytesPerSec" : 1327.06874135779,
    "sentKBytesPerSec" : 14.094991781654237
  }
}