{
  "Total" : {
    "transaction" : "Total",
    "sampleCount" : 20,
    "errorCount" : 0,
    "errorPct" : 0.0,
    "meanResTime" : 4692.75,
    "medianResTime" : 4714.0,
    "minResTime" : 2211.0,
    "maxResTime" : 6257.0,
    "pct1ResTime" : 6171.8,
    "pct2ResTime" : 6252.8,
    "pct3ResTime" : 6257.0,
    "throughput" : 1.6048788316482105,
    "receivedKBytesPerSec" : 499.35428703257907,
    "sentKBytesPerSec" : 0.6720430107526882
  },
  "HTTP Request" : {
    "transaction" : "HTTP Request",
    "sampleCount" : 20,
    "errorCount" : 0,
    "errorPct" : 0.0,
    "meanResTime" : 4692.75,
    "medianResTime" : 4714.0,
    "minResTime" : 2211.0,
    "maxResTime" : 6257.0,
    "pct1ResTime" : 6171.8,
    "pct2ResTime" : 6252.8,
    "pct3ResTime" : 6257.0,
    "throughput" : 1.6048788316482105,
    "receivedKBytesPerSec" : 499.35428703257907,
    "sentKBytesPerSec" : 0.6720430107526882
  }
}