{
  "qgis218-stock": {
    "somap218_avbobe_farbig_categorized": {
      "bodenbedeckung_big.txt": {
        "transaction": "Total",
        "sampleCount": 5190,
        "errorCount": 0,
        "errorPct": 0.0,
        "meanResTime": 460.9281310211947,
        "medianResTime": 252.5,
        "minResTime": 21.0,
        "maxResTime": 15517.0,
        "pct1ResTime": 724.9000000000005,
        "pct2ResTime": 1057.5999999999985,
        "pct3ResTime": 4884.5300000000025,
        "throughput": 21.318108069253043,
        "receivedKBytesPerSec": 5526.439322076975,
        "sentKBytesPerSec": 9.61298834743587,
        "memMaxMB": 7912.3,
        "memAvgMB": 6419.5,
        "memMinMB": 2446.9,
        "cpuMax%": 99.2,
        "cpuAvg%": 95.0,
        "cpuMin%": 2.3,
        "dashboard": "results/details/compare-categorized/20201012-100111/qgis218-stock/somap218_avbobe_farbig_categorized/bodenbedeckung_big.txt/dashboard/index.html"
      }
    }
  },
  "qgis310-stock": {
    "somap310_avbobe_farbig_categorized": {
      "bodenbedeckung_big.txt": {
        "transaction": "Total",
        "sampleCount": 5190,
        "errorCount": 0,
        "errorPct": 0.0,
        "meanResTime": 653.4109826589588,
        "medianResTime": 369.0,
        "minResTime": 21.0,
        "maxResTime": 21601.0,
        "pct1ResTime": 1137.9000000000005,
        "pct2ResTime": 1805.6999999999953,
        "pct3ResTime": 8105.080000000002,
        "throughput": 15.190006790137911,
        "receivedKBytesPerSec": 4054.4568757417564,
        "sentKBytesPerSec": 6.849639648917675,
        "memMaxMB": 7032.3,
        "memAvgMB": 5814.9,
        "memMinMB": 2571.2,
        "cpuMax%": 87.2,
        "cpuAvg%": 73.5,
        "cpuMin%": 15.3,
        "dashboard": "results/details/compare-categorized/20201012-100111/qgis310-stock/somap310_avbobe_farbig_categorized/bodenbedeckung_big.txt/dashboard/index.html"
      }
    }
  },
  "qgis314-stock": {
    "somap314_avbobe_farbig_categorized": {
      "bodenbedeckung_big.txt": {
        "transaction": "Total",
        "sampleCount": 5190,
        "errorCount": 0,
        "errorPct": 0.0,
        "meanResTime": 649.6368015414255,
        "medianResTime": 355.0,
        "minResTime": 22.0,
        "maxResTime": 21822.0,
        "pct1ResTime": 1157.6000000000022,
        "pct2ResTime": 1814.3999999999978,
        "pct3ResTime": 8370.630000000001,
        "throughput": 15.281920516346355,
        "receivedKBytesPerSec": 4078.9005260659433,
        "sentKBytesPerSec": 6.891086365302678,
        "memMaxMB": 7084.8,
        "memAvgMB": 5830.6,
        "memMinMB": 2582.7,
        "cpuMax%": 90.5,
        "cpuAvg%": 74.5,
        "cpuMin%": 15.9,
        "dashboard": "results/details/compare-categorized/20201012-100111/qgis314-stock/somap314_avbobe_farbig_categorized/bodenbedeckung_big.txt/dashboard/index.html"
      }
    }
  }
}