{
  "Total" : {
    "transaction" : "Total",
    "sampleCount" : 5190,
    "errorCount" : 0,
    "errorPct" : 0.0,
    "meanResTime" : 427.212331406551,
    "medianResTime" : 344.0,
    "minResTime" : 2.0,
    "maxResTime" : 8040.0,
    "pct1ResTime" : 665.9000000000005,
    "pct2ResTime" : 953.8999999999996,
    "pct3ResTime" : 2063.720000000001,
    "throughput" : 23.27291642377335,
    "receivedKBytesPerSec" : 9452.91415575702,
    "sentKBytesPerSec" : 9.233855044819421
  },
  "HTTP Request" : {
    "transaction" : "HTTP Request",
    "sampleCount" : 5190,
    "errorCount" : 0,
    "errorPct" : 0.0,
    "meanResTime" : 427.212331406551,
    "medianResTime" : 344.0,
    "minResTime" : 2.0,
    "maxResTime" : 8040.0,
    "pct1ResTime" : 665.9000000000005,
    "pct2ResTime" : 953.8999999999996,
    "pct3ResTime" : 2063.720000000001,
    "throughput" : 23.27291642377335,
    "receivedKBytesPerSec" : 9452.91415575702,
    "sentKBytesPerSec" : 9.233855044819421
  }
}