{
  "Total" : {
    "transaction" : "Total",
    "sampleCount" : 20,
    "errorCount" : 0,
    "errorPct" : 0.0,
    "meanResTime" : 16354.5,
    "medianResTime" : 2183.5,
    "minResTime" : 17.0,
    "maxResTime" : 101552.0,
    "pct1ResTime" : 98091.2,
    "pct2ResTime" : 101379.55,
    "pct3ResTime" : 101552.0,
    "throughput" : 0.19184284234355214,
    "receivedKBytesPerSec" : 49.813305440183406,
    "sentKBytesPerSec" : 0.08295704159152822
  },
  "HTTP Request" : {
    "transaction" : "HTTP Request",
    "sampleCount" : 20,
    "errorCount" : 0,
    "errorPct" : 0.0,
    "meanResTime" : 16354.5,
    "medianResTime" : 2183.5,
    "minResTime" : 17.0,
    "maxResTime" : 101552.0,
    "pct1ResTime" : 98091.2,
    "pct2ResTime" : 101379.55,
    "pct3ResTime" : 101552.0,
    "throughput" : 0.19184284234355214,
    "receivedKBytesPerSec" : 49.813305440183406,
    "sentKBytesPerSec" : 0.08295704159152822
  }
}