{
  "qgis218-stock": {
    "somap218_lk": {
      "lk_big.txt": {
        "transaction": "Total",
        "sampleCount": 5262,
        "errorCount": 0,
        "errorPct": 0.0,
        "meanResTime": 268.8150893196521,
        "medianResTime": 142.0,
        "minResTime": 5.0,
        "maxResTime": 3831.0,
        "pct1ResTime": 710.0,
        "pct2ResTime": 1013.5499999999984,
        "pct3ResTime": 1795.5899999999992,
        "throughput": 36.87766315317335,
        "receivedKBytesPerSec": 1877.4722591861266,
        "sentKBytesPerSec": 18.680515190923554,
        "memMaxMB": 5712.6,
        "memAvgMB": 4210.9,
        "memMinMB": 2528.8,
        "cpuMax%": 99.8,
        "cpuAvg%": 97.9,
        "cpuMin%": 12.4,
        "dashboard": "results/details/compare-major/20201012-065640/qgis218-stock/somap218_lk/lk_big.txt/dashboard/index.html"
      }
    },
    "somap218_grundplanav_farbig": {
      "av_f_big.txt": {
        "transaction": "Total",
        "sampleCount": 735,
        "errorCount": 0,
        "errorPct": 0.0,
        "meanResTime": 880.525170068027,
        "medianResTime": 694.0,
        "minResTime": 220.0,
        "maxResTime": 9109.0,
        "pct1ResTime": 1529.3999999999999,
        "pct2ResTime": 1852.5999999999976,
        "pct3ResTime": 3116.4399999999996,
        "throughput": 11.128607334282167,
        "receivedKBytesPerSec": 1947.9077112211562,
        "sentKBytesPerSec": 4.899846082654513,
        "memMaxMB": 4685.3,
        "memAvgMB": 4271.5,
        "memMinMB": 3762.2,
        "cpuMax%": 99.2,
        "cpuAvg%": 97.1,
        "cpuMin%": 28.3,
        "dashboard": "results/details/compare-major/20201012-065640/qgis218-stock/somap218_grundplanav_farbig/av_f_big.txt/dashboard/index.html"
      }
    },
    "somap218_grundplanav_sw": {
      "av_sw_big.txt": {
        "transaction": "Total",
        "sampleCount": 5190,
        "errorCount": 0,
        "errorPct": 0.0,
        "meanResTime": 1009.9984585741826,
        "medianResTime": 605.0,
        "minResTime": 212.0,
        "maxResTime": 17133.0,
        "pct1ResTime": 2302.0,
        "pct2ResTime": 2843.8999999999996,
        "pct3ResTime": 5492.8000000000175,
        "throughput": 9.799756422239216,
        "receivedKBytesPerSec": 3051.471390676778,
        "sentKBytesPerSec": 4.268068890965909,
        "memMaxMB": 9323.3,
        "memAvgMB": 7972.9,
        "memMinMB": 4019.5,
        "cpuMax%": 99.9,
        "cpuAvg%": 98.0,
        "cpuMin%": 13.4,
        "dashboard": "results/details/compare-major/20201012-065640/qgis218-stock/somap218_grundplanav_sw/av_sw_big.txt/dashboard/index.html"
      }
    }
  },
  "qgis310-stock": {
    "somap310_lk": {
      "lk_big.txt": {
        "transaction": "Total",
        "sampleCount": 5262,
        "errorCount": 0,
        "errorPct": 0.0,
        "meanResTime": 371.90516913721046,
        "medianResTime": 194.0,
        "minResTime": 31.0,
        "maxResTime": 3754.0,
        "pct1ResTime": 943.0,
        "pct2ResTime": 1261.8499999999995,
        "pct3ResTime": 2042.8499999999995,
        "throughput": 26.55657782510611,
        "receivedKBytesPerSec": 1257.0169295344776,
        "sentKBytesPerSec": 13.452331657250067,
        "memMaxMB": 5555.5,
        "memAvgMB": 3806.0,
        "memMinMB": 2600.7,
        "cpuMax%": 85.0,
        "cpuAvg%": 73.4,
        "cpuMin%": 14.4,
        "dashboard": "results/details/compare-major/20201012-065640/qgis310-stock/somap310_lk/lk_big.txt/dashboard/index.html"
      }
    },
    "somap310_grundplanav_farbig": {
      "av_f_big.txt": {
        "transaction": "Total",
        "sampleCount": 735,
        "errorCount": 0,
        "errorPct": 0.0,
        "meanResTime": 1055.4625850340128,
        "medianResTime": 976.0,
        "minResTime": 194.0,
        "maxResTime": 4213.0,
        "pct1ResTime": 1779.5999999999997,
        "pct2ResTime": 2062.3999999999996,
        "pct3ResTime": 3398.92,
        "throughput": 9.348647307971152,
        "receivedKBytesPerSec": 1368.1418286582148,
        "sentKBytesPerSec": 4.116142434909248,
        "memMaxMB": 5224.8,
        "memAvgMB": 4629.0,
        "memMinMB": 2975.9,
        "cpuMax%": 98.9,
        "cpuAvg%": 73.3,
        "cpuMin%": 29.2,
        "dashboard": "results/details/compare-major/20201012-065640/qgis310-stock/somap310_grundplanav_farbig/av_f_big.txt/dashboard/index.html"
      }
    },
    "somap310_grundplanav_sw": {
      "av_sw_big.txt": {
        "transaction": "Total",
        "sampleCount": 5190,
        "errorCount": 0,
        "errorPct": 0.0,
        "meanResTime": 1051.3425818882426,
        "medianResTime": 866.0,
        "minResTime": 187.0,
        "maxResTime": 6957.0,
        "pct1ResTime": 1942.0,
        "pct2ResTime": 2420.3499999999995,
        "pct3ResTime": 3401.8700000000063,
        "throughput": 9.467727635913883,
        "receivedKBytesPerSec": 2562.3975369884415,
        "sentKBytesPerSec": 4.12346103820292,
        "memMaxMB": 9544.6,
        "memAvgMB": 7684.1,
        "memMinMB": 4298.0,
        "cpuMax%": 96.7,
        "cpuAvg%": 74.0,
        "cpuMin%": 28.4,
        "dashboard": "results/details/compare-major/20201012-065640/qgis310-stock/somap310_grundplanav_sw/av_sw_big.txt/dashboard/index.html"
      }
    }
  },
  "qgis314-stock": {
    "somap314_lk": {
      "lk_big.txt": {
        "transaction": "Total",
        "sampleCount": 5262,
        "errorCount": 0,
        "errorPct": 0.0,
        "meanResTime": 377.5539718738111,
        "medianResTime": 207.0,
        "minResTime": 37.0,
        "maxResTime": 4582.0,
        "pct1ResTime": 893.0,
        "pct2ResTime": 1209.8499999999995,
        "pct3ResTime": 1974.37,
        "throughput": 26.132430137217607,
        "receivedKBytesPerSec": 1236.3257291702878,
        "sentKBytesPerSec": 13.237478094162665,
        "memMaxMB": 5783.0,
        "memAvgMB": 3840.8,
        "memMinMB": 2678.3,
        "cpuMax%": 89.7,
        "cpuAvg%": 72.7,
        "cpuMin%": 14.8,
        "dashboard": "results/details/compare-major/20201012-065640/qgis314-stock/somap314_lk/lk_big.txt/dashboard/index.html"
      }
    },
    "somap314_grundplanav_farbig": {
      "av_f_big.txt": {
        "transaction": "Total",
        "sampleCount": 735,
        "errorCount": 0,
        "errorPct": 0.0,
        "meanResTime": 1114.5374149659876,
        "medianResTime": 1011.0,
        "minResTime": 208.0,
        "maxResTime": 4250.0,
        "pct1ResTime": 1883.9999999999995,
        "pct2ResTime": 2159.5999999999985,
        "pct3ResTime": 3505.4399999999955,
        "throughput": 8.848172581499494,
        "receivedKBytesPerSec": 1294.8502445850088,
        "sentKBytesPerSec": 3.8957869983025954,
        "memMaxMB": 5253.0,
        "memAvgMB": 4444.2,
        "memMinMB": 2951.9,
        "cpuMax%": 98.2,
        "cpuAvg%": 73.2,
        "cpuMin%": 25.1,
        "dashboard": "results/details/compare-major/20201012-065640/qgis314-stock/somap314_grundplanav_farbig/av_f_big.txt/dashboard/index.html"
      }
    },
    "somap314_grundplanav_sw": {
      "av_sw_big.txt": {
        "transaction": "Total",
        "sampleCount": 5190,
        "errorCount": 0,
        "errorPct": 0.0,
        "meanResTime": 1077.3485549132931,
        "medianResTime": 901.5,
        "minResTime": 199.0,
        "maxResTime": 9532.0,
        "pct1ResTime": 1972.0,
        "pct2ResTime": 2469.45,
        "pct3ResTime": 3462.7100000000028,
        "throughput": 9.225584198120755,
        "receivedKBytesPerSec": 2496.8422472457673,
        "sentKBytesPerSec": 4.018000776797744,
        "memMaxMB": 9691.9,
        "memAvgMB": 7471.4,
        "memMinMB": 4090.5,
        "cpuMax%": 98.8,
        "cpuAvg%": 73.9,
        "cpuMin%": 12.8,
        "dashboard": "results/details/compare-major/20201012-065640/qgis314-stock/somap314_grundplanav_sw/av_sw_big.txt/dashboard/index.html"
      }
    }
  },
  "qgis314-standalone": {
    "somap314_lk": {
      "lk_big.txt": {
        "transaction": "Total",