{
  "Total" : {
    "transaction" : "Total",
    "sampleCount" : 22,
    "errorCount" : 0,
    "errorPct" : 0.0,
    "meanResTime" : 23256.772727272728,
    "medianResTime" : 26491.0,
    "minResTime" : 3571.0,
    "maxResTime" : 30924.0,
    "pct1ResTime" : 30793.3,
    "pct2ResTime" : 30906.15,
    "pct3ResTime" : 30924.0,
    "throughput" : 0.35490167610382484,
    "receivedKBytesPerSec" : 46.526273814709064,
    "sentKBytesPerSec" : 0.14603775468228233
  },
  "HTTP Request" : {
    "transaction" : "HTTP Request",
    "sampleCount" : 22,
    "errorCount" : 0,
    "errorPct" : 0.0,
    "meanResTime" : 23256.772727272728,
    "medianResTime" : 26491.0,
    "minResTime" : 3571.0,
    "maxResTime" : 30924.0,
    "pct1ResTime" : 30793.3,
    "pct2ResTime" : 30906.15,
    "pct3ResTime" : 30924.0,
    "throughput" : 0.35490167610382484,
    "receivedKBytesPerSec" : 46.526273814709064,
    "sentKBytesPerSec" : 0.14603775468228233
  }
}