{
  "Total" : {
    "transaction" : "Total",
    "sampleCount" : 22,
    "errorCount" : 0,
    "errorPct" : 0.0,
    "meanResTime" : 2539.2272727272734,
    "medianResTime" : 2910.0,
    "minResTime" : 399.0,
    "maxResTime" : 4031.0,
    "pct1ResTime" : 3991.0,
    "pct2ResTime" : 4026.7999999999997,
    "pct3ResTime" : 4031.0,
    "throughput" : 3.0872859949480773,
    "receivedKBytesPerSec" : 402.5835737966601,
    "sentKBytesPerSec" : 1.3156048273926466
  },
  "HTTP Request" : {
    "transaction" : "HTTP Request",
    "sampleCount" : 22,
    "errorCount" : 0,
    "errorPct" : 0.0,
    "meanResTime" : 2539.2272727272734,
    "medianResTime" : 2910.0,
    "minResTime" : 399.0,
    "maxResTime" : 4031.0,
    "pct1ResTime" : 3991.0,
    "pct2ResTime" : 4026.7999999999997,
    "pct3ResTime" : 4031.0,
    "throughput" : 3.0872859949480773,
    "receivedKBytesPerSec" : 402.5835737966601,
    "sentKBytesPerSec" : 1.3156048273926466
  }
}