{
  "Total" : {
    "transaction" : "Total",
    "sampleCount" : 20,
    "errorCount" : 0,
    "errorPct" : 0.0,
    "meanResTime" : 3492.05,
    "medianResTime" : 3242.0,
    "minResTime" : 883.0,
    "maxResTime" : 6767.0,
    "pct1ResTime" : 6338.200000000002,
    "pct2ResTime" : 6749.849999999999,
    "pct3ResTime" : 6767.0,
    "throughput" : 1.784598911394664,
    "receivedKBytesPerSec" : 555.329624481351,
    "sentKBytesPerSec" : 0.7473007941465155
  },
  "HTTP Request" : {
    "transaction" : "HTTP Request",
    "sampleCount" : 20,
    "errorCount" : 0,
    "errorPct" : 0.0,
    "meanResTime" : 3492.05,
    "medianResTime" : 3242.0,
    "minResTime" : 883.0,
    "maxResTime" : 6767.0,
    "pct1ResTime" : 6338.200000000002,
    "pct2ResTime" : 6749.849999999999,
    "pct3ResTime" : 6767.0,
    "throughput" : 1.784598911394664,
    "receivedKBytesPerSec" : 555.329624481351,
    "sentKBytesPerSec" : 0.7473007941465155
  }
}