{
  "Total" : {
    "transaction" : "Total",
    "sampleCount" : 20,
    "errorCount" : 0,
    "errorPct" : 0.0,
    "meanResTime" : 20603.700000000004,
    "medianResTime" : 22920.0,
    "minResTime" : 2226.0,
    "maxResTime" : 29129.0,
    "pct1ResTime" : 28846.8,
    "pct2ResTime" : 29115.0,
    "pct3ResTime" : 29129.0,
    "throughput" : 0.37320395596193323,
    "receivedKBytesPerSec" : 181.75092790749207,
    "sentKBytesPerSec" : 0.1522701296883747
  },
  "HTTP Request" : {
    "transaction" : "HTTP Request",
    "sampleCount" : 20,
    "errorCount" : 0,
    "errorPct" : 0.0,
    "meanResTime" : 20603.700000000004,
    "medianResTime" : 22920.0,
    "minResTime" : 2226.0,
    "maxResTime" : 29129.0,
    "pct1ResTime" : 28846.8,
    "pct2ResTime" : 29115.0,
    "pct3ResTime" : 29129.0,
    "throughput" : 0.37320395596193323,
    "receivedKBytesPerSec" : 181.75092790749207,
    "sentKBytesPerSec" : 0.1522701296883747
  }
}