{
  "Total" : {
    "transaction" : "Total",
    "sampleCount" : 735,
    "errorCount" : 0,
    "errorPct" : 0.0,
    "meanResTime" : 856.8693877551024,
    "medianResTime" : 793.0,
    "minResTime" : 178.0,
    "maxResTime" : 3584.0,
    "pct1ResTime" : 1394.6,
    "pct2ResTime" : 1641.7999999999984,
    "pct3ResTime" : 2944.7999999999984,
    "throughput" : 11.497849041845914,
    "receivedKBytesPerSec" : 1682.667936668948,
    "sentKBytesPerSec" : 5.0624205612045365
  },
  "HTTP Request" : {
    "transaction" : "HTTP Request",
    "sampleCount" : 735,
    "errorCount" : 0,
    "errorPct" : 0.0,
    "meanResTime" : 856.8693877551024,
    "medianResTime" : 793.0,
    "minResTime" : 178.0,
    "maxResTime" : 3584.0,
    "pct1ResTime" : 1394.6,
    "pct2ResTime" : 1641.7999999999984,
    "pct3ResTime" : 2944.7999999999984,
    "throughput" : 11.497849041845914,
    "receivedKBytesPerSec" : 1682.667936668948,
    "sentKBytesPerSec" : 5.0624205612045365
  }
}