{
  "Total" : {
    "transaction" : "Total",
    "sampleCount" : 20,
    "errorCount" : 0,
    "errorPct" : 0.0,
    "meanResTime" : 4543.900000000001,
    "medianResTime" : 4498.5,
    "minResTime" : 2273.0,
    "maxResTime" : 6057.0,
    "pct1ResTime" : 6008.4,
    "pct2ResTime" : 6054.7,
    "pct3ResTime" : 6057.0,
    "throughput" : 1.6560404073859403,
    "receivedKBytesPerSec" : 515.2723636612983,
    "sentKBytesPerSec" : 0.6934669205928625
  },
  "HTTP Request" : {
    "transaction" : "HTTP Request",
    "sampleCount" : 20,
    "errorCount" : 0,
    "errorPct" : 0.0,
    "meanResTime" : 4543.900000000001,
    "medianResTime" : 4498.5,
    "minResTime" : 2273.0,
    "maxResTime" : 6057.0,
    "pct1ResTime" : 6008.4,
    "pct2ResTime" : 6054.7,
    "pct3ResTime" : 6057.0,
    "throughput" : 1.6560404073859403,
    "receivedKBytesPerSec" : 515.2723636612983,
    "sentKBytesPerSec" : 0.6934669205928625
  }
}