{
  "Total" : {
    "transaction" : "Total",
    "sampleCount" : 30,
    "errorCount" : 0,
    "errorPct" : 0.0,
    "meanResTime" : 14162.099999999999,
    "medianResTime" : 16599.0,
    "minResTime" : 1963.0,
    "maxResTime" : 16936.0,
    "pct1ResTime" : 16908.1,
    "pct2ResTime" : 16929.4,
    "pct3ResTime" : 16936.0,
    "throughput" : 0.5968486391851026,
    "receivedKBytesPerSec" : 16.178678141910712,
    "sentKBytesPerSec" : 0.24406291033343944
  },
  "HTTP Request" : {
    "transaction" : "HTTP Request",
    "sampleCount" : 30,
    "errorCount" : 0,
    "errorPct" : 0.0,
    "meanResTime" : 14162.099999999999,
    "medianResTime" : 16599.0,
    "minResTime" : 1963.0,
    "maxResTime" : 16936.0,
    "pct1ResTime" : 16908.1,
    "pct2ResTime" : 16929.4,
    "pct3ResTime" : 16936.0,
    "throughput" : 0.5968486391851026,
    "receivedKBytesPerSec" : 16.178678141910712,
    "sentKBytesPerSec" : 0.24406291033343944
  }
}