{
  "Total" : {
    "transaction" : "Total",
    "sampleCount" : 30,
    "errorCount" : 0,
    "errorPct" : 0.0,
    "meanResTime" : 512.4666666666667,
    "medianResTime" : 513.0,
    "minResTime" : 154.0,
    "maxResTime" : 929.0,
    "pct1ResTime" : 850.9,
    "pct2ResTime" : 897.0999999999999,
    "pct3ResTime" : 929.0,
    "throughput" : 13.274336283185841,
    "receivedKBytesPerSec" : 360.231436670354,
    "sentKBytesPerSec" : 5.415168694690266
  },
  "HTTP Request" : {
    "transaction" : "HTTP Request",
    "sampleCount" : 30,
    "errorCount" : 0,
    "errorPct" : 0.0,
    "meanResTime" : 512.4666666666667,
    "medianResTime" : 513.0,
    "minResTime" : 154.0,
    "maxResTime" : 929.0,
    "pct1ResTime" : 850.9,
    "pct2ResTime" : 897.0999999999999,
    "pct3ResTime" : 929.0,
    "throughput" : 13.274336283185841,
    "receivedKBytesPerSec" : 360.231436670354,
    "sentKBytesPerSec" : 5.415168694690266
  }
}