{
  "qgis218": {
    "somap218_fix": {
      "lk.txt": {
        "transaction": "Total",
        "sampleCount": 30,
        "errorCount": 0,
        "errorPct": 0.0,
        "meanResTime": 1584.9333333333332,
        "medianResTime": 85.0,
        "minResTime": 59.0,
        "maxResTime": 10512.0,
        "pct1ResTime": 4076.6,
        "pct2ResTime": 6978.799999999996,
        "pct3ResTime": 10512.0,
        "throughput": 2.8452200303490134,
        "receivedKBytesPerSec": 47.65539791587633,
        "sentKBytesPerSec": 1.1634653001707131,
        "memMaxMB": 7525.3,
        "memAvgMB": 6845.1,
        "memMinMB": 5049.2,
        "cpuMax%": 99.7,
        "cpuAvg%": 43.2,
        "cpuMin%": 12.5,
        "dashboard": "results/details/compare-major-bigfile/20201101-082505/qgis218/somap218_fix/lk.txt/dashboard/index.html",
        "effective duration": 16.1
      },
      "av_f.txt": {
        "transaction": "Total",
        "sampleCount": 22,
        "errorCount": 0,
        "errorPct": 0.0,
        "meanResTime": 596.1818181818182,
        "medianResTime": 316.0,
        "minResTime": 190.0,
        "maxResTime": 1289.0,
        "pct1ResTime": 1199.6,
        "pct2ResTime": 1285.85,
        "pct3ResTime": 1289.0,
        "throughput": 10.864197530864198,
        "receivedKBytesPerSec": 422.650462962963,
        "sentKBytesPerSec": 4.470486111111112,
        "memMaxMB": 7510.1,
        "memAvgMB": 7510.1,
        "memMinMB": 7510.1,
        "cpuMax%": 41.2,
        "cpuAvg%": 41.2,
        "cpuMin%": 41.2,
        "dashboard": "results/details/compare-major-bigfile/20201101-082505/qgis218/somap218_fix/av_f.txt/dashboard/index.html",
        "effective duration": 7.5
      },
      "av_sw.txt": {
        "transaction": "Total",
        "sampleCount": 20,
        "errorCount": 0,
        "errorPct": 0.0,
        "meanResTime": 685.75,
        "medianResTime": 719.0,
        "minResTime": 251.0,
        "maxResTime": 1263.0,
        "pct1ResTime": 1254.9,
        "pct2ResTime": 1262.75,
        "pct3ResTime": 1263.0,
        "throughput": 9.945300845350571,
        "receivedKBytesPerSec": 168.93462907135753,
        "sentKBytesPerSec": 4.057760442565887,
        "memMaxMB": 7614.6,
        "memAvgMB": 7541.0,
        "memMinMB": 7471.0,
        "cpuMax%": 81.4,
        "cpuAvg%": 61.9,
        "cpuMin%": 33.8,
        "dashboard": "results/details/compare-major-bigfile/20201101-082505/qgis218/somap218_fix/av_sw.txt/dashboard/index.html",
        "effective duration": 7.4
      }
    }
  },
  "qgis310": {
    "somap310_fix": {
      "lk.txt": {
        "transaction": "Total",
        "sampleCount": 30,
        "errorCount": 0,
        "errorPct": 0.0,
        "meanResTime": 15069.266666666666,
        "medianResTime": 17410.5,
        "minResTime": 2095.0,
        "maxResTime": 18418.0,
        "pct1ResTime": 18242.7,
        "pct2ResTime": 18352.55,
        "pct3ResTime": 18418.0,
        "throughput": 0.5637508221366156,
        "receivedKBytesPerSec": 15.281501045287982,
        "sentKBytesPerSec": 0.23052857511979705,
        "memMaxMB": 5215.0,
        "memAvgMB": 5197.2,
        "memMinMB": 5185.6,
        "cpuMax%": 40.6,
        "cpuAvg%": 13.7,
        "cpuMin%": 12.5,
        "dashboard": "results/details/compare-major-bigfile/20201101-082505/qgis310/somap310_fix/lk.txt/dashboard/index.html",
        "effective duration": 58.4
      },
      "av_f.txt": {
        "transaction": "Total",
        "sampleCount": 22,
        "errorCount": 0,
        "errorPct": 0.0,
        "meanResTime": 26433.72727272727,
        "medianResTime": 30191.5,
        "minResTime": 4109.0,
        "maxResTime": 35260.0,
        "pct1ResTime": 34802.1,
        "pct2ResTime": 35207.2,
        "pct3ResTime": 35260.0,
        "throughput": 0.3117339492440451,
        "receivedKBytesPerSec": 40.86714731554561,
        "sentKBytesPerSec": 0.1282747562807306,
        "memMaxMB": 6152.1,
        "memAvgMB": 5389.8,
        "memMinMB": 5183.5,
        "cpuMax%": 36.7,
        "cpuAvg%": 14.0,
        "cpuMin%": 12.3,
        "dashboard": "results/details/compare-major-bigfile/20201101-082505/qgis310/somap310_fix/av_f.txt/dashboard/index.html",
        "effective duration": 75.8
      },
      "av_sw.txt": {
        "transaction": "Total",
        "sampleCount": 20,
        "errorCount": 0,
        "errorPct": 0.0,
        "meanResTime": 21252.9,
        "medianResTime": 22770.5,
        "minResTime": 2589.0,
        "maxResTime": 30739.0,
        "pct1ResTime": 30361.2,
        "pct2ResTime": 30720.3,
        "pct3ResTime": 30739.0,
        "throughput": 0.3611151235013722,
        "receivedKBytesPerSec": 175.86347069437923,
        "sentKBytesPerSec": 0.14733779160046223,
        "memMaxMB": 7157.4,
        "memAvgMB": 5443.2,
        "memMinMB": 5209.6,
        "cpuMax%": 39.4,
        "cpuAvg%": 13.8,
        "cpuMin%": 12.4,
        "dashboard": "results/details/compare-major-bigfile/20201101-082505/qgis310/somap310_fix/av_sw.txt/dashboard/index.html",
        "effective duration": 60.6
      }
    }
  },
  "qgis316": {
    "somap316_fix": {
      "lk.txt": {
        "transaction": "Total",
        "sampleCount": 30,
        "errorCount": 0,
        "errorPct": 0.0,
        "meanResTime": 663.3999999999999,
        "medianResTime": 705.5,
        "minResTime": 301.0,
        "maxResTime": 871.0,
        "pct1ResTime": 817.9,
        "pct2ResTime": 851.1999999999999,
        "pct3ResTime": 871.0,
        "throughput": 11.210762331838565,
        "receivedKBytesPerSec": 303.8663992432735,
        "sentKBytesPerSec": 4.5842967582212255,
        "memMaxMB": 5284.4,
        "memAvgMB": 5269.7,
        "memMinMB": 5251.5,
        "cpuMax%": 38.7,
        "cpuAvg%": 25.7,
        "cpuMin%": 14.1,
        "dashboard": "results/details/compare-major-bigfile/20201101-082505/qgis316/somap316_fix/lk.txt/dashboard/index.html",
        "effective duration": 8.5
      },
      "av_f.txt": {
        "transaction": "Total",
        "sampleCount": 22,
        "errorCount": 0,
        "errorPct": 0.0,
        "meanResTime": 27106.22727272728,
        "medianResTime": 29638.0,
        "minResTime": 4241.0,
        "maxResTime": 38827.0,
        "pct1ResTime": 38224.1,
        "pct2ResTime": 38752.45,
        "pct3ResTime": 38827.0,
        "throughput": 0.3246226261970459,
        "receivedKBytesPerSec": 42.55697726534949,
        "sentKBytesPerSec": 0.13357829123076242,
        "memMaxMB": 6264.9,
        "memAvgMB": 5781.4,
        "memMinMB": 5251.5,
        "cpuMax%": 34.7,
        "cpuAvg%": 13.7,
        "cpuMin%": 12.4,
        "dashboard": "results/details/compare-major-bigfile/20201101-082505/qgis316/somap316_fix/av_f.txt/dashboard/index.html",
        "effective duration": 73.0
      },
      "av_sw.txt": {
        "transaction": "Total",
        "sampleCount": 20,
        "errorCount": 0,
        "errorPct": 0.0,
        "meanResTime": 16746.0,
        "medianResTime": 13665.0,
        "minResTime": 948.0,
        "maxResTime": 28564.0,
        "pct1ResTime": 28439.0,
        "pct2ResTime": 28558.5,
        "pct3ResTime": 28564.0,
        "throughput": 0.45255011992578176,
        "receivedKBytesPerSec": 221.2788226696497,
        "sentKBytesPerSec": 0.1846439844775309,
        "memMaxMB": 7410.8,
        "memAvgMB": 5968.2,
        "memMinMB": 5249.3,
        "cpuMax%": 35.9,
        "cpuAvg%": 14.2,
        "cpuMin%": 12.2,
        "dashboard": "results/details/compare-major-bigfile/20201101-082505/qgis316/somap316_fix/av_sw.txt/dashboard/index.html",
        "effective duration": 49.4
      }
    }
  }
}