{
  "Total" : {
    "transaction" : "Total",
    "sampleCount" : 20,
    "errorCount" : 0,
    "errorPct" : 0.0,
    "meanResTime" : 734.3,
    "medianResTime" : 541.0,
    "minResTime" : 207.0,
    "maxResTime" : 2203.0,
    "pct1ResTime" : 1590.7,
    "pct2ResTime" : 2172.7,
    "pct3ResTime" : 2203.0,
    "throughput" : 1.3568521031207597,
    "receivedKBytesPerSec" : 422.18075549101087,
    "sentKBytesPerSec" : 0.5681818181818181
  },
  "HTTP Request" : {
    "transaction" : "HTTP Request",
    "sampleCount" : 20,
    "errorCount" : 0,
    "errorPct" : 0.0,
    "meanResTime" : 734.3,
    "medianResTime" : 541.0,
    "minResTime" : 207.0,
    "maxResTime" : 2203.0,
    "pct1ResTime" : 1590.7,
    "pct2ResTime" : 2172.7,
    "pct3ResTime" : 2203.0,
    "throughput" : 1.3568521031207597,
    "receivedKBytesPerSec" : 422.18075549101087,
    "sentKBytesPerSec" : 0.5681818181818181
  }
}