{
  "Total" : {
    "transaction" : "Total",
    "sampleCount" : 20,
    "errorCount" : 0,
    "errorPct" : 0.0,
    "meanResTime" : 609.8499999999999,
    "medianResTime" : 381.0,
    "minResTime" : 195.0,
    "maxResTime" : 2275.0,
    "pct1ResTime" : 1320.7000000000005,
    "pct2ResTime" : 2228.2999999999993,
    "pct3ResTime" : 2275.0,
    "throughput" : 1.6318537859007831,
    "receivedKBytesPerSec" : 507.747480825718,
    "sentKBytesPerSec" : 0.683338772845953
  },
  "HTTP Request" : {
    "transaction" : "HTTP Request",
    "sampleCount" : 20,
    "errorCount" : 0,
    "errorPct" : 0.0,
    "meanResTime" : 609.8499999999999,
    "medianResTime" : 381.0,
    "minResTime" : 195.0,
    "maxResTime" : 2275.0,
    "pct1ResTime" : 1320.7000000000005,
    "pct2ResTime" : 2228.2999999999993,
    "pct3ResTime" : 2275.0,
    "throughput" : 1.6318537859007831,
    "receivedKBytesPerSec" : 507.747480825718,
    "sentKBytesPerSec" : 0.683338772845953
  }
}