{
  "qgis218-stock": {
    "somap218_grundplanav_farbig_ohne_labels": {
      "av_f_big.txt": {
        "transaction": "Total",
        "sampleCount": 735,
        "errorCount": 0,
        "errorPct": 0.0,
        "meanResTime": 520.8353741496596,
        "medianResTime": 467.0,
        "minResTime": 173.0,
        "maxResTime": 2794.0,
        "pct1ResTime": 745.3999999999999,
        "pct2ResTime": 936.9999999999986,
        "pct3ResTime": 1575.9199999999996,
        "throughput": 18.885377322130577,
        "receivedKBytesPerSec": 3062.3192108529897,
        "sentKBytesPerSec": 8.536409353400654,
        "dashboard": "results/details/compare-av-ohnelabel/20201009-101440/qgis218-stock/somap218_grundplanav_farbig_ohne_labels/av_f_big.txt/dashboard/index.html"
      }
    }
  },
  "qgis310-stock": {
    "somap310_grundplanav_farbig_ohne_labels": {
      "av_f_big.txt": {
        "transaction": "Total",
        "sampleCount": 735,
        "errorCount": 0,
        "errorPct": 0.0,
        "meanResTime": 825.8857142857147,
        "medianResTime": 844.0,
        "minResTime": 131.0,
        "maxResTime": 3083.0,
        "pct1ResTime": 1231.1999999999998,
        "pct2ResTime": 1348.1999999999998,
        "pct3ResTime": 2220.96,
        "throughput": 11.957052220595413,
        "receivedKBytesPerSec": 1655.6464916829348,
        "sentKBytesPerSec": 5.404726136733366,
        "dashboard": "results/details/compare-av-ohnelabel/20201009-101440/qgis310-stock/somap310_grundplanav_farbig_ohne_labels/av_f_big.txt/dashboard/index.html"
      }
    }
  },
  "qgis314-stock": {
    "somap314_grundplanav_farbig_ohne_labels": {
      "av_f_big.txt": {
        "transaction": "Total",
        "sampleCount": 735,
        "errorCount": 0,
        "errorPct": 0.0,
        "meanResTime": 869.6312925170071,
        "medianResTime": 903.0,
        "minResTime": 127.0,
        "maxResTime": 2866.0,
        "pct1ResTime": 1292.1999999999998,
        "pct2ResTime": 1434.6,
        "pct3ResTime": 2134.159999999999,
        "throughput": 11.383171490963157,
        "receivedKBytesPerSec": 1576.1167619620096,
        "sentKBytesPerSec": 5.145325398023819,
        "dashboard": "results/details/compare-av-ohnelabel/20201009-101440/qgis314-stock/somap314_grundplanav_farbig_ohne_labels/av_f_big.txt/dashboard/index.html"
      }
    }
  }
}