{
  "Total" : {
    "transaction" : "Total",
    "sampleCount" : 5190,
    "errorCount" : 0,
    "errorPct" : 0.0,
    "meanResTime" : 1038.2263969171522,
    "medianResTime" : 868.5,
    "minResTime" : 194.0,
    "maxResTime" : 9622.0,
    "pct1ResTime" : 1896.800000000001,
    "pct2ResTime" : 2346.0,
    "pct3ResTime" : 3339.9900000000016,
    "throughput" : 9.58482384423461,
    "receivedKBytesPerSec" : 2594.0264823898483,
    "sentKBytesPerSec" : 4.174459722501806
  },
  "HTTP Request" : {
    "transaction" : "HTTP Request",
    "sampleCount" : 5190,
    "errorCount" : 0,
    "errorPct" : 0.0,
    "meanResTime" : 1038.2263969171522,
    "medianResTime" : 868.5,
    "minResTime" : 194.0,
    "maxResTime" : 9622.0,
    "pct1ResTime" : 1896.800000000001,
    "pct2ResTime" : 2346.0,
    "pct3ResTime" : 3339.9900000000016,
    "throughput" : 9.58482384423461,
    "receivedKBytesPerSec" : 2594.0264823898483,
    "sentKBytesPerSec" : 4.174459722501806
  }
}