{
  "Total" : {
    "transaction" : "Total",
    "sampleCount" : 22,
    "errorCount" : 0,
    "errorPct" : 0.0,
    "meanResTime" : 708.7272727272725,
    "medianResTime" : 612.0,
    "minResTime" : 191.0,
    "maxResTime" : 2794.0,
    "pct1ResTime" : 821.9,
    "pct2ResTime" : 2499.399999999996,
    "pct3ResTime" : 2794.0,
    "throughput" : 1.4064697609001406,
    "receivedKBytesPerSec" : 183.39147008055235,
    "sentKBytesPerSec" : 0.5993479094744918
  },
  "HTTP Request" : {
    "transaction" : "HTTP Request",
    "sampleCount" : 22,
    "errorCount" : 0,
    "errorPct" : 0.0,
    "meanResTime" : 708.7272727272725,
    "medianResTime" : 612.0,
    "minResTime" : 191.0,
    "maxResTime" : 2794.0,
    "pct1ResTime" : 821.9,
    "pct2ResTime" : 2499.399999999996,
    "pct3ResTime" : 2794.0,
    "throughput" : 1.4064697609001406,
    "receivedKBytesPerSec" : 183.39147008055235,
    "sentKBytesPerSec" : 0.5993479094744918
  }
}