{
  "Total" : {
    "transaction" : "Total",
    "sampleCount" : 5262,
    "errorCount" : 0,
    "errorPct" : 0.0,
    "meanResTime" : 268.8150893196521,
    "medianResTime" : 142.0,
    "minResTime" : 5.0,
    "maxResTime" : 3831.0,
    "pct1ResTime" : 710.0,
    "pct2ResTime" : 1013.5499999999984,
    "pct3ResTime" : 1795.5899999999992,
    "throughput" : 36.87766315317335,
    "receivedKBytesPerSec" : 1877.4722591861266,
    "sentKBytesPerSec" : 18.680515190923554
  },
  "HTTP Request" : {
    "transaction" : "HTTP Request",
    "sampleCount" : 5262,
    "errorCount" : 0,
    "errorPct" : 0.0,
    "meanResTime" : 268.8150893196521,
    "medianResTime" : 142.0,
    "minResTime" : 5.0,
    "maxResTime" : 3831.0,
    "pct1ResTime" : 710.0,
    "pct2ResTime" : 1013.5499999999984,
    "pct3ResTime" : 1795.5899999999992,
    "throughput" : 36.87766315317335,
    "receivedKBytesPerSec" : 1877.4722591861266,
    "sentKBytesPerSec" : 18.680515190923554
  }
}