{
  "Total" : {
    "transaction" : "Total",
    "sampleCount" : 735,
    "errorCount" : 0,
    "errorPct" : 0.0,
    "meanResTime" : 814.7687074829928,
    "medianResTime" : 738.0,
    "minResTime" : 6.0,
    "maxResTime" : 4834.0,
    "pct1ResTime" : 1489.4,
    "pct2ResTime" : 1752.199999999999,
    "pct3ResTime" : 2973.119999999999,
    "throughput" : 12.098367131946274,
    "receivedKBytesPerSec" : 1770.3290150169953,
    "sentKBytesPerSec" : 5.32682437409468
  },
  "HTTP Request" : {
    "transaction" : "HTTP Request",
    "sampleCount" : 735,
    "errorCount" : 0,
    "errorPct" : 0.0,
    "meanResTime" : 814.7687074829928,
    "medianResTime" : 738.0,
    "minResTime" : 6.0,
    "maxResTime" : 4834.0,
    "pct1ResTime" : 1489.4,
    "pct2ResTime" : 1752.199999999999,
    "pct3ResTime" : 2973.119999999999,
    "throughput" : 12.098367131946274,
    "receivedKBytesPerSec" : 1770.3290150169953,
    "sentKBytesPerSec" : 5.32682437409468
  }
}