{
  "Total" : {
    "transaction" : "Total",
    "sampleCount" : 5190,
    "errorCount" : 0,
    "errorPct" : 0.0,
    "meanResTime" : 5803.309055876688,
    "medianResTime" : 5692.0,
    "minResTime" : 2141.0,
    "maxResTime" : 22419.0,
    "pct1ResTime" : 8273.800000000001,
    "pct2ResTime" : 9452.349999999999,
    "pct3ResTime" : 12861.720000000001,
    "throughput" : 2.0646518475849343,
    "receivedKBytesPerSec" : 558.7708294349686,
    "sentKBytesPerSec" : 0.899213811208076
  },
  "HTTP Request" : {
    "transaction" : "HTTP Request",
    "sampleCount" : 5190,
    "errorCount" : 0,
    "errorPct" : 0.0,
    "meanResTime" : 5803.309055876688,
    "medianResTime" : 5692.0,
    "minResTime" : 2141.0,
    "maxResTime" : 22419.0,
    "pct1ResTime" : 8273.800000000001,
    "pct2ResTime" : 9452.349999999999,
    "pct3ResTime" : 12861.720000000001,
    "throughput" : 2.0646518475849343,
    "receivedKBytesPerSec" : 558.7708294349686,
    "sentKBytesPerSec" : 0.899213811208076
  }
}