{
  "Total" : {
    "transaction" : "Total",
    "sampleCount" : 30,
    "errorCount" : 0,
    "errorPct" : 0.0,
    "meanResTime" : 328.4000000000001,
    "medianResTime" : 347.5,
    "minResTime" : 183.0,
    "maxResTime" : 454.0,
    "pct1ResTime" : 391.9,
    "pct2ResTime" : 437.5,
    "pct3ResTime" : 454.0,
    "throughput" : 19.85440105890139,
    "receivedKBytesPerSec" : 538.1512140138981,
    "sentKBytesPerSec" : 8.099458140304435
  },
  "HTTP Request" : {
    "transaction" : "HTTP Request",
    "sampleCount" : 30,
    "errorCount" : 0,
    "errorPct" : 0.0,
    "meanResTime" : 328.4000000000001,
    "medianResTime" : 347.5,
    "minResTime" : 183.0,
    "maxResTime" : 454.0,
    "pct1ResTime" : 391.9,
    "pct2ResTime" : 437.5,
    "pct3ResTime" : 454.0,
    "throughput" : 19.85440105890139,
    "receivedKBytesPerSec" : 538.1512140138981,
    "sentKBytesPerSec" : 8.099458140304435
  }
}