{
  "Total" : {
    "transaction" : "Total",
    "sampleCount" : 22,
    "errorCount" : 0,
    "errorPct" : 0.0,
    "meanResTime" : 1789.8636363636363,
    "medianResTime" : 1414.5,
    "minResTime" : 134.0,
    "maxResTime" : 2994.0,
    "pct1ResTime" : 2945.8,
    "pct2ResTime" : 2987.4,
    "pct3ResTime" : 2994.0,
    "throughput" : 4.672897196261682,
    "receivedKBytesPerSec" : 609.3098681765081,
    "sentKBytesPerSec" : 1.9912914188615123
  },
  "HTTP Request" : {
    "transaction" : "HTTP Request",
    "sampleCount" : 22,
    "errorCount" : 0,
    "errorPct" : 0.0,
    "meanResTime" : 1789.8636363636363,
    "medianResTime" : 1414.5,
    "minResTime" : 134.0,
    "maxResTime" : 2994.0,
    "pct1ResTime" : 2945.8,
    "pct2ResTime" : 2987.4,
    "pct3ResTime" : 2994.0,
    "throughput" : 4.672897196261682,
    "receivedKBytesPerSec" : 609.3098681765081,
    "sentKBytesPerSec" : 1.9912914188615123
  }
}