{
  "Total" : {
    "transaction" : "Total",
    "sampleCount" : 20,
    "errorCount" : 0,
    "errorPct" : 0.0,
    "meanResTime" : 1654.2999999999997,
    "medianResTime" : 1389.5,
    "minResTime" : 481.0,
    "maxResTime" : 3094.0,
    "pct1ResTime" : 2995.3000000000006,
    "pct2ResTime" : 3090.15,
    "pct3ResTime" : 3094.0,
    "throughput" : 4.682744088035589,
    "receivedKBytesPerSec" : 1457.02439051159,
    "sentKBytesPerSec" : 1.9608990868649028
  },
  "HTTP Request" : {
    "transaction" : "HTTP Request",
    "sampleCount" : 20,
    "errorCount" : 0,
    "errorPct" : 0.0,
    "meanResTime" : 1654.2999999999997,
    "medianResTime" : 1389.5,
    "minResTime" : 481.0,
    "maxResTime" : 3094.0,
    "pct1ResTime" : 2995.3000000000006,
    "pct2ResTime" : 3090.15,
    "pct3ResTime" : 3094.0,
    "throughput" : 4.682744088035589,
    "receivedKBytesPerSec" : 1457.02439051159,
    "sentKBytesPerSec" : 1.9608990868649028
  }
}