{
  "Total" : {
    "transaction" : "Total",
    "sampleCount" : 18,
    "errorCount" : 0,
    "errorPct" : 0.0,
    "meanResTime" : 2933.4444444444443,
    "medianResTime" : 2510.0,
    "minResTime" : 78.0,
    "maxResTime" : 6938.0,
    "pct1ResTime" : 6916.4,
    "pct2ResTime" : 6938.0,
    "pct3ResTime" : 6938.0,
    "throughput" : 2.549213992352358,
    "receivedKBytesPerSec" : 2170.0879777563378,
    "sentKBytesPerSec" : 0.9646683808950574
  },
  "HTTP Request" : {
    "transaction" : "HTTP Request",
    "sampleCount" : 18,
    "errorCount" : 0,
    "errorPct" : 0.0,
    "meanResTime" : 2933.4444444444443,
    "medianResTime" : 2510.0,
    "minResTime" : 78.0,
    "maxResTime" : 6938.0,
    "pct1ResTime" : 6916.4,
    "pct2ResTime" : 6938.0,
    "pct3ResTime" : 6938.0,
    "throughput" : 2.549213992352358,
    "receivedKBytesPerSec" : 2170.0879777563378,
    "sentKBytesPerSec" : 0.9646683808950574
  }
}