{
  "Total" : {
    "transaction" : "Total",
    "sampleCount" : 20,
    "errorCount" : 0,
    "errorPct" : 0.0,
    "meanResTime" : 1463.2,
    "medianResTime" : 1143.5,
    "minResTime" : 240.0,
    "maxResTime" : 2865.0,
    "pct1ResTime" : 2754.0,
    "pct2ResTime" : 2859.75,
    "pct3ResTime" : 2865.0,
    "throughput" : 5.138746145940391,
    "receivedKBytesPerSec" : 1597.412109375,
    "sentKBytesPerSec" : 2.1518499486125386
  },
  "HTTP Request" : {
    "transaction" : "HTTP Request",
    "sampleCount" : 20,
    "errorCount" : 0,
    "errorPct" : 0.0,
    "meanResTime" : 1463.2,
    "medianResTime" : 1143.5,
    "minResTime" : 240.0,
    "maxResTime" : 2865.0,
    "pct1ResTime" : 2754.0,
    "pct2ResTime" : 2859.75,
    "pct3ResTime" : 2865.0,
    "throughput" : 5.138746145940391,
    "receivedKBytesPerSec" : 1597.412109375,
    "sentKBytesPerSec" : 2.1518499486125386
  }
}