{
  "Total" : {
    "transaction" : "Total",
    "sampleCount" : 5272,
    "errorCount" : 0,
    "errorPct" : 0.0,
    "meanResTime" : 307.8463581183609,
    "medianResTime" : 174.5,
    "minResTime" : 27.0,
    "maxResTime" : 2713.0,
    "pct1ResTime" : 750.6999999999998,
    "pct2ResTime" : 977.3499999999995,
    "pct3ResTime" : 1608.539999999999,
    "throughput" : 32.1001485666967,
    "receivedKBytesPerSec" : 1531.1737116291497,
    "sentKBytesPerSec" : 16.26121409321038
  },
  "HTTP Request" : {
    "transaction" : "HTTP Request",
    "sampleCount" : 5272,
    "errorCount" : 0,
    "errorPct" : 0.0,
    "meanResTime" : 307.8463581183609,
    "medianResTime" : 174.5,
    "minResTime" : 27.0,
    "maxResTime" : 2713.0,
    "pct1ResTime" : 750.6999999999998,
    "pct2ResTime" : 977.3499999999995,
    "pct3ResTime" : 1608.539999999999,
    "throughput" : 32.1001485666967,
    "receivedKBytesPerSec" : 1531.1737116291497,
    "sentKBytesPerSec" : 16.26121409321038
  }
}