{
  "Total" : {
    "transaction" : "Total",
    "sampleCount" : 5190,
    "errorCount" : 0,
    "errorPct" : 0.0,
    "meanResTime" : 639.0913294797714,
    "medianResTime" : 357.0,
    "minResTime" : 19.0,
    "maxResTime" : 21261.0,
    "pct1ResTime" : 1088.9000000000005,
    "pct2ResTime" : 1755.3499999999995,
    "pct3ResTime" : 8150.990000000002,
    "throughput" : 15.542086412802606,
    "receivedKBytesPerSec" : 4148.447688732286,
    "sentKBytesPerSec" : 7.008403142331373
  },
  "HTTP Request" : {
    "transaction" : "HTTP Request",
    "sampleCount" : 5190,
    "errorCount" : 0,
    "errorPct" : 0.0,
    "meanResTime" : 639.0913294797714,
    "medianResTime" : 357.0,
    "minResTime" : 19.0,
    "maxResTime" : 21261.0,
    "pct1ResTime" : 1088.9000000000005,
    "pct2ResTime" : 1755.3499999999995,
    "pct3ResTime" : 8150.990000000002,
    "throughput" : 15.542086412802606,
    "receivedKBytesPerSec" : 4148.447688732286,
    "sentKBytesPerSec" : 7.008403142331373
  }
}