{
  "Total" : {
    "transaction" : "Total",
    "sampleCount" : 30,
    "errorCount" : 0,
    "errorPct" : 0.0,
    "meanResTime" : 1528.5666666666668,
    "medianResTime" : 1647.0,
    "minResTime" : 941.0,
    "maxResTime" : 1764.0,
    "pct1ResTime" : 1756.4,
    "pct2ResTime" : 1762.35,
    "pct3ResTime" : 1764.0,
    "throughput" : 8.726003490401396,
    "receivedKBytesPerSec" : 236.5258235165794,
    "sentKBytesPerSec" : 3.559709496800465
  },
  "HTTP Request" : {
    "transaction" : "HTTP Request",
    "sampleCount" : 30,
    "errorCount" : 0,
    "errorPct" : 0.0,
    "meanResTime" : 1528.5666666666668,
    "medianResTime" : 1647.0,
    "minResTime" : 941.0,
    "maxResTime" : 1764.0,
    "pct1ResTime" : 1756.4,
    "pct2ResTime" : 1762.35,
    "pct3ResTime" : 1764.0,
    "throughput" : 8.726003490401396,
    "receivedKBytesPerSec" : 236.5258235165794,
    "sentKBytesPerSec" : 3.559709496800465
  }
}