{
  "Total" : {
    "transaction" : "Total",
    "sampleCount" : 30,
    "errorCount" : 0,
    "errorPct" : 0.0,
    "meanResTime" : 90.06666666666668,
    "medianResTime" : 85.0,
    "minResTime" : 51.0,
    "maxResTime" : 277.0,
    "pct1ResTime" : 101.9,
    "pct2ResTime" : 183.4999999999999,
    "pct3ResTime" : 277.0,
    "throughput" : 10.877447425670777,
    "receivedKBytesPerSec" : 294.85318278643945,
    "sentKBytesPerSec" : 4.437375362581581
  },
  "HTTP Request" : {
    "transaction" : "HTTP Request",
    "sampleCount" : 30,
    "errorCount" : 0,
    "errorPct" : 0.0,
    "meanResTime" : 90.06666666666668,
    "medianResTime" : 85.0,
    "minResTime" : 51.0,
    "maxResTime" : 277.0,
    "pct1ResTime" : 101.9,
    "pct2ResTime" : 183.4999999999999,
    "pct3ResTime" : 277.0,
    "throughput" : 10.877447425670777,
    "receivedKBytesPerSec" : 294.85318278643945,
    "sentKBytesPerSec" : 4.437375362581581
  }
}