{
  "Total" : {
    "transaction" : "Total",
    "sampleCount" : 735,
    "errorCount" : 0,
    "errorPct" : 0.0,
    "meanResTime" : 700.3006802721092,
    "medianResTime" : 685.0,
    "minResTime" : 160.0,
    "maxResTime" : 3318.0,
    "pct1ResTime" : 1021.0,
    "pct2ResTime" : 1241.1999999999994,
    "pct3ResTime" : 2743.2799999999943,
    "throughput" : 1.425017885428562,
    "receivedKBytesPerSec" : 208.54805794054863,
    "sentKBytesPerSec" : 0.6274251659612666
  },
  "HTTP Request" : {
    "transaction" : "HTTP Request",
    "sampleCount" : 735,
    "errorCount" : 0,
    "errorPct" : 0.0,
    "meanResTime" : 700.3006802721092,
    "medianResTime" : 685.0,
    "minResTime" : 160.0,
    "maxResTime" : 3318.0,
    "pct1ResTime" : 1021.0,
    "pct2ResTime" : 1241.1999999999994,
    "pct3ResTime" : 2743.2799999999943,
    "throughput" : 1.425017885428562,
    "receivedKBytesPerSec" : 208.54805794054863,
    "sentKBytesPerSec" : 0.6274251659612666
  }
}