{
  "Total" : {
    "transaction" : "Total",
    "sampleCount" : 735,
    "errorCount" : 0,
    "errorPct" : 0.0,
    "meanResTime" : 5200.785034013597,
    "medianResTime" : 5319.0,
    "minResTime" : 307.0,
    "maxResTime" : 8894.0,
    "pct1ResTime" : 6534.799999999999,
    "pct2ResTime" : 7689.999999999999,
    "pct3ResTime" : 8278.16,
    "throughput" : 2.2897053600912143,
    "receivedKBytesPerSec" : 335.1839756839521,
    "sentKBytesPerSec" : 1.0081408663341662
  },
  "HTTP Request" : {
    "transaction" : "HTTP Request",
    "sampleCount" : 735,
    "errorCount" : 0,
    "errorPct" : 0.0,
    "meanResTime" : 5200.785034013597,
    "medianResTime" : 5319.0,
    "minResTime" : 307.0,
    "maxResTime" : 8894.0,
    "pct1ResTime" : 6534.799999999999,
    "pct2ResTime" : 7689.999999999999,
    "pct3ResTime" : 8278.16,
    "throughput" : 2.2897053600912143,
    "receivedKBytesPerSec" : 335.1839756839521,
    "sentKBytesPerSec" : 1.0081408663341662
  }
}