{
  "Total" : {
    "transaction" : "Total",
    "sampleCount" : 30,
    "errorCount" : 0,
    "errorPct" : 0.0,
    "meanResTime" : 15069.266666666666,
    "medianResTime" : 17410.5,
    "minResTime" : 2095.0,
    "maxResTime" : 18418.0,
    "pct1ResTime" : 18242.7,
    "pct2ResTime" : 18352.55,
    "pct3ResTime" : 18418.0,
    "throughput" : 0.5637508221366156,
    "receivedKBytesPerSec" : 15.281501045287982,
    "sentKBytesPerSec" : 0.23052857511979705
  },
  "HTTP Request" : {
    "transaction" : "HTTP Request",
    "sampleCount" : 30,
    "errorCount" : 0,
    "errorPct" : 0.0,
    "meanResTime" : 15069.266666666666,
    "medianResTime" : 17410.5,
    "minResTime" : 2095.0,
    "maxResTime" : 18418.0,
    "pct1ResTime" : 18242.7,
    "pct2ResTime" : 18352.55,
    "pct3ResTime" : 18418.0,
    "throughput" : 0.5637508221366156,
    "receivedKBytesPerSec" : 15.281501045287982,
    "sentKBytesPerSec" : 0.23052857511979705
  }
}