{
  "Total" : {
    "transaction" : "Total",
    "sampleCount" : 30,
    "errorCount" : 0,
    "errorPct" : 0.0,
    "meanResTime" : 13947.000000000002,
    "medianResTime" : 16410.5,
    "minResTime" : 1980.0,
    "maxResTime" : 16583.0,
    "pct1ResTime" : 16513.8,
    "pct2ResTime" : 16548.35,
    "pct3ResTime" : 16583.0,
    "throughput" : 0.6054001695120474,
    "receivedKBytesPerSec" : 16.410483071497758,
    "sentKBytesPerSec" : 0.24755979587924284
  },
  "HTTP Request" : {
    "transaction" : "HTTP Request",
    "sampleCount" : 30,
    "errorCount" : 0,
    "errorPct" : 0.0,
    "meanResTime" : 13947.000000000002,
    "medianResTime" : 16410.5,
    "minResTime" : 1980.0,
    "maxResTime" : 16583.0,
    "pct1ResTime" : 16513.8,
    "pct2ResTime" : 16548.35,
    "pct3ResTime" : 16583.0,
    "throughput" : 0.6054001695120474,
    "receivedKBytesPerSec" : 16.410483071497758,
    "sentKBytesPerSec" : 0.24755979587924284
  }
}