{
  "Total" : {
    "transaction" : "Total",
    "sampleCount" : 20,
    "errorCount" : 0,
    "errorPct" : 0.0,
    "meanResTime" : 4808.1,
    "medianResTime" : 4390.5,
    "minResTime" : 2435.0,
    "maxResTime" : 9235.0,
    "pct1ResTime" : 8566.000000000002,
    "pct2ResTime" : 9205.9,
    "pct3ResTime" : 9235.0,
    "throughput" : 2.0058168689198674,
    "receivedKBytesPerSec" : 624.1047279297462,
    "sentKBytesPerSec" : 0.8399358138601946
  },
  "HTTP Request" : {
    "transaction" : "HTTP Request",
    "sampleCount" : 20,
    "errorCount" : 0,
    "errorPct" : 0.0,
    "meanResTime" : 4808.1,
    "medianResTime" : 4390.5,
    "minResTime" : 2435.0,
    "maxResTime" : 9235.0,
    "pct1ResTime" : 8566.000000000002,
    "pct2ResTime" : 9205.9,
    "pct3ResTime" : 9235.0,
    "throughput" : 2.0058168689198674,
    "receivedKBytesPerSec" : 624.1047279297462,
    "sentKBytesPerSec" : 0.8399358138601946
  }
}