{
  "Total" : {
    "transaction" : "Total",
    "sampleCount" : 5191,
    "errorCount" : 1,
    "errorPct" : 0.019264111,
    "meanResTime" : 6541.699094586803,
    "medianResTime" : 6392.0,
    "minResTime" : 2289.0,
    "maxResTime" : 17955.0,
    "pct1ResTime" : 9255.2,
    "pct2ResTime" : 10331.999999999996,
    "pct3ResTime" : 13261.08,
    "throughput" : 6.080170165116853,
    "receivedKBytesPerSec" : 1645.2444379429676,
    "sentKBytesPerSec" : 2.648035545964962
  },
  "HTTP Request" : {
    "transaction" : "HTTP Request",
    "sampleCount" : 5191,
    "errorCount" : 1,
    "errorPct" : 0.019264111,
    "meanResTime" : 6541.699094586803,
    "medianResTime" : 6392.0,
    "minResTime" : 2289.0,
    "maxResTime" : 17955.0,
    "pct1ResTime" : 9255.2,
    "pct2ResTime" : 10331.999999999996,
    "pct3ResTime" : 13261.08,
    "throughput" : 6.080170165116853,
    "receivedKBytesPerSec" : 1645.2444379429676,
    "sentKBytesPerSec" : 2.648035545964962
  }
}