{
  "Total" : {
    "transaction" : "Total",
    "sampleCount" : 735,
    "errorCount" : 0,
    "errorPct" : 0.0,
    "meanResTime" : 836.2612244897953,
    "medianResTime" : 748.0,
    "minResTime" : 182.0,
    "maxResTime" : 3398.0,
    "pct1ResTime" : 1311.1999999999998,
    "pct2ResTime" : 1596.999999999999,
    "pct3ResTime" : 2962.7599999999984,
    "throughput" : 11.803436646860446,
    "receivedKBytesPerSec" : 1727.398294473663,
    "sentKBytesPerSec" : 5.196968594427493
  },
  "HTTP Request" : {
    "transaction" : "HTTP Request",
    "sampleCount" : 735,
    "errorCount" : 0,
    "errorPct" : 0.0,
    "meanResTime" : 836.2612244897953,
    "medianResTime" : 748.0,
    "minResTime" : 182.0,
    "maxResTime" : 3398.0,
    "pct1ResTime" : 1311.1999999999998,
    "pct2ResTime" : 1596.999999999999,
    "pct3ResTime" : 2962.7599999999984,
    "throughput" : 11.803436646860446,
    "receivedKBytesPerSec" : 1727.398294473663,
    "sentKBytesPerSec" : 5.196968594427493
  }
}