{
  "qgis310-bigfile": {
    "somap310_fix": {
      "lk.txt": {
        "transaction": "Total",
        "sampleCount": 30,
        "errorCount": 0,
        "errorPct": 0.0,
        "meanResTime": 13828.866666666667,
        "medianResTime": 16193.5,
        "minResTime": 1947.0,
        "maxResTime": 16532.0,
        "pct1ResTime": 16422.5,
        "pct2ResTime": 16500.1,
        "pct3ResTime": 16532.0,
        "throughput": 0.6085933379315941,
        "receivedKBytesPerSec": 16.496445434535644,
        "sentKBytesPerSec": 0.2488655439810119,
        "memMaxMB": 2846.0,
        "memAvgMB": 2823.2,
        "memMinMB": 2813.4,
        "cpuMax%": 40.3,
        "cpuAvg%": 13.7,
        "cpuMin%": 12.6,
        "dashboard": "results/details/compare-filesize/20201012-031656/qgis310-bigfile/somap310_fix/lk.txt/dashboard/index.html"
      },
      "av_f_big.txt": {
        "transaction": "Total",
        "sampleCount": 735,
        "errorCount": 0,
        "errorPct": 0.0,
        "meanResTime": 26244.80952380954,
        "medianResTime": 27144.0,
        "minResTime": 3161.0,
        "maxResTime": 44762.0,
        "pct1ResTime": 30070.8,
        "pct2ResTime": 32272.799999999996,
        "pct3ResTime": 43279.079999999994,
        "throughput": 0.3793851895248394,
        "receivedKBytesPerSec": 70.26998752642147,
        "sentKBytesPerSec": 0.1614831807512343,
        "memMaxMB": 6365.3,
        "memAvgMB": 4245.0,
        "memMinMB": 2822.7,
        "cpuMax%": 29.6,
        "cpuAvg%": 14.0,
        "cpuMin%": 12.3,
        "dashboard": "results/details/compare-filesize/20201012-031656/qgis310-bigfile/somap310_fix/av_f_big.txt/dashboard/index.html"
      },
      "av_sw.txt": {
        "transaction": "Total",
        "sampleCount": 20,
        "errorCount": 0,
        "errorPct": 0.0,
        "meanResTime": 18806.450000000004,
        "medianResTime": 19926.5,
        "minResTime": 2481.0,
        "maxResTime": 26799.0,
        "pct1ResTime": 26752.4,
        "pct2ResTime": 26797.1,
        "pct3ResTime": 26799.0,
        "throughput": 0.4071412576593449,
        "receivedKBytesPerSec": 198.2779117597663,
        "sentKBytesPerSec": 0.1661168139160882,
        "memMaxMB": 5627.7,
        "memAvgMB": 4029.2,
        "memMinMB": 3821.8,
        "cpuMax%": 39.6,
        "cpuAvg%": 14.7,
        "cpuMin%": 12.5,
        "dashboard": "results/details/compare-filesize/20201012-031656/qgis310-bigfile/somap310_fix/av_sw.txt/dashboard/index.html"
      }
    }
  },
  "qgis310-bigfile-bigcache": {
    "somap310_fix": {
      "lk.txt": {
        "transaction": "Total",
        "sampleCount": 30,
        "errorCount": 0,
        "errorPct": 0.0,
        "meanResTime": 13750.2,
        "medianResTime": 16109.5,
        "minResTime": 1902.0,
        "maxResTime": 16381.0,
        "pct1ResTime": 16353.8,
        "pct2ResTime": 16370.55,
        "pct3ResTime": 16381.0,
        "throughput": 0.614993542567803,
        "receivedKBytesPerSec": 16.669928481375948,
        "sentKBytesPerSec": 0.2514827109940346,
        "memMaxMB": 2859.2,
        "memAvgMB": 2832.9,
        "memMinMB": 2818.5,
        "cpuMax%": 35.2,
        "cpuAvg%": 13.9,
        "cpuMin%": 12.5,
        "dashboard": "results/details/compare-filesize/20201012-031656/qgis310-bigfile-bigcache/somap310_fix/lk.txt/dashboard/index.html"
      },
      "av_f_big.txt": {
        "transaction": "Total",
        "sampleCount": 735,
        "errorCount": 0,
        "errorPct": 0.0,
        "meanResTime": 26072.91836734694,
        "medianResTime": 27079.0,
        "minResTime": 3136.0,
        "maxResTime": 44416.0,
        "pct1ResTime": 30298.2,
        "pct2ResTime": 31736.999999999985,
        "pct3ResTime": 42549.83999999999,
        "throughput": 0.38190984017982493,
        "receivedKBytesPerSec": 70.73857780656319,
        "sentKBytesPerSec": 0.16255778416040628,
        "memMaxMB": 6550.6,
        "memAvgMB": 4249.8,
        "memMinMB": 2842.4,
        "cpuMax%": 38.1,
        "cpuAvg%": 13.9,
        "cpuMin%": 12.3,
        "dashboard": "results/details/compare-filesize/20201012-031656/qgis310-bigfile-bigcache/somap310_fix/av_f_big.txt/dashboard/index.html"
      },
      "av_sw.txt": {
        "transaction": "Total",
        "sampleCount": 20,
        "errorCount": 0,
        "errorPct": 0.0,
        "meanResTime": 19066.749999999996,
        "medianResTime": 19992.5,
        "minResTime": 4508.0,
        "maxResTime": 27398.0,
        "pct1ResTime": 27189.8,
        "pct2ResTime": 27387.85,
        "pct3ResTime": 27398.0,
        "throughput": 0.4023740066391711,
        "receivedKBytesPerSec": 195.95608229177145,
        "sentKBytesPerSec": 0.1641717382557087,
        "memMaxMB": 5859.0,
        "memAvgMB": 4051.9,
        "memMinMB": 3854.4,
        "cpuMax%": 37.7,
        "cpuAvg%": 14.6,
        "cpuMin%": 12.5,
        "dashboard": "results/details/compare-filesize/20201012-031656/qgis310-bigfile-bigcache/somap310_fix/av_sw.txt/dashboard/index.html"
      }
    }
  },
  "qgis310-bigfile-hugecache": {
    "somap310_fix": {
      "lk.txt": {
        "transaction": "Total",
        "sampleCount": 30,
        "errorCount": 0,
        "errorPct": 0.0,
        "meanResTime": 13726.333333333334,
        "medianResTime": 16084.5,
        "minResTime": 1906.0,
        "maxResTime": 16655.0,
        "pct1ResTime": 16573.6,
        "pct2ResTime": 16642.9,
        "pct3ResTime": 16655.0,
        "throughput": 0.6162441970338113,
        "receivedKBytesPerSec": 16.70382854545828,
        "sentKBytesPerSec": 0.2519941277063391,
        "memMaxMB": 2858.2,
        "memAvgMB": 2848.1,
        "memMinMB": 2823.1,
        "cpuMax%": 29.6,
        "cpuAvg%": 13.8,
        "cpuMin%": 12.5,
        "dashboard": "results/details/compare-filesize/20201012-031656/qgis310-bigfile-hugecache/somap310_fix/lk.txt/dashboard/index.html"
      },
      "av_f_big.txt": {
        "transaction": "Total",
        "sampleCount": 735,
        "errorCount": 0,
        "errorPct": 0.0,
        "meanResTime": 26044.25442176871,
        "medianResTime": 26971.0,
        "minResTime": 3082.0,
        "maxResTime": 45270.0,
        "pct1ResTime": 30017.0,
        "pct2ResTime": 31650.599999999962,
        "pct3ResTime": 42671.84,
        "throughput": 0.38228069180842694,
        "receivedKBytesPerSec": 70.80650728286976,
        "sentKBytesPerSec": 0.16271563507875242,
        "memMaxMB": 6350.8,
        "memAvgMB": 4289.6,
        "memMinMB": 2855.7,
        "cpuMax%": 27.9,
        "cpuAvg%": 13.9,
        "cpuMin%": 12.4,
        "dashboard": "results/details/compare-filesize/20201012-031656/qgis310-bigfile-hugecache/somap310_fix/av_f_big.txt/dashboard/index.html"
      },
      "av_sw.txt": {
        "transaction": "Total",
        "sampleCount": 20,
        "errorCount": 0,
        "errorPct": 0.0,
        "meanResTime": 19063.4,
        "medianResTime": 20318.0,
        "minResTime": 4574.0,
        "maxResTime": 27076.0,
        "pct1ResTime": 26758.8,
        "pct2ResTime": 27060.45,
        "pct3ResTime": 27076.0,
        "throughput": 0.4035512510088781,
        "receivedKBytesPerSec": 196.5297745157385,
        "sentKBytesPerSec": 0.16465206315577077,
        "memMaxMB": 5794.0,
        "memAvgMB": 4092.9,
        "memMinMB": 3869.9,
        "cpuMax%": 36.8,
        "cpuAvg%": 14.5,
        "cpuMin%": 12.5,
        "dashboard": "results/details/compare-filesize/20201012-031656/qgis310-bigfile-hugecache/somap310_fix/av_sw.txt/dashboard/index.html"
      }
    }
  },
  "qgis310-bigfile-maxlayer2000": {
    "somap310_fix": {
      "lk.txt": {
        "transaction": "Total",
        "sampleCount": 30,
        "errorCount": 0,
        "errorPct": 0.0,
        "meanResTime": 13734.800000000001,
        "medianResTime": 16081.0,
        "minResTime": 1921.0,
        "maxResTime": 16273.0,
        "pct1ResTime": 16216.4,
        "pct2ResTime": 16254.3,
        "pct3ResTime": 16273.0,
        "throughput": 0.6161682550115017,