{
  "Total" : {
    "transaction" : "Total",
    "sampleCount" : 5272,
    "errorCount" : 0,
    "errorPct" : 0.0,
    "meanResTime" : 2520.4825493171425,
    "medianResTime" : 2044.5,
    "minResTime" : 41.0,
    "maxResTime" : 12418.0,
    "pct1ResTime" : 4956.7,
    "pct2ResTime" : 6016.049999999998,
    "pct3ResTime" : 7951.129999999991,
    "throughput" : 15.513365270306855,
    "receivedKBytesPerSec" : 739.9281007741602,
    "sentKBytesPerSec" : 7.858722318449193
  },
  "HTTP Request" : {
    "transaction" : "HTTP Request",
    "sampleCount" : 5272,
    "errorCount" : 0,
    "errorPct" : 0.0,
    "meanResTime" : 2520.4825493171425,
    "medianResTime" : 2044.5,
    "minResTime" : 41.0,
    "maxResTime" : 12418.0,
    "pct1ResTime" : 4956.7,
    "pct2ResTime" : 6016.049999999998,
    "pct3ResTime" : 7951.129999999991,
    "throughput" : 15.513365270306855,
    "receivedKBytesPerSec" : 739.9281007741602,
    "sentKBytesPerSec" : 7.858722318449193
  }
}