{
  "Total" : {
    "transaction" : "Total",
    "sampleCount" : 5190,
    "errorCount" : 0,
    "errorPct" : 0.0,
    "meanResTime" : 455.45876685934564,
    "medianResTime" : 239.0,
    "minResTime" : 17.0,
    "maxResTime" : 15196.0,
    "pct1ResTime" : 717.0,
    "pct2ResTime" : 1037.3499999999995,
    "pct3ResTime" : 4803.610000000033,
    "throughput" : 21.575107563758806,
    "receivedKBytesPerSec" : 5593.062925123672,
    "sentKBytesPerSec" : 9.728877296772048
  },
  "HTTP Request" : {
    "transaction" : "HTTP Request",
    "sampleCount" : 5190,
    "errorCount" : 0,
    "errorPct" : 0.0,
    "meanResTime" : 455.45876685934564,
    "medianResTime" : 239.0,
    "minResTime" : 17.0,
    "maxResTime" : 15196.0,
    "pct1ResTime" : 717.0,
    "pct2ResTime" : 1037.3499999999995,
    "pct3ResTime" : 4803.610000000033,
    "throughput" : 21.575107563758806,
    "receivedKBytesPerSec" : 5593.062925123672,
    "sentKBytesPerSec" : 9.728877296772048
  }
}