{
  "Total" : {
    "transaction" : "Total",
    "sampleCount" : 5262,
    "errorCount" : 0,
    "errorPct" : 0.0,
    "meanResTime" : 374.7928544279745,
    "medianResTime" : 206.0,
    "minResTime" : 35.0,
    "maxResTime" : 4015.0,
    "pct1ResTime" : 927.3999999999996,
    "pct2ResTime" : 1289.5499999999984,
    "pct3ResTime" : 2360.2199999999993,
    "throughput" : 26.4188456440535,
    "receivedKBytesPerSec" : 1247.1901127175213,
    "sentKBytesPerSec" : 13.74375807232046
  },
  "HTTP Request" : {
    "transaction" : "HTTP Request",
    "sampleCount" : 5262,
    "errorCount" : 0,
    "errorPct" : 0.0,
    "meanResTime" : 374.7928544279745,
    "medianResTime" : 206.0,
    "minResTime" : 35.0,
    "maxResTime" : 4015.0,
    "pct1ResTime" : 927.3999999999996,
    "pct2ResTime" : 1289.5499999999984,
    "pct3ResTime" : 2360.2199999999993,
    "throughput" : 26.4188456440535,
    "receivedKBytesPerSec" : 1247.1901127175213,
    "sentKBytesPerSec" : 13.74375807232046
  }
}