{
  "Total" : {
    "transaction" : "Total",
    "sampleCount" : 735,
    "errorCount" : 0,
    "errorPct" : 0.0,
    "meanResTime" : 26358.383673469387,
    "medianResTime" : 27275.0,
    "minResTime" : 3303.0,
    "maxResTime" : 45277.0,
    "pct1ResTime" : 30323.0,
    "pct2ResTime" : 32480.199999999986,
    "pct3ResTime" : 43122.27999999999,
    "throughput" : 0.37771006975045956,
    "receivedKBytesPerSec" : 69.96112234025948,
    "sentKBytesPerSec" : 0.16077017540264665
  },
  "HTTP Request" : {
    "transaction" : "HTTP Request",
    "sampleCount" : 735,
    "errorCount" : 0,
    "errorPct" : 0.0,
    "meanResTime" : 26358.383673469387,
    "medianResTime" : 27275.0,
    "minResTime" : 3303.0,
    "maxResTime" : 45277.0,
    "pct1ResTime" : 30323.0,
    "pct2ResTime" : 32480.199999999986,
    "pct3ResTime" : 43122.27999999999,
    "throughput" : 0.37771006975045956,
    "receivedKBytesPerSec" : 69.96112234025948,
    "sentKBytesPerSec" : 0.16077017540264665
  }
}