{
  "Total" : {
    "transaction" : "Total",
    "sampleCount" : 5262,
    "errorCount" : 0,
    "errorPct" : 0.0,
    "meanResTime" : 293.02793614595134,
    "medianResTime" : 134.0,
    "minResTime" : 7.0,
    "maxResTime" : 36180.0,
    "pct1ResTime" : 623.6999999999998,
    "pct2ResTime" : 892.8499999999995,
    "pct3ResTime" : 1770.7399999999998,
    "throughput" : 33.93787730251277,
    "receivedKBytesPerSec" : 1727.7209681135034,
    "sentKBytesPerSec" : 17.091928537856017
  },
  "HTTP Request" : {
    "transaction" : "HTTP Request",
    "sampleCount" : 5262,
    "errorCount" : 0,
    "errorPct" : 0.0,
    "meanResTime" : 293.02793614595134,
    "medianResTime" : 134.0,
    "minResTime" : 7.0,
    "maxResTime" : 36180.0,
    "pct1ResTime" : 623.6999999999998,
    "pct2ResTime" : 892.8499999999995,
    "pct3ResTime" : 1770.7399999999998,
    "throughput" : 33.93787730251277,
    "receivedKBytesPerSec" : 1727.7209681135034,
    "sentKBytesPerSec" : 17.091928537856017
  }
}