{
  "Total" : {
    "transaction" : "Total",
    "sampleCount" : 9,
    "errorCount" : 0,
    "errorPct" : 0.0,
    "meanResTime" : 249.11111111111111,
    "medianResTime" : 263.0,
    "minResTime" : 211.0,
    "maxResTime" : 285.0,
    "pct1ResTime" : 285.0,
    "pct2ResTime" : 285.0,
    "pct3ResTime" : 285.0,
    "throughput" : 12.78409090909091,
    "receivedKBytesPerSec" : 19817.703247070312,
    "sentKBytesPerSec" : 4.906394264914773
  },
  "HTTP Request" : {
    "transaction" : "HTTP Request",
    "sampleCount" : 9,
    "errorCount" : 0,
    "errorPct" : 0.0,
    "meanResTime" : 249.11111111111111,
    "medianResTime" : 263.0,
    "minResTime" : 211.0,
    "maxResTime" : 285.0,
    "pct1ResTime" : 285.0,
    "pct2ResTime" : 285.0,
    "pct3ResTime" : 285.0,
    "throughput" : 12.78409090909091,
    "receivedKBytesPerSec" : 19817.703247070312,
    "sentKBytesPerSec" : 4.906394264914773
  }
}