{
  "qgis218-stock": {
    "somap218_avbobe_farbig_categorized": {
      "bodenbedeckung_big.txt": {
        "transaction": "Total",
        "sampleCount": 5190,
        "errorCount": 0,
        "errorPct": 0.0,
        "meanResTime": 444.8579961464362,
        "medianResTime": 234.5,
        "minResTime": 17.0,
        "maxResTime": 13904.0,
        "pct1ResTime": 689.0,
        "pct2ResTime": 1016.7999999999993,
        "pct3ResTime": 5051.040000000008,
        "throughput": 22.066795637662363,
        "receivedKBytesPerSec": 5720.5267462570955,
        "sentKBytesPerSec": 9.950594519972789,
        "responseSizeMB": 1313.9,
        "memMaxMB": 7429.5,
        "memAvgMB": 6244.8,
        "memMinMB": 2491.4,
        "cpuMax%": 99.4,
        "cpuAvg%": 94.6,
        "cpuMin%": 11.0,
        "dashboard": "results/details/compare-categorized/20201103-074854/qgis218-stock/somap218_avbobe_farbig_categorized/bodenbedeckung_big.txt/dashboard/index.html",
        "effective duration": 241.4
      }
    }
  },
  "qgis310-stock": {
    "somap310_avbobe_farbig_categorized": {
      "bodenbedeckung_big.txt": {
        "transaction": "Total",
        "sampleCount": 5190,
        "errorCount": 0,
        "errorPct": 0.0,
        "meanResTime": 639.0913294797714,
        "medianResTime": 357.0,
        "minResTime": 19.0,
        "maxResTime": 21261.0,
        "pct1ResTime": 1088.9000000000005,
        "pct2ResTime": 1755.3499999999995,
        "pct3ResTime": 8150.990000000002,
        "throughput": 15.542086412802606,
        "receivedKBytesPerSec": 4148.447688732286,
        "sentKBytesPerSec": 7.008403142331373,
        "responseSizeMB": 1352.8,
        "memMaxMB": 6660.0,
        "memAvgMB": 5661.0,
        "memMinMB": 2602.9,
        "cpuMax%": 85.6,
        "cpuAvg%": 74.2,
        "cpuMin%": 17.0,
        "dashboard": "results/details/compare-categorized/20201103-074854/qgis310-stock/somap310_avbobe_farbig_categorized/bodenbedeckung_big.txt/dashboard/index.html",
        "effective duration": 340.1
      }
    }
  },
  "qgis316-stock": {
    "somap316_avbobe_farbig_categorized": {
      "bodenbedeckung_big.txt": {
        "transaction": "Total",
        "sampleCount": 5190,
        "errorCount": 0,
        "errorPct": 0.0,
        "meanResTime": 643.8402697495162,
        "medianResTime": 340.0,
        "minResTime": 9.0,
        "maxResTime": 23004.0,
        "pct1ResTime": 1069.800000000001,
        "pct2ResTime": 1747.249999999999,
        "pct3ResTime": 8572.080000000002,
        "throughput": 15.395339869184106,
        "receivedKBytesPerSec": 4109.248452285385,
        "sentKBytesPerSec": 6.942230627901457,
        "responseSizeMB": 1352.8,
        "memMaxMB": 6678.7,
        "memAvgMB": 5675.7,
        "memMinMB": 2616.9,
        "cpuMax%": 84.1,
        "cpuAvg%": 73.9,
        "cpuMin%": 12.7,
        "dashboard": "results/details/compare-categorized/20201103-074854/qgis316-stock/somap316_avbobe_farbig_categorized/bodenbedeckung_big.txt/dashboard/index.html",
        "effective duration": 343.8
      }
    }
  }
}