{
  "Total" : {
    "transaction" : "Total",
    "sampleCount" : 18,
    "errorCount" : 0,
    "errorPct" : 0.0,
    "meanResTime" : 2923.777777777778,
    "medianResTime" : 2728.0,
    "minResTime" : 90.0,
    "maxResTime" : 6961.0,
    "pct1ResTime" : 6574.000000000001,
    "pct2ResTime" : 6961.0,
    "pct3ResTime" : 6961.0,
    "throughput" : 2.538787023977433,
    "receivedKBytesPerSec" : 2161.2117363804655,
    "sentKBytesPerSec" : 0.9607226287023978
  },
  "HTTP Request" : {
    "transaction" : "HTTP Request",
    "sampleCount" : 18,
    "errorCount" : 0,
    "errorPct" : 0.0,
    "meanResTime" : 2923.777777777778,
    "medianResTime" : 2728.0,
    "minResTime" : 90.0,
    "maxResTime" : 6961.0,
    "pct1ResTime" : 6574.000000000001,
    "pct2ResTime" : 6961.0,
    "pct3ResTime" : 6961.0,
    "throughput" : 2.538787023977433,
    "receivedKBytesPerSec" : 2161.2117363804655,
    "sentKBytesPerSec" : 0.9607226287023978
  }
}