{
  "Total" : {
    "transaction" : "Total",
    "sampleCount" : 22,
    "errorCount" : 0,
    "errorPct" : 0.0,
    "meanResTime" : 2211.3636363636365,
    "medianResTime" : 2112.0,
    "minResTime" : 648.0,
    "maxResTime" : 3688.0,
    "pct1ResTime" : 3314.2,
    "pct2ResTime" : 3632.649999999999,
    "pct3ResTime" : 3688.0,
    "throughput" : 3.5279025016035916,
    "receivedKBytesPerSec" : 459.98724643200774,
    "sentKBytesPerSec" : 1.5033675432969853
  },
  "HTTP Request" : {
    "transaction" : "HTTP Request",
    "sampleCount" : 22,
    "errorCount" : 0,
    "errorPct" : 0.0,
    "meanResTime" : 2211.3636363636365,
    "medianResTime" : 2112.0,
    "minResTime" : 648.0,
    "maxResTime" : 3688.0,
    "pct1ResTime" : 3314.2,
    "pct2ResTime" : 3632.649999999999,
    "pct3ResTime" : 3688.0,
    "throughput" : 3.5279025016035916,
    "receivedKBytesPerSec" : 459.98724643200774,
    "sentKBytesPerSec" : 1.5033675432969853
  }
}