{
  "Total" : {
    "transaction" : "Total",
    "sampleCount" : 22,
    "errorCount" : 0,
    "errorPct" : 0.0,
    "meanResTime" : 4122.0,
    "medianResTime" : 4165.5,
    "minResTime" : 2946.0,
    "maxResTime" : 5494.0,
    "pct1ResTime" : 5292.4,
    "pct2ResTime" : 5486.8,
    "pct3ResTime" : 5494.0,
    "throughput" : 2.0353409196040335,
    "receivedKBytesPerSec" : 265.3928077874919,
    "sentKBytesPerSec" : 0.8673327782403553
  },
  "HTTP Request" : {
    "transaction" : "HTTP Request",
    "sampleCount" : 22,
    "errorCount" : 0,
    "errorPct" : 0.0,
    "meanResTime" : 4122.0,
    "medianResTime" : 4165.5,
    "minResTime" : 2946.0,
    "maxResTime" : 5494.0,
    "pct1ResTime" : 5292.4,
    "pct2ResTime" : 5486.8,
    "pct3ResTime" : 5494.0,
    "throughput" : 2.0353409196040335,
    "receivedKBytesPerSec" : 265.3928077874919,
    "sentKBytesPerSec" : 0.8673327782403553
  }
}