{
  "Total" : {
    "transaction" : "Total",
    "sampleCount" : 30,
    "errorCount" : 0,
    "errorPct" : 0.0,
    "meanResTime" : 521.3666666666667,
    "medianResTime" : 549.0,
    "minResTime" : 239.0,
    "maxResTime" : 702.0,
    "pct1ResTime" : 696.4,
    "pct2ResTime" : 699.25,
    "pct3ResTime" : 702.0,
    "throughput" : 13.679890560875513,
    "receivedKBytesPerSec" : 370.7686744756042,
    "sentKBytesPerSec" : 5.580611605107159
  },
  "HTTP Request" : {
    "transaction" : "HTTP Request",
    "sampleCount" : 30,
    "errorCount" : 0,
    "errorPct" : 0.0,
    "meanResTime" : 521.3666666666667,
    "medianResTime" : 549.0,
    "minResTime" : 239.0,
    "maxResTime" : 702.0,
    "pct1ResTime" : 696.4,
    "pct2ResTime" : 699.25,
    "pct3ResTime" : 702.0,
    "throughput" : 13.679890560875513,
    "receivedKBytesPerSec" : 370.7686744756042,
    "sentKBytesPerSec" : 5.580611605107159
  }
}