{
  "qgis218-stock": {
    "somap218_grundplanav_farbig_ohne_labels": {
      "av_f_big.txt": {
        "transaction": "Total",
        "sampleCount": 735,
        "errorCount": 0,
        "errorPct": 0.0,
        "meanResTime": 518.4258503401361,
        "medianResTime": 462.0,
        "minResTime": 179.0,
        "maxResTime": 2911.0,
        "pct1ResTime": 728.9999999999998,
        "pct2ResTime": 949.3999999999999,
        "pct3ResTime": 1564.9199999999996,
        "throughput": 18.978026801621525,
        "receivedKBytesPerSec": 3077.3425699249915,
        "sentKBytesPerSec": 8.578287991556715,
        "memMaxMB": 3903.0,
        "memAvgMB": 3505.6,
        "memMinMB": 2589.6,
        "cpuMax%": 98.7,
        "cpuAvg%": 94.0,
        "cpuMin%": 12.6,
        "dashboard": "results/details/compare-av-ohnelabel/20201013-234406/qgis218-stock/somap218_grundplanav_farbig_ohne_labels/av_f_big.txt/dashboard/index.html"
      }
    }
  },
  "qgis310-stock": {
    "somap310_grundplanav_farbig_ohne_labels": {
      "av_f_big.txt": {
        "transaction": "Total",
        "sampleCount": 735,
        "errorCount": 0,
        "errorPct": 0.0,
        "meanResTime": 799.6380952380949,
        "medianResTime": 791.0,
        "minResTime": 129.0,
        "maxResTime": 2798.0,
        "pct1ResTime": 1190.4,
        "pct2ResTime": 1372.9999999999995,
        "pct3ResTime": 2083.24,
        "throughput": 12.19289660091903,
        "receivedKBytesPerSec": 1688.3029452688243,
        "sentKBytesPerSec": 5.511330529105357,
        "memMaxMB": 4279.8,
        "memAvgMB": 3560.4,
        "memMinMB": 2785.4,
        "cpuMax%": 99.0,
        "cpuAvg%": 73.6,
        "cpuMin%": 16.9,
        "dashboard": "results/details/compare-av-ohnelabel/20201013-234406/qgis310-stock/somap310_grundplanav_farbig_ohne_labels/av_f_big.txt/dashboard/index.html"
      }
    }
  },
  "qgis314-stock": {
    "somap314_grundplanav_farbig_ohne_labels": {
      "av_f_big.txt": {
        "transaction": "Total",
        "sampleCount": 735,
        "errorCount": 0,
        "errorPct": 0.0,
        "meanResTime": 865.8707482993202,
        "medianResTime": 907.0,
        "minResTime": 128.0,
        "maxResTime": 2802.0,
        "pct1ResTime": 1284.4,
        "pct2ResTime": 1412.1999999999998,
        "pct3ResTime": 2066.4799999999996,
        "throughput": 11.376652323313623,
        "receivedKBytesPerSec": 1575.2141163843144,
        "sentKBytesPerSec": 5.142378658715909,
        "memMaxMB": 4199.1,
        "memAvgMB": 3547.6,
        "memMinMB": 2956.6,
        "cpuMax%": 93.5,
        "cpuAvg%": 72.5,
        "cpuMin%": 15.6,
        "dashboard": "results/details/compare-av-ohnelabel/20201013-234406/qgis314-stock/somap314_grundplanav_farbig_ohne_labels/av_f_big.txt/dashboard/index.html"
      }
    }
  }
}