{
  "Total" : {
    "transaction" : "Total",
    "sampleCount" : 22,
    "errorCount" : 0,
    "errorPct" : 0.0,
    "meanResTime" : 1993.090909090909,
    "medianResTime" : 1919.5,
    "minResTime" : 1685.0,
    "maxResTime" : 2521.0,
    "pct1ResTime" : 2423.0,
    "pct2ResTime" : 2509.45,
    "pct3ResTime" : 2521.0,
    "throughput" : 4.0300421322586555,
    "receivedKBytesPerSec" : 525.4825746473714,
    "sentKBytesPerSec" : 1.7173474995420408
  },
  "HTTP Request" : {
    "transaction" : "HTTP Request",
    "sampleCount" : 22,
    "errorCount" : 0,
    "errorPct" : 0.0,
    "meanResTime" : 1993.090909090909,
    "medianResTime" : 1919.5,
    "minResTime" : 1685.0,
    "maxResTime" : 2521.0,
    "pct1ResTime" : 2423.0,
    "pct2ResTime" : 2509.45,
    "pct3ResTime" : 2521.0,
    "throughput" : 4.0300421322586555,
    "receivedKBytesPerSec" : 525.4825746473714,
    "sentKBytesPerSec" : 1.7173474995420408
  }
}