{
  "Total" : {
    "transaction" : "Total",
    "sampleCount" : 198,
    "errorCount" : 0,
    "errorPct" : 0.0,
    "meanResTime" : 118.65656565656562,
    "medianResTime" : 118.5,
    "minResTime" : 28.0,
    "maxResTime" : 203.0,
    "pct1ResTime" : 156.1,
    "pct2ResTime" : 169.09999999999997,
    "pct3ResTime" : 203.0,
    "throughput" : 71.86932849364791,
    "receivedKBytesPerSec" : 59.16515426497278,
    "sentKBytesPerSec" : 34.77555013611615
  },
  "HTTP Request" : {
    "transaction" : "HTTP Request",
    "sampleCount" : 198,
    "errorCount" : 0,
    "errorPct" : 0.0,
    "meanResTime" : 118.65656565656562,
    "medianResTime" : 118.5,
    "minResTime" : 28.0,
    "maxResTime" : 203.0,
    "pct1ResTime" : 156.1,
    "pct2ResTime" : 169.09999999999997,
    "pct3ResTime" : 203.0,
    "throughput" : 71.86932849364791,
    "receivedKBytesPerSec" : 59.16515426497278,
    "sentKBytesPerSec" : 34.77555013611615
  }
}