{
  "Total" : {
    "transaction" : "Total",
    "sampleCount" : 22,
    "errorCount" : 0,
    "errorPct" : 0.0,
    "meanResTime" : 1493.2727272727273,
    "medianResTime" : 1178.0,
    "minResTime" : 450.0,
    "maxResTime" : 3145.0,
    "pct1ResTime" : 3025.8,
    "pct2ResTime" : 3128.2,
    "pct3ResTime" : 3145.0,
    "throughput" : 4.937163375224416,
    "receivedKBytesPerSec" : 643.7414090552064,
    "sentKBytesPerSec" : 2.1039048473967683
  },
  "HTTP Request" : {
    "transaction" : "HTTP Request",
    "sampleCount" : 22,
    "errorCount" : 0,
    "errorPct" : 0.0,
    "meanResTime" : 1493.2727272727273,
    "medianResTime" : 1178.0,
    "minResTime" : 450.0,
    "maxResTime" : 3145.0,
    "pct1ResTime" : 3025.8,
    "pct2ResTime" : 3128.2,
    "pct3ResTime" : 3145.0,
    "throughput" : 4.937163375224416,
    "receivedKBytesPerSec" : 643.7414090552064,
    "sentKBytesPerSec" : 2.1039048473967683
  }
}