{
  "Total" : {
    "transaction" : "Total",
    "sampleCount" : 30,
    "errorCount" : 0,
    "errorPct" : 0.0,
    "meanResTime" : 14448.76666666667,
    "medianResTime" : 16605.0,
    "minResTime" : 1919.0,
    "maxResTime" : 17778.0,
    "pct1ResTime" : 17646.8,
    "pct2ResTime" : 17723.55,
    "pct3ResTime" : 17778.0,
    "throughput" : 0.58679706601467,
    "receivedKBytesPerSec" : 15.905638753056234,
    "sentKBytesPerSec" : 0.23995262836185818
  },
  "HTTP Request" : {
    "transaction" : "HTTP Request",
    "sampleCount" : 30,
    "errorCount" : 0,
    "errorPct" : 0.0,
    "meanResTime" : 14448.76666666667,
    "medianResTime" : 16605.0,
    "minResTime" : 1919.0,
    "maxResTime" : 17778.0,
    "pct1ResTime" : 17646.8,
    "pct2ResTime" : 17723.55,
    "pct3ResTime" : 17778.0,
    "throughput" : 0.58679706601467,
    "receivedKBytesPerSec" : 15.905638753056234,
    "sentKBytesPerSec" : 0.23995262836185818
  }
}