{
  "Total" : {
    "transaction" : "Total",
    "sampleCount" : 20,
    "errorCount" : 0,
    "errorPct" : 0.0,
    "meanResTime" : 19510.95,
    "medianResTime" : 20660.0,
    "minResTime" : 4786.0,
    "maxResTime" : 27534.0,
    "pct1ResTime" : 27467.9,
    "pct2ResTime" : 27530.9,
    "pct3ResTime" : 27534.0,
    "throughput" : 0.39225684978523934,
    "receivedKBytesPerSec" : 191.0295646745739,
    "sentKBytesPerSec" : 0.1600438592190166
  },
  "HTTP Request" : {
    "transaction" : "HTTP Request",
    "sampleCount" : 20,
    "errorCount" : 0,
    "errorPct" : 0.0,
    "meanResTime" : 19510.95,
    "medianResTime" : 20660.0,
    "minResTime" : 4786.0,
    "maxResTime" : 27534.0,
    "pct1ResTime" : 27467.9,
    "pct2ResTime" : 27530.9,
    "pct3ResTime" : 27534.0,
    "throughput" : 0.39225684978523934,
    "receivedKBytesPerSec" : 191.0295646745739,
    "sentKBytesPerSec" : 0.1600438592190166
  }
}