{
  "Total" : {
    "transaction" : "Total",
    "sampleCount" : 149,
    "errorCount" : 149,
    "errorPct" : 100.0,
    "meanResTime" : 11.87919463087248,
    "medianResTime" : 5.0,
    "minResTime" : 2.0,
    "maxResTime" : 196.0,
    "pct1ResTime" : 8.0,
    "pct2ResTime" : 11.5,
    "pct3ResTime" : 196.0,
    "throughput" : 279.5497185741088,
    "receivedKBytesPerSec" : 129.36979655253282,
    "sentKBytesPerSec" : 135.08442776735458
  },
  "HTTP Request" : {
    "transaction" : "HTTP Request",
    "sampleCount" : 149,
    "errorCount" : 149,
    "errorPct" : 100.0,
    "meanResTime" : 11.87919463087248,
    "medianResTime" : 5.0,
    "minResTime" : 2.0,
    "maxResTime" : 196.0,
    "pct1ResTime" : 8.0,
    "pct2ResTime" : 11.5,
    "pct3ResTime" : 196.0,
    "throughput" : 279.5497185741088,
    "receivedKBytesPerSec" : 129.36979655253282,
    "sentKBytesPerSec" : 135.08442776735458
  }
}