{
  "qgis310-bigfile": {
    "somap310_fix": {
      "lk.txt": {
        "transaction": "Total",
        "sampleCount": 30,
        "errorCount": 0,
        "errorPct": 0.0,
        "meanResTime": 14148.266666666668,
        "medianResTime": 16696.0,
        "minResTime": 1879.0,
        "maxResTime": 16955.0,
        "pct1ResTime": 16874.8,
        "pct2ResTime": 16927.5,
        "pct3ResTime": 16955.0,
        "throughput": 0.5963384817222256,
        "receivedKBytesPerSec": 16.16484938726221,
        "sentKBytesPerSec": 0.24385429711570952,
        "memMaxMB": 4551.2,
        "memAvgMB": 4523.9,
        "memMinMB": 4510.2,
        "cpuMax%": 39.6,
        "cpuAvg%": 14.3,
        "cpuMin%": 12.5,
        "dashboard": "results/details/compare-filesize/20201030-050512/qgis310-bigfile/somap310_fix/lk.txt/dashboard/index.html",
        "effective duration": 55.4
      },
      "av_f_big.txt": {
        "transaction": "Total",
        "sampleCount": 735,
        "errorCount": 0,
        "errorPct": 0.0,
        "meanResTime": 26132.280272108845,
        "medianResTime": 27159.0,
        "minResTime": 3250.0,
        "maxResTime": 45476.0,
        "pct1ResTime": 29671.0,
        "pct2ResTime": 31971.399999999998,
        "pct3ResTime": 42903.27999999999,
        "throughput": 0.38098891244511945,
        "receivedKBytesPerSec": 70.56854880642912,
        "sentKBytesPerSec": 0.1621657964288121,
        "memMaxMB": 8358.6,
        "memAvgMB": 6101.6,
        "memMinMB": 4513.3,
        "cpuMax%": 34.0,
        "cpuAvg%": 14.3,
        "cpuMin%": 12.4,
        "dashboard": "results/details/compare-filesize/20201030-050512/qgis310-bigfile/somap310_fix/av_f_big.txt/dashboard/index.html",
        "effective duration": 1934.8
      },
      "av_sw.txt": {
        "transaction": "Total",
        "sampleCount": 20,
        "errorCount": 0,
        "errorPct": 0.0,
        "meanResTime": 18646.0,
        "medianResTime": 19700.5,
        "minResTime": 2476.0,
        "maxResTime": 26517.0,
        "pct1ResTime": 26443.9,
        "pct2ResTime": 26513.6,
        "pct3ResTime": 26517.0,
        "throughput": 0.40960943740143774,
        "receivedKBytesPerSec": 199.48051603108937,
        "sentKBytesPerSec": 0.1671238505335163,
        "memMaxMB": 7577.7,
        "memAvgMB": 5904.3,
        "memMinMB": 5690.7,
        "cpuMax%": 44.1,
        "cpuAvg%": 15.1,
        "cpuMin%": 12.6,
        "dashboard": "results/details/compare-filesize/20201030-050512/qgis310-bigfile/somap310_fix/av_sw.txt/dashboard/index.html",
        "effective duration": 53.9
      }
    }
  },
  "qgis310-bigfile-bigcache": {
    "somap310_fix": {
      "lk.txt": {
        "transaction": "Total",
        "sampleCount": 30,
        "errorCount": 0,
        "errorPct": 0.0,
        "meanResTime": 14139.399999999998,
        "medianResTime": 16567.0,
        "minResTime": 2005.0,
        "maxResTime": 17077.0,
        "pct1ResTime": 16972.1,
        "pct2ResTime": 17058.85,
        "pct3ResTime": 17077.0,
        "throughput": 0.5958291956305859,
        "receivedKBytesPerSec": 16.151044252730884,
        "sentKBytesPerSec": 0.2436460402184707,
        "memMaxMB": 4575.7,
        "memAvgMB": 4550.8,
        "memMinMB": 4490.6,
        "cpuMax%": 38.2,
        "cpuAvg%": 14.4,
        "cpuMin%": 12.5,
        "dashboard": "results/details/compare-filesize/20201030-050512/qgis310-bigfile-bigcache/somap310_fix/lk.txt/dashboard/index.html",
        "effective duration": 55.5
      },
      "av_f_big.txt": {
        "transaction": "Total",
        "sampleCount": 735,
        "errorCount": 0,
        "errorPct": 0.0,
        "meanResTime": 26179.72517006802,
        "medianResTime": 27263.0,
        "minResTime": 3126.0,
        "maxResTime": 45143.0,
        "pct1ResTime": 29864.2,
        "pct2ResTime": 32128.799999999985,
        "pct3ResTime": 43131.59999999999,
        "throughput": 0.38030348735710806,
        "receivedKBytesPerSec": 70.44166291645172,
        "sentKBytesPerSec": 0.16187404907958797,
        "memMaxMB": 8438.8,
        "memAvgMB": 6070.2,
        "memMinMB": 4563.3,
        "cpuMax%": 39.4,
        "cpuAvg%": 14.1,
        "cpuMin%": 12.4,
        "dashboard": "results/details/compare-filesize/20201030-050512/qgis310-bigfile-bigcache/somap310_fix/av_f_big.txt/dashboard/index.html",
        "effective duration": 1938.2
      },
      "av_sw.txt": {
        "transaction": "Total",
        "sampleCount": 20,
        "errorCount": 0,
        "errorPct": 0.0,
        "meanResTime": 18984.8,
        "medianResTime": 20181.5,
        "minResTime": 2624.0,
        "maxResTime": 26789.0,
        "pct1ResTime": 26487.2,
        "pct2ResTime": 26774.4,
        "pct3ResTime": 26789.0,
        "throughput": 0.4052602784138113,
        "receivedKBytesPerSec": 197.36221071381533,
        "sentKBytesPerSec": 0.1653493596887601,
        "memMaxMB": 7514.9,
        "memAvgMB": 5862.7,
        "memMinMB": 5669.9,
        "cpuMax%": 39.2,
        "cpuAvg%": 14.8,
        "cpuMin%": 12.5,
        "dashboard": "results/details/compare-filesize/20201030-050512/qgis310-bigfile-bigcache/somap310_fix/av_sw.txt/dashboard/index.html",
        "effective duration": 54.5
      }
    }
  },
  "qgis310-bigfile-hugecache": {
    "somap310_fix": {
      "lk.txt": {
        "transaction": "Total",
        "sampleCount": 30,
        "errorCount": 0,
        "errorPct": 0.0,
        "meanResTime": 14072.899999999998,
        "medianResTime": 16274.0,
        "minResTime": 1995.0,
        "maxResTime": 16937.0,
        "pct1ResTime": 16879.2,
        "pct2ResTime": 16928.75,
        "pct3ResTime": 16937.0,
        "throughput": 0.6010819475055099,
        "receivedKBytesPerSec": 16.293429736024844,
        "sentKBytesPerSec": 0.24579399168503308,
        "memMaxMB": 4516.4,
        "memAvgMB": 4487.1,
        "memMinMB": 4477.1,
        "cpuMax%": 37.5,
        "cpuAvg%": 14.2,
        "cpuMin%": 12.5,
        "dashboard": "results/details/compare-filesize/20201030-050512/qgis310-bigfile-hugecache/somap310_fix/lk.txt/dashboard/index.html",
        "effective duration": 55.1
      },
      "av_f_big.txt": {
        "transaction": "Total",
        "sampleCount": 735,
        "errorCount": 0,
        "errorPct": 0.0,
        "meanResTime": 26164.344217687074,
        "medianResTime": 27199.0,
        "minResTime": 3129.0,
        "maxResTime": 45280.0,
        "pct1ResTime": 29918.8,
        "pct2ResTime": 32086.59999999999,
        "pct3ResTime": 43426.11999999999,
        "throughput": 0.38049032001565447,
        "receivedKBytesPerSec": 70.4771369845715,
        "sentKBytesPerSec": 0.16195357335413346,
        "memMaxMB": 8154.8,
        "memAvgMB": 6065.4,
        "memMinMB": 4503.8,
        "cpuMax%": 34.8,
        "cpuAvg%": 14.3,
        "cpuMin%": 12.3,
        "dashboard": "results/details/compare-filesize/20201030-050512/qgis310-bigfile-hugecache/somap310_fix/av_f_big.txt/dashboard/index.html",
        "effective duration": 1937.1
      },
      "av_sw.txt": {
        "transaction": "Total",
        "sampleCount": 20,
        "errorCount": 0,
        "errorPct": 0.0,
        "meanResTime": 18809.250000000004,
        "medianResTime": 19885.0,
        "minResTime": 2527.0,
        "maxResTime": 26893.0,
        "pct1ResTime": 26700.8,
        "pct2ResTime": 26883.5,
        "pct3ResTime": 26893.0,
        "throughput": 0.4073900556087426,
        "receivedKBytesPerSec": 198.39943449167905,
        "sentKBytesPerSec": 0.1662183254231764,
        "memMaxMB": 7397.4,
        "memAvgMB": 5889.1,
        "memMinMB": 5720.5,
        "cpuMax%": 41.3,
        "cpuAvg%": 14.8,
        "cpuMin%": 12.5,
        "dashboard": "results/details/compare-filesize/20201030-050512/qgis310-bigfile-hugecache/somap310_fix/av_sw.txt/dashboard/index.html",
        "effective duration": 54.3
      }
    }
  },
  "qgis310-bigfile-maxlayer2000": {
    "somap310_fix": {
      "lk.txt": {
        "transaction": "Total",