{
  "Total" : {
    "transaction" : "Total",
    "sampleCount" : 5190,
    "errorCount" : 0,
    "errorPct" : 0.0,
    "meanResTime" : 716.5269749518318,
    "medianResTime" : 524.0,
    "minResTime" : 5.0,
    "maxResTime" : 8959.0,
    "pct1ResTime" : 1596.9000000000005,
    "pct2ResTime" : 2051.45,
    "pct3ResTime" : 3048.350000000002,
    "throughput" : 13.856627953544255,
    "receivedKBytesPerSec" : 3752.3355265902414,
    "sentKBytesPerSec" : 6.034950273661727
  },
  "HTTP Request" : {
    "transaction" : "HTTP Request",
    "sampleCount" : 5190,
    "errorCount" : 0,
    "errorPct" : 0.0,
    "meanResTime" : 716.5269749518318,
    "medianResTime" : 524.0,
    "minResTime" : 5.0,
    "maxResTime" : 8959.0,
    "pct1ResTime" : 1596.9000000000005,
    "pct2ResTime" : 2051.45,
    "pct3ResTime" : 3048.350000000002,
    "throughput" : 13.856627953544255,
    "receivedKBytesPerSec" : 3752.3355265902414,
    "sentKBytesPerSec" : 6.034950273661727
  }
}