{
  "Total" : {
    "transaction" : "Total",
    "sampleCount" : 18,
    "errorCount" : 0,
    "errorPct" : 0.0,
    "meanResTime" : 3081.666666666667,
    "medianResTime" : 219.0,
    "minResTime" : 81.0,
    "maxResTime" : 10973.0,
    "pct1ResTime" : 10876.7,
    "pct2ResTime" : 10973.0,
    "pct3ResTime" : 10973.0,
    "throughput" : 1.5926384710670676,
    "receivedKBytesPerSec" : 266.51740289329325,
    "sentKBytesPerSec" : 0.6050159816846576
  },
  "HTTP Request" : {
    "transaction" : "HTTP Request",
    "sampleCount" : 18,
    "errorCount" : 0,
    "errorPct" : 0.0,
    "meanResTime" : 3081.666666666667,
    "medianResTime" : 219.0,
    "minResTime" : 81.0,
    "maxResTime" : 10973.0,
    "pct1ResTime" : 10876.7,
    "pct2ResTime" : 10973.0,
    "pct3ResTime" : 10973.0,
    "throughput" : 1.5926384710670676,
    "receivedKBytesPerSec" : 266.51740289329325,
    "sentKBytesPerSec" : 0.6050159816846576
  }
}