{
  "qgis310-bigfile": {
    "somap310_fix": {
      "lk.txt": {
        "transaction": "Total",
        "sampleCount": 30,
        "errorCount": 0,
        "errorPct": 0.0,
        "meanResTime": 15164.699999999999,
        "medianResTime": 17717.5,
        "minResTime": 1988.0,
        "maxResTime": 18232.0,
        "pct1ResTime": 18121.8,
        "pct2ResTime": 18197.9,
        "pct3ResTime": 18232.0,
        "throughput": 0.5544261689151727,
        "receivedKBytesPerSec": 15.028739200240251,
        "sentKBytesPerSec": 0.22671554472371097,
        "responseSizeMB": 0.8,
        "memMaxMB": 3009.3,
        "memAvgMB": 2987.5,
        "memMinMB": 2936.5,
        "cpuMax%": 36.1,
        "cpuAvg%": 14.0,
        "cpuMin%": 12.5,
        "dashboard": "results/details/compare-bigfile-settings/20201111-064248/qgis310-bigfile/somap310_fix/lk.txt/dashboard/index.html",
        "tests duration": 59.4,
        "warmup duration": 71.4
      },
      "av_f.txt": {
        "transaction": "Total",
        "sampleCount": 22,
        "errorCount": 0,
        "errorPct": 0.0,
        "meanResTime": 23330.409090909085,
        "medianResTime": 26714.0,
        "minResTime": 3238.0,
        "maxResTime": 31041.0,
        "pct1ResTime": 30825.0,
        "pct2ResTime": 31016.7,
        "pct3ResTime": 31041.0,
        "throughput": 0.3533568904593639,
        "receivedKBytesPerSec": 46.233693633552846,
        "sentKBytesPerSec": 0.1454020940411179,
        "responseSizeMB": 2.8,
        "memMaxMB": 3802.1,
        "memAvgMB": 3216.4,
        "memMinMB": 2978.3,
        "cpuMax%": 40.9,
        "cpuAvg%": 15.0,
        "cpuMin%": 12.5,
        "dashboard": "results/details/compare-bigfile-settings/20201111-064248/qgis310-bigfile/somap310_fix/av_f.txt/dashboard/index.html",
        "tests duration": 67.4,
        "warmup duration": 0.1
      },
      "av_sw.txt": {
        "transaction": "Total",
        "sampleCount": 20,
        "errorCount": 0,
        "errorPct": 0.0,
        "meanResTime": 19711.750000000004,
        "medianResTime": 20866.0,
        "minResTime": 2660.0,
        "maxResTime": 28308.0,
        "pct1ResTime": 28133.2,
        "pct2ResTime": 28299.9,
        "pct3ResTime": 28308.0,
        "throughput": 0.38791264207300513,
        "receivedKBytesPerSec": 188.98314080137902,
        "sentKBytesPerSec": 0.1582713885333023,
        "responseSizeMB": 9.5,
        "memMaxMB": 4895.6,
        "memAvgMB": 3328.5,
        "memMinMB": 3074.6,
        "cpuMax%": 27.6,
        "cpuAvg%": 14.6,
        "cpuMin%": 12.5,
        "dashboard": "results/details/compare-bigfile-settings/20201111-064248/qgis310-bigfile/somap310_fix/av_sw.txt/dashboard/index.html",
        "tests duration": 56.5,
        "warmup duration": 0.1
      }
    }
  },
  "qgis310-bigfile-bigcache": {
    "somap310_fix": {
      "lk.txt": {
        "transaction": "Total",
        "sampleCount": 30,
        "errorCount": 0,
        "errorPct": 0.0,
        "meanResTime": 14942.633333333331,
        "medianResTime": 17483.0,
        "minResTime": 2370.0,
        "maxResTime": 17843.0,
        "pct1ResTime": 17725.7,
        "pct2ResTime": 17788.55,
        "pct3ResTime": 17843.0,
        "throughput": 0.5629045876723895,
        "receivedKBytesPerSec": 15.258562306501547,
        "sentKBytesPerSec": 0.23018253353973167,
        "responseSizeMB": 0.8,
        "memMaxMB": 3005.4,
        "memAvgMB": 2982.7,
        "memMinMB": 2961.2,
        "cpuMax%": 28.3,
        "cpuAvg%": 13.7,
        "cpuMin%": 12.5,
        "dashboard": "results/details/compare-bigfile-settings/20201111-064248/qgis310-bigfile-bigcache/somap310_fix/lk.txt/dashboard/index.html",
        "tests duration": 58.4,
        "warmup duration": 70.4
      },
      "av_f.txt": {
        "transaction": "Total",
        "sampleCount": 22,
        "errorCount": 0,
        "errorPct": 0.0,
        "meanResTime": 23517.136363636368,
        "medianResTime": 26985.5,
        "minResTime": 3402.0,
        "maxResTime": 31564.0,
        "pct1ResTime": 30972.7,
        "pct2ResTime": 31495.6,
        "pct3ResTime": 31564.0,
        "throughput": 0.35022366556823786,
        "receivedKBytesPerSec": 45.82373824959804,
        "sentKBytesPerSec": 0.1441128098285496,
        "responseSizeMB": 2.8,
        "memMaxMB": 3991.5,
        "memAvgMB": 3225.9,
        "memMinMB": 2979.5,
        "cpuMax%": 38.2,
        "cpuAvg%": 14.8,
        "cpuMin%": 12.4,
        "dashboard": "results/details/compare-bigfile-settings/20201111-064248/qgis310-bigfile-bigcache/somap310_fix/av_f.txt/dashboard/index.html",
        "tests duration": 68.0,
        "warmup duration": 0.1
      },
      "av_sw.txt": {
        "transaction": "Total",
        "sampleCount": 20,
        "errorCount": 0,
        "errorPct": 0.0,
        "meanResTime": 19644.099999999995,
        "medianResTime": 21009.0,
        "minResTime": 2601.0,
        "maxResTime": 28138.0,
        "pct1ResTime": 27758.0,
        "pct2ResTime": 28119.25,
        "pct3ResTime": 28138.0,
        "throughput": 0.3907318407377017,
        "receivedKBytesPerSec": 190.35589107617318,
        "sentKBytesPerSec": 0.15942164361348807,
        "responseSizeMB": 9.5,
        "memMaxMB": 4929.9,
        "memAvgMB": 3325.6,
        "memMinMB": 3076.1,
        "cpuMax%": 39.1,
        "cpuAvg%": 14.6,
        "cpuMin%": 12.5,
        "dashboard": "results/details/compare-bigfile-settings/20201111-064248/qgis310-bigfile-bigcache/somap310_fix/av_sw.txt/dashboard/index.html",
        "tests duration": 56.4,
        "warmup duration": 0.1
      }
    }
  },
  "qgis310-bigfile-hugecache": {
    "somap310_fix": {
      "lk.txt": {
        "transaction": "Total",
        "sampleCount": 30,
        "errorCount": 0,
        "errorPct": 0.0,
        "meanResTime": 14664.66666666667,
        "medianResTime": 17268.5,
        "minResTime": 1970.0,
        "maxResTime": 17412.0,
        "pct1ResTime": 17399.9,
        "pct2ResTime": 17410.35,
        "pct3ResTime": 17412.0,
        "throughput": 0.5747676980553693,
        "receivedKBytesPerSec": 15.580133693361432,
        "sentKBytesPerSec": 0.2350335879873551,
        "responseSizeMB": 0.8,
        "memMaxMB": 3013.0,
        "memAvgMB": 2984.4,
        "memMinMB": 2973.2,
        "cpuMax%": 36.7,
        "cpuAvg%": 13.7,
        "cpuMin%": 12.5,
        "dashboard": "results/details/compare-bigfile-settings/20201111-064248/qgis310-bigfile-hugecache/somap310_fix/lk.txt/dashboard/index.html",
        "tests duration": 57.2,
        "warmup duration": 70.3
      },
      "av_f.txt": {
        "transaction": "Total",
        "sampleCount": 22,
        "errorCount": 0,
        "errorPct": 0.0,
        "meanResTime": 23414.77272727273,
        "medianResTime": 26812.5,
        "minResTime": 3434.0,
        "maxResTime": 31241.0,
        "pct1ResTime": 31022.0,
        "pct2ResTime": 31220.3,
        "pct3ResTime": 31241.0,
        "throughput": 0.35221978514593105,
        "receivedKBytesPerSec": 46.084913235859176,
        "sentKBytesPerSec": 0.14493418893389476,
        "responseSizeMB": 2.8,
        "memMaxMB": 3981.1,
        "memAvgMB": 3251.4,
        "memMinMB": 2980.3,
        "cpuMax%": 31.2,
        "cpuAvg%": 15.0,
        "cpuMin%": 12.5,
        "dashboard": "results/details/compare-bigfile-settings/20201111-064248/qgis310-bigfile-hugecache/somap310_fix/av_f.txt/dashboard/index.html",
        "tests duration": 67.4,
        "warmup duration": 0.1
      },
      "av_sw.txt": {
        "transaction": "Total",
        "sampleCount": 20,
        "errorCount": 0,
        "errorPct": 0.0,
        "meanResTime": 19732.35,
        "medianResTime": 21245.0,
        "minResTime": 2561.0,
        "maxResTime": 27888.0,
        "pct1ResTime": 27813.7,
        "pct2ResTime": 27884.3,
        "pct3ResTime": 27888.0,
        "throughput": 0.3887571434125102,
        "receivedKBytesPerSec": 189.39452669425222,
        "sentKBytesPerSec": 0.15861595167748707,