{
  "Total" : {
    "transaction" : "Total",
    "sampleCount" : 30,
    "errorCount" : 0,
    "errorPct" : 0.0,
    "meanResTime" : 14553.633333333331,
    "medianResTime" : 17078.0,
    "minResTime" : 1992.0,
    "maxResTime" : 17286.0,
    "pct1ResTime" : 17247.1,
    "pct2ResTime" : 17281.05,
    "pct3ResTime" : 17286.0,
    "throughput" : 0.581192607230036,
    "receivedKBytesPerSec" : 15.754292652272463,
    "sentKBytesPerSec" : 0.23766085716223023
  },
  "HTTP Request" : {
    "transaction" : "HTTP Request",
    "sampleCount" : 30,
    "errorCount" : 0,
    "errorPct" : 0.0,
    "meanResTime" : 14553.633333333331,
    "medianResTime" : 17078.0,
    "minResTime" : 1992.0,
    "maxResTime" : 17286.0,
    "pct1ResTime" : 17247.1,
    "pct2ResTime" : 17281.05,
    "pct3ResTime" : 17286.0,
    "throughput" : 0.581192607230036,
    "receivedKBytesPerSec" : 15.754292652272463,
    "sentKBytesPerSec" : 0.23766085716223023
  }
}