{
  "Total" : {
    "transaction" : "Total",
    "sampleCount" : 20,
    "errorCount" : 0,
    "errorPct" : 0.0,
    "meanResTime" : 19087.35,
    "medianResTime" : 20265.5,
    "minResTime" : 4427.0,
    "maxResTime" : 27102.0,
    "pct1ResTime" : 27020.4,
    "pct2ResTime" : 27098.6,
    "pct3ResTime" : 27102.0,
    "throughput" : 0.4019696512913275,
    "receivedKBytesPerSec" : 195.75953421766656,
    "sentKBytesPerSec" : 0.1640067581147623
  },
  "HTTP Request" : {
    "transaction" : "HTTP Request",
    "sampleCount" : 20,
    "errorCount" : 0,
    "errorPct" : 0.0,
    "meanResTime" : 19087.35,
    "medianResTime" : 20265.5,
    "minResTime" : 4427.0,
    "maxResTime" : 27102.0,
    "pct1ResTime" : 27020.4,
    "pct2ResTime" : 27098.6,
    "pct3ResTime" : 27102.0,
    "throughput" : 0.4019696512913275,
    "receivedKBytesPerSec" : 195.75953421766656,
    "sentKBytesPerSec" : 0.1640067581147623
  }
}