{
  "Total" : {
    "transaction" : "Total",
    "sampleCount" : 198,
    "errorCount" : 0,
    "errorPct" : 0.0,
    "meanResTime" : 114.65151515151521,
    "medianResTime" : 119.0,
    "minResTime" : 36.0,
    "maxResTime" : 174.0,
    "pct1ResTime" : 141.0,
    "pct2ResTime" : 151.0,
    "pct3ResTime" : 169.04999999999995,
    "throughput" : 73.88059701492537,
    "receivedKBytesPerSec" : 68.32439365671641,
    "sentKBytesPerSec" : 34.73866021455223
  },
  "HTTP Request" : {
    "transaction" : "HTTP Request",
    "sampleCount" : 198,
    "errorCount" : 0,
    "errorPct" : 0.0,
    "meanResTime" : 114.65151515151521,
    "medianResTime" : 119.0,
    "minResTime" : 36.0,
    "maxResTime" : 174.0,
    "pct1ResTime" : 141.0,
    "pct2ResTime" : 151.0,
    "pct3ResTime" : 169.04999999999995,
    "throughput" : 73.88059701492537,
    "receivedKBytesPerSec" : 68.32439365671641,
    "sentKBytesPerSec" : 34.73866021455223
  }
}