{
  "Total" : {
    "transaction" : "Total",
    "sampleCount" : 30,
    "errorCount" : 0,
    "errorPct" : 0.0,
    "meanResTime" : 15299.4,
    "medianResTime" : 17682.0,
    "minResTime" : 2054.0,
    "maxResTime" : 18705.0,
    "pct1ResTime" : 18594.2,
    "pct2ResTime" : 18651.65,
    "pct3ResTime" : 18705.0,
    "throughput" : 0.5523946307241894,
    "receivedKBytesPerSec" : 14.973670627796498,
    "sentKBytesPerSec" : 0.22588480960798396
  },
  "HTTP Request" : {
    "transaction" : "HTTP Request",
    "sampleCount" : 30,
    "errorCount" : 0,
    "errorPct" : 0.0,
    "meanResTime" : 15299.4,
    "medianResTime" : 17682.0,
    "minResTime" : 2054.0,
    "maxResTime" : 18705.0,
    "pct1ResTime" : 18594.2,
    "pct2ResTime" : 18651.65,
    "pct3ResTime" : 18705.0,
    "throughput" : 0.5523946307241894,
    "receivedKBytesPerSec" : 14.973670627796498,
    "sentKBytesPerSec" : 0.22588480960798396
  }
}