{
  "Total" : {
    "transaction" : "Total",
    "sampleCount" : 20,
    "errorCount" : 0,
    "errorPct" : 0.0,
    "meanResTime" : 4597.55,
    "medianResTime" : 4568.0,
    "minResTime" : 2313.0,
    "maxResTime" : 6144.0,
    "pct1ResTime" : 6013.6,
    "pct2ResTime" : 6137.55,
    "pct3ResTime" : 6144.0,
    "throughput" : 1.6321201240411296,
    "receivedKBytesPerSec" : 507.82971376693325,
    "sentKBytesPerSec" : 0.683450301942223
  },
  "HTTP Request" : {
    "transaction" : "HTTP Request",
    "sampleCount" : 20,
    "errorCount" : 0,
    "errorPct" : 0.0,
    "meanResTime" : 4597.55,
    "medianResTime" : 4568.0,
    "minResTime" : 2313.0,
    "maxResTime" : 6144.0,
    "pct1ResTime" : 6013.6,
    "pct2ResTime" : 6137.55,
    "pct3ResTime" : 6144.0,
    "throughput" : 1.6321201240411296,
    "receivedKBytesPerSec" : 507.82971376693325,
    "sentKBytesPerSec" : 0.683450301942223
  }
}