{
  "Total" : {
    "transaction" : "Total",
    "sampleCount" : 735,
    "errorCount" : 0,
    "errorPct" : 0.0,
    "meanResTime" : 27194.819047619047,
    "medianResTime" : 28068.0,
    "minResTime" : 3428.0,
    "maxResTime" : 46364.0,
    "pct1ResTime" : 31272.0,
    "pct2ResTime" : 32985.799999999996,
    "pct3ResTime" : 44186.71999999999,
    "throughput" : 0.3661242879878855,
    "receivedKBytesPerSec" : 67.8149047337442,
    "sentKBytesPerSec" : 0.1558387522945034
  },
  "HTTP Request" : {
    "transaction" : "HTTP Request",
    "sampleCount" : 735,
    "errorCount" : 0,
    "errorPct" : 0.0,
    "meanResTime" : 27194.819047619047,
    "medianResTime" : 28068.0,
    "minResTime" : 3428.0,
    "maxResTime" : 46364.0,
    "pct1ResTime" : 31272.0,
    "pct2ResTime" : 32985.799999999996,
    "pct3ResTime" : 44186.71999999999,
    "throughput" : 0.3661242879878855,
    "receivedKBytesPerSec" : 67.8149047337442,
    "sentKBytesPerSec" : 0.1558387522945034
  }
}