{
  "Total" : {
    "transaction" : "Total",
    "sampleCount" : 18,
    "errorCount" : 0,
    "errorPct" : 0.0,
    "meanResTime" : 2841.111111111111,
    "medianResTime" : 2670.5,
    "minResTime" : 76.0,
    "maxResTime" : 6551.0,
    "pct1ResTime" : 6416.900000000001,
    "pct2ResTime" : 6551.0,
    "pct3ResTime" : 6551.0,
    "throughput" : 2.673399673251151,
    "receivedKBytesPerSec" : 413.65623955703256,
    "sentKBytesPerSec" : 1.0155785868112284
  },
  "HTTP Request" : {
    "transaction" : "HTTP Request",
    "sampleCount" : 18,
    "errorCount" : 0,
    "errorPct" : 0.0,
    "meanResTime" : 2841.111111111111,
    "medianResTime" : 2670.5,
    "minResTime" : 76.0,
    "maxResTime" : 6551.0,
    "pct1ResTime" : 6416.900000000001,
    "pct2ResTime" : 6551.0,
    "pct3ResTime" : 6551.0,
    "throughput" : 2.673399673251151,
    "receivedKBytesPerSec" : 413.65623955703256,
    "sentKBytesPerSec" : 1.0155785868112284
  }
}