{
  "Total" : {
    "transaction" : "Total",
    "sampleCount" : 30,
    "errorCount" : 0,
    "errorPct" : 0.0,
    "meanResTime" : 14581.699999999999,
    "medianResTime" : 17247.5,
    "minResTime" : 2029.0,
    "maxResTime" : 17566.0,
    "pct1ResTime" : 17499.5,
    "pct2ResTime" : 17542.9,
    "pct3ResTime" : 17566.0,
    "throughput" : 0.5784136042879728,
    "receivedKBytesPerSec" : 15.67839781841669,
    "sentKBytesPerSec" : 0.23652446930551807
  },
  "HTTP Request" : {
    "transaction" : "HTTP Request",
    "sampleCount" : 30,
    "errorCount" : 0,
    "errorPct" : 0.0,
    "meanResTime" : 14581.699999999999,
    "medianResTime" : 17247.5,
    "minResTime" : 2029.0,
    "maxResTime" : 17566.0,
    "pct1ResTime" : 17499.5,
    "pct2ResTime" : 17542.9,
    "pct3ResTime" : 17566.0,
    "throughput" : 0.5784136042879728,
    "receivedKBytesPerSec" : 15.67839781841669,
    "sentKBytesPerSec" : 0.23652446930551807
  }
}