{
  "Total" : {
    "transaction" : "Total",
    "sampleCount" : 5262,
    "errorCount" : 0,
    "errorPct" : 0.0,
    "meanResTime" : 765.4471683770436,
    "medianResTime" : 585.0,
    "minResTime" : 45.0,
    "maxResTime" : 5036.0,
    "pct1ResTime" : 1605.3999999999996,
    "pct2ResTime" : 2043.0,
    "pct3ResTime" : 3187.4399999999987,
    "throughput" : 15.536055932163356,
    "receivedKBytesPerSec" : 735.4241755512318,
    "sentKBytesPerSec" : 7.869845972679039
  },
  "HTTP Request" : {
    "transaction" : "HTTP Request",
    "sampleCount" : 5262,
    "errorCount" : 0,
    "errorPct" : 0.0,
    "meanResTime" : 765.4471683770436,
    "medianResTime" : 585.0,
    "minResTime" : 45.0,
    "maxResTime" : 5036.0,
    "pct1ResTime" : 1605.3999999999996,
    "pct2ResTime" : 2043.0,
    "pct3ResTime" : 3187.4399999999987,
    "throughput" : 15.536055932163356,
    "receivedKBytesPerSec" : 735.4241755512318,
    "sentKBytesPerSec" : 7.869845972679039
  }
}