{
  "Total" : {
    "transaction" : "Total",
    "sampleCount" : 30,
    "errorCount" : 0,
    "errorPct" : 0.0,
    "meanResTime" : 14293.166666666668,
    "medianResTime" : 16677.5,
    "minResTime" : 2009.0,
    "maxResTime" : 17196.0,
    "pct1ResTime" : 16955.5,
    "pct2ResTime" : 17071.7,
    "pct3ResTime" : 17196.0,
    "throughput" : 0.5879125186172298,
    "receivedKBytesPerSec" : 15.9358740544407,
    "sentKBytesPerSec" : 0.2404087584267461
  },
  "HTTP Request" : {
    "transaction" : "HTTP Request",
    "sampleCount" : 30,
    "errorCount" : 0,
    "errorPct" : 0.0,
    "meanResTime" : 14293.166666666668,
    "medianResTime" : 16677.5,
    "minResTime" : 2009.0,
    "maxResTime" : 17196.0,
    "pct1ResTime" : 16955.5,
    "pct2ResTime" : 17071.7,
    "pct3ResTime" : 17196.0,
    "throughput" : 0.5879125186172298,
    "receivedKBytesPerSec" : 15.9358740544407,
    "sentKBytesPerSec" : 0.2404087584267461
  }
}