{
  "Total" : {
    "transaction" : "Total",
    "sampleCount" : 30,
    "errorCount" : 0,
    "errorPct" : 0.0,
    "meanResTime" : 14214.7,
    "medianResTime" : 16412.5,
    "minResTime" : 1952.0,
    "maxResTime" : 17132.0,
    "pct1ResTime" : 16889.7,
    "pct2ResTime" : 17077.55,
    "pct3ResTime" : 17132.0,
    "throughput" : 0.5949547834364588,
    "receivedKBytesPerSec" : 16.12676069431223,
    "sentKBytesPerSec" : 0.2432884762216405
  },
  "HTTP Request" : {
    "transaction" : "HTTP Request",
    "sampleCount" : 30,
    "errorCount" : 0,
    "errorPct" : 0.0,
    "meanResTime" : 14214.7,
    "medianResTime" : 16412.5,
    "minResTime" : 1952.0,
    "maxResTime" : 17132.0,
    "pct1ResTime" : 16889.7,
    "pct2ResTime" : 17077.55,
    "pct3ResTime" : 17132.0,
    "throughput" : 0.5949547834364588,
    "receivedKBytesPerSec" : 16.12676069431223,
    "sentKBytesPerSec" : 0.2432884762216405
  }
}