{
  "Total" : {
    "transaction" : "Total",
    "sampleCount" : 30,
    "errorCount" : 0,
    "errorPct" : 0.0,
    "meanResTime" : 678.4666666666667,
    "medianResTime" : 759.5,
    "minResTime" : 286.0,
    "maxResTime" : 873.0,
    "pct1ResTime" : 853.2,
    "pct2ResTime" : 863.65,
    "pct3ResTime" : 873.0,
    "throughput" : 10.92896174863388,
    "receivedKBytesPerSec" : 296.2282274590164,
    "sentKBytesPerSec" : 4.469063069216758
  },
  "HTTP Request" : {
    "transaction" : "HTTP Request",
    "sampleCount" : 30,
    "errorCount" : 0,
    "errorPct" : 0.0,
    "meanResTime" : 678.4666666666667,
    "medianResTime" : 759.5,
    "minResTime" : 286.0,
    "maxResTime" : 873.0,
    "pct1ResTime" : 853.2,
    "pct2ResTime" : 863.65,
    "pct3ResTime" : 873.0,
    "throughput" : 10.92896174863388,
    "receivedKBytesPerSec" : 296.2282274590164,
    "sentKBytesPerSec" : 4.469063069216758
  }
}