{
  "Total" : {
    "transaction" : "Total",
    "sampleCount" : 30,
    "errorCount" : 0,
    "errorPct" : 0.0,
    "meanResTime" : 186.09999999999997,
    "medianResTime" : 203.0,
    "minResTime" : 56.0,
    "maxResTime" : 252.0,
    "pct1ResTime" : 234.5,
    "pct2ResTime" : 250.35,
    "pct3ResTime" : 252.0,
    "throughput" : 16.69449081803005,
    "receivedKBytesPerSec" : 452.5185204507513,
    "sentKBytesPerSec" : 6.810395798553144
  },
  "HTTP Request" : {
    "transaction" : "HTTP Request",
    "sampleCount" : 30,
    "errorCount" : 0,
    "errorPct" : 0.0,
    "meanResTime" : 186.09999999999997,
    "medianResTime" : 203.0,
    "minResTime" : 56.0,
    "maxResTime" : 252.0,
    "pct1ResTime" : 234.5,
    "pct2ResTime" : 250.35,
    "pct3ResTime" : 252.0,
    "throughput" : 16.69449081803005,
    "receivedKBytesPerSec" : 452.5185204507513,
    "sentKBytesPerSec" : 6.810395798553144
  }
}