{
  "Total" : {
    "transaction" : "Total",
    "sampleCount" : 20,
    "errorCount" : 0,
    "errorPct" : 0.0,
    "meanResTime" : 4887.35,
    "medianResTime" : 4942.5,
    "minResTime" : 2532.0,
    "maxResTime" : 6237.0,
    "pct1ResTime" : 6134.8,
    "pct2ResTime" : 6232.15,
    "pct3ResTime" : 6237.0,
    "throughput" : 1.556420233463035,
    "receivedKBytesPerSec" : 484.27871169747084,
    "sentKBytesPerSec" : 0.6517509727626459
  },
  "HTTP Request" : {
    "transaction" : "HTTP Request",
    "sampleCount" : 20,
    "errorCount" : 0,
    "errorPct" : 0.0,
    "meanResTime" : 4887.35,
    "medianResTime" : 4942.5,
    "minResTime" : 2532.0,
    "maxResTime" : 6237.0,
    "pct1ResTime" : 6134.8,
    "pct2ResTime" : 6232.15,
    "pct3ResTime" : 6237.0,
    "throughput" : 1.556420233463035,
    "receivedKBytesPerSec" : 484.27871169747084,
    "sentKBytesPerSec" : 0.6517509727626459
  }
}