{
  "Total" : {
    "transaction" : "Total",
    "sampleCount" : 30,
    "errorCount" : 0,
    "errorPct" : 0.0,
    "meanResTime" : 1591.7333333333333,
    "medianResTime" : 82.0,
    "minResTime" : 57.0,
    "maxResTime" : 11230.0,
    "pct1ResTime" : 4081.0,
    "pct2ResTime" : 7299.149999999995,
    "pct3ResTime" : 11230.0,
    "throughput" : 2.6714158504007126,
    "receivedKBytesPerSec" : 44.74430237088156,
    "sentKBytesPerSec" : 1.0923934216384683
  },
  "HTTP Request" : {
    "transaction" : "HTTP Request",
    "sampleCount" : 30,
    "errorCount" : 0,
    "errorPct" : 0.0,
    "meanResTime" : 1591.7333333333333,
    "medianResTime" : 82.0,
    "minResTime" : 57.0,
    "maxResTime" : 11230.0,
    "pct1ResTime" : 4081.0,
    "pct2ResTime" : 7299.149999999995,
    "pct3ResTime" : 11230.0,
    "throughput" : 2.6714158504007126,
    "receivedKBytesPerSec" : 44.74430237088156,
    "sentKBytesPerSec" : 1.0923934216384683
  }
}