{
  "Total" : {
    "transaction" : "Total",
    "sampleCount" : 5191,
    "errorCount" : 1,
    "errorPct" : 0.019264111,
    "meanResTime" : 1467.948564823736,
    "medianResTime" : 966.0,
    "minResTime" : 5.0,
    "maxResTime" : 10969.0,
    "pct1ResTime" : 3455.2000000000007,
    "pct2ResTime" : 4136.4,
    "pct3ResTime" : 6582.16,
    "throughput" : 6.772518526249869,
    "receivedKBytesPerSec" : 2668.9360193066027,
    "sentKBytesPerSec" : 2.687035009067425
  },
  "HTTP Request" : {
    "transaction" : "HTTP Request",
    "sampleCount" : 5191,
    "errorCount" : 1,
    "errorPct" : 0.019264111,
    "meanResTime" : 1467.948564823736,
    "medianResTime" : 966.0,
    "minResTime" : 5.0,
    "maxResTime" : 10969.0,
    "pct1ResTime" : 3455.2000000000007,
    "pct2ResTime" : 4136.4,
    "pct3ResTime" : 6582.16,
    "throughput" : 6.772518526249869,
    "receivedKBytesPerSec" : 2668.9360193066027,
    "sentKBytesPerSec" : 2.687035009067425
  }
}