{
  "Total" : {
    "transaction" : "Total",
    "sampleCount" : 735,
    "errorCount" : 0,
    "errorPct" : 0.0,
    "meanResTime" : 4303.853061224489,
    "medianResTime" : 4317.0,
    "minResTime" : 1542.0,
    "maxResTime" : 8493.0,
    "pct1ResTime" : 6083.8,
    "pct2ResTime" : 6460.199999999994,
    "pct3ResTime" : 7543.999999999996,
    "throughput" : 8.91395306530835,
    "receivedKBytesPerSec" : 1304.5302053961252,
    "sentKBytesPerSec" : 3.9247496740646413
  },
  "HTTP Request" : {
    "transaction" : "HTTP Request",
    "sampleCount" : 735,
    "errorCount" : 0,
    "errorPct" : 0.0,
    "meanResTime" : 4303.853061224489,
    "medianResTime" : 4317.0,
    "minResTime" : 1542.0,
    "maxResTime" : 8493.0,
    "pct1ResTime" : 6083.8,
    "pct2ResTime" : 6460.199999999994,
    "pct3ResTime" : 7543.999999999996,
    "throughput" : 8.91395306530835,
    "receivedKBytesPerSec" : 1304.5302053961252,
    "sentKBytesPerSec" : 3.9247496740646413
  }
}