{
  "Total" : {
    "transaction" : "Total",
    "sampleCount" : 735,
    "errorCount" : 0,
    "errorPct" : 0.0,
    "meanResTime" : 865.8394557823132,
    "medianResTime" : 679.0,
    "minResTime" : 227.0,
    "maxResTime" : 8558.0,
    "pct1ResTime" : 1511.0,
    "pct2ResTime" : 1823.9999999999993,
    "pct3ResTime" : 2715.2,
    "throughput" : 11.29813234955038,
    "receivedKBytesPerSec" : 1977.391170812197,
    "sentKBytesPerSec" : 4.974486732380293
  },
  "HTTP Request" : {
    "transaction" : "HTTP Request",
    "sampleCount" : 735,
    "errorCount" : 0,
    "errorPct" : 0.0,
    "meanResTime" : 865.8394557823132,
    "medianResTime" : 679.0,
    "minResTime" : 227.0,
    "maxResTime" : 8558.0,
    "pct1ResTime" : 1511.0,
    "pct2ResTime" : 1823.9999999999993,
    "pct3ResTime" : 2715.2,
    "throughput" : 11.29813234955038,
    "receivedKBytesPerSec" : 1977.391170812197,
    "sentKBytesPerSec" : 4.974486732380293
  }
}