{
  "Total" : {
    "transaction" : "Total",
    "sampleCount" : 5190,
    "errorCount" : 0,
    "errorPct" : 0.0,
    "meanResTime" : 1048.837957610787,
    "medianResTime" : 878.0,
    "minResTime" : 181.0,
    "maxResTime" : 6909.0,
    "pct1ResTime" : 1925.9000000000005,
    "pct2ResTime" : 2430.45,
    "pct3ResTime" : 3406.6200000000026,
    "throughput" : 9.489903949006852,
    "receivedKBytesPerSec" : 2568.4425716531173,
    "sentKBytesPerSec" : 4.1331194447949064
  },
  "HTTP Request" : {
    "transaction" : "HTTP Request",
    "sampleCount" : 5190,
    "errorCount" : 0,
    "errorPct" : 0.0,
    "meanResTime" : 1048.837957610787,
    "medianResTime" : 878.0,
    "minResTime" : 181.0,
    "maxResTime" : 6909.0,
    "pct1ResTime" : 1925.9000000000005,
    "pct2ResTime" : 2430.45,
    "pct3ResTime" : 3406.6200000000026,
    "throughput" : 9.489903949006852,
    "receivedKBytesPerSec" : 2568.4425716531173,
    "sentKBytesPerSec" : 4.1331194447949064
  }
}