{
  "Total" : {
    "transaction" : "Total",
    "sampleCount" : 5190,
    "errorCount" : 0,
    "errorPct" : 0.0,
    "meanResTime" : 909.0838150289022,
    "medianResTime" : 752.0,
    "minResTime" : 195.0,
    "maxResTime" : 6439.0,
    "pct1ResTime" : 1626.9000000000005,
    "pct2ResTime" : 2014.699999999999,
    "pct3ResTime" : 2903.970000000005,
    "throughput" : 10.940988230532314,
    "receivedKBytesPerSec" : 2961.124920337247,
    "sentKBytesPerSec" : 4.765107365034794
  },
  "HTTP Request" : {
    "transaction" : "HTTP Request",
    "sampleCount" : 5190,
    "errorCount" : 0,
    "errorPct" : 0.0,
    "meanResTime" : 909.0838150289022,
    "medianResTime" : 752.0,
    "minResTime" : 195.0,
    "maxResTime" : 6439.0,
    "pct1ResTime" : 1626.9000000000005,
    "pct2ResTime" : 2014.699999999999,
    "pct3ResTime" : 2903.970000000005,
    "throughput" : 10.940988230532314,
    "receivedKBytesPerSec" : 2961.124920337247,
    "sentKBytesPerSec" : 4.765107365034794
  }
}