{
  "qgis310-singlethread-multiinstance": {
    "somap310_lk": {
      "lk.txt": {
        "transaction": "Total",
        "sampleCount": 30,
        "errorCount": 0,
        "errorPct": 0.0,
        "meanResTime": 89.50000000000001,
        "medianResTime": 85.5,
        "minResTime": 68.0,
        "maxResTime": 216.0,
        "pct1ResTime": 99.4,
        "pct2ResTime": 155.49999999999991,
        "pct3ResTime": 216.0,
        "throughput": 10.989010989010989,
        "receivedKBytesPerSec": 297.86658653846155,
        "sentKBytesPerSec": 4.482886904761905,
        "memMaxMB": 2985.1,
        "memAvgMB": 2966.1,
        "memMinMB": 2928.9,
        "cpuMax%": 24.3,
        "cpuAvg%": 13.2,
        "cpuMin%": 0.5,
        "dashboard": "results/details/compare-deployment-sequential/20201011-074655/qgis310-singlethread-multiinstance/somap310_lk/lk.txt/dashboard/index.html"
      }
    },
    "somap310_grundplanav_farbig": {
      "av_f_big.txt": {
        "transaction": "Total",
        "sampleCount": 735,
        "errorCount": 0,
        "errorPct": 0.0,
        "meanResTime": 704.4571428571426,
        "medianResTime": 708.0,
        "minResTime": 172.0,
        "maxResTime": 3400.0,
        "pct1ResTime": 1036.4,
        "pct2ResTime": 1185.799999999999,
        "pct3ResTime": 1656.4399999999996,
        "throughput": 1.416575279894075,
        "receivedKBytesPerSec": 207.31053915445395,
        "sentKBytesPerSec": 0.6237079472282344,
        "memMaxMB": 3833.0,
        "memAvgMB": 3325.3,
        "memMinMB": 2958.9,
        "cpuMax%": 28.9,
        "cpuAvg%": 12.8,
        "cpuMin%": 12.0,
        "dashboard": "results/details/compare-deployment-sequential/20201011-074655/qgis310-singlethread-multiinstance/somap310_grundplanav_farbig/av_f_big.txt/dashboard/index.html"
      }
    },
    "somap310_grundplanav_sw": {
      "av_sw.txt": {
        "transaction": "Total",
        "sampleCount": 20,
        "errorCount": 0,
        "errorPct": 0.0,
        "meanResTime": 760.4499999999999,
        "medianResTime": 545.0,
        "minResTime": 212.0,
        "maxResTime": 2545.0,
        "pct1ResTime": 1642.6000000000004,
        "pct2ResTime": 2500.5499999999993,
        "pct3ResTime": 2545.0,
        "throughput": 1.3098434737048923,
        "receivedKBytesPerSec": 407.55415128282795,
        "sentKBytesPerSec": 0.5484969546139237,
        "memMaxMB": 3198.9,
        "memAvgMB": 3002.6,
        "memMinMB": 2954.4,
        "cpuMax%": 24.3,
        "cpuAvg%": 15.5,
        "cpuMin%": 12.4,
        "dashboard": "results/details/compare-deployment-sequential/20201011-074655/qgis310-singlethread-multiinstance/somap310_grundplanav_sw/av_sw.txt/dashboard/index.html"
      }
    }
  },
  "qgis310-multithread-singleinstance": {
    "somap310_lk": {
      "lk.txt": {
        "transaction": "Total",
        "sampleCount": 30,
        "errorCount": 0,
        "errorPct": 0.0,
        "meanResTime": 85.26666666666667,
        "medianResTime": 81.0,
        "minResTime": 55.0,
        "maxResTime": 248.0,
        "pct1ResTime": 90.0,
        "pct2ResTime": 161.6499999999999,
        "pct3ResTime": 248.0,
        "throughput": 11.498658489842851,
        "receivedKBytesPerSec": 311.6810200268302,
        "sentKBytesPerSec": 4.69079388654657,
        "memMaxMB": 2259.3,
        "memAvgMB": 2253.5,
        "memMinMB": 2247.7,
        "cpuMax%": 21.4,
        "cpuAvg%": 15.3,
        "cpuMin%": 9.2,
        "dashboard": "results/details/compare-deployment-sequential/20201011-074655/qgis310-multithread-singleinstance/somap310_lk/lk.txt/dashboard/index.html"
      }
    },
    "somap310_grundplanav_farbig": {
      "av_f_big.txt": {
        "transaction": "Total",
        "sampleCount": 735,
        "errorCount": 0,
        "errorPct": 0.0,
        "meanResTime": 474.24489795918356,
        "medianResTime": 412.0,
        "minResTime": 170.0,
        "maxResTime": 3068.0,
        "pct1ResTime": 703.4,
        "pct2ResTime": 840.7999999999997,
        "pct3ResTime": 1369.1999999999982,
        "throughput": 2.1019518123972256,
        "receivedKBytesPerSec": 307.6135205905484,
        "sentKBytesPerSec": 0.9254743243726317,
        "memMaxMB": 3247.6,
        "memAvgMB": 2686.1,
        "memMinMB": 2206.8,
        "cpuMax%": 30.4,
        "cpuAvg%": 19.7,
        "cpuMin%": 12.6,
        "dashboard": "results/details/compare-deployment-sequential/20201011-074655/qgis310-multithread-singleinstance/somap310_grundplanav_farbig/av_f_big.txt/dashboard/index.html"
      }
    },
    "somap310_grundplanav_sw": {
      "av_sw.txt": {
        "transaction": "Total",
        "sampleCount": 20,
        "errorCount": 0,
        "errorPct": 0.0,
        "meanResTime": 627.4,
        "medianResTime": 385.5,
        "minResTime": 220.0,
        "maxResTime": 2257.0,
        "pct1ResTime": 1326.9000000000005,
        "pct2ResTime": 2211.5999999999995,
        "pct3ResTime": 2257.0,
        "throughput": 1.58654608916389,
        "receivedKBytesPerSec": 493.6493999633111,
        "sentKBytesPerSec": 0.664366174837379,
        "memMaxMB": 2602.7,
        "memAvgMB": 2390.2,
        "memMinMB": 2352.5,
        "cpuMax%": 28.7,
        "cpuAvg%": 18.3,
        "cpuMin%": 13.4,
        "dashboard": "results/details/compare-deployment-sequential/20201011-074655/qgis310-multithread-singleinstance/somap310_grundplanav_sw/av_sw.txt/dashboard/index.html"
      }
    }
  },
  "qgis310-balanced": {
    "somap310_lk": {
      "lk.txt": {
        "transaction": "Total",
        "sampleCount": 30,
        "errorCount": 0,
        "errorPct": 0.0,
        "meanResTime": 100.73333333333333,
        "medianResTime": 96.0,
        "minResTime": 61.0,
        "maxResTime": 250.0,
        "pct1ResTime": 109.9,
        "pct2ResTime": 175.1999999999999,
        "pct3ResTime": 250.0,
        "throughput": 9.778357235984355,
        "receivedKBytesPerSec": 265.0507761571056,
        "sentKBytesPerSec": 3.989009533898305,
        "memMaxMB": 2372.6,
        "memAvgMB": 2368.5,
        "memMinMB": 2364.3,
        "cpuMax%": 21.4,
        "cpuAvg%": 15.5,
        "cpuMin%": 9.7,
        "dashboard": "results/details/compare-deployment-sequential/20201011-074655/qgis310-balanced/somap310_lk/lk.txt/dashboard/index.html"
      }
    },
    "somap310_grundplanav_farbig": {
      "av_f_big.txt": {
        "transaction": "Total",
        "sampleCount": 735,
        "errorCount": 0,
        "errorPct": 0.0,
        "meanResTime": 573.7659863945581,
        "medianResTime": 539.0,
        "minResTime": 169.0,
        "maxResTime": 3826.0,
        "pct1ResTime": 814.9999999999999,
        "pct2ResTime": 966.5999999999998,
        "pct3ResTime": 1785.0799999999995,
        "throughput": 1.7384311545784599,
        "receivedKBytesPerSec": 254.41216986808027,
        "sentKBytesPerSec": 0.7654187830390614,
        "memMaxMB": 3365.8,
        "memAvgMB": 2863.3,
        "memMinMB": 2400.5,
        "cpuMax%": 31.9,
        "cpuAvg%": 16.4,
        "cpuMin%": 5.0,
        "dashboard": "results/details/compare-deployment-sequential/20201011-074655/qgis310-balanced/somap310_grundplanav_farbig/av_f_big.txt/dashboard/index.html"
      }
    },
    "somap310_grundplanav_sw": {
      "av_sw.txt": {
        "transaction": "Total",
        "sampleCount": 20,
        "errorCount": 0,
        "errorPct": 0.0,
        "meanResTime": 681.5500000000001,
        "medianResTime": 493.0,
        "minResTime": 195.0,
        "maxResTime": 2354.0,
        "pct1ResTime": 1429.7000000000003,
        "pct2ResTime": 2308.3499999999995,
        "pct3ResTime": 2354.0,
        "throughput": 1.461240593263681,
        "receivedKBytesPerSec": 454.6602301682253,
        "sentKBytesPerSec": 0.6118944984291664,
        "memMaxMB": 2774.5,
        "memAvgMB": 2593.6,
        "memMinMB": 2527.9,
        "cpuMax%": 32.2,
        "cpuAvg%": 17.5,
        "cpuMin%": 14.1,