{
  "Total" : {
    "transaction" : "Total",
    "sampleCount" : 735,
    "errorCount" : 0,
    "errorPct" : 0.0,
    "meanResTime" : 25792.05714285716,
    "medianResTime" : 26855.0,
    "minResTime" : 2356.0,
    "maxResTime" : 44403.0,
    "pct1ResTime" : 29383.8,
    "pct2ResTime" : 31606.599999999988,
    "pct3ResTime" : 42431.79999999999,
    "throughput" : 0.386012787264414,
    "receivedKBytesPerSec" : 71.4979224773736,
    "sentKBytesPerSec" : 0.16430418060382904
  },
  "HTTP Request" : {
    "transaction" : "HTTP Request",
    "sampleCount" : 735,
    "errorCount" : 0,
    "errorPct" : 0.0,
    "meanResTime" : 25792.05714285716,
    "medianResTime" : 26855.0,
    "minResTime" : 2356.0,
    "maxResTime" : 44403.0,
    "pct1ResTime" : 29383.8,
    "pct2ResTime" : 31606.599999999988,
    "pct3ResTime" : 42431.79999999999,
    "throughput" : 0.386012787264414,
    "receivedKBytesPerSec" : 71.4979224773736,
    "sentKBytesPerSec" : 0.16430418060382904
  }
}