{
  "Total" : {
    "transaction" : "Total",
    "sampleCount" : 735,
    "errorCount" : 0,
    "errorPct" : 0.0,
    "meanResTime" : 725.6285714285706,
    "medianResTime" : 716.0,
    "minResTime" : 171.0,
    "maxResTime" : 3329.0,
    "pct1ResTime" : 1058.6,
    "pct2ResTime" : 1263.9999999999993,
    "pct3ResTime" : 2725.199999999994,
    "throughput" : 1.375224994293284,
    "receivedKBytesPerSec" : 201.2589722175316,
    "sentKBytesPerSec" : 0.6055017127164343
  },
  "HTTP Request" : {
    "transaction" : "HTTP Request",
    "sampleCount" : 735,
    "errorCount" : 0,
    "errorPct" : 0.0,
    "meanResTime" : 725.6285714285706,
    "medianResTime" : 716.0,
    "minResTime" : 171.0,
    "maxResTime" : 3329.0,
    "pct1ResTime" : 1058.6,
    "pct2ResTime" : 1263.9999999999993,
    "pct3ResTime" : 2725.199999999994,
    "throughput" : 1.375224994293284,
    "receivedKBytesPerSec" : 201.2589722175316,
    "sentKBytesPerSec" : 0.6055017127164343
  }
}