{
  "Total" : {
    "transaction" : "Total",
    "sampleCount" : 30,
    "errorCount" : 0,
    "errorPct" : 0.0,
    "meanResTime" : 594.7,
    "medianResTime" : 684.0,
    "minResTime" : 267.0,
    "maxResTime" : 746.0,
    "pct1ResTime" : 732.8000000000001,
    "pct2ResTime" : 742.7,
    "pct3ResTime" : 746.0,
    "throughput" : 12.432656444260257,
    "receivedKBytesPerSec" : 336.99783723580606,
    "sentKBytesPerSec" : 5.071811541649399
  },
  "HTTP Request" : {
    "transaction" : "HTTP Request",
    "sampleCount" : 30,
    "errorCount" : 0,
    "errorPct" : 0.0,
    "meanResTime" : 594.7,
    "medianResTime" : 684.0,
    "minResTime" : 267.0,
    "maxResTime" : 746.0,
    "pct1ResTime" : 732.8000000000001,
    "pct2ResTime" : 742.7,
    "pct3ResTime" : 746.0,
    "throughput" : 12.432656444260257,
    "receivedKBytesPerSec" : 336.99783723580606,
    "sentKBytesPerSec" : 5.071811541649399
  }
}