{
  "Total" : {
    "transaction" : "Total",
    "sampleCount" : 20,
    "errorCount" : 0,
    "errorPct" : 0.0,
    "meanResTime" : 18550.5,
    "medianResTime" : 19519.0,
    "minResTime" : 4603.0,
    "maxResTime" : 26438.0,
    "pct1ResTime" : 26402.3,
    "pct2ResTime" : 26436.25,
    "pct3ResTime" : 26438.0,
    "throughput" : 0.4120398030449742,
    "receivedKBytesPerSec" : 200.66428944379777,
    "sentKBytesPerSec" : 0.16811545870331074
  },
  "HTTP Request" : {
    "transaction" : "HTTP Request",
    "sampleCount" : 20,
    "errorCount" : 0,
    "errorPct" : 0.0,
    "meanResTime" : 18550.5,
    "medianResTime" : 19519.0,
    "minResTime" : 4603.0,
    "maxResTime" : 26438.0,
    "pct1ResTime" : 26402.3,
    "pct2ResTime" : 26436.25,
    "pct3ResTime" : 26438.0,
    "throughput" : 0.4120398030449742,
    "receivedKBytesPerSec" : 200.66428944379777,
    "sentKBytesPerSec" : 0.16811545870331074
  }
}