{
  "Total" : {
    "transaction" : "Total",
    "sampleCount" : 735,
    "errorCount" : 0,
    "errorPct" : 0.0,
    "meanResTime" : 921.2585034013604,
    "medianResTime" : 736.0,
    "minResTime" : 222.0,
    "maxResTime" : 9472.0,
    "pct1ResTime" : 1580.0,
    "pct2ResTime" : 1919.7999999999988,
    "pct3ResTime" : 3411.559999999995,
    "throughput" : 10.67708711631488,
    "receivedKBytesPerSec" : 1868.7704933567818,
    "sentKBytesPerSec" : 4.701044965426576
  },
  "HTTP Request" : {
    "transaction" : "HTTP Request",
    "sampleCount" : 735,
    "errorCount" : 0,
    "errorPct" : 0.0,
    "meanResTime" : 921.2585034013604,
    "medianResTime" : 736.0,
    "minResTime" : 222.0,
    "maxResTime" : 9472.0,
    "pct1ResTime" : 1580.0,
    "pct2ResTime" : 1919.7999999999988,
    "pct3ResTime" : 3411.559999999995,
    "throughput" : 10.67708711631488,
    "receivedKBytesPerSec" : 1868.7704933567818,
    "sentKBytesPerSec" : 4.701044965426576
  }
}