{
  "Total" : {
    "transaction" : "Total",
    "sampleCount" : 5272,
    "errorCount" : 0,
    "errorPct" : 0.0,
    "meanResTime" : 308.12025796661567,
    "medianResTime" : 163.0,
    "minResTime" : 27.0,
    "maxResTime" : 3188.0,
    "pct1ResTime" : 756.6999999999998,
    "pct2ResTime" : 991.0,
    "pct3ResTime" : 1542.079999999998,
    "throughput" : 32.141637809101105,
    "receivedKBytesPerSec" : 1533.0190937187547,
    "sentKBytesPerSec" : 16.282231611303832
  },
  "HTTP Request" : {
    "transaction" : "HTTP Request",
    "sampleCount" : 5272,
    "errorCount" : 0,
    "errorPct" : 0.0,
    "meanResTime" : 308.12025796661567,
    "medianResTime" : 163.0,
    "minResTime" : 27.0,
    "maxResTime" : 3188.0,
    "pct1ResTime" : 756.6999999999998,
    "pct2ResTime" : 991.0,
    "pct3ResTime" : 1542.079999999998,
    "throughput" : 32.141637809101105,
    "receivedKBytesPerSec" : 1533.0190937187547,
    "sentKBytesPerSec" : 16.282231611303832
  }
}