{
  "Total" : {
    "transaction" : "Total",
    "sampleCount" : 18,
    "errorCount" : 0,
    "errorPct" : 0.0,
    "meanResTime" : 297.33333333333337,
    "medianResTime" : 227.0,
    "minResTime" : 72.0,
    "maxResTime" : 1131.0,
    "pct1ResTime" : 1123.8,
    "pct2ResTime" : 1131.0,
    "pct3ResTime" : 1131.0,
    "throughput" : 10.303377218088151,
    "receivedKBytesPerSec" : 8771.029912886375,
    "sentKBytesPerSec" : 3.9694163208357183
  },
  "HTTP Request" : {
    "transaction" : "HTTP Request",
    "sampleCount" : 18,
    "errorCount" : 0,
    "errorPct" : 0.0,
    "meanResTime" : 297.33333333333337,
    "medianResTime" : 227.0,
    "minResTime" : 72.0,
    "maxResTime" : 1131.0,
    "pct1ResTime" : 1123.8,
    "pct2ResTime" : 1131.0,
    "pct3ResTime" : 1131.0,
    "throughput" : 10.303377218088151,
    "receivedKBytesPerSec" : 8771.029912886375,
    "sentKBytesPerSec" : 3.9694163208357183
  }
}