{
  "Total" : {
    "transaction" : "Total",
    "sampleCount" : 30,
    "errorCount" : 0,
    "errorPct" : 0.0,
    "meanResTime" : 235.5666666666667,
    "medianResTime" : 233.5,
    "minResTime" : 157.0,
    "maxResTime" : 332.0,
    "pct1ResTime" : 311.3,
    "pct2ResTime" : 326.5,
    "pct3ResTime" : 332.0,
    "throughput" : 25.59726962457338,
    "receivedKBytesPerSec" : 693.7176701151877,
    "sentKBytesPerSec" : 10.44221949658703
  },
  "HTTP Request" : {
    "transaction" : "HTTP Request",
    "sampleCount" : 30,
    "errorCount" : 0,
    "errorPct" : 0.0,
    "meanResTime" : 235.5666666666667,
    "medianResTime" : 233.5,
    "minResTime" : 157.0,
    "maxResTime" : 332.0,
    "pct1ResTime" : 311.3,
    "pct2ResTime" : 326.5,
    "pct3ResTime" : 332.0,
    "throughput" : 25.59726962457338,
    "receivedKBytesPerSec" : 693.7176701151877,
    "sentKBytesPerSec" : 10.44221949658703
  }
}