{
  "Total" : {
    "transaction" : "Total",
    "sampleCount" : 22,
    "errorCount" : 0,
    "errorPct" : 0.0,
    "meanResTime" : 878.7272727272727,
    "medianResTime" : 763.5,
    "minResTime" : 174.0,
    "maxResTime" : 3205.0,
    "pct1ResTime" : 1097.9,
    "pct2ResTime" : 2890.1499999999955,
    "pct3ResTime" : 3205.0,
    "throughput" : 1.135601094306509,
    "receivedKBytesPerSec" : 148.07254297217776,
    "sentKBytesPerSec" : 0.483920920869251
  },
  "HTTP Request" : {
    "transaction" : "HTTP Request",
    "sampleCount" : 22,
    "errorCount" : 0,
    "errorPct" : 0.0,
    "meanResTime" : 878.7272727272727,
    "medianResTime" : 763.5,
    "minResTime" : 174.0,
    "maxResTime" : 3205.0,
    "pct1ResTime" : 1097.9,
    "pct2ResTime" : 2890.1499999999955,
    "pct3ResTime" : 3205.0,
    "throughput" : 1.135601094306509,
    "receivedKBytesPerSec" : 148.07254297217776,
    "sentKBytesPerSec" : 0.483920920869251
  }
}