{
  "Total" : {
    "transaction" : "Total",
    "sampleCount" : 5262,
    "errorCount" : 0,
    "errorPct" : 0.0,
    "meanResTime" : 369.8998479665516,
    "medianResTime" : 218.0,
    "minResTime" : 4.0,
    "maxResTime" : 3884.0,
    "pct1ResTime" : 993.0,
    "pct2ResTime" : 1313.699999999999,
    "pct3ResTime" : 1946.9599999999991,
    "throughput" : 26.696566279730497,
    "receivedKBytesPerSec" : 1260.301360972507,
    "sentKBytesPerSec" : 13.888235438207747
  },
  "HTTP Request" : {
    "transaction" : "HTTP Request",
    "sampleCount" : 5262,
    "errorCount" : 0,
    "errorPct" : 0.0,
    "meanResTime" : 369.8998479665516,
    "medianResTime" : 218.0,
    "minResTime" : 4.0,
    "maxResTime" : 3884.0,
    "pct1ResTime" : 993.0,
    "pct2ResTime" : 1313.699999999999,
    "pct3ResTime" : 1946.9599999999991,
    "throughput" : 26.696566279730497,
    "receivedKBytesPerSec" : 1260.301360972507,
    "sentKBytesPerSec" : 13.888235438207747
  }
}