{
  "Total" : {
    "transaction" : "Total",
    "sampleCount" : 735,
    "errorCount" : 0,
    "errorPct" : 0.0,
    "meanResTime" : 717.2108843537424,
    "medianResTime" : 708.0,
    "minResTime" : 166.0,
    "maxResTime" : 3420.0,
    "pct1ResTime" : 1057.4,
    "pct2ResTime" : 1244.1999999999985,
    "pct3ResTime" : 2435.999999999998,
    "throughput" : 1.3912786702783126,
    "receivedKBytesPerSec" : 203.6087033619965,
    "sentKBytesPerSec" : 0.6125700312422508
  },
  "HTTP Request" : {
    "transaction" : "HTTP Request",
    "sampleCount" : 735,
    "errorCount" : 0,
    "errorPct" : 0.0,
    "meanResTime" : 717.2108843537424,
    "medianResTime" : 708.0,
    "minResTime" : 166.0,
    "maxResTime" : 3420.0,
    "pct1ResTime" : 1057.4,
    "pct2ResTime" : 1244.1999999999985,
    "pct3ResTime" : 2435.999999999998,
    "throughput" : 1.3912786702783126,
    "receivedKBytesPerSec" : 203.6087033619965,
    "sentKBytesPerSec" : 0.6125700312422508
  }
}