{
  "Total" : {
    "transaction" : "Total",
    "sampleCount" : 20,
    "errorCount" : 0,
    "errorPct" : 0.0,
    "meanResTime" : 18457.35,
    "medianResTime" : 19415.0,
    "minResTime" : 2556.0,
    "maxResTime" : 26219.0,
    "pct1ResTime" : 26147.6,
    "pct2ResTime" : 26216.05,
    "pct3ResTime" : 26219.0,
    "throughput" : 0.4142502071251035,
    "receivedKBytesPerSec" : 201.74057904411765,
    "sentKBytesPerSec" : 0.16901732083678542
  },
  "HTTP Request" : {
    "transaction" : "HTTP Request",
    "sampleCount" : 20,
    "errorCount" : 0,
    "errorPct" : 0.0,
    "meanResTime" : 18457.35,
    "medianResTime" : 19415.0,
    "minResTime" : 2556.0,
    "maxResTime" : 26219.0,
    "pct1ResTime" : 26147.6,
    "pct2ResTime" : 26216.05,
    "pct3ResTime" : 26219.0,
    "throughput" : 0.4142502071251035,
    "receivedKBytesPerSec" : 201.74057904411765,
    "sentKBytesPerSec" : 0.16901732083678542
  }
}