{
  "Total" : {
    "transaction" : "Total",
    "sampleCount" : 22,
    "errorCount" : 0,
    "errorPct" : 0.0,
    "meanResTime" : 1533.8636363636365,
    "medianResTime" : 1000.5,
    "minResTime" : 459.0,
    "maxResTime" : 3491.0,
    "pct1ResTime" : 3231.7999999999997,
    "pct2ResTime" : 3465.3499999999995,
    "pct3ResTime" : 3491.0,
    "throughput" : 5.050505050505051,
    "receivedKBytesPerSec" : 658.5470292412764,
    "sentKBytesPerSec" : 2.152203856749311
  },
  "HTTP Request" : {
    "transaction" : "HTTP Request",
    "sampleCount" : 22,
    "errorCount" : 0,
    "errorPct" : 0.0,
    "meanResTime" : 1533.8636363636365,
    "medianResTime" : 1000.5,
    "minResTime" : 459.0,
    "maxResTime" : 3491.0,
    "pct1ResTime" : 3231.7999999999997,
    "pct2ResTime" : 3465.3499999999995,
    "pct3ResTime" : 3491.0,
    "throughput" : 5.050505050505051,
    "receivedKBytesPerSec" : 658.5470292412764,
    "sentKBytesPerSec" : 2.152203856749311
  }
}