{
  "Total" : {
    "transaction" : "Total",
    "sampleCount" : 63,
    "errorCount" : 0,
    "errorPct" : 0.0,
    "meanResTime" : 1276.8888888888885,
    "medianResTime" : 497.0,
    "minResTime" : 141.0,
    "maxResTime" : 6191.0,
    "pct1ResTime" : 5050.200000000002,
    "pct2ResTime" : 5754.4,
    "pct3ResTime" : 6191.0,
    "throughput" : 7.002334111370457,
    "receivedKBytesPerSec" : 2566.6011934533735,
    "sentKBytesPerSec" : 5.788496339057463
  },
  "HTTP Request" : {
    "transaction" : "HTTP Request",
    "sampleCount" : 63,
    "errorCount" : 0,
    "errorPct" : 0.0,
    "meanResTime" : 1276.8888888888885,
    "medianResTime" : 497.0,
    "minResTime" : 141.0,
    "maxResTime" : 6191.0,
    "pct1ResTime" : 5050.200000000002,
    "pct2ResTime" : 5754.4,
    "pct3ResTime" : 6191.0,
    "throughput" : 7.002334111370457,
    "receivedKBytesPerSec" : 2566.6011934533735,
    "sentKBytesPerSec" : 5.788496339057463
  }
}