{
  "Total" : {
    "transaction" : "Total",
    "sampleCount" : 30,
    "errorCount" : 0,
    "errorPct" : 0.0,
    "meanResTime" : 271.6333333333334,
    "medianResTime" : 170.0,
    "minResTime" : 53.0,
    "maxResTime" : 908.0,
    "pct1ResTime" : 872.8000000000001,
    "pct2ResTime" : 895.9,
    "pct3ResTime" : 908.0,
    "throughput" : 24.54991816693944,
    "receivedKBytesPerSec" : 665.4706040302782,
    "sentKBytesPerSec" : 10.01496010638298
  },
  "HTTP Request" : {
    "transaction" : "HTTP Request",
    "sampleCount" : 30,
    "errorCount" : 0,
    "errorPct" : 0.0,
    "meanResTime" : 271.6333333333334,
    "medianResTime" : 170.0,
    "minResTime" : 53.0,
    "maxResTime" : 908.0,
    "pct1ResTime" : 872.8000000000001,
    "pct2ResTime" : 895.9,
    "pct3ResTime" : 908.0,
    "throughput" : 24.54991816693944,
    "receivedKBytesPerSec" : 665.4706040302782,
    "sentKBytesPerSec" : 10.01496010638298
  }
}