{
  "qgis218-bigfile": {
    "somap218": {
      "lk_big.txt": {
        "transaction": "Total",
        "sampleCount": 5262,
        "errorCount": 1,
        "errorPct": 0.019004181,
        "meanResTime": 308.6244773850247,
        "medianResTime": 138.0,
        "minResTime": 7.0,
        "maxResTime": 64065.0,
        "pct1ResTime": 657.6999999999998,
        "pct2ResTime": 925.0,
        "pct3ResTime": 1906.4999999999945,
        "throughput": 32.230994922178866,
        "receivedKBytesPerSec": 1640.6001880064807,
        "sentKBytesPerSec": 16.232301655268625,
        "memMaxMB": 8824.3,
        "memAvgMB": 7539.0,
        "memMinMB": 3107.3,
        "cpuMax%": 99.6,
        "cpuAvg%": 97.2,
        "cpuMin%": 10.9,
        "dashboard": "results/details/compare-filesize218/20201016-081817/qgis218-bigfile/somap218/lk_big.txt/dashboard/index.html"
      },
      "av_f_big.txt": {
        "transaction": "Total",
        "sampleCount": 735,
        "errorCount": 0,
        "errorPct": 0.0,
        "meanResTime": 1119.0789115646264,
        "medianResTime": 720.0,
        "minResTime": 257.0,
        "maxResTime": 39901.0,
        "pct1ResTime": 1548.4,
        "pct2ResTime": 2170.3999999999987,
        "pct3ResTime": 8308.759999999997,
        "throughput": 8.780942368345599,
        "receivedKBytesPerSec": 1863.494555125054,
        "sentKBytesPerSec": 3.703258375495795,
        "memMaxMB": 8279.3,
        "memAvgMB": 7780.0,
        "memMinMB": 6853.8,
        "cpuMax%": 99.8,
        "cpuAvg%": 96.3,
        "cpuMin%": 30.3,
        "dashboard": "results/details/compare-filesize218/20201016-081817/qgis218-bigfile/somap218/av_f_big.txt/dashboard/index.html"
      },
      "av_sw_big.txt": {
        "transaction": "Total",
        "sampleCount": 5190,
        "errorCount": 10,
        "errorPct": 0.19267823,
        "meanResTime": 1310.0597302504839,
        "medianResTime": 788.0,
        "minResTime": 265.0,
        "maxResTime": 64069.0,
        "pct1ResTime": 1975.800000000001,
        "pct2ResTime": 2627.0499999999984,
        "pct3ResTime": 6979.360000000044,
        "throughput": 7.565741041739858,
        "receivedKBytesPerSec": 4125.490171062371,
        "sentKBytesPerSec": 3.1842662242506057,
        "memMaxMB": 10952.8,
        "memAvgMB": 10287.5,
        "memMinMB": 7445.3,
        "cpuMax%": 99.9,
        "cpuAvg%": 98.4,
        "cpuMin%": 13.2,
        "dashboard": "results/details/compare-filesize218/20201016-081817/qgis218-bigfile/somap218/av_sw_big.txt/dashboard/index.html"
      }
    }
  },
  "qgis218-smallfile": {
    "somap218_lk": {
      "lk_big.txt": {
        "transaction": "Total",
        "sampleCount": 5262,
        "errorCount": 1,
        "errorPct": 0.019004181,
        "meanResTime": 288.42474344355696,
        "medianResTime": 136.0,
        "minResTime": 5.0,
        "maxResTime": 64065.0,
        "pct1ResTime": 638.0,
        "pct2ResTime": 912.5499999999984,
        "pct3ResTime": 1795.4399999999987,
        "throughput": 34.409924078445734,
        "receivedKBytesPerSec": 1751.7487647318715,
        "sentKBytesPerSec": 17.430472934145737,
        "memMaxMB": 5076.4,
        "memAvgMB": 3855.0,
        "memMinMB": 2486.7,
        "cpuMax%": 99.5,
        "cpuAvg%": 96.3,
        "cpuMin%": 8.3,
        "dashboard": "results/details/compare-filesize218/20201016-081817/qgis218-smallfile/somap218_lk/lk_big.txt/dashboard/index.html"
      }
    },
    "somap218_grundplanav_farbig": {
      "av_f_big.txt": {
        "transaction": "Total",
        "sampleCount": 735,
        "errorCount": 0,
        "errorPct": 0.0,
        "meanResTime": 951.6136054421763,
        "medianResTime": 585.0,
        "minResTime": 219.0,
        "maxResTime": 56440.0,
        "pct1ResTime": 1308.4,
        "pct2ResTime": 1607.1999999999975,
        "pct3ResTime": 6520.079999999962,
        "throughput": 9.960429314830876,
        "receivedKBytesPerSec": 1743.4862571908202,
        "sentKBytesPerSec": 4.385505669652537,
        "memMaxMB": 4070.7,
        "memAvgMB": 3687.9,
        "memMinMB": 3186.4,
        "cpuMax%": 99.0,
        "cpuAvg%": 93.2,
        "cpuMin%": 13.3,
        "dashboard": "results/details/compare-filesize218/20201016-081817/qgis218-smallfile/somap218_grundplanav_farbig/av_f_big.txt/dashboard/index.html"
      }
    },
    "somap218_grundplanav_sw": {
      "av_sw_big.txt": {
        "transaction": "Total",
        "sampleCount": 5190,
        "errorCount": 9,
        "errorPct": 0.1734104,
        "meanResTime": 1012.9672447013463,
        "medianResTime": 485.0,
        "minResTime": 223.0,
        "maxResTime": 64066.0,
        "pct1ResTime": 1828.7000000000016,
        "pct2ResTime": 2349.8499999999976,
        "pct3ResTime": 6056.980000000003,
        "throughput": 9.77448989969377,
        "receivedKBytesPerSec": 3040.2526587636585,
        "sentKBytesPerSec": 4.257064611449901,
        "memMaxMB": 8352.8,
        "memAvgMB": 7024.1,
        "memMinMB": 3425.0,
        "cpuMax%": 99.9,
        "cpuAvg%": 98.0,
        "cpuMin%": 13.0,
        "dashboard": "results/details/compare-filesize218/20201016-081817/qgis218-smallfile/somap218_grundplanav_sw/av_sw_big.txt/dashboard/index.html"
      }
    }
  }
}