{
  "Total" : {
    "transaction" : "Total",
    "sampleCount" : 30,
    "errorCount" : 0,
    "errorPct" : 0.0,
    "meanResTime" : 82.83333333333336,
    "medianResTime" : 77.5,
    "minResTime" : 52.0,
    "maxResTime" : 248.0,
    "pct1ResTime" : 89.60000000000001,
    "pct2ResTime" : 164.94999999999987,
    "pct3ResTime" : 248.0,
    "throughput" : 11.829652996845425,
    "receivedKBytesPerSec" : 320.66446298304413,
    "sentKBytesPerSec" : 4.825820682176656
  },
  "HTTP Request" : {
    "transaction" : "HTTP Request",
    "sampleCount" : 30,
    "errorCount" : 0,
    "errorPct" : 0.0,
    "meanResTime" : 82.83333333333336,
    "medianResTime" : 77.5,
    "minResTime" : 52.0,
    "maxResTime" : 248.0,
    "pct1ResTime" : 89.60000000000001,
    "pct2ResTime" : 164.94999999999987,
    "pct3ResTime" : 248.0,
    "throughput" : 11.829652996845425,
    "receivedKBytesPerSec" : 320.66446298304413,
    "sentKBytesPerSec" : 4.825820682176656
  }
}