{
  "Total" : {
    "transaction" : "Total",
    "sampleCount" : 735,
    "errorCount" : 0,
    "errorPct" : 0.0,
    "meanResTime" : 27045.61496598639,
    "medianResTime" : 28000.0,
    "minResTime" : 3173.0,
    "maxResTime" : 45809.0,
    "pct1ResTime" : 30986.8,
    "pct2ResTime" : 32914.999999999985,
    "pct3ResTime" : 43645.75999999999,
    "throughput" : 0.3681811350999349,
    "receivedKBytesPerSec" : 68.19578280365552,
    "sentKBytesPerSec" : 0.15671423774608026
  },
  "HTTP Request" : {
    "transaction" : "HTTP Request",
    "sampleCount" : 735,
    "errorCount" : 0,
    "errorPct" : 0.0,
    "meanResTime" : 27045.61496598639,
    "medianResTime" : 28000.0,
    "minResTime" : 3173.0,
    "maxResTime" : 45809.0,
    "pct1ResTime" : 30986.8,
    "pct2ResTime" : 32914.999999999985,
    "pct3ResTime" : 43645.75999999999,
    "throughput" : 0.3681811350999349,
    "receivedKBytesPerSec" : 68.19578280365552,
    "sentKBytesPerSec" : 0.15671423774608026
  }
}