{
  "Total" : {
    "transaction" : "Total",
    "sampleCount" : 5262,
    "errorCount" : 0,
    "errorPct" : 0.0,
    "meanResTime" : 274.8215507411623,
    "medianResTime" : 131.0,
    "minResTime" : 5.0,
    "maxResTime" : 39052.0,
    "pct1ResTime" : 597.0,
    "pct2ResTime" : 858.6999999999989,
    "pct3ResTime" : 1685.4799999999996,
    "throughput" : 36.028017226623206,
    "receivedKBytesPerSec" : 1834.1493274273723,
    "sentKBytesPerSec" : 18.25012393831349
  },
  "HTTP Request" : {
    "transaction" : "HTTP Request",
    "sampleCount" : 5262,
    "errorCount" : 0,
    "errorPct" : 0.0,
    "meanResTime" : 274.8215507411623,
    "medianResTime" : 131.0,
    "minResTime" : 5.0,
    "maxResTime" : 39052.0,
    "pct1ResTime" : 597.0,
    "pct2ResTime" : 858.6999999999989,
    "pct3ResTime" : 1685.4799999999996,
    "throughput" : 36.028017226623206,
    "receivedKBytesPerSec" : 1834.1493274273723,
    "sentKBytesPerSec" : 18.25012393831349
  }
}