{
  "Total" : {
    "transaction" : "Total",
    "sampleCount" : 20,
    "errorCount" : 0,
    "errorPct" : 0.0,
    "meanResTime" : 1436.1000000000001,
    "medianResTime" : 1314.5,
    "minResTime" : 246.0,
    "maxResTime" : 2816.0,
    "pct1ResTime" : 2732.7000000000003,
    "pct2ResTime" : 2812.9,
    "pct3ResTime" : 2816.0,
    "throughput" : 4.966476285075739,
    "receivedKBytesPerSec" : 1780.6352530574868,
    "sentKBytesPerSec" : 2.0797119443754655
  },
  "HTTP Request" : {
    "transaction" : "HTTP Request",
    "sampleCount" : 20,
    "errorCount" : 0,
    "errorPct" : 0.0,
    "meanResTime" : 1436.1000000000001,
    "medianResTime" : 1314.5,
    "minResTime" : 246.0,
    "maxResTime" : 2816.0,
    "pct1ResTime" : 2732.7000000000003,
    "pct2ResTime" : 2812.9,
    "pct3ResTime" : 2816.0,
    "throughput" : 4.966476285075739,
    "receivedKBytesPerSec" : 1780.6352530574868,
    "sentKBytesPerSec" : 2.0797119443754655
  }
}