{
  "Total" : {
    "transaction" : "Total",
    "sampleCount" : 735,
    "errorCount" : 0,
    "errorPct" : 0.0,
    "meanResTime" : 1980.4421768707473,
    "medianResTime" : 1955.0,
    "minResTime" : 779.0,
    "maxResTime" : 4409.0,
    "pct1ResTime" : 2733.4,
    "pct2ResTime" : 3034.6,
    "pct3ResTime" : 4169.96,
    "throughput" : 5.980763910361776,
    "receivedKBytesPerSec" : 875.2692790000935,
    "sentKBytesPerSec" : 2.6332875028479825
  },
  "HTTP Request" : {
    "transaction" : "HTTP Request",
    "sampleCount" : 735,
    "errorCount" : 0,
    "errorPct" : 0.0,
    "meanResTime" : 1980.4421768707473,
    "medianResTime" : 1955.0,
    "minResTime" : 779.0,
    "maxResTime" : 4409.0,
    "pct1ResTime" : 2733.4,
    "pct2ResTime" : 3034.6,
    "pct3ResTime" : 4169.96,
    "throughput" : 5.980763910361776,
    "receivedKBytesPerSec" : 875.2692790000935,
    "sentKBytesPerSec" : 2.6332875028479825
  }
}