{
  "Total" : {
    "transaction" : "Total",
    "sampleCount" : 5190,
    "errorCount" : 0,
    "errorPct" : 0.0,
    "meanResTime" : 627.2001926782266,
    "medianResTime" : 346.0,
    "minResTime" : 19.0,
    "maxResTime" : 20009.0,
    "pct1ResTime" : 1022.7000000000016,
    "pct2ResTime" : 1720.4499999999998,
    "pct3ResTime" : 8018.700000000004,
    "throughput" : 15.818010588009399,
    "receivedKBytesPerSec" : 4222.081105353969,
    "sentKBytesPerSec" : 7.132825810253971
  },
  "HTTP Request" : {
    "transaction" : "HTTP Request",
    "sampleCount" : 5190,
    "errorCount" : 0,
    "errorPct" : 0.0,
    "meanResTime" : 627.2001926782266,
    "medianResTime" : 346.0,
    "minResTime" : 19.0,
    "maxResTime" : 20009.0,
    "pct1ResTime" : 1022.7000000000016,
    "pct2ResTime" : 1720.4499999999998,
    "pct3ResTime" : 8018.700000000004,
    "throughput" : 15.818010588009399,
    "receivedKBytesPerSec" : 4222.081105353969,
    "sentKBytesPerSec" : 7.132825810253971
  }
}