{
  "Total" : {
    "transaction" : "Total",
    "sampleCount" : 20,
    "errorCount" : 0,
    "errorPct" : 0.0,
    "meanResTime" : 531.1,
    "medianResTime" : 408.5,
    "minResTime" : 205.0,
    "maxResTime" : 1339.0,
    "pct1ResTime" : 1140.5000000000005,
    "pct2ResTime" : 1330.1,
    "pct3ResTime" : 1339.0,
    "throughput" : 1.8728345350688265,
    "receivedKBytesPerSec" : 582.7290820477104,
    "sentKBytesPerSec" : 0.7842494615600711
  },
  "HTTP Request" : {
    "transaction" : "HTTP Request",
    "sampleCount" : 20,
    "errorCount" : 0,
    "errorPct" : 0.0,
    "meanResTime" : 531.1,
    "medianResTime" : 408.5,
    "minResTime" : 205.0,
    "maxResTime" : 1339.0,
    "pct1ResTime" : 1140.5000000000005,
    "pct2ResTime" : 1330.1,
    "pct3ResTime" : 1339.0,
    "throughput" : 1.8728345350688265,
    "receivedKBytesPerSec" : 582.7290820477104,
    "sentKBytesPerSec" : 0.7842494615600711
  }
}