{
  "Total" : {
    "transaction" : "Total",
    "sampleCount" : 735,
    "errorCount" : 0,
    "errorPct" : 0.0,
    "meanResTime" : 5208.9972789115545,
    "medianResTime" : 5357.0,
    "minResTime" : 2381.0,
    "maxResTime" : 8717.0,
    "pct1ResTime" : 6766.4,
    "pct2ResTime" : 7551.2,
    "pct3ResTime" : 8294.96,
    "throughput" : 2.2828568322643767,
    "receivedKBytesPerSec" : 334.08784121527185,
    "sentKBytesPerSec" : 1.005125508595655
  },
  "HTTP Request" : {
    "transaction" : "HTTP Request",
    "sampleCount" : 735,
    "errorCount" : 0,
    "errorPct" : 0.0,
    "meanResTime" : 5208.9972789115545,
    "medianResTime" : 5357.0,
    "minResTime" : 2381.0,
    "maxResTime" : 8717.0,
    "pct1ResTime" : 6766.4,
    "pct2ResTime" : 7551.2,
    "pct3ResTime" : 8294.96,
    "throughput" : 2.2828568322643767,
    "receivedKBytesPerSec" : 334.08784121527185,
    "sentKBytesPerSec" : 1.005125508595655
  }
}