{
  "Total" : {
    "transaction" : "Total",
    "sampleCount" : 30,
    "errorCount" : 0,
    "errorPct" : 0.0,
    "meanResTime" : 13789.433333333332,
    "medianResTime" : 16198.0,
    "minResTime" : 2028.0,
    "maxResTime" : 16332.0,
    "pct1ResTime" : 16303.7,
    "pct2ResTime" : 16317.7,
    "pct3ResTime" : 16332.0,
    "throughput" : 0.6115709218412363,
    "receivedKBytesPerSec" : 16.577752642496023,
    "sentKBytesPerSec" : 0.2500831354221878
  },
  "HTTP Request" : {
    "transaction" : "HTTP Request",
    "sampleCount" : 30,
    "errorCount" : 0,
    "errorPct" : 0.0,
    "meanResTime" : 13789.433333333332,
    "medianResTime" : 16198.0,
    "minResTime" : 2028.0,
    "maxResTime" : 16332.0,
    "pct1ResTime" : 16303.7,
    "pct2ResTime" : 16317.7,
    "pct3ResTime" : 16332.0,
    "throughput" : 0.6115709218412363,
    "receivedKBytesPerSec" : 16.577752642496023,
    "sentKBytesPerSec" : 0.2500831354221878
  }
}