{
  "Total" : {
    "transaction" : "Total",
    "sampleCount" : 20,
    "errorCount" : 0,
    "errorPct" : 0.0,
    "meanResTime" : 3915.2000000000003,
    "medianResTime" : 3922.5,
    "minResTime" : 2672.0,
    "maxResTime" : 6015.0,
    "pct1ResTime" : 5387.4000000000015,
    "pct2ResTime" : 5987.7,
    "pct3ResTime" : 6015.0,
    "throughput" : 2.9642804209278197,
    "receivedKBytesPerSec" : 922.3276027771602,
    "sentKBytesPerSec" : 1.2412924262635245
  },
  "HTTP Request" : {
    "transaction" : "HTTP Request",
    "sampleCount" : 20,
    "errorCount" : 0,
    "errorPct" : 0.0,
    "meanResTime" : 3915.2000000000003,
    "medianResTime" : 3922.5,
    "minResTime" : 2672.0,
    "maxResTime" : 6015.0,
    "pct1ResTime" : 5387.4000000000015,
    "pct2ResTime" : 5987.7,
    "pct3ResTime" : 6015.0,
    "throughput" : 2.9642804209278197,
    "receivedKBytesPerSec" : 922.3276027771602,
    "sentKBytesPerSec" : 1.2412924262635245
  }
}