{
  "Total" : {
    "transaction" : "Total",
    "sampleCount" : 30,
    "errorCount" : 0,
    "errorPct" : 0.0,
    "meanResTime" : 82.93333333333332,
    "medianResTime" : 78.5,
    "minResTime" : 55.0,
    "maxResTime" : 227.0,
    "pct1ResTime" : 88.9,
    "pct2ResTime" : 152.7499999999999,
    "pct3ResTime" : 227.0,
    "throughput" : 11.834319526627219,
    "receivedKBytesPerSec" : 320.77940088757396,
    "sentKBytesPerSec" : 4.827724358974359
  },
  "HTTP Request" : {
    "transaction" : "HTTP Request",
    "sampleCount" : 30,
    "errorCount" : 0,
    "errorPct" : 0.0,
    "meanResTime" : 82.93333333333332,
    "medianResTime" : 78.5,
    "minResTime" : 55.0,
    "maxResTime" : 227.0,
    "pct1ResTime" : 88.9,
    "pct2ResTime" : 152.7499999999999,
    "pct3ResTime" : 227.0,
    "throughput" : 11.834319526627219,
    "receivedKBytesPerSec" : 320.77940088757396,
    "sentKBytesPerSec" : 4.827724358974359
  }
}