{
  "Total" : {
    "transaction" : "Total",
    "sampleCount" : 22,
    "errorCount" : 0,
    "errorPct" : 0.0,
    "meanResTime" : 23293.318181818184,
    "medianResTime" : 26712.0,
    "minResTime" : 3479.0,
    "maxResTime" : 30772.0,
    "pct1ResTime" : 30654.6,
    "pct2ResTime" : 30760.6,
    "pct3ResTime" : 30772.0,
    "throughput" : 0.35344204353763353,
    "receivedKBytesPerSec" : 46.33492147963692,
    "sentKBytesPerSec" : 0.14543713350469917
  },
  "HTTP Request" : {
    "transaction" : "HTTP Request",
    "sampleCount" : 22,
    "errorCount" : 0,
    "errorPct" : 0.0,
    "meanResTime" : 23293.318181818184,
    "medianResTime" : 26712.0,
    "minResTime" : 3479.0,
    "maxResTime" : 30772.0,
    "pct1ResTime" : 30654.6,
    "pct2ResTime" : 30760.6,
    "pct3ResTime" : 30772.0,
    "throughput" : 0.35344204353763353,
    "receivedKBytesPerSec" : 46.33492147963692,
    "sentKBytesPerSec" : 0.14543713350469917
  }
}