{
  "Total" : {
    "transaction" : "Total",
    "sampleCount" : 735,
    "errorCount" : 735,
    "errorPct" : 100.0,
    "meanResTime" : 12.096598639455795,
    "medianResTime" : 10.0,
    "minResTime" : 6.0,
    "maxResTime" : 64.0,
    "pct1ResTime" : 19.0,
    "pct2ResTime" : 23.0,
    "pct3ResTime" : 31.0,
    "throughput" : 584.7255369928401,
    "receivedKBytesPerSec" : 153.03363663484487,
    "sentKBytesPerSec" : 257.4504648965792
  },
  "HTTP Request" : {
    "transaction" : "HTTP Request",
    "sampleCount" : 735,
    "errorCount" : 735,
    "errorPct" : 100.0,
    "meanResTime" : 12.096598639455795,
    "medianResTime" : 10.0,
    "minResTime" : 6.0,
    "maxResTime" : 64.0,
    "pct1ResTime" : 19.0,
    "pct2ResTime" : 23.0,
    "pct3ResTime" : 31.0,
    "throughput" : 584.7255369928401,
    "receivedKBytesPerSec" : 153.03363663484487,
    "sentKBytesPerSec" : 257.4504648965792
  }
}