{
  "Total" : {
    "transaction" : "Total",
    "sampleCount" : 20,
    "errorCount" : 0,
    "errorPct" : 0.0,
    "meanResTime" : 704.6500000000001,
    "medianResTime" : 787.0,
    "minResTime" : 224.0,
    "maxResTime" : 1324.0,
    "pct1ResTime" : 1235.8,
    "pct2ResTime" : 1319.6,
    "pct3ResTime" : 1324.0,
    "throughput" : 9.487666034155597,
    "receivedKBytesPerSec" : 161.1610716615275,
    "sentKBytesPerSec" : 3.8710418643263753
  },
  "HTTP Request" : {
    "transaction" : "HTTP Request",
    "sampleCount" : 20,
    "errorCount" : 0,
    "errorPct" : 0.0,
    "meanResTime" : 704.6500000000001,
    "medianResTime" : 787.0,
    "minResTime" : 224.0,
    "maxResTime" : 1324.0,
    "pct1ResTime" : 1235.8,
    "pct2ResTime" : 1319.6,
    "pct3ResTime" : 1324.0,
    "throughput" : 9.487666034155597,
    "receivedKBytesPerSec" : 161.1610716615275,
    "sentKBytesPerSec" : 3.8710418643263753
  }
}