{
  "Total" : {
    "transaction" : "Total",
    "sampleCount" : 22,
    "errorCount" : 0,
    "errorPct" : 0.0,
    "meanResTime" : 23524.909090909092,
    "medianResTime" : 27031.0,
    "minResTime" : 3429.0,
    "maxResTime" : 31293.0,
    "pct1ResTime" : 31160.4,
    "pct2ResTime" : 31276.8,
    "pct3ResTime" : 31293.0,
    "throughput" : 0.34939491153956104,
    "receivedKBytesPerSec" : 45.804357708922275,
    "sentKBytesPerSec" : 0.1437717875520122
  },
  "HTTP Request" : {
    "transaction" : "HTTP Request",
    "sampleCount" : 22,
    "errorCount" : 0,
    "errorPct" : 0.0,
    "meanResTime" : 23524.909090909092,
    "medianResTime" : 27031.0,
    "minResTime" : 3429.0,
    "maxResTime" : 31293.0,
    "pct1ResTime" : 31160.4,
    "pct2ResTime" : 31276.8,
    "pct3ResTime" : 31293.0,
    "throughput" : 0.34939491153956104,
    "receivedKBytesPerSec" : 45.804357708922275,
    "sentKBytesPerSec" : 0.1437717875520122
  }
}