{
  "Total" : {
    "transaction" : "Total",
    "sampleCount" : 20,
    "errorCount" : 0,
    "errorPct" : 0.0,
    "meanResTime" : 1397.15,
    "medianResTime" : 1040.5,
    "minResTime" : 735.0,
    "maxResTime" : 2509.0,
    "pct1ResTime" : 2450.6,
    "pct2ResTime" : 2506.1,
    "pct3ResTime" : 2509.0,
    "throughput" : 4.7247814788566025,
    "receivedKBytesPerSec" : 1469.5715306077252,
    "sentKBytesPerSec" : 1.9785022442712026
  },
  "HTTP Request" : {
    "transaction" : "HTTP Request",
    "sampleCount" : 20,
    "errorCount" : 0,
    "errorPct" : 0.0,
    "meanResTime" : 1397.15,
    "medianResTime" : 1040.5,
    "minResTime" : 735.0,
    "maxResTime" : 2509.0,
    "pct1ResTime" : 2450.6,
    "pct2ResTime" : 2506.1,
    "pct3ResTime" : 2509.0,
    "throughput" : 4.7247814788566025,
    "receivedKBytesPerSec" : 1469.5715306077252,
    "sentKBytesPerSec" : 1.9785022442712026
  }
}