{
  "Total" : {
    "transaction" : "Total",
    "sampleCount" : 22,
    "errorCount" : 0,
    "errorPct" : 0.0,
    "meanResTime" : 4601.636363636364,
    "medianResTime" : 4745.0,
    "minResTime" : 2660.0,
    "maxResTime" : 6094.0,
    "pct1ResTime" : 6042.5,
    "pct2ResTime" : 6087.85,
    "pct3ResTime" : 6094.0,
    "throughput" : 2.8526970954356843,
    "receivedKBytesPerSec" : 371.9669832728216,
    "sentKBytesPerSec" : 1.2156379668049793
  },
  "HTTP Request" : {
    "transaction" : "HTTP Request",
    "sampleCount" : 22,
    "errorCount" : 0,
    "errorPct" : 0.0,
    "meanResTime" : 4601.636363636364,
    "medianResTime" : 4745.0,
    "minResTime" : 2660.0,
    "maxResTime" : 6094.0,
    "pct1ResTime" : 6042.5,
    "pct2ResTime" : 6087.85,
    "pct3ResTime" : 6094.0,
    "throughput" : 2.8526970954356843,
    "receivedKBytesPerSec" : 371.9669832728216,
    "sentKBytesPerSec" : 1.2156379668049793
  }
}