{
  "Total" : {
    "transaction" : "Total",
    "sampleCount" : 5190,
    "errorCount" : 0,
    "errorPct" : 0.0,
    "meanResTime" : 232.83969171483633,
    "medianResTime" : 144.0,
    "minResTime" : 28.0,
    "maxResTime" : 2193.0,
    "pct1ResTime" : 548.0,
    "pct2ResTime" : 645.0,
    "pct3ResTime" : 864.0,
    "throughput" : 42.490134756766494,
    "receivedKBytesPerSec" : 8119.214179393922,
    "sentKBytesPerSec" : 19.077115577874018
  },
  "HTTP Request" : {
    "transaction" : "HTTP Request",
    "sampleCount" : 5190,
    "errorCount" : 0,
    "errorPct" : 0.0,
    "meanResTime" : 232.83969171483633,
    "medianResTime" : 144.0,
    "minResTime" : 28.0,
    "maxResTime" : 2193.0,
    "pct1ResTime" : 548.0,
    "pct2ResTime" : 645.0,
    "pct3ResTime" : 864.0,
    "throughput" : 42.490134756766494,
    "receivedKBytesPerSec" : 8119.214179393922,
    "sentKBytesPerSec" : 19.077115577874018
  }
}