{
  "qgis310-stock": {
    "somap310_lk": {
      "lk_big.txt": {
        "transaction": "Total",
        "sampleCount": 5262,
        "errorCount": 0,
        "errorPct": 0.0,
        "meanResTime": 316.8291524135303,
        "medianResTime": 179.5,
        "minResTime": 30.0,
        "maxResTime": 3589.0,
        "pct1ResTime": 796.6999999999998,
        "pct2ResTime": 1037.8499999999995,
        "pct3ResTime": 1684.0699999999988,
        "throughput": 31.116577767790616,
        "receivedKBytesPerSec": 1472.8659696063417,
        "sentKBytesPerSec": 15.762216311440755,
        "memMaxMB": 5416.2,
        "memAvgMB": 4032.0,
        "memMinMB": 2601.0,
        "cpuMax%": 97.4,
        "cpuAvg%": 81.1,
        "cpuMin%": 1.5,
        "dashboard": "results/details/compare-310/20201027-222853/qgis310-stock/somap310_lk/lk_big.txt/dashboard/index.html"
      }
    },
    "somap310_grundplanav_farbig": {
      "av_f_big.txt": {
        "transaction": "Total",
        "sampleCount": 735,
        "errorCount": 0,
        "errorPct": 0.0,
        "meanResTime": 859.325170068027,
        "medianResTime": 799.0,
        "minResTime": 186.0,
        "maxResTime": 3961.0,
        "pct1ResTime": 1354.4,
        "pct2ResTime": 1544.9999999999982,
        "pct3ResTime": 3091.5199999999995,
        "throughput": 11.476664116296863,
        "receivedKBytesPerSec": 1679.586112431296,
        "sentKBytesPerSec": 5.053092990256546,
        "memMaxMB": 5622.0,
        "memAvgMB": 4479.8,
        "memMinMB": 3217.8,
        "cpuMax%": 97.6,
        "cpuAvg%": 87.8,
        "cpuMin%": 25.6,
        "dashboard": "results/details/compare-310/20201027-222853/qgis310-stock/somap310_grundplanav_farbig/av_f_big.txt/dashboard/index.html"
      }
    },
    "somap310_grundplanav_sw": {
      "av_sw_big.txt": {
        "transaction": "Total",
        "sampleCount": 5190,
        "errorCount": 0,
        "errorPct": 0.0,
        "meanResTime": 885.9641618497114,
        "medianResTime": 738.0,
        "minResTime": 182.0,
        "maxResTime": 6209.0,
        "pct1ResTime": 1596.0,
        "pct2ResTime": 1996.4499999999998,
        "pct3ResTime": 2830.720000000001,
        "throughput": 11.229707010669305,
        "receivedKBytesPerSec": 3039.2213474782925,
        "sentKBytesPerSec": 4.890852494877393,
        "memMaxMB": 7635.9,
        "memAvgMB": 6258.7,
        "memMinMB": 3987.8,
        "cpuMax%": 99.0,
        "cpuAvg%": 84.1,
        "cpuMin%": 28.8,
        "dashboard": "results/details/compare-310/20201027-222853/qgis310-stock/somap310_grundplanav_sw/av_sw_big.txt/dashboard/index.html"
      }
    }
  },
  "qgis310-maxcache20": {
    "somap310_lk": {
      "lk_big.txt": {
        "transaction": "Total",
        "sampleCount": 5262,
        "errorCount": 0,
        "errorPct": 0.0,
        "meanResTime": 315.41714177118996,
        "medianResTime": 162.0,
        "minResTime": 28.0,
        "maxResTime": 3612.0,
        "pct1ResTime": 786.0,
        "pct2ResTime": 1066.2499999999973,
        "pct3ResTime": 1721.37,
        "throughput": 31.30875597972249,
        "receivedKBytesPerSec": 1481.9596713644178,
        "sentKBytesPerSec": 15.85956488779839,
        "memMaxMB": 5861.0,
        "memAvgMB": 4068.4,
        "memMinMB": 2596.1,
        "cpuMax%": 99.0,
        "cpuAvg%": 81.7,
        "cpuMin%": 14.3,
        "dashboard": "results/details/compare-310/20201027-222853/qgis310-maxcache20/somap310_lk/lk_big.txt/dashboard/index.html"
      }
    },
    "somap310_grundplanav_farbig": {
      "av_f_big.txt": {
        "transaction": "Total",
        "sampleCount": 735,
        "errorCount": 0,
        "errorPct": 0.0,
        "meanResTime": 871.7142857142843,
        "medianResTime": 805.0,
        "minResTime": 187.0,
        "maxResTime": 3432.0,
        "pct1ResTime": 1396.8,
        "pct2ResTime": 1632.3999999999999,
        "pct3ResTime": 2914.759999999999,
        "throughput": 11.305952930318412,
        "receivedKBytesPerSec": 1654.6026873269495,
        "sentKBytesPerSec": 4.9779300780649125,
        "memMaxMB": 5128.1,
        "memAvgMB": 4435.9,
        "memMinMB": 3212.6,
        "cpuMax%": 97.9,
        "cpuAvg%": 87.9,
        "cpuMin%": 25.7,
        "dashboard": "results/details/compare-310/20201027-222853/qgis310-maxcache20/somap310_grundplanav_farbig/av_f_big.txt/dashboard/index.html"
      }
    },
    "somap310_grundplanav_sw": {
      "av_sw_big.txt": {
        "transaction": "Total",
        "sampleCount": 5190,
        "errorCount": 0,
        "errorPct": 0.0,
        "meanResTime": 893.9691714836229,
        "medianResTime": 734.0,
        "minResTime": 181.0,
        "maxResTime": 8648.0,
        "pct1ResTime": 1609.0,
        "pct2ResTime": 2040.0,
        "pct3ResTime": 3009.0800000000017,
        "throughput": 11.139538277943286,
        "receivedKBytesPerSec": 3014.7909431690377,
        "sentKBytesPerSec": 4.851581481751762,
        "memMaxMB": 7794.6,
        "memAvgMB": 6182.1,
        "memMinMB": 3948.8,
        "cpuMax%": 99.2,
        "cpuAvg%": 84.6,
        "cpuMin%": 29.3,
        "dashboard": "results/details/compare-310/20201027-222853/qgis310-maxcache20/somap310_grundplanav_sw/av_sw_big.txt/dashboard/index.html"
      }
    }
  },
  "qgis310-maxcache200": {
    "somap310_lk": {
      "lk_big.txt": {
        "transaction": "Total",
        "sampleCount": 5262,
        "errorCount": 0,
        "errorPct": 0.0,
        "meanResTime": 314.58114785252724,
        "medianResTime": 172.0,
        "minResTime": 30.0,
        "maxResTime": 2457.0,
        "pct1ResTime": 758.0,
        "pct2ResTime": 989.0,
        "pct3ResTime": 1601.0,
        "throughput": 31.39112434154402,
        "receivedKBytesPerSec": 1485.8674609866698,
        "sentKBytesPerSec": 15.901288882832121,
        "memMaxMB": 5199.7,
        "memAvgMB": 4045.3,
        "memMinMB": 2595.1,
        "cpuMax%": 98.2,
        "cpuAvg%": 82.0,
        "cpuMin%": 14.2,
        "dashboard": "results/details/compare-310/20201027-222853/qgis310-maxcache200/somap310_lk/lk_big.txt/dashboard/index.html"
      }
    },
    "somap310_grundplanav_farbig": {
      "av_f_big.txt": {
        "transaction": "Total",
        "sampleCount": 735,
        "errorCount": 0,
        "errorPct": 0.0,
        "meanResTime": 838.2598639455792,
        "medianResTime": 756.0,
        "minResTime": 175.0,
        "maxResTime": 3496.0,
        "pct1ResTime": 1350.8,
        "pct2ResTime": 1599.1999999999996,
        "pct3ResTime": 3076.7999999999997,
        "throughput": 11.739713774597496,
        "receivedKBytesPerSec": 1718.0627188717897,
        "sentKBytesPerSec": 5.1689118702881425,
        "memMaxMB": 5518.8,
        "memAvgMB": 4733.8,
        "memMinMB": 3240.3,
        "cpuMax%": 98.7,
        "cpuAvg%": 86.9,
        "cpuMin%": 25.3,
        "dashboard": "results/details/compare-310/20201027-222853/qgis310-maxcache200/somap310_grundplanav_farbig/av_f_big.txt/dashboard/index.html"
      }
    },
    "somap310_grundplanav_sw": {
      "av_sw_big.txt": {
        "transaction": "Total",
        "sampleCount": 5190,
        "errorCount": 0,
        "errorPct": 0.0,
        "meanResTime": 874.9188824662833,
        "medianResTime": 726.0,
        "minResTime": 186.0,
        "maxResTime": 5906.0,
        "pct1ResTime": 1572.9000000000005,
        "pct2ResTime": 1955.0,
        "pct3ResTime": 2818.540000000001,
        "throughput": 11.359084969895141,
        "receivedKBytesPerSec": 3074.2765461330137,
        "sentKBytesPerSec": 4.94720022630624,
        "memMaxMB": 8440.7,
        "memAvgMB": 7008.0,
        "memMinMB": 4534.3,
        "cpuMax%": 99.6,
        "cpuAvg%": 82.8,
        "cpuMin%": 29.8,
        "dashboard": "results/details/compare-310/20201027-222853/qgis310-maxcache200/somap310_grundplanav_sw/av_sw_big.txt/dashboard/index.html"
      }
    }
  },
  "qgis310-cachesize20": {
    "somap310_lk": {
      "lk_big.txt": {
        "transaction": "Total",
        "sampleCount": 5262,