{
  "Total" : {
    "transaction" : "Total",
    "sampleCount" : 5190,
    "errorCount" : 0,
    "errorPct" : 0.0,
    "meanResTime" : 874.9188824662833,
    "medianResTime" : 726.0,
    "minResTime" : 186.0,
    "maxResTime" : 5906.0,
    "pct1ResTime" : 1572.9000000000005,
    "pct2ResTime" : 1955.0,
    "pct3ResTime" : 2818.540000000001,
    "throughput" : 11.359084969895141,
    "receivedKBytesPerSec" : 3074.2765461330137,
    "sentKBytesPerSec" : 4.94720022630624
  },
  "HTTP Request" : {
    "transaction" : "HTTP Request",
    "sampleCount" : 5190,
    "errorCount" : 0,
    "errorPct" : 0.0,
    "meanResTime" : 874.9188824662833,
    "medianResTime" : 726.0,
    "minResTime" : 186.0,
    "maxResTime" : 5906.0,
    "pct1ResTime" : 1572.9000000000005,
    "pct2ResTime" : 1955.0,
    "pct3ResTime" : 2818.540000000001,
    "throughput" : 11.359084969895141,
    "receivedKBytesPerSec" : 3074.2765461330137,
    "sentKBytesPerSec" : 4.94720022630624
  }
}