{
  "Total" : {
    "transaction" : "Total",
    "sampleCount" : 735,
    "errorCount" : 735,
    "errorPct" : 100.0,
    "meanResTime" : 12.299319727891154,
    "medianResTime" : 10.0,
    "minResTime" : 6.0,
    "maxResTime" : 72.0,
    "pct1ResTime" : 19.0,
    "pct2ResTime" : 23.0,
    "pct3ResTime" : 33.639999999999986,
    "throughput" : 577.8301886792453,
    "receivedKBytesPerSec" : 151.22899469339623,
    "sentKBytesPerSec" : 254.4144924331761
  },
  "HTTP Request" : {
    "transaction" : "HTTP Request",
    "sampleCount" : 735,
    "errorCount" : 735,
    "errorPct" : 100.0,
    "meanResTime" : 12.299319727891154,
    "medianResTime" : 10.0,
    "minResTime" : 6.0,
    "maxResTime" : 72.0,
    "pct1ResTime" : 19.0,
    "pct2ResTime" : 23.0,
    "pct3ResTime" : 33.639999999999986,
    "throughput" : 577.8301886792453,
    "receivedKBytesPerSec" : 151.22899469339623,
    "sentKBytesPerSec" : 254.4144924331761
  }
}