{
  "qgis310-stock": {
    "somap310_lk": {
      "lk_big.txt": {
        "transaction": "Total",
        "sampleCount": 5272,
        "errorCount": 0,
        "errorPct": 0.0,
        "meanResTime": 381.05899089529674,
        "medianResTime": 195.0,
        "minResTime": 28.0,
        "maxResTime": 5870.0,
        "pct1ResTime": 913.0,
        "pct2ResTime": 1256.699999999999,
        "pct3ResTime": 2151.8099999999986,
        "throughput": 26.050519824485118,
        "receivedKBytesPerSec": 1242.5332605289782,
        "sentKBytesPerSec": 13.196608085012551,
        "dashboard": "results/details/compare-310/20201008-193419/qgis310-stock/somap310_lk/lk_big.txt/dashboard/index.html"
      }
    },
    "somap310_grundplanav_farbig": {
      "av_f_big.txt": {
        "transaction": "Total",
        "sampleCount": 735,
        "errorCount": 0,
        "errorPct": 0.0,
        "meanResTime": 924.3102040816327,
        "medianResTime": 812.0,
        "minResTime": 172.0,
        "maxResTime": 4927.0,
        "pct1ResTime": 1503.4,
        "pct2ResTime": 1744.999999999999,
        "pct3ResTime": 4180.719999999999,
        "throughput": 10.695887540382433,
        "receivedKBytesPerSec": 1565.3018439037078,
        "sentKBytesPerSec": 4.709322657455106,
        "dashboard": "results/details/compare-310/20201008-193419/qgis310-stock/somap310_grundplanav_farbig/av_f_big.txt/dashboard/index.html"
      }
    },
    "somap310_grundplanav_sw": {
      "av_sw_big.txt": {
        "transaction": "Total",
        "sampleCount": 5191,
        "errorCount": 1,
        "errorPct": 0.019264111,
        "meanResTime": 855.0433442496615,
        "medianResTime": 692.0,
        "minResTime": 181.0,
        "maxResTime": 8798.0,
        "pct1ResTime": 1560.0,
        "pct2ResTime": 1955.199999999999,
        "pct3ResTime": 2903.7999999999993,
        "throughput": 11.638517641625132,
        "receivedKBytesPerSec": 3149.2392981016505,
        "sentKBytesPerSec": 5.068806888691961,
        "dashboard": "results/details/compare-310/20201008-193419/qgis310-stock/somap310_grundplanav_sw/av_sw_big.txt/dashboard/index.html"
      }
    }
  },
  "qgis310-maxcache20": {
    "somap310_lk": {
      "lk_big.txt": {
        "transaction": "Total",
        "sampleCount": 5272,
        "errorCount": 0,
        "errorPct": 0.0,
        "meanResTime": 302.6771623672227,
        "medianResTime": 182.0,
        "minResTime": 27.0,
        "maxResTime": 2312.0,
        "pct1ResTime": 728.0,
        "pct2ResTime": 961.3499999999995,
        "pct3ResTime": 1527.1599999999962,
        "throughput": 32.68606006497533,
        "receivedKBytesPerSec": 1559.0272490072352,
        "sentKBytesPerSec": 16.55802369499107,
        "dashboard": "results/details/compare-310/20201008-193419/qgis310-maxcache20/somap310_lk/lk_big.txt/dashboard/index.html"
      }
    },
    "somap310_grundplanav_farbig": {
      "av_f_big.txt": {
        "transaction": "Total",
        "sampleCount": 735,
        "errorCount": 0,
        "errorPct": 0.0,
        "meanResTime": 829.7387755102035,
        "medianResTime": 774.0,
        "minResTime": 171.0,
        "maxResTime": 3283.0,
        "pct1ResTime": 1311.4,
        "pct2ResTime": 1541.7999999999993,
        "pct3ResTime": 3089.5199999999995,
        "throughput": 11.88435792128836,
        "receivedKBytesPerSec": 1739.2201685941695,
        "sentKBytesPerSec": 5.232597651828736,
        "dashboard": "results/details/compare-310/20201008-193419/qgis310-maxcache20/somap310_grundplanav_farbig/av_f_big.txt/dashboard/index.html"
      }
    },
    "somap310_grundplanav_sw": {
      "av_sw_big.txt": {
        "transaction": "Total",
        "sampleCount": 5191,
        "errorCount": 1,
        "errorPct": 0.019264111,
        "meanResTime": 858.6698131381232,
        "medianResTime": 700.0,
        "minResTime": 178.0,
        "maxResTime": 5724.0,
        "pct1ResTime": 1521.0,
        "pct2ResTime": 1921.3999999999996,
        "pct3ResTime": 2980.16,
        "throughput": 11.586536315343066,
        "receivedKBytesPerSec": 3135.2099650789864,
        "sentKBytesPerSec": 5.046167982874649,
        "dashboard": "results/details/compare-310/20201008-193419/qgis310-maxcache20/somap310_grundplanav_sw/av_sw_big.txt/dashboard/index.html"
      }
    }
  },
  "qgis310-maxcache200": {
    "somap310_lk": {
      "lk_big.txt": {
        "transaction": "Total",
        "sampleCount": 5272,
        "errorCount": 0,
        "errorPct": 0.0,
        "meanResTime": 305.21452959028863,
        "medianResTime": 173.0,
        "minResTime": 27.0,
        "maxResTime": 2491.0,
        "pct1ResTime": 739.6999999999998,
        "pct2ResTime": 965.0,
        "pct3ResTime": 1556.2699999999995,
        "throughput": 32.480054215568494,
        "receivedKBytesPerSec": 1549.2197427167082,
        "sentKBytesPerSec": 16.45366575986508,
        "dashboard": "results/details/compare-310/20201008-193419/qgis310-maxcache200/somap310_lk/lk_big.txt/dashboard/index.html"
      }
    },
    "somap310_grundplanav_farbig": {
      "av_f_big.txt": {
        "transaction": "Total",
        "sampleCount": 735,
        "errorCount": 0,
        "errorPct": 0.0,
        "meanResTime": 852.2231292517014,
        "medianResTime": 794.0,
        "minResTime": 170.0,
        "maxResTime": 3747.0,
        "pct1ResTime": 1308.3999999999996,
        "pct2ResTime": 1675.5999999999995,
        "pct3ResTime": 3018.16,
        "throughput": 11.579909251323418,
        "receivedKBytesPerSec": 1694.659791546863,
        "sentKBytesPerSec": 5.098551083548651,
        "dashboard": "results/details/compare-310/20201008-193419/qgis310-maxcache200/somap310_grundplanav_farbig/av_f_big.txt/dashboard/index.html"
      }
    },
    "somap310_grundplanav_sw": {
      "av_sw_big.txt": {
        "transaction": "Total",
        "sampleCount": 5191,
        "errorCount": 1,
        "errorPct": 0.019264111,
        "meanResTime": 880.2450394914276,
        "medianResTime": 727.0,
        "minResTime": 183.0,
        "maxResTime": 8583.0,
        "pct1ResTime": 1600.6000000000004,
        "pct2ResTime": 1978.3999999999996,
        "pct3ResTime": 2938.9199999999964,
        "throughput": 11.31676477000218,
        "receivedKBytesPerSec": 3062.274381489127,
        "sentKBytesPerSec": 4.928677086739699,
        "dashboard": "results/details/compare-310/20201008-193419/qgis310-maxcache200/somap310_grundplanav_sw/av_sw_big.txt/dashboard/index.html"
      }
    }
  },
  "qgis310-cachesize20": {
    "somap310_lk": {
      "lk_big.txt": {
        "transaction": "Total",
        "sampleCount": 5272,
        "errorCount": 0,
        "errorPct": 0.0,
        "meanResTime": 308.12025796661567,
        "medianResTime": 163.0,
        "minResTime": 27.0,
        "maxResTime": 3188.0,
        "pct1ResTime": 756.6999999999998,
        "pct2ResTime": 991.0,
        "pct3ResTime": 1542.079999999998,
        "throughput": 32.141637809101105,
        "receivedKBytesPerSec": 1533.0190937187547,
        "sentKBytesPerSec": 16.282231611303832,
        "dashboard": "results/details/compare-310/20201008-193419/qgis310-cachesize20/somap310_lk/lk_big.txt/dashboard/index.html"
      }
    },
    "somap310_grundplanav_farbig": {
      "av_f_big.txt": {
        "transaction": "Total",
        "sampleCount": 735,
        "errorCount": 0,
        "errorPct": 0.0,
        "meanResTime": 839.0421768707484,
        "medianResTime": 773.0,
        "minResTime": 184.0,
        "maxResTime": 3335.0,
        "pct1ResTime": 1273.0,
        "pct2ResTime": 1462.799999999999,
        "pct3ResTime": 2950.72,
        "throughput": 11.75041166408211,
        "receivedKBytesPerSec": 1719.637869248693,
        "sentKBytesPerSec": 5.1736220743873,
        "dashboard": "results/details/compare-310/20201008-193419/qgis310-cachesize20/somap310_grundplanav_farbig/av_f_big.txt/dashboard/index.html"
      }
    },