{
  "qgis310-bigfile": {
    "somap310_fix": {
      "lk.txt": {
        "transaction": "Total",
        "sampleCount": 30,
        "errorCount": 0,
        "errorPct": 0.0,
        "meanResTime": 14063.366666666669,
        "medianResTime": 16344.0,
        "minResTime": 1913.0,
        "maxResTime": 16986.0,
        "pct1ResTime": 16900.7,
        "pct2ResTime": 16950.8,
        "pct3ResTime": 16986.0,
        "throughput": 0.6007088364269838,
        "receivedKBytesPerSec": 16.283315875232773,
        "sentKBytesPerSec": 0.24564141937486234,
        "memMaxMB": 4515.6,
        "memAvgMB": 4491.0,
        "memMinMB": 4431.5,
        "cpuMax%": 41.5,
        "cpuAvg%": 14.9,
        "cpuMin%": 12.8,
        "dashboard": "results/details/compare-filesize/20201030-164714/qgis310-bigfile/somap310_fix/lk.txt/dashboard/index.html",
        "effective duration": 55.1
      },
      "av_f_big.txt": {
        "transaction": "Total",
        "sampleCount": 735,
        "errorCount": 0,
        "errorPct": 0.0,
        "meanResTime": 26064.987755102036,
        "medianResTime": 26991.0,
        "minResTime": 2517.0,
        "maxResTime": 44560.0,
        "pct1ResTime": 29747.2,
        "pct2ResTime": 31872.599999999995,
        "pct3ResTime": 42892.4,
        "throughput": 0.3819709702062643,
        "receivedKBytesPerSec": 70.75042222652048,
        "sentKBytesPerSec": 0.16258380381373327,
        "memMaxMB": 8270.9,
        "memAvgMB": 6067.0,
        "memMinMB": 4497.8,
        "cpuMax%": 38.8,
        "cpuAvg%": 14.2,
        "cpuMin%": 12.4,
        "dashboard": "results/details/compare-filesize/20201030-164714/qgis310-bigfile/somap310_fix/av_f_big.txt/dashboard/index.html",
        "effective duration": 1930.3
      },
      "av_sw.txt": {
        "transaction": "Total",
        "sampleCount": 20,
        "errorCount": 0,
        "errorPct": 0.0,
        "meanResTime": 18716.2,
        "medianResTime": 20499.0,
        "minResTime": 2028.0,
        "maxResTime": 26881.0,
        "pct1ResTime": 26812.5,
        "pct2ResTime": 26878.5,
        "pct3ResTime": 26881.0,
        "throughput": 0.40844667728628026,
        "receivedKBytesPerSec": 198.91432958583508,
        "sentKBytesPerSec": 0.16664943532246865,
        "memMaxMB": 7590.6,
        "memAvgMB": 5878.6,
        "memMinMB": 5654.0,
        "cpuMax%": 45.1,
        "cpuAvg%": 15.0,
        "cpuMin%": 12.6,
        "dashboard": "results/details/compare-filesize/20201030-164714/qgis310-bigfile/somap310_fix/av_sw.txt/dashboard/index.html",
        "effective duration": 54.4
      }
    }
  },
  "qgis310-bigfile-bigcache": {
    "somap310_fix": {
      "lk.txt": {
        "transaction": "Total",
        "sampleCount": 30,
        "errorCount": 0,
        "errorPct": 0.0,
        "meanResTime": 13917.833333333332,
        "medianResTime": 16201.5,
        "minResTime": 1886.0,
        "maxResTime": 16858.0,
        "pct1ResTime": 16665.4,
        "pct2ResTime": 16817.85,
        "pct3ResTime": 16858.0,
        "throughput": 0.6073735144656125,
        "receivedKBytesPerSec": 16.463974209402142,
        "sentKBytesPerSec": 0.2483667346587573,
        "memMaxMB": 4574.6,
        "memAvgMB": 4549.8,
        "memMinMB": 4494.5,
        "cpuMax%": 38.3,
        "cpuAvg%": 14.4,
        "cpuMin%": 12.7,
        "dashboard": "results/details/compare-filesize/20201030-164714/qgis310-bigfile-bigcache/somap310_fix/lk.txt/dashboard/index.html",
        "effective duration": 54.5
      },
      "av_f_big.txt": {
        "transaction": "Total",
        "sampleCount": 735,
        "errorCount": 0,
        "errorPct": 0.0,
        "meanResTime": 26155.57551020407,
        "medianResTime": 27179.0,
        "minResTime": 3046.0,
        "maxResTime": 44999.0,
        "pct1ResTime": 29973.0,
        "pct2ResTime": 32325.8,
        "pct3ResTime": 42857.84,
        "throughput": 0.3806536781762183,
        "receivedKBytesPerSec": 70.50684104009216,
        "sentKBytesPerSec": 0.16202310584010784,
        "memMaxMB": 8320.6,
        "memAvgMB": 6176.9,
        "memMinMB": 4554.4,
        "cpuMax%": 37.6,
        "cpuAvg%": 14.2,
        "cpuMin%": 12.4,
        "dashboard": "results/details/compare-filesize/20201030-164714/qgis310-bigfile-bigcache/somap310_fix/av_f_big.txt/dashboard/index.html",
        "effective duration": 1936.5
      },
      "av_sw.txt": {
        "transaction": "Total",
        "sampleCount": 20,
        "errorCount": 0,
        "errorPct": 0.0,
        "meanResTime": 18905.999999999996,
        "medianResTime": 20041.0,
        "minResTime": 2644.0,
        "maxResTime": 26682.0,
        "pct1ResTime": 26537.6,
        "pct2ResTime": 26675.0,
        "pct3ResTime": 26682.0,
        "throughput": 0.4056136935182932,
        "receivedKBytesPerSec": 197.53432426659975,
        "sentKBytesPerSec": 0.16549355581244424,
        "memMaxMB": 7468.0,
        "memAvgMB": 5891.7,
        "memMinMB": 5726.3,
        "cpuMax%": 34.2,
        "cpuAvg%": 15.1,
        "cpuMin%": 12.5,
        "dashboard": "results/details/compare-filesize/20201030-164714/qgis310-bigfile-bigcache/somap310_fix/av_sw.txt/dashboard/index.html",
        "effective duration": 54.8
      }
    }
  },
  "qgis310-bigfile-hugecache": {
    "somap310_fix": {
      "lk.txt": {
        "transaction": "Total",
        "sampleCount": 30,
        "errorCount": 0,
        "errorPct": 0.0,
        "meanResTime": 14286.399999999998,
        "medianResTime": 16573.0,
        "minResTime": 1982.0,
        "maxResTime": 17167.0,
        "pct1ResTime": 16976.7,
        "pct2ResTime": 17142.25,
        "pct3ResTime": 17167.0,
        "throughput": 0.5919962112242482,
        "receivedKBytesPerSec": 16.04714417327729,
        "sentKBytesPerSec": 0.24207865902991554,
        "memMaxMB": 4607.4,
        "memAvgMB": 4578.0,
        "memMinMB": 4565.4,
        "cpuMax%": 39.9,
        "cpuAvg%": 14.2,
        "cpuMin%": 12.5,
        "dashboard": "results/details/compare-filesize/20201030-164714/qgis310-bigfile-hugecache/somap310_fix/lk.txt/dashboard/index.html",
        "effective duration": 56.1
      },
      "av_f_big.txt": {
        "transaction": "Total",
        "sampleCount": 735,
        "errorCount": 0,
        "errorPct": 0.0,
        "meanResTime": 26137.933333333323,
        "medianResTime": 27145.0,
        "minResTime": 3404.0,
        "maxResTime": 45259.0,
        "pct1ResTime": 29821.4,
        "pct2ResTime": 32116.59999999998,
        "pct3ResTime": 42972.35999999999,
        "throughput": 0.3809075653943145,
        "receivedKBytesPerSec": 70.55357191615809,
        "sentKBytesPerSec": 0.16213117151231185,
        "memMaxMB": 8442.9,
        "memAvgMB": 6157.8,
        "memMinMB": 4588.5,
        "cpuMax%": 41.3,
        "cpuAvg%": 14.2,
        "cpuMin%": 12.4,
        "dashboard": "results/details/compare-filesize/20201030-164714/qgis310-bigfile-hugecache/somap310_fix/av_f_big.txt/dashboard/index.html",
        "effective duration": 1935.2
      },
      "av_sw.txt": {
        "transaction": "Total",
        "sampleCount": 20,
        "errorCount": 0,
        "errorPct": 0.0,
        "meanResTime": 18771.0,
        "medianResTime": 19773.0,
        "minResTime": 4541.0,
        "maxResTime": 26860.0,
        "pct1ResTime": 26686.0,
        "pct2ResTime": 26851.8,
        "pct3ResTime": 26860.0,
        "throughput": 0.40775550979632613,
        "receivedKBytesPerSec": 198.57765002854288,
        "sentKBytesPerSec": 0.16636743358682135,
        "memMaxMB": 7552.4,
        "memAvgMB": 5981.5,
        "memMinMB": 5772.9,
        "cpuMax%": 33.4,
        "cpuAvg%": 14.7,
        "cpuMin%": 12.4,
        "dashboard": "results/details/compare-filesize/20201030-164714/qgis310-bigfile-hugecache/somap310_fix/av_sw.txt/dashboard/index.html",
        "effective duration": 54.5
      }
    }
  },
  "qgis310-bigfile-maxlayer2000": {
    "somap310_fix": {
      "lk.txt": {
        "transaction": "Total",
        "sampleCount": 30,