{
  "Total" : {
    "transaction" : "Total",
    "sampleCount" : 5272,
    "errorCount" : 0,
    "errorPct" : 0.0,
    "meanResTime" : 431.8431335356586,
    "medianResTime" : 254.0,
    "minResTime" : 28.0,
    "maxResTime" : 4656.0,
    "pct1ResTime" : 1048.6999999999998,
    "pct2ResTime" : 1349.0,
    "pct3ResTime" : 2117.2699999999995,
    "throughput" : 27.361002267973824,
    "receivedKBytesPerSec" : 1305.0600101186276,
    "sentKBytesPerSec" : 13.860469049228525
  },
  "HTTP Request" : {
    "transaction" : "HTTP Request",
    "sampleCount" : 5272,
    "errorCount" : 0,
    "errorPct" : 0.0,
    "meanResTime" : 431.8431335356586,
    "medianResTime" : 254.0,
    "minResTime" : 28.0,
    "maxResTime" : 4656.0,
    "pct1ResTime" : 1048.6999999999998,
    "pct2ResTime" : 1349.0,
    "pct3ResTime" : 2117.2699999999995,
    "throughput" : 27.361002267973824,
    "receivedKBytesPerSec" : 1305.0600101186276,
    "sentKBytesPerSec" : 13.860469049228525
  }
}