{
  "Total" : {
    "transaction" : "Total",
    "sampleCount" : 22,
    "errorCount" : 0,
    "errorPct" : 0.0,
    "meanResTime" : 22899.40909090909,
    "medianResTime" : 26177.5,
    "minResTime" : 3444.0,
    "maxResTime" : 30320.0,
    "pct1ResTime" : 30047.7,
    "pct2ResTime" : 30291.8,
    "pct3ResTime" : 30320.0,
    "throughput" : 0.36044301723572975,
    "receivedKBytesPerSec" : 47.25237078322629,
    "sentKBytesPerSec" : 0.148317949652664
  },
  "HTTP Request" : {
    "transaction" : "HTTP Request",
    "sampleCount" : 22,
    "errorCount" : 0,
    "errorPct" : 0.0,
    "meanResTime" : 22899.40909090909,
    "medianResTime" : 26177.5,
    "minResTime" : 3444.0,
    "maxResTime" : 30320.0,
    "pct1ResTime" : 30047.7,
    "pct2ResTime" : 30291.8,
    "pct3ResTime" : 30320.0,
    "throughput" : 0.36044301723572975,
    "receivedKBytesPerSec" : 47.25237078322629,
    "sentKBytesPerSec" : 0.148317949652664
  }
}