{
  "Total" : {
    "transaction" : "Total",
    "sampleCount" : 22,
    "errorCount" : 0,
    "errorPct" : 0.0,
    "meanResTime" : 2661.954545454545,
    "medianResTime" : 3045.5,
    "minResTime" : 457.0,
    "maxResTime" : 4144.0,
    "pct1ResTime" : 4078.6,
    "pct2ResTime" : 4136.349999999999,
    "pct3ResTime" : 4144.0,
    "throughput" : 2.961367613406919,
    "receivedKBytesPerSec" : 386.1637564779916,
    "sentKBytesPerSec" : 1.2619464261677211
  },
  "HTTP Request" : {
    "transaction" : "HTTP Request",
    "sampleCount" : 22,
    "errorCount" : 0,
    "errorPct" : 0.0,
    "meanResTime" : 2661.954545454545,
    "medianResTime" : 3045.5,
    "minResTime" : 457.0,
    "maxResTime" : 4144.0,
    "pct1ResTime" : 4078.6,
    "pct2ResTime" : 4136.349999999999,
    "pct3ResTime" : 4144.0,
    "throughput" : 2.961367613406919,
    "receivedKBytesPerSec" : 386.1637564779916,
    "sentKBytesPerSec" : 1.2619464261677211
  }
}