{
  "Total" : {
    "transaction" : "Total",
    "sampleCount" : 20,
    "errorCount" : 0,
    "errorPct" : 0.0,
    "meanResTime" : 3031.0999999999995,
    "medianResTime" : 3067.0,
    "minResTime" : 1321.0,
    "maxResTime" : 4220.0,
    "pct1ResTime" : 4099.7,
    "pct2ResTime" : 4214.0,
    "pct3ResTime" : 4220.0,
    "throughput" : 2.443494196701283,
    "receivedKBytesPerSec" : 760.0089006185094,
    "sentKBytesPerSec" : 1.023213194868662
  },
  "HTTP Request" : {
    "transaction" : "HTTP Request",
    "sampleCount" : 20,
    "errorCount" : 0,
    "errorPct" : 0.0,
    "meanResTime" : 3031.0999999999995,
    "medianResTime" : 3067.0,
    "minResTime" : 1321.0,
    "maxResTime" : 4220.0,
    "pct1ResTime" : 4099.7,
    "pct2ResTime" : 4214.0,
    "pct3ResTime" : 4220.0,
    "throughput" : 2.443494196701283,
    "receivedKBytesPerSec" : 760.0089006185094,
    "sentKBytesPerSec" : 1.023213194868662
  }
}