{
  "qgis218-stock": {
    "somap218_grundplanav_farbig_ohne_labels": {
      "av_f_big.txt": {
        "transaction": "Total",
        "sampleCount": 735,
        "errorCount": 0,
        "errorPct": 0.0,
        "meanResTime": 527.3224489795913,
        "medianResTime": 471.0,
        "minResTime": 173.0,
        "maxResTime": 3363.0,
        "pct1ResTime": 761.4,
        "pct2ResTime": 971.5999999999995,
        "pct3ResTime": 1581.6799999999994,
        "throughput": 18.622209835567155,
        "receivedKBytesPerSec": 3019.645783122514,
        "sentKBytesPerSec": 8.41745460044592,
        "memMaxMB": 3818.7,
        "memAvgMB": 3362.1,
        "memMinMB": 2437.3,
        "cpuMax%": 98.6,
        "cpuAvg%": 94.3,
        "cpuMin%": 13.4,
        "dashboard": "results/details/compare-av-ohnelabel/20201027-234214/qgis218-stock/somap218_grundplanav_farbig_ohne_labels/av_f_big.txt/dashboard/index.html"
      }
    }
  },
  "qgis310-stock": {
    "somap310_grundplanav_farbig_ohne_labels": {
      "av_f_big.txt": {
        "transaction": "Total",
        "sampleCount": 735,
        "errorCount": 0,
        "errorPct": 0.0,
        "meanResTime": 838.4571428571425,
        "medianResTime": 857.0,
        "minResTime": 140.0,
        "maxResTime": 2655.0,
        "pct1ResTime": 1238.4,
        "pct2ResTime": 1382.3999999999996,
        "pct3ResTime": 2321.0799999999977,
        "throughput": 11.740088809379293,
        "receivedKBytesPerSec": 1625.6158773470195,
        "sentKBytesPerSec": 5.306656161150689,
        "memMaxMB": 4093.4,
        "memAvgMB": 3391.2,
        "memMinMB": 2581.1,
        "cpuMax%": 96.2,
        "cpuAvg%": 72.5,
        "cpuMin%": 15.5,
        "dashboard": "results/details/compare-av-ohnelabel/20201027-234214/qgis310-stock/somap310_grundplanav_farbig_ohne_labels/av_f_big.txt/dashboard/index.html"
      }
    }
  },
  "qgis314-stock": {
    "somap314_grundplanav_farbig_ohne_labels": {
      "av_f_big.txt": {
        "transaction": "Total",
        "sampleCount": 735,
        "errorCount": 0,
        "errorPct": 0.0,
        "meanResTime": 873.4163265306127,
        "medianResTime": 882.0,
        "minResTime": 146.0,
        "maxResTime": 2967.0,
        "pct1ResTime": 1295.3999999999999,
        "pct2ResTime": 1405.9999999999993,
        "pct3ResTime": 2221.3599999999988,
        "throughput": 11.343467860174396,
        "receivedKBytesPerSec": 1570.6193873466316,
        "sentKBytesPerSec": 5.1273788969056255,
        "memMaxMB": 3941.2,
        "memAvgMB": 3363.5,
        "memMinMB": 2791.0,
        "cpuMax%": 92.0,
        "cpuAvg%": 73.2,
        "cpuMin%": 15.8,
        "dashboard": "results/details/compare-av-ohnelabel/20201027-234214/qgis314-stock/somap314_grundplanav_farbig_ohne_labels/av_f_big.txt/dashboard/index.html"
      }
    }
  }
}