{
  "Total" : {
    "transaction" : "Total",
    "sampleCount" : 30,
    "errorCount" : 0,
    "errorPct" : 0.0,
    "meanResTime" : 274.2,
    "medianResTime" : 188.5,
    "minResTime" : 88.0,
    "maxResTime" : 881.0,
    "pct1ResTime" : 866.3000000000001,
    "pct2ResTime" : 879.35,
    "pct3ResTime" : 881.0,
    "throughput" : 25.188916876574307,
    "receivedKBytesPerSec" : 682.7918372166247,
    "sentKBytesPerSec" : 10.27563497061293
  },
  "HTTP Request" : {
    "transaction" : "HTTP Request",
    "sampleCount" : 30,
    "errorCount" : 0,
    "errorPct" : 0.0,
    "meanResTime" : 274.2,
    "medianResTime" : 188.5,
    "minResTime" : 88.0,
    "maxResTime" : 881.0,
    "pct1ResTime" : 866.3000000000001,
    "pct2ResTime" : 879.35,
    "pct3ResTime" : 881.0,
    "throughput" : 25.188916876574307,
    "receivedKBytesPerSec" : 682.7918372166247,
    "sentKBytesPerSec" : 10.27563497061293
  }
}