{
  "qgis218": {
    "somap218_lk": {
      "lk_big.txt": {
        "transaction": "Total",
        "sampleCount": 5262,
        "errorCount": 0,
        "errorPct": 0.0,
        "meanResTime": 266.71113645001964,
        "medianResTime": 148.0,
        "minResTime": 5.0,
        "maxResTime": 3946.0,
        "pct1ResTime": 706.0,
        "pct2ResTime": 997.0,
        "pct3ResTime": 1752.5899999999992,
        "throughput": 37.13846110413167,
        "receivedKBytesPerSec": 1890.5331099667574,
        "sentKBytesPerSec": 18.812623347137333,
        "responseSizeMB": 261.6,
        "memMaxMB": 6280.1,
        "memAvgMB": 4760.7,
        "memMinMB": 3207.3,
        "cpuMax%": 99.6,
        "cpuAvg%": 97.7,
        "cpuMin%": 1.4,
        "dashboard": "results/details/compare-major/20201103-061817/qgis218/somap218_lk/lk_big.txt/dashboard/index.html",
        "effective duration": 148.1
      }
    },
    "somap218_grundplanav_farbig": {
      "av_f_big.txt": {
        "transaction": "Total",
        "sampleCount": 735,
        "errorCount": 0,
        "errorPct": 0.0,
        "meanResTime": 848.644897959184,
        "medianResTime": 668.0,
        "minResTime": 225.0,
        "maxResTime": 8346.0,
        "pct1ResTime": 1443.9999999999998,
        "pct2ResTime": 1717.1999999999966,
        "pct3ResTime": 2991.7999999999965,
        "throughput": 11.510813900678121,
        "receivedKBytesPerSec": 2014.3522402040624,
        "sentKBytesPerSec": 5.068128895666609,
        "responseSizeMB": 125.6,
        "memMaxMB": 5098.5,
        "memAvgMB": 4708.0,
        "memMinMB": 4281.6,
        "cpuMax%": 99.1,
        "cpuAvg%": 96.5,
        "cpuMin%": 27.0,
        "dashboard": "results/details/compare-major/20201103-061817/qgis218/somap218_grundplanav_farbig/av_f_big.txt/dashboard/index.html",
        "effective duration": 69.5
      }
    },
    "somap218_grundplanav_sw": {
      "av_sw_big.txt": {
        "transaction": "Total",
        "sampleCount": 5190,
        "errorCount": 0,
        "errorPct": 0.0,
        "meanResTime": 961.3236994219639,
        "medianResTime": 578.5,
        "minResTime": 208.0,
        "maxResTime": 16520.0,
        "pct1ResTime": 2155.0,
        "pct2ResTime": 2623.8999999999996,
        "pct3ResTime": 5251.520000000004,
        "throughput": 10.295453733936911,
        "receivedKBytesPerSec": 3205.550366096739,
        "sentKBytesPerSec": 4.483958978865556,
        "responseSizeMB": 1578.1,
        "memMaxMB": 9281.9,
        "memAvgMB": 8053.0,
        "memMinMB": 4458.7,
        "cpuMax%": 99.8,
        "cpuAvg%": 98.2,
        "cpuMin%": 13.3,
        "dashboard": "results/details/compare-major/20201103-061817/qgis218/somap218_grundplanav_sw/av_sw_big.txt/dashboard/index.html",
        "effective duration": 510.5
      }
    }
  },
  "qgis310": {
    "somap310_lk": {
      "lk_big.txt": {
        "transaction": "Total",
        "sampleCount": 5262,
        "errorCount": 0,
        "errorPct": 0.0,
        "meanResTime": 248.10053211706565,
        "medianResTime": 102.0,
        "minResTime": 36.0,
        "maxResTime": 2408.0,
        "pct1ResTime": 663.3999999999996,
        "pct2ResTime": 865.8499999999995,
        "pct3ResTime": 1302.4799999999996,
        "throughput": 39.80001664006777,
        "receivedKBytesPerSec": 1884.0095832844845,
        "sentKBytesPerSec": 20.16084404143755,
        "responseSizeMB": 243.2,
        "memMaxMB": 6712.9,
        "memAvgMB": 4612.6,
        "memMinMB": 3159.8,
        "cpuMax%": 99.6,
        "cpuAvg%": 96.8,
        "cpuMin%": 20.4,
        "dashboard": "results/details/compare-major/20201103-061817/qgis310/somap310_lk/lk_big.txt/dashboard/index.html",
        "effective duration": 138.7
      }
    },
    "somap310_grundplanav_farbig": {
      "av_f_big.txt": {
        "transaction": "Total",
        "sampleCount": 735,
        "errorCount": 0,
        "errorPct": 0.0,
        "meanResTime": 736.7414965986397,
        "medianResTime": 705.0,
        "minResTime": 190.0,
        "maxResTime": 3525.0,
        "pct1ResTime": 1163.0,
        "pct2ResTime": 1351.199999999999,
        "pct3ResTime": 1817.2799999999988,
        "throughput": 13.369956706806855,
        "receivedKBytesPerSec": 1956.662219014898,
        "sentKBytesPerSec": 5.886696154091025,
        "responseSizeMB": 105.0,
        "memMaxMB": 6227.5,
        "memAvgMB": 5408.4,
        "memMinMB": 3548.1,
        "cpuMax%": 99.1,
        "cpuAvg%": 95.9,
        "cpuMin%": 26.8,
        "dashboard": "results/details/compare-major/20201103-061817/qgis310/somap310_grundplanav_farbig/av_f_big.txt/dashboard/index.html",
        "effective duration": 60.5
      }
    },
    "somap310_grundplanav_sw": {
      "av_sw_big.txt": {
        "transaction": "Total",
        "sampleCount": 5190,
        "errorCount": 0,
        "errorPct": 0.0,
        "meanResTime": 708.7593448940273,
        "medianResTime": 507.5,
        "minResTime": 181.0,
        "maxResTime": 6000.0,
        "pct1ResTime": 1447.800000000001,
        "pct2ResTime": 1681.4499999999998,
        "pct3ResTime": 2421.2500000000036,
        "throughput": 14.011879049676025,
        "receivedKBytesPerSec": 3792.274728861535,
        "sentKBytesPerSec": 6.102566482181426,
        "responseSizeMB": 1371.7,
        "memMaxMB": 10199.3,
        "memAvgMB": 8086.4,
        "memMinMB": 4746.3,
        "cpuMax%": 99.8,
        "cpuAvg%": 97.7,
        "cpuMin%": 16.4,
        "dashboard": "results/details/compare-major/20201103-061817/qgis310/somap310_grundplanav_sw/av_sw_big.txt/dashboard/index.html",
        "effective duration": 376.5
      }
    }
  },
  "qgis314": {
    "somap314_lk": {
      "lk_big.txt": {
        "transaction": "Total",
        "sampleCount": 5262,
        "errorCount": 0,
        "errorPct": 0.0,
        "meanResTime": 259.64082098061556,
        "medianResTime": 114.0,
        "minResTime": 44.0,
        "maxResTime": 2202.0,
        "pct1ResTime": 658.6999999999998,
        "pct2ResTime": 858.8499999999995,
        "pct3ResTime": 1328.37,
        "throughput": 38.05735363251727,
        "receivedKBytesPerSec": 1800.5723907103209,
        "sentKBytesPerSec": 19.278091719252885,
        "responseSizeMB": 243.1,
        "memMaxMB": 6900.3,
        "memAvgMB": 4653.1,
        "memMinMB": 3257.6,
        "cpuMax%": 99.7,
        "cpuAvg%": 97.3,
        "cpuMin%": 21.8,
        "dashboard": "results/details/compare-major/20201103-061817/qgis314/somap314_lk/lk_big.txt/dashboard/index.html",
        "effective duration": 144.7
      }
    },
    "somap314_grundplanav_farbig": {
      "av_f_big.txt": {
        "transaction": "Total",
        "sampleCount": 735,
        "errorCount": 0,
        "errorPct": 0.0,
        "meanResTime": 743.8625850340137,
        "medianResTime": 719.0,
        "minResTime": 215.0,
        "maxResTime": 3735.0,
        "pct1ResTime": 1152.1999999999998,
        "pct2ResTime": 1300.0,
        "pct3ResTime": 1933.239999999997,
        "throughput": 13.234658599827139,
        "receivedKBytesPerSec": 1936.7733457802146,
        "sentKBytesPerSec": 5.827125366879141,
        "responseSizeMB": 105.0,
        "memMaxMB": 6290.0,
        "memAvgMB": 5577.4,
        "memMinMB": 3799.3,
        "cpuMax%": 98.9,
        "cpuAvg%": 96.4,
        "cpuMin%": 28.8,
        "dashboard": "results/details/compare-major/20201103-061817/qgis314/somap314_grundplanav_farbig/av_f_big.txt/dashboard/index.html",
        "effective duration": 61.4
      }
    },
    "somap314_grundplanav_sw": {
      "av_sw_big.txt": {
        "transaction": "Total",
        "sampleCount": 5190,
        "errorCount": 0,
        "errorPct": 0.0,
        "meanResTime": 710.2930635838165,
        "medianResTime": 511.5,
        "minResTime": 195.0,
        "maxResTime": 6645.0,
        "pct1ResTime": 1439.800000000001,
        "pct2ResTime": 1663.4499999999998,
        "pct3ResTime": 2454.720000000001,
        "throughput": 13.978216605798131,