{
  "Total" : {
    "transaction" : "Total",
    "sampleCount" : 5190,
    "errorCount" : 0,
    "errorPct" : 0.0,
    "meanResTime" : 900.1747591522168,
    "medianResTime" : 741.5,
    "minResTime" : 184.0,
    "maxResTime" : 8742.0,
    "pct1ResTime" : 1628.0,
    "pct2ResTime" : 2049.8999999999996,
    "pct3ResTime" : 2877.720000000001,
    "throughput" : 11.05306536216359,
    "receivedKBytesPerSec" : 2991.4398016903842,
    "sentKBytesPerSec" : 4.813920100606321
  },
  "HTTP Request" : {
    "transaction" : "HTTP Request",
    "sampleCount" : 5190,
    "errorCount" : 0,
    "errorPct" : 0.0,
    "meanResTime" : 900.1747591522168,
    "medianResTime" : 741.5,
    "minResTime" : 184.0,
    "maxResTime" : 8742.0,
    "pct1ResTime" : 1628.0,
    "pct2ResTime" : 2049.8999999999996,
    "pct3ResTime" : 2877.720000000001,
    "throughput" : 11.05306536216359,
    "receivedKBytesPerSec" : 2991.4398016903842,
    "sentKBytesPerSec" : 4.813920100606321
  }
}