{
  "Total" : {
    "transaction" : "Total",
    "sampleCount" : 30,
    "errorCount" : 0,
    "errorPct" : 0.0,
    "meanResTime" : 14760.233333333334,
    "medianResTime" : 17150.0,
    "minResTime" : 2125.0,
    "maxResTime" : 17664.0,
    "pct1ResTime" : 17611.6,
    "pct2ResTime" : 17653.0,
    "pct3ResTime" : 17664.0,
    "throughput" : 0.5724644594981395,
    "receivedKBytesPerSec" : 15.51770018366568,
    "sentKBytesPerSec" : 0.23409174935597749
  },
  "HTTP Request" : {
    "transaction" : "HTTP Request",
    "sampleCount" : 30,
    "errorCount" : 0,
    "errorPct" : 0.0,
    "meanResTime" : 14760.233333333334,
    "medianResTime" : 17150.0,
    "minResTime" : 2125.0,
    "maxResTime" : 17664.0,
    "pct1ResTime" : 17611.6,
    "pct2ResTime" : 17653.0,
    "pct3ResTime" : 17664.0,
    "throughput" : 0.5724644594981395,
    "receivedKBytesPerSec" : 15.51770018366568,
    "sentKBytesPerSec" : 0.23409174935597749
  }
}