{
  "Total" : {
    "transaction" : "Total",
    "sampleCount" : 5190,
    "errorCount" : 0,
    "errorPct" : 0.0,
    "meanResTime" : 246.19807321772652,
    "medianResTime" : 152.0,
    "minResTime" : 27.0,
    "maxResTime" : 2562.0,
    "pct1ResTime" : 579.0,
    "pct2ResTime" : 696.0,
    "pct3ResTime" : 963.0,
    "throughput" : 40.19454469416521,
    "receivedKBytesPerSec" : 7680.562391756923,
    "sentKBytesPerSec" : 18.046447231107013
  },
  "HTTP Request" : {
    "transaction" : "HTTP Request",
    "sampleCount" : 5190,
    "errorCount" : 0,
    "errorPct" : 0.0,
    "meanResTime" : 246.19807321772652,
    "medianResTime" : 152.0,
    "minResTime" : 27.0,
    "maxResTime" : 2562.0,
    "pct1ResTime" : 579.0,
    "pct2ResTime" : 696.0,
    "pct3ResTime" : 963.0,
    "throughput" : 40.19454469416521,
    "receivedKBytesPerSec" : 7680.562391756923,
    "sentKBytesPerSec" : 18.046447231107013
  }
}