{
  "qgis310-bigfile": {
    "somap310_fix": {
      "lk.txt": {
        "transaction": "Total",
        "sampleCount": 30,
        "errorCount": 0,
        "errorPct": 0.0,
        "meanResTime": 14398.43333333333,
        "medianResTime": 16902.0,
        "minResTime": 2034.0,
        "maxResTime": 17193.0,
        "pct1ResTime": 17161.9,
        "pct2ResTime": 17180.35,
        "pct3ResTime": 17193.0,
        "throughput": 0.5867167331612297,
        "receivedKBytesPerSec": 15.903461262027694,
        "sentKBytesPerSec": 0.2399197787100055,
        "dashboard": "results/details/compare-filesize/20201008-225025/qgis310-bigfile/somap310_fix/lk.txt/dashboard/index.html"
      },
      "av_f.txt": {
        "transaction": "Total",
        "sampleCount": 22,
        "errorCount": 0,
        "errorPct": 0.0,
        "meanResTime": 23821.13636363636,
        "medianResTime": 27215.5,
        "minResTime": 3631.0,
        "maxResTime": 31558.0,
        "pct1ResTime": 31529.2,
        "pct2ResTime": 31556.2,
        "pct3ResTime": 31558.0,
        "throughput": 0.3463585125476243,
        "receivedKBytesPerSec": 45.405958989971346,
        "sentKBytesPerSec": 0.1425223460278976,
        "dashboard": "results/details/compare-filesize/20201008-225025/qgis310-bigfile/somap310_fix/av_f.txt/dashboard/index.html"
      },
      "av_sw.txt": {
        "transaction": "Total",
        "sampleCount": 20,
        "errorCount": 0,
        "errorPct": 0.0,
        "meanResTime": 19551.850000000002,
        "medianResTime": 20604.5,
        "minResTime": 4467.0,
        "maxResTime": 28109.0,
        "pct1ResTime": 27936.8,
        "pct2ResTime": 28100.5,
        "pct3ResTime": 28109.0,
        "throughput": 0.3919416790781532,
        "receivedKBytesPerSec": 190.87607615549308,
        "sentKBytesPerSec": 0.1599152671082543,
        "dashboard": "results/details/compare-filesize/20201008-225025/qgis310-bigfile/somap310_fix/av_sw.txt/dashboard/index.html"
      }
    }
  },
  "qgis310-smallfile": {
    "somap310_lk": {
      "lk.txt": {
        "transaction": "Total",
        "sampleCount": 30,
        "errorCount": 0,
        "errorPct": 0.0,
        "meanResTime": 587.7666666666668,
        "medianResTime": 674.0,
        "minResTime": 251.0,
        "maxResTime": 792.0,
        "pct1ResTime": 764.5,
        "pct2ResTime": 781.0,
        "pct3ResTime": 792.0,
        "throughput": 12.295081967213115,
        "receivedKBytesPerSec": 333.2687628073771,
        "sentKBytesPerSec": 5.015689036885246,
        "dashboard": "results/details/compare-filesize/20201008-225025/qgis310-smallfile/somap310_lk/lk.txt/dashboard/index.html"
      }
    },
    "somap310_grundplanav_farbig": {
      "av_f.txt": {
        "transaction": "Total",
        "sampleCount": 22,
        "errorCount": 0,
        "errorPct": 0.0,
        "meanResTime": 5104.909090909091,
        "medianResTime": 5346.0,
        "minResTime": 2743.0,
        "maxResTime": 6654.0,
        "pct1ResTime": 6164.3,
        "pct2ResTime": 6589.949999999999,
        "pct3ResTime": 6654.0,
        "throughput": 1.605487849376049,
        "receivedKBytesPerSec": 209.34170437130555,
        "sentKBytesPerSec": 0.6841567539954755,
        "dashboard": "results/details/compare-filesize/20201008-225025/qgis310-smallfile/somap310_grundplanav_farbig/av_f.txt/dashboard/index.html"
      }
    },
    "somap310_grundplanav_sw": {
      "av_sw.txt": {
        "transaction": "Total",
        "sampleCount": 20,
        "errorCount": 0,
        "errorPct": 0.0,
        "meanResTime": 4639.4,
        "medianResTime": 4641.5,
        "minResTime": 2283.0,
        "maxResTime": 6129.0,
        "pct1ResTime": 6054.9,
        "pct2ResTime": 6125.35,
        "pct3ResTime": 6129.0,
        "throughput": 1.628531878511522,
        "receivedKBytesPerSec": 506.71212772779086,
        "sentKBytesPerSec": 0.6819477241266998,
        "dashboard": "results/details/compare-filesize/20201008-225025/qgis310-smallfile/somap310_grundplanav_sw/av_sw.txt/dashboard/index.html"
      }
    }
  }
}