{
  "Total" : {
    "transaction" : "Total",
    "sampleCount" : 30,
    "errorCount" : 0,
    "errorPct" : 0.0,
    "meanResTime" : 503.6000000000001,
    "medianResTime" : 547.0,
    "minResTime" : 241.0,
    "maxResTime" : 650.0,
    "pct1ResTime" : 645.8,
    "pct2ResTime" : 648.9,
    "pct3ResTime" : 650.0,
    "throughput" : 14.177693761814744,
    "receivedKBytesPerSec" : 384.26072926512285,
    "sentKBytesPerSec" : 5.783686791115311
  },
  "HTTP Request" : {
    "transaction" : "HTTP Request",
    "sampleCount" : 30,
    "errorCount" : 0,
    "errorPct" : 0.0,
    "meanResTime" : 503.6000000000001,
    "medianResTime" : 547.0,
    "minResTime" : 241.0,
    "maxResTime" : 650.0,
    "pct1ResTime" : 645.8,
    "pct2ResTime" : 648.9,
    "pct3ResTime" : 650.0,
    "throughput" : 14.177693761814744,
    "receivedKBytesPerSec" : 384.26072926512285,
    "sentKBytesPerSec" : 5.783686791115311
  }
}