{
  "Total" : {
    "transaction" : "Total",
    "sampleCount" : 5190,
    "errorCount" : 6,
    "errorPct" : 0.115606934,
    "meanResTime" : 1254.4917148362272,
    "medianResTime" : 754.0,
    "minResTime" : 261.0,
    "maxResTime" : 64070.0,
    "pct1ResTime" : 1879.0,
    "pct2ResTime" : 2532.45,
    "pct3ResTime" : 6982.520000000004,
    "throughput" : 7.903633539426797,
    "receivedKBytesPerSec" : 4311.551202891336,
    "sentKBytesPerSec" : 3.3264782907059973
  },
  "HTTP Request" : {
    "transaction" : "HTTP Request",
    "sampleCount" : 5190,
    "errorCount" : 6,
    "errorPct" : 0.115606934,
    "meanResTime" : 1254.4917148362272,
    "medianResTime" : 754.0,
    "minResTime" : 261.0,
    "maxResTime" : 64070.0,
    "pct1ResTime" : 1879.0,
    "pct2ResTime" : 2532.45,
    "pct3ResTime" : 6982.520000000004,
    "throughput" : 7.903633539426797,
    "receivedKBytesPerSec" : 4311.551202891336,
    "sentKBytesPerSec" : 3.3264782907059973
  }
}