{
  "Total" : {
    "transaction" : "Total",
    "sampleCount" : 22,
    "errorCount" : 0,
    "errorPct" : 0.0,
    "meanResTime" : 4167.590909090908,
    "medianResTime" : 4165.0,
    "minResTime" : 2963.0,
    "maxResTime" : 5624.0,
    "pct1ResTime" : 5285.2,
    "pct2ResTime" : 5589.2,
    "pct3ResTime" : 5624.0,
    "throughput" : 2.0142830983336384,
    "receivedKBytesPerSec" : 262.70890318851855,
    "sentKBytesPerSec" : 0.8583592748580845
  },
  "HTTP Request" : {
    "transaction" : "HTTP Request",
    "sampleCount" : 22,
    "errorCount" : 0,
    "errorPct" : 0.0,
    "meanResTime" : 4167.590909090908,
    "medianResTime" : 4165.0,
    "minResTime" : 2963.0,
    "maxResTime" : 5624.0,
    "pct1ResTime" : 5285.2,
    "pct2ResTime" : 5589.2,
    "pct3ResTime" : 5624.0,
    "throughput" : 2.0142830983336384,
    "receivedKBytesPerSec" : 262.70890318851855,
    "sentKBytesPerSec" : 0.8583592748580845
  }
}