{
  "Total" : {
    "transaction" : "Total",
    "sampleCount" : 735,
    "errorCount" : 0,
    "errorPct" : 0.0,
    "meanResTime" : 845.8489795918366,
    "medianResTime" : 777.0,
    "minResTime" : 171.0,
    "maxResTime" : 4061.0,
    "pct1ResTime" : 1333.0,
    "pct2ResTime" : 1543.199999999998,
    "pct3ResTime" : 3102.6799999999994,
    "throughput" : 11.67667524544848,
    "receivedKBytesPerSec" : 1708.8379666450212,
    "sentKBytesPerSec" : 5.141156457519144
  },
  "HTTP Request" : {
    "transaction" : "HTTP Request",
    "sampleCount" : 735,
    "errorCount" : 0,
    "errorPct" : 0.0,
    "meanResTime" : 845.8489795918366,
    "medianResTime" : 777.0,
    "minResTime" : 171.0,
    "maxResTime" : 4061.0,
    "pct1ResTime" : 1333.0,
    "pct2ResTime" : 1543.199999999998,
    "pct3ResTime" : 3102.6799999999994,
    "throughput" : 11.67667524544848,
    "receivedKBytesPerSec" : 1708.8379666450212,
    "sentKBytesPerSec" : 5.141156457519144
  }
}