{
  "Total" : {
    "transaction" : "Total",
    "sampleCount" : 30,
    "errorCount" : 0,
    "errorPct" : 0.0,
    "meanResTime" : 13991.133333333335,
    "medianResTime" : 16213.0,
    "minResTime" : 1925.0,
    "maxResTime" : 16733.0,
    "pct1ResTime" : 16357.6,
    "pct2ResTime" : 16536.1,
    "pct3ResTime" : 16733.0,
    "throughput" : 0.60478993629546,
    "receivedKBytesPerSec" : 16.39335096463995,
    "sentKBytesPerSec" : 0.24731025975727763
  },
  "HTTP Request" : {
    "transaction" : "HTTP Request",
    "sampleCount" : 30,
    "errorCount" : 0,
    "errorPct" : 0.0,
    "meanResTime" : 13991.133333333335,
    "medianResTime" : 16213.0,
    "minResTime" : 1925.0,
    "maxResTime" : 16733.0,
    "pct1ResTime" : 16357.6,
    "pct2ResTime" : 16536.1,
    "pct3ResTime" : 16733.0,
    "throughput" : 0.60478993629546,
    "receivedKBytesPerSec" : 16.39335096463995,
    "sentKBytesPerSec" : 0.24731025975727763
  }
}