{
  "Total" : {
    "transaction" : "Total",
    "sampleCount" : 20,
    "errorCount" : 0,
    "errorPct" : 0.0,
    "meanResTime" : 19334.85,
    "medianResTime" : 20390.5,
    "minResTime" : 2530.0,
    "maxResTime" : 27703.0,
    "pct1ResTime" : 27554.9,
    "pct2ResTime" : 27695.8,
    "pct3ResTime" : 27703.0,
    "throughput" : 0.39546011784711516,
    "receivedKBytesPerSec" : 192.59021665653302,
    "sentKBytesPerSec" : 0.16135081761379366
  },
  "HTTP Request" : {
    "transaction" : "HTTP Request",
    "sampleCount" : 20,
    "errorCount" : 0,
    "errorPct" : 0.0,
    "meanResTime" : 19334.85,
    "medianResTime" : 20390.5,
    "minResTime" : 2530.0,
    "maxResTime" : 27703.0,
    "pct1ResTime" : 27554.9,
    "pct2ResTime" : 27695.8,
    "pct3ResTime" : 27703.0,
    "throughput" : 0.39546011784711516,
    "receivedKBytesPerSec" : 192.59021665653302,
    "sentKBytesPerSec" : 0.16135081761379366
  }
}