{
  "Total" : {
    "transaction" : "Total",
    "sampleCount" : 30,
    "errorCount" : 0,
    "errorPct" : 0.0,
    "meanResTime" : 89.50000000000001,
    "medianResTime" : 85.5,
    "minResTime" : 68.0,
    "maxResTime" : 216.0,
    "pct1ResTime" : 99.4,
    "pct2ResTime" : 155.49999999999991,
    "pct3ResTime" : 216.0,
    "throughput" : 10.989010989010989,
    "receivedKBytesPerSec" : 297.86658653846155,
    "sentKBytesPerSec" : 4.482886904761905
  },
  "HTTP Request" : {
    "transaction" : "HTTP Request",
    "sampleCount" : 30,
    "errorCount" : 0,
    "errorPct" : 0.0,
    "meanResTime" : 89.50000000000001,
    "medianResTime" : 85.5,
    "minResTime" : 68.0,
    "maxResTime" : 216.0,
    "pct1ResTime" : 99.4,
    "pct2ResTime" : 155.49999999999991,
    "pct3ResTime" : 216.0,
    "throughput" : 10.989010989010989,
    "receivedKBytesPerSec" : 297.86658653846155,
    "sentKBytesPerSec" : 4.482886904761905
  }
}