{
  "Total" : {
    "transaction" : "Total",
    "sampleCount" : 30,
    "errorCount" : 0,
    "errorPct" : 0.0,
    "meanResTime" : 81.96666666666664,
    "medianResTime" : 77.0,
    "minResTime" : 53.0,
    "maxResTime" : 226.0,
    "pct1ResTime" : 89.0,
    "pct2ResTime" : 152.8499999999999,
    "pct3ResTime" : 226.0,
    "throughput" : 11.995201919232308,
    "receivedKBytesPerSec" : 325.140256397441,
    "sentKBytesPerSec" : 4.893355157936825
  },
  "HTTP Request" : {
    "transaction" : "HTTP Request",
    "sampleCount" : 30,
    "errorCount" : 0,
    "errorPct" : 0.0,
    "meanResTime" : 81.96666666666664,
    "medianResTime" : 77.0,
    "minResTime" : 53.0,
    "maxResTime" : 226.0,
    "pct1ResTime" : 89.0,
    "pct2ResTime" : 152.8499999999999,
    "pct3ResTime" : 226.0,
    "throughput" : 11.995201919232308,
    "receivedKBytesPerSec" : 325.140256397441,
    "sentKBytesPerSec" : 4.893355157936825
  }
}