{
  "Total" : {
    "transaction" : "Total",
    "sampleCount" : 30,
    "errorCount" : 0,
    "errorPct" : 0.0,
    "meanResTime" : 231.03333333333336,
    "medianResTime" : 221.5,
    "minResTime" : 139.0,
    "maxResTime" : 341.0,
    "pct1ResTime" : 311.8,
    "pct2ResTime" : 334.95,
    "pct3ResTime" : 341.0,
    "throughput" : 25.53191489361702,
    "receivedKBytesPerSec" : 691.9464760638298,
    "sentKBytesPerSec" : 10.415558510638297
  },
  "HTTP Request" : {
    "transaction" : "HTTP Request",
    "sampleCount" : 30,
    "errorCount" : 0,
    "errorPct" : 0.0,
    "meanResTime" : 231.03333333333336,
    "medianResTime" : 221.5,
    "minResTime" : 139.0,
    "maxResTime" : 341.0,
    "pct1ResTime" : 311.8,
    "pct2ResTime" : 334.95,
    "pct3ResTime" : 341.0,
    "throughput" : 25.53191489361702,
    "receivedKBytesPerSec" : 691.9464760638298,
    "sentKBytesPerSec" : 10.415558510638297
  }
}