{
  "Total" : {
    "transaction" : "Total",
    "sampleCount" : 5272,
    "errorCount" : 10,
    "errorPct" : 0.18968134,
    "meanResTime" : 441.59503034901405,
    "medianResTime" : 143.0,
    "minResTime" : 5.0,
    "maxResTime" : 90108.0,
    "pct1ResTime" : 735.6999999999998,
    "pct2ResTime" : 1039.0499999999984,
    "pct3ResTime" : 1994.6999999999953,
    "throughput" : 17.705475196550253,
    "receivedKBytesPerSec" : 899.7409684539361,
    "sentKBytesPerSec" : 8.969195958545612
  },
  "HTTP Request" : {
    "transaction" : "HTTP Request",
    "sampleCount" : 5272,
    "errorCount" : 10,
    "errorPct" : 0.18968134,
    "meanResTime" : 441.59503034901405,
    "medianResTime" : 143.0,
    "minResTime" : 5.0,
    "maxResTime" : 90108.0,
    "pct1ResTime" : 735.6999999999998,
    "pct2ResTime" : 1039.0499999999984,
    "pct3ResTime" : 1994.6999999999953,
    "throughput" : 17.705475196550253,
    "receivedKBytesPerSec" : 899.7409684539361,
    "sentKBytesPerSec" : 8.969195958545612
  }
}