{
  "Total" : {
    "transaction" : "Total",
    "sampleCount" : 30,
    "errorCount" : 0,
    "errorPct" : 0.0,
    "meanResTime" : 14306.300000000001,
    "medianResTime" : 16817.0,
    "minResTime" : 1984.0,
    "maxResTime" : 17108.0,
    "pct1ResTime" : 17004.7,
    "pct2ResTime" : 17070.05,
    "pct3ResTime" : 17108.0,
    "throughput" : 0.5901329766307342,
    "receivedKBytesPerSec" : 15.996637778837831,
    "sentKBytesPerSec" : 0.24131674649854434
  },
  "HTTP Request" : {
    "transaction" : "HTTP Request",
    "sampleCount" : 30,
    "errorCount" : 0,
    "errorPct" : 0.0,
    "meanResTime" : 14306.300000000001,
    "medianResTime" : 16817.0,
    "minResTime" : 1984.0,
    "maxResTime" : 17108.0,
    "pct1ResTime" : 17004.7,
    "pct2ResTime" : 17070.05,
    "pct3ResTime" : 17108.0,
    "throughput" : 0.5901329766307342,
    "receivedKBytesPerSec" : 15.996637778837831,
    "sentKBytesPerSec" : 0.24131674649854434
  }
}