{
  "Total" : {
    "transaction" : "Total",
    "sampleCount" : 20,
    "errorCount" : 0,
    "errorPct" : 0.0,
    "meanResTime" : 733.5,
    "medianResTime" : 546.5,
    "minResTime" : 192.0,
    "maxResTime" : 2379.0,
    "pct1ResTime" : 1586.4000000000003,
    "pct2ResTime" : 2339.9499999999994,
    "pct3ResTime" : 2379.0,
    "throughput" : 1.3582342954159594,
    "receivedKBytesPerSec" : 422.6114176570459,
    "sentKBytesPerSec" : 0.568760611205433
  },
  "HTTP Request" : {
    "transaction" : "HTTP Request",
    "sampleCount" : 20,
    "errorCount" : 0,
    "errorPct" : 0.0,
    "meanResTime" : 733.5,
    "medianResTime" : 546.5,
    "minResTime" : 192.0,
    "maxResTime" : 2379.0,
    "pct1ResTime" : 1586.4000000000003,
    "pct2ResTime" : 2339.9499999999994,
    "pct3ResTime" : 2379.0,
    "throughput" : 1.3582342954159594,
    "receivedKBytesPerSec" : 422.6114176570459,
    "sentKBytesPerSec" : 0.568760611205433
  }
}