{
  "Total" : {
    "transaction" : "Total",
    "sampleCount" : 20,
    "errorCount" : 0,
    "errorPct" : 0.0,
    "meanResTime" : 8214.1,
    "medianResTime" : 6453.0,
    "minResTime" : 961.0,
    "maxResTime" : 14417.0,
    "pct1ResTime" : 14227.3,
    "pct2ResTime" : 14407.8,
    "pct3ResTime" : 14417.0,
    "throughput" : 0.9004547296384674,
    "receivedKBytesPerSec" : 440.3047757867723,
    "sentKBytesPerSec" : 0.36739256449507
  },
  "HTTP Request" : {
    "transaction" : "HTTP Request",
    "sampleCount" : 20,
    "errorCount" : 0,
    "errorPct" : 0.0,
    "meanResTime" : 8214.1,
    "medianResTime" : 6453.0,
    "minResTime" : 961.0,
    "maxResTime" : 14417.0,
    "pct1ResTime" : 14227.3,
    "pct2ResTime" : 14407.8,
    "pct3ResTime" : 14417.0,
    "throughput" : 0.9004547296384674,
    "receivedKBytesPerSec" : 440.3047757867723,
    "sentKBytesPerSec" : 0.36739256449507
  }
}