{
  "Total" : {
    "transaction" : "Total",
    "sampleCount" : 5191,
    "errorCount" : 1,
    "errorPct" : 0.019264111,
    "meanResTime" : 19219.72124831442,
    "medianResTime" : 19258.0,
    "minResTime" : 2533.0,
    "maxResTime" : 40891.0,
    "pct1ResTime" : 25965.8,
    "pct2ResTime" : 29097.199999999997,
    "pct3ResTime" : 35507.51999999999,
    "throughput" : 2.0725028656115043,
    "receivedKBytesPerSec" : 560.8054914320362,
    "sentKBytesPerSec" : 0.9026163920114616
  },
  "HTTP Request" : {
    "transaction" : "HTTP Request",
    "sampleCount" : 5191,
    "errorCount" : 1,
    "errorPct" : 0.019264111,
    "meanResTime" : 19219.72124831442,
    "medianResTime" : 19258.0,
    "minResTime" : 2533.0,
    "maxResTime" : 40891.0,
    "pct1ResTime" : 25965.8,
    "pct2ResTime" : 29097.199999999997,
    "pct3ResTime" : 35507.51999999999,
    "throughput" : 2.0725028656115043,
    "receivedKBytesPerSec" : 560.8054914320362,
    "sentKBytesPerSec" : 0.9026163920114616
  }
}