{
  "Total" : {
    "transaction" : "Total",
    "sampleCount" : 735,
    "errorCount" : 0,
    "errorPct" : 0.0,
    "meanResTime" : 1084.6789115646252,
    "medianResTime" : 991.0,
    "minResTime" : 213.0,
    "maxResTime" : 4615.0,
    "pct1ResTime" : 1829.0,
    "pct2ResTime" : 2096.999999999999,
    "pct3ResTime" : 3091.0399999999986,
    "throughput" : 9.11062906724512,
    "receivedKBytesPerSec" : 1333.2580085993184,
    "sentKBytesPerSec" : 4.011344708707778
  },
  "HTTP Request" : {
    "transaction" : "HTTP Request",
    "sampleCount" : 735,
    "errorCount" : 0,
    "errorPct" : 0.0,
    "meanResTime" : 1084.6789115646252,
    "medianResTime" : 991.0,
    "minResTime" : 213.0,
    "maxResTime" : 4615.0,
    "pct1ResTime" : 1829.0,
    "pct2ResTime" : 2096.999999999999,
    "pct3ResTime" : 3091.0399999999986,
    "throughput" : 9.11062906724512,
    "receivedKBytesPerSec" : 1333.2580085993184,
    "sentKBytesPerSec" : 4.011344708707778
  }
}