{
  "Total" : {
    "transaction" : "Total",
    "sampleCount" : 22,
    "errorCount" : 0,
    "errorPct" : 0.0,
    "meanResTime" : 594.2727272727273,
    "medianResTime" : 451.0,
    "minResTime" : 191.0,
    "maxResTime" : 2731.0,
    "pct1ResTime" : 738.5,
    "pct2ResTime" : 2433.2499999999955,
    "pct3ResTime" : 2731.0,
    "throughput" : 1.676190476190476,
    "receivedKBytesPerSec" : 218.56071428571428,
    "sentKBytesPerSec" : 0.7142857142857143
  },
  "HTTP Request" : {
    "transaction" : "HTTP Request",
    "sampleCount" : 22,
    "errorCount" : 0,
    "errorPct" : 0.0,
    "meanResTime" : 594.2727272727273,
    "medianResTime" : 451.0,
    "minResTime" : 191.0,
    "maxResTime" : 2731.0,
    "pct1ResTime" : 738.5,
    "pct2ResTime" : 2433.2499999999955,
    "pct3ResTime" : 2731.0,
    "throughput" : 1.676190476190476,
    "receivedKBytesPerSec" : 218.56071428571428,
    "sentKBytesPerSec" : 0.7142857142857143
  }
}