{
  "Total" : {
    "transaction" : "Total",
    "sampleCount" : 5191,
    "errorCount" : 1,
    "errorPct" : 0.019264111,
    "meanResTime" : 1010.7428241186684,
    "medianResTime" : 832.0,
    "minResTime" : 184.0,
    "maxResTime" : 6671.0,
    "pct1ResTime" : 1856.8000000000002,
    "pct2ResTime" : 2329.3999999999996,
    "pct3ResTime" : 3337.7199999999993,
    "throughput" : 9.8449202221982,
    "receivedKBytesPerSec" : 2663.905337514129,
    "sentKBytesPerSec" : 4.287659389064002
  },
  "HTTP Request" : {
    "transaction" : "HTTP Request",
    "sampleCount" : 5191,
    "errorCount" : 1,
    "errorPct" : 0.019264111,
    "meanResTime" : 1010.7428241186684,
    "medianResTime" : 832.0,
    "minResTime" : 184.0,
    "maxResTime" : 6671.0,
    "pct1ResTime" : 1856.8000000000002,
    "pct2ResTime" : 2329.3999999999996,
    "pct3ResTime" : 3337.7199999999993,
    "throughput" : 9.8449202221982,
    "receivedKBytesPerSec" : 2663.905337514129,
    "sentKBytesPerSec" : 4.287659389064002
  }
}