{
  "Total" : {
    "transaction" : "Total",
    "sampleCount" : 5190,
    "errorCount" : 0,
    "errorPct" : 0.0,
    "meanResTime" : 1018.7672447013474,
    "medianResTime" : 612.5,
    "minResTime" : 214.0,
    "maxResTime" : 18140.0,
    "pct1ResTime" : 2269.800000000001,
    "pct2ResTime" : 2783.249999999999,
    "pct3ResTime" : 5610.450000000001,
    "throughput" : 9.719701779323442,
    "receivedKBytesPerSec" : 3026.53778010275,
    "sentKBytesPerSec" : 4.233202847741527
  },
  "HTTP Request" : {
    "transaction" : "HTTP Request",
    "sampleCount" : 5190,
    "errorCount" : 0,
    "errorPct" : 0.0,
    "meanResTime" : 1018.7672447013474,
    "medianResTime" : 612.5,
    "minResTime" : 214.0,
    "maxResTime" : 18140.0,
    "pct1ResTime" : 2269.800000000001,
    "pct2ResTime" : 2783.249999999999,
    "pct3ResTime" : 5610.450000000001,
    "throughput" : 9.719701779323442,
    "receivedKBytesPerSec" : 3026.53778010275,
    "sentKBytesPerSec" : 4.233202847741527
  }
}