{
  "Total" : {
    "transaction" : "Total",
    "sampleCount" : 5191,
    "errorCount" : 1,
    "errorPct" : 0.019264111,
    "meanResTime" : 868.8541706800229,
    "medianResTime" : 700.0,
    "minResTime" : 181.0,
    "maxResTime" : 8830.0,
    "pct1ResTime" : 1578.8000000000002,
    "pct2ResTime" : 1974.3999999999996,
    "pct3ResTime" : 3018.0399999999972,
    "throughput" : 11.426697220039314,
    "receivedKBytesPerSec" : 3092.0570010326624,
    "sentKBytesPerSec" : 4.976554864408403
  },
  "HTTP Request" : {
    "transaction" : "HTTP Request",
    "sampleCount" : 5191,
    "errorCount" : 1,
    "errorPct" : 0.019264111,
    "meanResTime" : 868.8541706800229,
    "medianResTime" : 700.0,
    "minResTime" : 181.0,
    "maxResTime" : 8830.0,
    "pct1ResTime" : 1578.8000000000002,
    "pct2ResTime" : 1974.3999999999996,
    "pct3ResTime" : 3018.0399999999972,
    "throughput" : 11.426697220039314,
    "receivedKBytesPerSec" : 3092.0570010326624,
    "sentKBytesPerSec" : 4.976554864408403
  }
}