{
  "Total" : {
    "transaction" : "Total",
    "sampleCount" : 5272,
    "errorCount" : 10,
    "errorPct" : 0.18968134,
    "meanResTime" : 443.7905918057658,
    "medianResTime" : 135.0,
    "minResTime" : 5.0,
    "maxResTime" : 90101.0,
    "pct1ResTime" : 727.6999999999998,
    "pct2ResTime" : 1051.3999999999978,
    "pct3ResTime" : 2126.539999999999,
    "throughput" : 17.666553849143984,
    "receivedKBytesPerSec" : 897.723606066553,
    "sentKBytesPerSec" : 8.949479278367185
  },
  "HTTP Request" : {
    "transaction" : "HTTP Request",
    "sampleCount" : 5272,
    "errorCount" : 10,
    "errorPct" : 0.18968134,
    "meanResTime" : 443.7905918057658,
    "medianResTime" : 135.0,
    "minResTime" : 5.0,
    "maxResTime" : 90101.0,
    "pct1ResTime" : 727.6999999999998,
    "pct2ResTime" : 1051.3999999999978,
    "pct3ResTime" : 2126.539999999999,
    "throughput" : 17.666553849143984,
    "receivedKBytesPerSec" : 897.723606066553,
    "sentKBytesPerSec" : 8.949479278367185
  }
}