{
  "Total" : {
    "transaction" : "Total",
    "sampleCount" : 30,
    "errorCount" : 0,
    "errorPct" : 0.0,
    "meanResTime" : 623.0333333333334,
    "medianResTime" : 705.5,
    "minResTime" : 269.0,
    "maxResTime" : 865.0,
    "pct1ResTime" : 803.0,
    "pct2ResTime" : 850.15,
    "pct3ResTime" : 865.0,
    "throughput" : 11.682242990654204,
    "receivedKBytesPerSec" : 316.65723568925233,
    "sentKBytesPerSec" : 4.765685845015576
  },
  "HTTP Request" : {
    "transaction" : "HTTP Request",
    "sampleCount" : 30,
    "errorCount" : 0,
    "errorPct" : 0.0,
    "meanResTime" : 623.0333333333334,
    "medianResTime" : 705.5,
    "minResTime" : 269.0,
    "maxResTime" : 865.0,
    "pct1ResTime" : 803.0,
    "pct2ResTime" : 850.15,
    "pct3ResTime" : 865.0,
    "throughput" : 11.682242990654204,
    "receivedKBytesPerSec" : 316.65723568925233,
    "sentKBytesPerSec" : 4.765685845015576
  }
}