{
  "Total" : {
    "transaction" : "Total",
    "sampleCount" : 735,
    "errorCount" : 0,
    "errorPct" : 0.0,
    "meanResTime" : 25726.410884353754,
    "medianResTime" : 26604.0,
    "minResTime" : 2427.0,
    "maxResTime" : 44072.0,
    "pct1ResTime" : 29439.399999999998,
    "pct2ResTime" : 31805.19999999999,
    "pct3ResTime" : 42219.32,
    "throughput" : 0.38697000903456513,
    "receivedKBytesPerSec" : 71.6757918867394,
    "sentKBytesPerSec" : 0.1647116166883054
  },
  "HTTP Request" : {
    "transaction" : "HTTP Request",
    "sampleCount" : 735,
    "errorCount" : 0,
    "errorPct" : 0.0,
    "meanResTime" : 25726.410884353754,
    "medianResTime" : 26604.0,
    "minResTime" : 2427.0,
    "maxResTime" : 44072.0,
    "pct1ResTime" : 29439.399999999998,
    "pct2ResTime" : 31805.19999999999,
    "pct3ResTime" : 42219.32,
    "throughput" : 0.38697000903456513,
    "receivedKBytesPerSec" : 71.6757918867394,
    "sentKBytesPerSec" : 0.1647116166883054
  }
}