{
  "Total" : {
    "transaction" : "Total",
    "sampleCount" : 5190,
    "errorCount" : 0,
    "errorPct" : 0.0,
    "meanResTime" : 855.9946050096336,
    "medianResTime" : 700.0,
    "minResTime" : 182.0,
    "maxResTime" : 5716.0,
    "pct1ResTime" : 1560.5000000000027,
    "pct2ResTime" : 1963.4499999999998,
    "pct3ResTime" : 2864.3600000000006,
    "throughput" : 11.62048698572628,
    "receivedKBytesPerSec" : 3144.9686231808005,
    "sentKBytesPerSec" : 5.0610481388189195
  },
  "HTTP Request" : {
    "transaction" : "HTTP Request",
    "sampleCount" : 5190,
    "errorCount" : 0,
    "errorPct" : 0.0,
    "meanResTime" : 855.9946050096336,
    "medianResTime" : 700.0,
    "minResTime" : 182.0,
    "maxResTime" : 5716.0,
    "pct1ResTime" : 1560.5000000000027,
    "pct2ResTime" : 1963.4499999999998,
    "pct3ResTime" : 2864.3600000000006,
    "throughput" : 11.62048698572628,
    "receivedKBytesPerSec" : 3144.9686231808005,
    "sentKBytesPerSec" : 5.0610481388189195
  }
}