{
  "Total" : {
    "transaction" : "Total",
    "sampleCount" : 735,
    "errorCount" : 0,
    "errorPct" : 0.0,
    "meanResTime" : 828.2312925170074,
    "medianResTime" : 762.0,
    "minResTime" : 186.0,
    "maxResTime" : 3741.0,
    "pct1ResTime" : 1309.5999999999997,
    "pct2ResTime" : 1570.1999999999996,
    "pct3ResTime" : 2946.879999999999,
    "throughput" : 11.870155038759691,
    "receivedKBytesPerSec" : 1737.1658364623709,
    "sentKBytesPerSec" : 5.226344224402455
  },
  "HTTP Request" : {
    "transaction" : "HTTP Request",
    "sampleCount" : 735,
    "errorCount" : 0,
    "errorPct" : 0.0,
    "meanResTime" : 828.2312925170074,
    "medianResTime" : 762.0,
    "minResTime" : 186.0,
    "maxResTime" : 3741.0,
    "pct1ResTime" : 1309.5999999999997,
    "pct2ResTime" : 1570.1999999999996,
    "pct3ResTime" : 2946.879999999999,
    "throughput" : 11.870155038759691,
    "receivedKBytesPerSec" : 1737.1658364623709,
    "sentKBytesPerSec" : 5.226344224402455
  }
}