{
  "Total" : {
    "transaction" : "Total",
    "sampleCount" : 5272,
    "errorCount" : 0,
    "errorPct" : 0.0,
    "meanResTime" : 1319.4366464339892,
    "medianResTime" : 1046.5,
    "minResTime" : 122.0,
    "maxResTime" : 8520.0,
    "pct1ResTime" : 2698.0999999999995,
    "pct2ResTime" : 3225.699999999999,
    "pct3ResTime" : 4517.539999999999,
    "throughput" : 29.321305220771855,
    "receivedKBytesPerSec" : 1398.5831688575147,
    "sentKBytesPerSec" : 14.853514484416106
  },
  "HTTP Request" : {
    "transaction" : "HTTP Request",
    "sampleCount" : 5272,
    "errorCount" : 0,
    "errorPct" : 0.0,
    "meanResTime" : 1319.4366464339892,
    "medianResTime" : 1046.5,
    "minResTime" : 122.0,
    "maxResTime" : 8520.0,
    "pct1ResTime" : 2698.0999999999995,
    "pct2ResTime" : 3225.699999999999,
    "pct3ResTime" : 4517.539999999999,
    "throughput" : 29.321305220771855,
    "receivedKBytesPerSec" : 1398.5831688575147,
    "sentKBytesPerSec" : 14.853514484416106
  }
}