{
  "Total" : {
    "transaction" : "Total",
    "sampleCount" : 5262,
    "errorCount" : 0,
    "errorPct" : 0.0,
    "meanResTime" : 307.35081717977937,
    "medianResTime" : 157.0,
    "minResTime" : 29.0,
    "maxResTime" : 3116.0,
    "pct1ResTime" : 759.6999999999998,
    "pct2ResTime" : 1047.7999999999956,
    "pct3ResTime" : 1805.8499999999995,
    "throughput" : 32.14534436204137,
    "receivedKBytesPerSec" : 1521.6735379732918,
    "sentKBytesPerSec" : 16.283341793605754
  },
  "HTTP Request" : {
    "transaction" : "HTTP Request",
    "sampleCount" : 5262,
    "errorCount" : 0,
    "errorPct" : 0.0,
    "meanResTime" : 307.35081717977937,
    "medianResTime" : 157.0,
    "minResTime" : 29.0,
    "maxResTime" : 3116.0,
    "pct1ResTime" : 759.6999999999998,
    "pct2ResTime" : 1047.7999999999956,
    "pct3ResTime" : 1805.8499999999995,
    "throughput" : 32.14534436204137,
    "receivedKBytesPerSec" : 1521.6735379732918,
    "sentKBytesPerSec" : 16.283341793605754
  }
}