{
  "Total" : {
    "transaction" : "Total",
    "sampleCount" : 735,
    "errorCount" : 0,
    "errorPct" : 0.0,
    "meanResTime" : 26132.280272108845,
    "medianResTime" : 27159.0,
    "minResTime" : 3250.0,
    "maxResTime" : 45476.0,
    "pct1ResTime" : 29671.0,
    "pct2ResTime" : 31971.399999999998,
    "pct3ResTime" : 42903.27999999999,
    "throughput" : 0.38098891244511945,
    "receivedKBytesPerSec" : 70.56854880642912,
    "sentKBytesPerSec" : 0.1621657964288121
  },
  "HTTP Request" : {
    "transaction" : "HTTP Request",
    "sampleCount" : 735,
    "errorCount" : 0,
    "errorPct" : 0.0,
    "meanResTime" : 26132.280272108845,
    "medianResTime" : 27159.0,
    "minResTime" : 3250.0,
    "maxResTime" : 45476.0,
    "pct1ResTime" : 29671.0,
    "pct2ResTime" : 31971.399999999998,
    "pct3ResTime" : 42903.27999999999,
    "throughput" : 0.38098891244511945,
    "receivedKBytesPerSec" : 70.56854880642912,
    "sentKBytesPerSec" : 0.1621657964288121
  }
}