{
  "Total" : {
    "transaction" : "Total",
    "sampleCount" : 20,
    "errorCount" : 0,
    "errorPct" : 0.0,
    "meanResTime" : 8336.8,
    "medianResTime" : 6073.0,
    "minResTime" : 3468.0,
    "maxResTime" : 14687.0,
    "pct1ResTime" : 14486.5,
    "pct2ResTime" : 14677.25,
    "pct3ResTime" : 14687.0,
    "throughput" : 0.8887703861707328,
    "receivedKBytesPerSec" : 434.4564387942719,
    "sentKBytesPerSec" : 0.36262526107630094
  },
  "HTTP Request" : {
    "transaction" : "HTTP Request",
    "sampleCount" : 20,
    "errorCount" : 0,
    "errorPct" : 0.0,
    "meanResTime" : 8336.8,
    "medianResTime" : 6073.0,
    "minResTime" : 3468.0,
    "maxResTime" : 14687.0,
    "pct1ResTime" : 14486.5,
    "pct2ResTime" : 14677.25,
    "pct3ResTime" : 14687.0,
    "throughput" : 0.8887703861707328,
    "receivedKBytesPerSec" : 434.4564387942719,
    "sentKBytesPerSec" : 0.36262526107630094
  }
}