{
  "Total" : {
    "transaction" : "Total",
    "sampleCount" : 30,
    "errorCount" : 0,
    "errorPct" : 0.0,
    "meanResTime" : 584.1333333333333,
    "medianResTime" : 663.0,
    "minResTime" : 249.0,
    "maxResTime" : 801.0,
    "pct1ResTime" : 740.7,
    "pct2ResTime" : 780.65,
    "pct3ResTime" : 801.0,
    "throughput" : 12.315270935960593,
    "receivedKBytesPerSec" : 333.8280287869458,
    "sentKBytesPerSec" : 5.023924979474549
  },
  "HTTP Request" : {
    "transaction" : "HTTP Request",
    "sampleCount" : 30,
    "errorCount" : 0,
    "errorPct" : 0.0,
    "meanResTime" : 584.1333333333333,
    "medianResTime" : 663.0,
    "minResTime" : 249.0,
    "maxResTime" : 801.0,
    "pct1ResTime" : 740.7,
    "pct2ResTime" : 780.65,
    "pct3ResTime" : 801.0,
    "throughput" : 12.315270935960593,
    "receivedKBytesPerSec" : 333.8280287869458,
    "sentKBytesPerSec" : 5.023924979474549
  }
}