{
  "Total" : {
    "transaction" : "Total",
    "sampleCount" : 5190,
    "errorCount" : 0,
    "errorPct" : 0.0,
    "meanResTime" : 424.3855491329473,
    "medianResTime" : 228.0,
    "minResTime" : 18.0,
    "maxResTime" : 15092.0,
    "pct1ResTime" : 662.9000000000005,
    "pct2ResTime" : 974.8999999999996,
    "pct3ResTime" : 4647.400000000023,
    "throughput" : 23.087599423477286,
    "receivedKBytesPerSec" : 5985.15615529608,
    "sentKBytesPerSec" : 10.410906235542448
  },
  "HTTP Request" : {
    "transaction" : "HTTP Request",
    "sampleCount" : 5190,
    "errorCount" : 0,
    "errorPct" : 0.0,
    "meanResTime" : 424.3855491329473,
    "medianResTime" : 228.0,
    "minResTime" : 18.0,
    "maxResTime" : 15092.0,
    "pct1ResTime" : 662.9000000000005,
    "pct2ResTime" : 974.8999999999996,
    "pct3ResTime" : 4647.400000000023,
    "throughput" : 23.087599423477286,
    "receivedKBytesPerSec" : 5985.15615529608,
    "sentKBytesPerSec" : 10.410906235542448
  }
}