{
  "Total" : {
    "transaction" : "Total",
    "sampleCount" : 18,
    "errorCount" : 0,
    "errorPct" : 0.0,
    "meanResTime" : 3443.1666666666665,
    "medianResTime" : 278.5,
    "minResTime" : 90.0,
    "maxResTime" : 29131.0,
    "pct1ResTime" : 28882.600000000002,
    "pct2ResTime" : 29131.0,
    "pct3ResTime" : 29131.0,
    "throughput" : 0.6125365820458722,
    "receivedKBytesPerSec" : 578.6906791286667,
    "sentKBytesPerSec" : 0.2317948491628667
  },
  "HTTP Request" : {
    "transaction" : "HTTP Request",
    "sampleCount" : 18,
    "errorCount" : 0,
    "errorPct" : 0.0,
    "meanResTime" : 3443.1666666666665,
    "medianResTime" : 278.5,
    "minResTime" : 90.0,
    "maxResTime" : 29131.0,
    "pct1ResTime" : 28882.600000000002,
    "pct2ResTime" : 29131.0,
    "pct3ResTime" : 29131.0,
    "throughput" : 0.6125365820458722,
    "receivedKBytesPerSec" : 578.6906791286667,
    "sentKBytesPerSec" : 0.2317948491628667
  }
}