{
  "Total" : {
    "transaction" : "Total",
    "sampleCount" : 30,
    "errorCount" : 0,
    "errorPct" : 0.0,
    "meanResTime" : 250.23333333333332,
    "medianResTime" : 249.5,
    "minResTime" : 141.0,
    "maxResTime" : 352.0,
    "pct1ResTime" : 325.40000000000003,
    "pct2ResTime" : 344.3,
    "pct3ResTime" : 352.0,
    "throughput" : 24.489795918367346,
    "receivedKBytesPerSec" : 663.703762755102,
    "sentKBytesPerSec" : 9.990433673469386
  },
  "HTTP Request" : {
    "transaction" : "HTTP Request",
    "sampleCount" : 30,
    "errorCount" : 0,
    "errorPct" : 0.0,
    "meanResTime" : 250.23333333333332,
    "medianResTime" : 249.5,
    "minResTime" : 141.0,
    "maxResTime" : 352.0,
    "pct1ResTime" : 325.40000000000003,
    "pct2ResTime" : 344.3,
    "pct3ResTime" : 352.0,
    "throughput" : 24.489795918367346,
    "receivedKBytesPerSec" : 663.703762755102,
    "sentKBytesPerSec" : 9.990433673469386
  }
}