{
  "qgis314-stock": {
    "somap314_lk": {
      "lk.txt": {
        "transaction": "Total",
        "sampleCount": 30,
        "errorCount": 0,
        "errorPct": 0.0,
        "meanResTime": 305.4666666666666,
        "medianResTime": 236.5,
        "minResTime": 115.0,
        "maxResTime": 756.0,
        "pct1ResTime": 750.4,
        "pct2ResTime": 753.8,
        "pct3ResTime": 756.0,
        "throughput": 22.65861027190332,
        "receivedKBytesPerSec": 614.0483383685801,
        "sentKBytesPerSec": 9.243414841389727,
        "memMaxMB": 2944.0,
        "memAvgMB": 2944.0,
        "memMinMB": 2944.0,
        "cpuMax%": 4.1,
        "cpuAvg%": 4.1,
        "cpuMin%": 4.1,
        "dashboard": "results/details/compare-major/20201014-081746/qgis314-stock/somap314_lk/lk.txt/dashboard/index.html"
      }
    },
    "somap314_grundplanav_farbig": {
      "av_f.txt": {
        "transaction": "Total",
        "sampleCount": 22,
        "errorCount": 0,
        "errorPct": 0.0,
        "meanResTime": 2211.3636363636365,
        "medianResTime": 2112.0,
        "minResTime": 648.0,
        "maxResTime": 3688.0,
        "pct1ResTime": 3314.2,
        "pct2ResTime": 3632.649999999999,
        "pct3ResTime": 3688.0,
        "throughput": 3.5279025016035916,
        "receivedKBytesPerSec": 459.98724643200774,
        "sentKBytesPerSec": 1.5033675432969853,
        "memMaxMB": 4337.5,
        "memAvgMB": 3561.0,
        "memMinMB": 2917.6,
        "cpuMax%": 95.6,
        "cpuAvg%": 66.5,
        "cpuMin%": 30.4,
        "dashboard": "results/details/compare-major/20201014-081746/qgis314-stock/somap314_grundplanav_farbig/av_f.txt/dashboard/index.html"
      }
    },
    "somap314_grundplanav_sw": {
      "av_sw.txt": {
        "transaction": "Total",
        "sampleCount": 20,
        "errorCount": 0,
        "errorPct": 0.0,
        "meanResTime": 1900.3000000000002,
        "medianResTime": 2182.5,
        "minResTime": 231.0,
        "maxResTime": 3800.0,
        "pct1ResTime": 3527.700000000001,
        "pct2ResTime": 3789.5,
        "pct3ResTime": 3800.0,
        "throughput": 3.7292560134253216,
        "receivedKBytesPerSec": 1160.3274170240536,
        "sentKBytesPerSec": 1.5616259556218532,
        "memMaxMB": 3437.7,
        "memAvgMB": 3248.1,
        "memMinMB": 3130.2,
        "cpuMax%": 98.1,
        "cpuAvg%": 62.0,
        "cpuMin%": 25.1,
        "dashboard": "results/details/compare-major/20201014-081746/qgis314-stock/somap314_grundplanav_sw/av_sw.txt/dashboard/index.html"
      }
    }
  },
  "qgis314-standalone": {
    "somap314_lk": {
      "lk.txt": {
        "transaction": "Total",
        "sampleCount": 30,
        "errorCount": 0,
        "errorPct": 0.0,
        "meanResTime": 328.6333333333334,
        "medianResTime": 189.0,
        "minResTime": 61.0,
        "maxResTime": 962.0,
        "pct1ResTime": 896.8000000000002,
        "pct2ResTime": 962.0,
        "pct3ResTime": 962.0,
        "throughput": 21.141649048625794,
        "receivedKBytesPerSec": 570.9057324700493,
        "sentKBytesPerSec": 8.913627554615926,
        "memMaxMB": 2969.8,
        "memAvgMB": 2969.8,
        "memMinMB": 2969.8,
        "cpuMax%": 17.2,
        "cpuAvg%": 17.2,
        "cpuMin%": 17.2,
        "dashboard": "results/details/compare-major/20201014-081746/qgis314-standalone/somap314_lk/lk.txt/dashboard/index.html"
      }
    },
    "somap314_grundplanav_farbig": {
      "av_f.txt": {
        "transaction": "Total",
        "sampleCount": 22,
        "errorCount": 0,
        "errorPct": 0.0,
        "meanResTime": 17830.045454545456,
        "medianResTime": 3156.0,
        "minResTime": 265.0,
        "maxResTime": 87169.0,
        "pct1ResTime": 86747.7,
        "pct2ResTime": 87148.15,
        "pct3ResTime": 87169.0,
        "throughput": 0.2415618068823155,
        "receivedKBytesPerSec": 29.348065343841274,
        "sentKBytesPerSec": 0.1062408728067286,
        "memMaxMB": 6440.5,
        "memAvgMB": 6082.5,
        "memMinMB": 3129.4,
        "cpuMax%": 98.9,
        "cpuAvg%": 29.1,
        "cpuMin%": 24.8,
        "dashboard": "results/details/compare-major/20201014-081746/qgis314-standalone/somap314_grundplanav_farbig/av_f.txt/dashboard/index.html"
      }
    },
    "somap314_grundplanav_sw": {
      "av_sw.txt": {
        "transaction": "Total",
        "sampleCount": 20,
        "errorCount": 0,
        "errorPct": 0.0,
        "meanResTime": 18984.75,
        "medianResTime": 2659.0,
        "minResTime": 236.0,
        "maxResTime": 88697.0,
        "pct1ResTime": 86073.2,
        "pct2ResTime": 88569.59999999999,
        "pct3ResTime": 88697.0,
        "throughput": 0.21723074249467783,
        "receivedKBytesPerSec": 56.43284506764022,
        "sentKBytesPerSec": 0.09393532497719077,
        "memMaxMB": 8951.3,
        "memAvgMB": 8705.8,
        "memMinMB": 6561.1,
        "cpuMax%": 98.5,
        "cpuAvg%": 39.6,
        "cpuMin%": 12.5,
        "dashboard": "results/details/compare-major/20201014-081746/qgis314-standalone/somap314_grundplanav_sw/av_sw.txt/dashboard/index.html"
      }
    }
  },
  "qgis3dev-standalone": {
    "somap314_lk": {
      "lk.txt": {
        "transaction": "Total",
        "sampleCount": 30,
        "errorCount": 0,
        "errorPct": 0.0,
        "meanResTime": 345.3333333333333,
        "medianResTime": 182.0,
        "minResTime": 67.0,
        "maxResTime": 978.0,
        "pct1ResTime": 918.9,
        "pct2ResTime": 975.25,
        "pct3ResTime": 978.0,
        "throughput": 21.551724137931036,
        "receivedKBytesPerSec": 581.9793350395115,
        "sentKBytesPerSec": 9.086521192528735,
        "memMaxMB": 2982.6,
        "memAvgMB": 2982.6,
        "memMinMB": 2982.6,
        "cpuMax%": 15.2,
        "cpuAvg%": 15.2,
        "cpuMin%": 15.2,
        "dashboard": "results/details/compare-major/20201014-081746/qgis3dev-standalone/somap314_lk/lk.txt/dashboard/index.html"
      }
    },
    "somap314_grundplanav_farbig": {
      "av_f.txt": {
        "transaction": "Total",
        "sampleCount": 22,
        "errorCount": 0,
        "errorPct": 0.0,
        "meanResTime": 17639.63636363636,
        "medianResTime": 2986.0,
        "minResTime": 222.0,
        "maxResTime": 86509.0,
        "pct1ResTime": 86063.8,
        "pct2ResTime": 86479.3,
        "pct3ResTime": 86509.0,
        "throughput": 0.2433520640679616,
        "receivedKBytesPerSec": 29.565569035938676,
        "sentKBytesPerSec": 0.10702824266625371,
        "memMaxMB": 5314.3,
        "memAvgMB": 4692.4,
        "memMinMB": 3131.5,
        "cpuMax%": 98.9,
        "cpuAvg%": 29.0,
        "cpuMin%": 25.0,
        "dashboard": "results/details/compare-major/20201014-081746/qgis3dev-standalone/somap314_grundplanav_farbig/av_f.txt/dashboard/index.html"
      }
    },
    "somap314_grundplanav_sw": {
      "av_sw.txt": {
        "transaction": "Total",
        "sampleCount": 20,
        "errorCount": 0,
        "errorPct": 0.0,
        "meanResTime": 36038.049999999996,
        "medianResTime": 2589.0,
        "minResTime": 226.0,
        "maxResTime": 91277.0,
        "pct1ResTime": 89131.8,
        "pct2ResTime": 91170.2,
        "pct3ResTime": 91277.0,
        "throughput": 0.21832392721080265,
        "receivedKBytesPerSec": 56.716686583039504,
        "sentKBytesPerSec": 0.09440804196185881,
        "memMaxMB": 8383.7,
        "memAvgMB": 8044.6,
        "memMinMB": 5492.9,
        "cpuMax%": 98.5,
        "cpuAvg%": 38.8,
        "cpuMin%": 12.7,
        "dashboard": "results/details/compare-major/20201014-081746/qgis3dev-standalone/somap314_grundplanav_sw/av_sw.txt/dashboard/index.html"
      }
    }
  }
}