{
  "Total" : {
    "transaction" : "Total",
    "sampleCount" : 5190,
    "errorCount" : 0,
    "errorPct" : 0.0,
    "meanResTime" : 855.661271676303,
    "medianResTime" : 696.0,
    "minResTime" : 181.0,
    "maxResTime" : 8605.0,
    "pct1ResTime" : 1547.0,
    "pct2ResTime" : 1991.8999999999996,
    "pct3ResTime" : 2833.800000000003,
    "throughput" : 11.613544212024383,
    "receivedKBytesPerSec" : 3143.1732138127054,
    "sentKBytesPerSec" : 5.058024366066074
  },
  "HTTP Request" : {
    "transaction" : "HTTP Request",
    "sampleCount" : 5190,
    "errorCount" : 0,
    "errorPct" : 0.0,
    "meanResTime" : 855.661271676303,
    "medianResTime" : 696.0,
    "minResTime" : 181.0,
    "maxResTime" : 8605.0,
    "pct1ResTime" : 1547.0,
    "pct2ResTime" : 1991.8999999999996,
    "pct3ResTime" : 2833.800000000003,
    "throughput" : 11.613544212024383,
    "receivedKBytesPerSec" : 3143.1732138127054,
    "sentKBytesPerSec" : 5.058024366066074
  }
}