{
  "Total" : {
    "transaction" : "Total",
    "sampleCount" : 18,
    "errorCount" : 0,
    "errorPct" : 0.0,
    "meanResTime" : 138.72222222222223,
    "medianResTime" : 113.5,
    "minResTime" : 70.0,
    "maxResTime" : 344.0,
    "pct1ResTime" : 299.9000000000001,
    "pct2ResTime" : 344.0,
    "pct3ResTime" : 344.0,
    "throughput" : 26.31578947368421,
    "receivedKBytesPerSec" : 4475.441737481725,
    "sentKBytesPerSec" : 10.176809210526315
  },
  "HTTP Request" : {
    "transaction" : "HTTP Request",
    "sampleCount" : 18,
    "errorCount" : 0,
    "errorPct" : 0.0,
    "meanResTime" : 138.72222222222223,
    "medianResTime" : 113.5,
    "minResTime" : 70.0,
    "maxResTime" : 344.0,
    "pct1ResTime" : 299.9000000000001,
    "pct2ResTime" : 344.0,
    "pct3ResTime" : 344.0,
    "throughput" : 26.31578947368421,
    "receivedKBytesPerSec" : 4475.441737481725,
    "sentKBytesPerSec" : 10.176809210526315
  }
}