{
  "Total" : {
    "transaction" : "Total",
    "sampleCount" : 5190,
    "errorCount" : 0,
    "errorPct" : 0.0,
    "meanResTime" : 357.09845857418156,
    "medianResTime" : 268.0,
    "minResTime" : 29.0,
    "maxResTime" : 2129.0,
    "pct1ResTime" : 757.0,
    "pct2ResTime" : 918.4499999999998,
    "pct3ResTime" : 1245.0900000000001,
    "throughput" : 27.761136548418843,
    "receivedKBytesPerSec" : 5300.414762211691,
    "sentKBytesPerSec" : 12.464126403435106
  },
  "HTTP Request" : {
    "transaction" : "HTTP Request",
    "sampleCount" : 5190,
    "errorCount" : 0,
    "errorPct" : 0.0,
    "meanResTime" : 357.09845857418156,
    "medianResTime" : 268.0,
    "minResTime" : 29.0,
    "maxResTime" : 2129.0,
    "pct1ResTime" : 757.0,
    "pct2ResTime" : 918.4499999999998,
    "pct3ResTime" : 1245.0900000000001,
    "throughput" : 27.761136548418843,
    "receivedKBytesPerSec" : 5300.414762211691,
    "sentKBytesPerSec" : 12.464126403435106
  }
}