{
  "qgis310-singlethread-multiinstance": {
    "somap310_lk": {
      "lk_big.txt": {
        "transaction": "Total",
        "sampleCount": 5262,
        "errorCount": 0,
        "errorPct": 0.0,
        "meanResTime": 424.82497149372887,
        "medianResTime": 256.0,
        "minResTime": 32.0,
        "maxResTime": 3137.0,
        "pct1ResTime": 1028.0,
        "pct2ResTime": 1311.3999999999978,
        "pct3ResTime": 2140.0,
        "throughput": 27.90742076456362,
        "receivedKBytesPerSec": 1321.0167466236105,
        "sentKBytesPerSec": 14.136606090428636,
        "memMaxMB": 5629.6,
        "memAvgMB": 3977.1,
        "memMinMB": 2832.0,
        "cpuMax%": 90.1,
        "cpuAvg%": 74.3,
        "cpuMin%": 13.7,
        "dashboard": "results/details/compare-deployment/20201014-003431/qgis310-singlethread-multiinstance/somap310_lk/lk_big.txt/dashboard/index.html"
      }
    },
    "somap310_grundplanav_farbig": {
      "av_f_big.txt": {
        "transaction": "Total",
        "sampleCount": 735,
        "errorCount": 0,
        "errorPct": 0.0,
        "meanResTime": 1255.3210884353732,
        "medianResTime": 1183.0,
        "minResTime": 411.0,
        "maxResTime": 4486.0,
        "pct1ResTime": 1856.8,
        "pct2ResTime": 2115.5999999999976,
        "pct3ResTime": 3309.48,
        "throughput": 9.441596978688967,
        "receivedKBytesPerSec": 1381.750997750395,
        "sentKBytesPerSec": 4.157067509024111,
        "memMaxMB": 5544.0,
        "memAvgMB": 4585.5,
        "memMinMB": 3138.1,
        "cpuMax%": 99.1,
        "cpuAvg%": 74.0,
        "cpuMin%": 29.3,
        "dashboard": "results/details/compare-deployment/20201014-003431/qgis310-singlethread-multiinstance/somap310_grundplanav_farbig/av_f_big.txt/dashboard/index.html"
      }
    },
    "somap310_grundplanav_sw": {
      "av_sw_big.txt": {
        "transaction": "Total",
        "sampleCount": 5190,
        "errorCount": 0,
        "errorPct": 0.0,
        "meanResTime": 1206.363198458575,
        "medianResTime": 1086.0,
        "minResTime": 207.0,
        "maxResTime": 6661.0,
        "pct1ResTime": 2077.9000000000005,
        "pct2ResTime": 2470.0,
        "pct3ResTime": 3555.09,
        "throughput": 9.890914080545201,
        "receivedKBytesPerSec": 2676.9156112308565,
        "sentKBytesPerSec": 4.307770608929647,
        "memMaxMB": 8748.5,
        "memAvgMB": 7191.6,
        "memMinMB": 4203.5,
        "cpuMax%": 99.0,
        "cpuAvg%": 74.2,
        "cpuMin%": 25.8,
        "dashboard": "results/details/compare-deployment/20201014-003431/qgis310-singlethread-multiinstance/somap310_grundplanav_sw/av_sw_big.txt/dashboard/index.html"
      }
    }
  },
  "qgis310-multithread-singleinstance": {
    "somap310_lk": {
      "lk_big.txt": {
        "transaction": "Total",
        "sampleCount": 5262,
        "errorCount": 0,
        "errorPct": 0.0,
        "meanResTime": 2065.0847586469013,
        "medianResTime": 1535.5,
        "minResTime": 139.0,
        "maxResTime": 12492.0,
        "pct1ResTime": 4053.3999999999996,
        "pct2ResTime": 4954.399999999998,
        "pct3ResTime": 7620.4999999999945,
        "throughput": 5.771179637014517,
        "receivedKBytesPerSec": 273.1779211164496,
        "sentKBytesPerSec": 2.9234121595777234,
        "memMaxMB": 4303.1,
        "memAvgMB": 3319.9,
        "memMinMB": 2487.7,
        "cpuMax%": 31.7,
        "cpuAvg%": 15.9,
        "cpuMin%": 9.9,
        "dashboard": "results/details/compare-deployment/20201014-003431/qgis310-multithread-singleinstance/somap310_lk/lk_big.txt/dashboard/index.html"
      }
    },
    "somap310_grundplanav_farbig": {
      "av_f_big.txt": {
        "transaction": "Total",
        "sampleCount": 735,
        "errorCount": 0,
        "errorPct": 0.0,
        "meanResTime": 5145.638095238094,
        "medianResTime": 5315.0,
        "minResTime": 2452.0,
        "maxResTime": 8511.0,
        "pct1ResTime": 6444.399999999998,
        "pct2ResTime": 7396.4,
        "pct3ResTime": 7981.039999999999,
        "throughput": 2.3141953054895232,
        "receivedKBytesPerSec": 338.6758291549251,
        "sentKBytesPerSec": 1.0189236138442404,
        "memMaxMB": 3530.6,
        "memAvgMB": 3099.6,
        "memMinMB": 2584.7,
        "cpuMax%": 37.2,
        "cpuAvg%": 17.6,
        "cpuMin%": 12.5,
        "dashboard": "results/details/compare-deployment/20201014-003431/qgis310-multithread-singleinstance/somap310_grundplanav_farbig/av_f_big.txt/dashboard/index.html"
      }
    },
    "somap310_grundplanav_sw": {
      "av_sw_big.txt": {
        "transaction": "Total",
        "sampleCount": 5190,
        "errorCount": 0,
        "errorPct": 0.0,
        "meanResTime": 5839.868978805408,
        "medianResTime": 5717.5,
        "minResTime": 2095.0,
        "maxResTime": 22934.0,
        "pct1ResTime": 8338.500000000007,
        "pct2ResTime": 9488.549999999996,
        "pct3ResTime": 12880.560000000012,
        "throughput": 2.051723190520485,
        "receivedKBytesPerSec": 555.2845298446906,
        "sentKBytesPerSec": 0.8935830182943341,
        "memMaxMB": 7429.7,
        "memAvgMB": 5817.7,
        "memMinMB": 2788.4,
        "cpuMax%": 33.5,
        "cpuAvg%": 15.1,
        "cpuMin%": 12.4,
        "dashboard": "results/details/compare-deployment/20201014-003431/qgis310-multithread-singleinstance/somap310_grundplanav_sw/av_sw_big.txt/dashboard/index.html"
      }
    }
  },
  "qgis310-balanced": {
    "somap310_lk": {
      "lk_big.txt": {
        "transaction": "Total",
        "sampleCount": 5262,
        "errorCount": 0,
        "errorPct": 0.0,
        "meanResTime": 746.66818700114,
        "medianResTime": 575.0,
        "minResTime": 61.0,
        "maxResTime": 5040.0,
        "pct1ResTime": 1609.0,
        "pct2ResTime": 1999.8499999999995,
        "pct3ResTime": 3043.2199999999993,
        "throughput": 15.927114232096372,
        "receivedKBytesPerSec": 753.911682901129,
        "sentKBytesPerSec": 8.067937985236696,
        "memMaxMB": 4900.1,
        "memAvgMB": 3600.3,
        "memMinMB": 2595.7,
        "cpuMax%": 64.4,
        "cpuAvg%": 42.7,
        "cpuMin%": 10.0,
        "dashboard": "results/details/compare-deployment/20201014-003431/qgis310-balanced/somap310_lk/lk_big.txt/dashboard/index.html"
      }
    },
    "somap310_grundplanav_farbig": {
      "av_f_big.txt": {
        "transaction": "Total",
        "sampleCount": 735,
        "errorCount": 0,
        "errorPct": 0.0,
        "meanResTime": 2043.3863945578235,
        "medianResTime": 2080.0,
        "minResTime": 538.0,
        "maxResTime": 5204.0,
        "pct1ResTime": 2725.6,
        "pct2ResTime": 3004.399999999999,
        "pct3ResTime": 4106.6799999999985,
        "throughput": 5.799457139250095,
        "receivedKBytesPerSec": 848.733053170074,
        "sentKBytesPerSec": 2.5534594304301854,
        "memMaxMB": 4153.0,
        "memAvgMB": 3617.4,
        "memMinMB": 2828.0,
        "cpuMax%": 75.4,
        "cpuAvg%": 46.2,
        "cpuMin%": 26.6,
        "dashboard": "results/details/compare-deployment/20201014-003431/qgis310-balanced/somap310_grundplanav_farbig/av_f_big.txt/dashboard/index.html"
      }
    },
    "somap310_grundplanav_sw": {
      "av_sw_big.txt": {
        "transaction": "Total",
        "sampleCount": 5190,
        "errorCount": 0,
        "errorPct": 0.0,
        "meanResTime": 2120.387668593443,
        "medianResTime": 1993.0,
        "minResTime": 585.0,
        "maxResTime": 8275.0,
        "pct1ResTime": 3302.0,
        "pct2ResTime": 3784.0,
        "pct3ResTime": 5643.340000000004,
        "throughput": 5.640721881979578,
        "receivedKBytesPerSec": 1526.616170366579,
        "sentKBytesPerSec": 2.456692651302311,
        "memMaxMB": 7983.5,
        "memAvgMB": 6302.3,
        "memMinMB": 3220.9,
        "cpuMax%": 81.6,
        "cpuAvg%": 42.8,
        "cpuMin%": 25.8,