{
  "Total" : {
    "transaction" : "Total",
    "sampleCount" : 30,
    "errorCount" : 0,
    "errorPct" : 0.0,
    "meanResTime" : 252.7,
    "medianResTime" : 163.5,
    "minResTime" : 50.0,
    "maxResTime" : 877.0,
    "pct1ResTime" : 855.6000000000001,
    "pct2ResTime" : 872.05,
    "pct3ResTime" : 877.0,
    "throughput" : 25.906735751295336,
    "receivedKBytesPerSec" : 702.2496356865286,
    "sentKBytesPerSec" : 10.568463946459413
  },
  "HTTP Request" : {
    "transaction" : "HTTP Request",
    "sampleCount" : 30,
    "errorCount" : 0,
    "errorPct" : 0.0,
    "meanResTime" : 252.7,
    "medianResTime" : 163.5,
    "minResTime" : 50.0,
    "maxResTime" : 877.0,
    "pct1ResTime" : 855.6000000000001,
    "pct2ResTime" : 872.05,
    "pct3ResTime" : 877.0,
    "throughput" : 25.906735751295336,
    "receivedKBytesPerSec" : 702.2496356865286,
    "sentKBytesPerSec" : 10.568463946459413
  }
}