{
  "Total" : {
    "transaction" : "Total",
    "sampleCount" : 5272,
    "errorCount" : 0,
    "errorPct" : 0.0,
    "meanResTime" : 305.21452959028863,
    "medianResTime" : 173.0,
    "minResTime" : 27.0,
    "maxResTime" : 2491.0,
    "pct1ResTime" : 739.6999999999998,
    "pct2ResTime" : 965.0,
    "pct3ResTime" : 1556.2699999999995,
    "throughput" : 32.480054215568494,
    "receivedKBytesPerSec" : 1549.2197427167082,
    "sentKBytesPerSec" : 16.45366575986508
  },
  "HTTP Request" : {
    "transaction" : "HTTP Request",
    "sampleCount" : 5272,
    "errorCount" : 0,
    "errorPct" : 0.0,
    "meanResTime" : 305.21452959028863,
    "medianResTime" : 173.0,
    "minResTime" : 27.0,
    "maxResTime" : 2491.0,
    "pct1ResTime" : 739.6999999999998,
    "pct2ResTime" : 965.0,
    "pct3ResTime" : 1556.2699999999995,
    "throughput" : 32.480054215568494,
    "receivedKBytesPerSec" : 1549.2197427167082,
    "sentKBytesPerSec" : 16.45366575986508
  }
}