{
  "Total" : {
    "transaction" : "Total",
    "sampleCount" : 5191,
    "errorCount" : 5191,
    "errorPct" : 100.0,
    "meanResTime" : 4.523213253708346,
    "medianResTime" : 2.0,
    "minResTime" : 1.0,
    "maxResTime" : 1274.0,
    "pct1ResTime" : 3.0,
    "pct2ResTime" : 4.0,
    "pct3ResTime" : 9.0,
    "throughput" : 1451.6219239373602,
    "receivedKBytesPerSec" : 705.3992764261745,
    "sentKBytesPerSec" : 581.6096022091723
  },
  "HTTP Request" : {
    "transaction" : "HTTP Request",
    "sampleCount" : 5191,
    "errorCount" : 5191,
    "errorPct" : 100.0,
    "meanResTime" : 4.523213253708346,
    "medianResTime" : 2.0,
    "minResTime" : 1.0,
    "maxResTime" : 1274.0,
    "pct1ResTime" : 3.0,
    "pct2ResTime" : 4.0,
    "pct3ResTime" : 9.0,
    "throughput" : 1451.6219239373602,
    "receivedKBytesPerSec" : 705.3992764261745,
    "sentKBytesPerSec" : 581.6096022091723
  }
}