{
  "Total" : {
    "transaction" : "Total",
    "sampleCount" : 30,
    "errorCount" : 0,
    "errorPct" : 0.0,
    "meanResTime" : 114.3,
    "medianResTime" : 110.0,
    "minResTime" : 63.0,
    "maxResTime" : 280.0,
    "pct1ResTime" : 123.9,
    "pct2ResTime" : 195.8499999999999,
    "pct3ResTime" : 280.0,
    "throughput" : 8.62316757688991,
    "receivedKBytesPerSec" : 233.74678876832422,
    "sentKBytesPerSec" : 3.5177583357286575
  },
  "HTTP Request" : {
    "transaction" : "HTTP Request",
    "sampleCount" : 30,
    "errorCount" : 0,
    "errorPct" : 0.0,
    "meanResTime" : 114.3,
    "medianResTime" : 110.0,
    "minResTime" : 63.0,
    "maxResTime" : 280.0,
    "pct1ResTime" : 123.9,
    "pct2ResTime" : 195.8499999999999,
    "pct3ResTime" : 280.0,
    "throughput" : 8.62316757688991,
    "receivedKBytesPerSec" : 233.74678876832422,
    "sentKBytesPerSec" : 3.5177583357286575
  }
}