{
  "Total" : {
    "transaction" : "Total",
    "sampleCount" : 9932,
    "errorCount" : 3245,
    "errorPct" : 32.672173,
    "meanResTime" : 357.0184252919839,
    "medianResTime" : 127.0,
    "minResTime" : 1.0,
    "maxResTime" : 5922.0,
    "pct1ResTime" : 1037.4000000000015,
    "pct2ResTime" : 1509.4500000000025,
    "pct3ResTime" : 2578.01,
    "throughput" : 55.0865788860664,
    "receivedKBytesPerSec" : 1669.617447356252,
    "sentKBytesPerSec" : 36.8063177004182
  },
  "HTTP Request" : {
    "transaction" : "HTTP Request",
    "sampleCount" : 9932,
    "errorCount" : 3245,
    "errorPct" : 32.672173,
    "meanResTime" : 357.0184252919839,
    "medianResTime" : 127.0,
    "minResTime" : 1.0,
    "maxResTime" : 5922.0,
    "pct1ResTime" : 1037.4000000000015,
    "pct2ResTime" : 1509.4500000000025,
    "pct3ResTime" : 2578.01,
    "throughput" : 55.0865788860664,
    "receivedKBytesPerSec" : 1669.617447356252,
    "sentKBytesPerSec" : 36.8063177004182
  }
}