{
  "Total" : {
    "transaction" : "Total",
    "sampleCount" : 20,
    "errorCount" : 0,
    "errorPct" : 0.0,
    "meanResTime" : 643.9999999999999,
    "medianResTime" : 395.5,
    "minResTime" : 228.0,
    "maxResTime" : 2503.0,
    "pct1ResTime" : 1340.0000000000005,
    "pct2ResTime" : 2445.699999999999,
    "pct3ResTime" : 2503.0,
    "throughput" : 1.5454756201220925,
    "receivedKBytesPerSec" : 480.8704378284135,
    "sentKBytesPerSec" : 0.6471679159261262
  },
  "HTTP Request" : {
    "transaction" : "HTTP Request",
    "sampleCount" : 20,
    "errorCount" : 0,
    "errorPct" : 0.0,
    "meanResTime" : 643.9999999999999,
    "medianResTime" : 395.5,
    "minResTime" : 228.0,
    "maxResTime" : 2503.0,
    "pct1ResTime" : 1340.0000000000005,
    "pct2ResTime" : 2445.699999999999,
    "pct3ResTime" : 2503.0,
    "throughput" : 1.5454756201220925,
    "receivedKBytesPerSec" : 480.8704378284135,
    "sentKBytesPerSec" : 0.6471679159261262
  }
}