{
  "qgis310-singlethread-multiinstance": {
    "somap310_lk": {
      "lk.txt": {
        "transaction": "Total",
        "sampleCount": 30,
        "errorCount": 0,
        "errorPct": 0.0,
        "meanResTime": 111.33333333333334,
        "medianResTime": 105.0,
        "minResTime": 57.0,
        "maxResTime": 272.0,
        "pct1ResTime": 128.0,
        "pct2ResTime": 195.5499999999999,
        "pct3ResTime": 272.0,
        "throughput": 8.846947803007962,
        "receivedKBytesPerSec": 239.80412304629903,
        "sentKBytesPerSec": 3.6090478472427012,
        "memMaxMB": 2325.6,
        "memAvgMB": 2321.7,
        "memMinMB": 2316.3,
        "cpuMax%": 14.2,
        "cpuAvg%": 14.0,
        "cpuMin%": 13.6,
        "dashboard": "results/details/compare-deployment-sequential/20201011-003058/qgis310-singlethread-multiinstance/somap310_lk/lk.txt/dashboard/index.html"
      }
    },
    "somap310_grundplanav_farbig": {
      "av_f.txt": {
        "transaction": "Total",
        "sampleCount": 22,
        "errorCount": 0,
        "errorPct": 0.0,
        "meanResTime": 875.9545454545453,
        "medianResTime": 806.5,
        "minResTime": 195.0,
        "maxResTime": 3056.0,
        "pct1ResTime": 1072.0,
        "pct2ResTime": 2760.1999999999957,
        "pct3ResTime": 3056.0,
        "throughput": 1.1388342478517446,
        "receivedKBytesPerSec": 148.4941181799358,
        "sentKBytesPerSec": 0.48529868516409563,
        "memMaxMB": 2643.7,
        "memAvgMB": 2422.1,
        "memMinMB": 2342.8,
        "cpuMax%": 27.0,
        "cpuAvg%": 14.5,
        "cpuMin%": 12.3,
        "dashboard": "results/details/compare-deployment-sequential/20201011-003058/qgis310-singlethread-multiinstance/somap310_grundplanav_farbig/av_f.txt/dashboard/index.html"
      }
    },
    "somap310_grundplanav_sw": {
      "av_sw.txt": {
        "transaction": "Total",
        "sampleCount": 20,
        "errorCount": 0,
        "errorPct": 0.0,
        "meanResTime": 743.3500000000001,
        "medianResTime": 548.0,
        "minResTime": 193.0,
        "maxResTime": 2356.0,
        "pct1ResTime": 1644.0000000000005,
        "pct2ResTime": 2321.2999999999993,
        "pct3ResTime": 2356.0,
        "throughput": 1.339764201500536,
        "receivedKBytesPerSec": 416.8630520247186,
        "sentKBytesPerSec": 0.5610262593783494,
        "memMaxMB": 2646.4,
        "memAvgMB": 2427.8,
        "memMinMB": 2340.5,
        "cpuMax%": 23.3,
        "cpuAvg%": 15.4,
        "cpuMin%": 12.3,
        "dashboard": "results/details/compare-deployment-sequential/20201011-003058/qgis310-singlethread-multiinstance/somap310_grundplanav_sw/av_sw.txt/dashboard/index.html"
      }
    }
  },
  "qgis310-multithread-singleinstance": {
    "somap310_lk": {
      "lk.txt": {
        "transaction": "Total",
        "sampleCount": 30,
        "errorCount": 0,
        "errorPct": 0.0,
        "meanResTime": 84.56666666666665,
        "medianResTime": 80.0,
        "minResTime": 53.0,
        "maxResTime": 255.0,
        "pct1ResTime": 89.0,
        "pct2ResTime": 165.34999999999988,
        "pct3ResTime": 255.0,
        "throughput": 11.596443757247778,
        "receivedKBytesPerSec": 314.33157373405487,
        "sentKBytesPerSec": 4.7306846733668335,
        "memMaxMB": 2060.6,
        "memAvgMB": 2017.7,
        "memMinMB": 1959.2,
        "cpuMax%": 29.8,
        "cpuAvg%": 19.5,
        "cpuMin%": 8.7,
        "dashboard": "results/details/compare-deployment-sequential/20201011-003058/qgis310-multithread-singleinstance/somap310_lk/lk.txt/dashboard/index.html"
      }
    },
    "somap310_grundplanav_farbig": {
      "av_f.txt": {
        "transaction": "Total",
        "sampleCount": 22,
        "errorCount": 0,
        "errorPct": 0.0,
        "meanResTime": 590.090909090909,
        "medianResTime": 487.0,
        "minResTime": 194.0,
        "maxResTime": 2493.0,
        "pct1ResTime": 723.2,
        "pct2ResTime": 2227.7999999999965,
        "pct3ResTime": 2493.0,
        "throughput": 1.6891891891891893,
        "receivedKBytesPerSec": 220.2556338298526,
        "sentKBytesPerSec": 0.7198249385749387,
        "memMaxMB": 2351.2,
        "memAvgMB": 2141.9,
        "memMinMB": 1976.6,
        "cpuMax%": 27.6,
        "cpuAvg%": 22.2,
        "cpuMin%": 18.1,
        "dashboard": "results/details/compare-deployment-sequential/20201011-003058/qgis310-multithread-singleinstance/somap310_grundplanav_farbig/av_f.txt/dashboard/index.html"
      }
    },
    "somap310_grundplanav_sw": {
      "av_sw.txt": {
        "transaction": "Total",
        "sampleCount": 20,
        "errorCount": 0,
        "errorPct": 0.0,
        "meanResTime": 619.95,
        "medianResTime": 390.5,
        "minResTime": 216.0,
        "maxResTime": 2241.0,
        "pct1ResTime": 1352.5000000000005,
        "pct2ResTime": 2197.7999999999993,
        "pct3ResTime": 2241.0,
        "throughput": 1.6060387055328034,
        "receivedKBytesPerSec": 499.71478697402233,
        "sentKBytesPerSec": 0.6725287079418615,
        "memMaxMB": 2312.4,
        "memAvgMB": 2120.9,
        "memMinMB": 2066.9,
        "cpuMax%": 29.4,
        "cpuAvg%": 18.6,
        "cpuMin%": 15.2,
        "dashboard": "results/details/compare-deployment-sequential/20201011-003058/qgis310-multithread-singleinstance/somap310_grundplanav_sw/av_sw.txt/dashboard/index.html"
      }
    }
  },
  "qgis310-balanced": {
    "somap310_lk": {
      "lk.txt": {
        "transaction": "Total",
        "sampleCount": 30,
        "errorCount": 0,
        "errorPct": 0.0,
        "meanResTime": 95.53333333333332,
        "medianResTime": 91.5,
        "minResTime": 54.0,
        "maxResTime": 243.0,
        "pct1ResTime": 106.60000000000001,
        "pct2ResTime": 169.8499999999999,
        "pct3ResTime": 243.0,
        "throughput": 10.312822275696115,
        "receivedKBytesPerSec": 279.5379103643864,
        "sentKBytesPerSec": 4.207040649707803,
        "memMaxMB": 2149.3,
        "memAvgMB": 2128.0,
        "memMinMB": 2079.3,
        "cpuMax%": 27.2,
        "cpuAvg%": 17.5,
        "cpuMin%": 9.5,
        "dashboard": "results/details/compare-deployment-sequential/20201011-003058/qgis310-balanced/somap310_lk/lk.txt/dashboard/index.html"
      }
    },
    "somap310_grundplanav_farbig": {
      "av_f.txt": {
        "transaction": "Total",
        "sampleCount": 22,
        "errorCount": 0,
        "errorPct": 0.0,
        "meanResTime": 708.7272727272725,
        "medianResTime": 612.0,
        "minResTime": 191.0,
        "maxResTime": 2794.0,
        "pct1ResTime": 821.9,
        "pct2ResTime": 2499.399999999996,
        "pct3ResTime": 2794.0,
        "throughput": 1.4064697609001406,
        "receivedKBytesPerSec": 183.39147008055235,
        "sentKBytesPerSec": 0.5993479094744918,
        "memMaxMB": 2480.1,
        "memAvgMB": 2293.9,
        "memMinMB": 2172.2,
        "cpuMax%": 31.3,
        "cpuAvg%": 18.6,
        "cpuMin%": 15.2,
        "dashboard": "results/details/compare-deployment-sequential/20201011-003058/qgis310-balanced/somap310_grundplanav_farbig/av_f.txt/dashboard/index.html"
      }
    },
    "somap310_grundplanav_sw": {
      "av_sw.txt": {
        "transaction": "Total",
        "sampleCount": 20,
        "errorCount": 0,
        "errorPct": 0.0,
        "meanResTime": 667.45,
        "medianResTime": 446.0,
        "minResTime": 207.0,
        "maxResTime": 2365.0,
        "pct1ResTime": 1413.1000000000004,
        "pct2ResTime": 2318.0999999999995,
        "pct3ResTime": 2365.0,
        "throughput": 1.4920919128618322,
        "receivedKBytesPerSec": 464.25886162712624,
        "sentKBytesPerSec": 0.6248134885108922,
        "memMaxMB": 2349.4,
        "memAvgMB": 2266.2,
        "memMinMB": 2227.5,
        "cpuMax%": 28.5,
        "cpuAvg%": 17.0,
        "cpuMin%": 13.1,