{
  "Total" : {
    "transaction" : "Total",
    "sampleCount" : 30,
    "errorCount" : 0,
    "errorPct" : 0.0,
    "meanResTime" : 246.13333333333333,
    "medianResTime" : 242.0,
    "minResTime" : 143.0,
    "maxResTime" : 345.0,
    "pct1ResTime" : 312.6,
    "pct2ResTime" : 336.75,
    "pct3ResTime" : 345.0,
    "throughput" : 24.793388429752067,
    "receivedKBytesPerSec" : 671.9314953512397,
    "sentKBytesPerSec" : 10.114282024793388
  },
  "HTTP Request" : {
    "transaction" : "HTTP Request",
    "sampleCount" : 30,
    "errorCount" : 0,
    "errorPct" : 0.0,
    "meanResTime" : 246.13333333333333,
    "medianResTime" : 242.0,
    "minResTime" : 143.0,
    "maxResTime" : 345.0,
    "pct1ResTime" : 312.6,
    "pct2ResTime" : 336.75,
    "pct3ResTime" : 345.0,
    "throughput" : 24.793388429752067,
    "receivedKBytesPerSec" : 671.9314953512397,
    "sentKBytesPerSec" : 10.114282024793388
  }
}