{
  "Total" : {
    "transaction" : "Total",
    "sampleCount" : 5190,
    "errorCount" : 0,
    "errorPct" : 0.0,
    "meanResTime" : 898.5003853564547,
    "medianResTime" : 725.0,
    "minResTime" : 183.0,
    "maxResTime" : 6051.0,
    "pct1ResTime" : 1654.800000000001,
    "pct2ResTime" : 2055.45,
    "pct3ResTime" : 3023.7900000000045,
    "throughput" : 11.073370144999274,
    "receivedKBytesPerSec" : 2996.921517005704,
    "sentKBytesPerSec" : 4.8227634032584294
  },
  "HTTP Request" : {
    "transaction" : "HTTP Request",
    "sampleCount" : 5190,
    "errorCount" : 0,
    "errorPct" : 0.0,
    "meanResTime" : 898.5003853564547,
    "medianResTime" : 725.0,
    "minResTime" : 183.0,
    "maxResTime" : 6051.0,
    "pct1ResTime" : 1654.800000000001,
    "pct2ResTime" : 2055.45,
    "pct3ResTime" : 3023.7900000000045,
    "throughput" : 11.073370144999274,
    "receivedKBytesPerSec" : 2996.921517005704,
    "sentKBytesPerSec" : 4.8227634032584294
  }
}