{
  "Total" : {
    "transaction" : "Total",
    "sampleCount" : 30,
    "errorCount" : 0,
    "errorPct" : 0.0,
    "meanResTime" : 305.4666666666666,
    "medianResTime" : 236.5,
    "minResTime" : 115.0,
    "maxResTime" : 756.0,
    "pct1ResTime" : 750.4,
    "pct2ResTime" : 753.8,
    "pct3ResTime" : 756.0,
    "throughput" : 22.65861027190332,
    "receivedKBytesPerSec" : 614.0483383685801,
    "sentKBytesPerSec" : 9.243414841389727
  },
  "HTTP Request" : {
    "transaction" : "HTTP Request",
    "sampleCount" : 30,
    "errorCount" : 0,
    "errorPct" : 0.0,
    "meanResTime" : 305.4666666666666,
    "medianResTime" : 236.5,
    "minResTime" : 115.0,
    "maxResTime" : 756.0,
    "pct1ResTime" : 750.4,
    "pct2ResTime" : 753.8,
    "pct3ResTime" : 756.0,
    "throughput" : 22.65861027190332,
    "receivedKBytesPerSec" : 614.0483383685801,
    "sentKBytesPerSec" : 9.243414841389727
  }
}