{
  "Total" : {
    "transaction" : "Total",
    "sampleCount" : 20,
    "errorCount" : 0,
    "errorPct" : 0.0,
    "meanResTime" : 1423.6,
    "medianResTime" : 1055.5,
    "minResTime" : 529.0,
    "maxResTime" : 2587.0,
    "pct1ResTime" : 2512.4,
    "pct2ResTime" : 2583.3,
    "pct3ResTime" : 2587.0,
    "throughput" : 4.609356994699239,
    "receivedKBytesPerSec" : 1433.6729733233462,
    "sentKBytesPerSec" : 1.9301682415303063
  },
  "HTTP Request" : {
    "transaction" : "HTTP Request",
    "sampleCount" : 20,
    "errorCount" : 0,
    "errorPct" : 0.0,
    "meanResTime" : 1423.6,
    "medianResTime" : 1055.5,
    "minResTime" : 529.0,
    "maxResTime" : 2587.0,
    "pct1ResTime" : 2512.4,
    "pct2ResTime" : 2583.3,
    "pct3ResTime" : 2587.0,
    "throughput" : 4.609356994699239,
    "receivedKBytesPerSec" : 1433.6729733233462,
    "sentKBytesPerSec" : 1.9301682415303063
  }
}