{
  "Total" : {
    "transaction" : "Total",
    "sampleCount" : 5262,
    "errorCount" : 0,
    "errorPct" : 0.0,
    "meanResTime" : 270.2977955150136,
    "medianResTime" : 146.0,
    "minResTime" : 5.0,
    "maxResTime" : 2952.0,
    "pct1ResTime" : 718.0,
    "pct2ResTime" : 1032.8499999999995,
    "pct3ResTime" : 1705.7399999999998,
    "throughput" : 36.70556722029619,
    "receivedKBytesPerSec" : 1868.7063398761484,
    "sentKBytesPerSec" : 18.59333936649414
  },
  "HTTP Request" : {
    "transaction" : "HTTP Request",
    "sampleCount" : 5262,
    "errorCount" : 0,
    "errorPct" : 0.0,
    "meanResTime" : 270.2977955150136,
    "medianResTime" : 146.0,
    "minResTime" : 5.0,
    "maxResTime" : 2952.0,
    "pct1ResTime" : 718.0,
    "pct2ResTime" : 1032.8499999999995,
    "pct3ResTime" : 1705.7399999999998,
    "throughput" : 36.70556722029619,
    "receivedKBytesPerSec" : 1868.7063398761484,
    "sentKBytesPerSec" : 18.59333936649414
  }
}