{
  "Total" : {
    "transaction" : "Total",
    "sampleCount" : 735,
    "errorCount" : 0,
    "errorPct" : 0.0,
    "meanResTime" : 904.6122448979587,
    "medianResTime" : 704.0,
    "minResTime" : 230.0,
    "maxResTime" : 7979.0,
    "pct1ResTime" : 1572.3999999999996,
    "pct2ResTime" : 1925.5999999999995,
    "pct3ResTime" : 3184.2799999999975,
    "throughput" : 10.832878892835561,
    "receivedKBytesPerSec" : 1895.6878423272633,
    "sentKBytesPerSec" : 4.769638968518327
  },
  "HTTP Request" : {
    "transaction" : "HTTP Request",
    "sampleCount" : 735,
    "errorCount" : 0,
    "errorPct" : 0.0,
    "meanResTime" : 904.6122448979587,
    "medianResTime" : 704.0,
    "minResTime" : 230.0,
    "maxResTime" : 7979.0,
    "pct1ResTime" : 1572.3999999999996,
    "pct2ResTime" : 1925.5999999999995,
    "pct3ResTime" : 3184.2799999999975,
    "throughput" : 10.832878892835561,
    "receivedKBytesPerSec" : 1895.6878423272633,
    "sentKBytesPerSec" : 4.769638968518327
  }
}