{
  "Total" : {
    "transaction" : "Total",
    "sampleCount" : 5272,
    "errorCount" : 0,
    "errorPct" : 0.0,
    "meanResTime" : 302.6771623672227,
    "medianResTime" : 182.0,
    "minResTime" : 27.0,
    "maxResTime" : 2312.0,
    "pct1ResTime" : 728.0,
    "pct2ResTime" : 961.3499999999995,
    "pct3ResTime" : 1527.1599999999962,
    "throughput" : 32.68606006497533,
    "receivedKBytesPerSec" : 1559.0272490072352,
    "sentKBytesPerSec" : 16.55802369499107
  },
  "HTTP Request" : {
    "transaction" : "HTTP Request",
    "sampleCount" : 5272,
    "errorCount" : 0,
    "errorPct" : 0.0,
    "meanResTime" : 302.6771623672227,
    "medianResTime" : 182.0,
    "minResTime" : 27.0,
    "maxResTime" : 2312.0,
    "pct1ResTime" : 728.0,
    "pct2ResTime" : 961.3499999999995,
    "pct3ResTime" : 1527.1599999999962,
    "throughput" : 32.68606006497533,
    "receivedKBytesPerSec" : 1559.0272490072352,
    "sentKBytesPerSec" : 16.55802369499107
  }
}