{
  "Total" : {
    "transaction" : "Total",
    "sampleCount" : 5190,
    "errorCount" : 0,
    "errorPct" : 0.0,
    "meanResTime" : 426.8630057803464,
    "medianResTime" : 230.5,
    "minResTime" : 16.0,
    "maxResTime" : 13171.0,
    "pct1ResTime" : 669.9000000000005,
    "pct2ResTime" : 985.4499999999998,
    "pct3ResTime" : 4678.18,
    "throughput" : 22.966532584597818,
    "receivedKBytesPerSec" : 5953.77128808672,
    "sentKBytesPerSec" : 10.356313487085197
  },
  "HTTP Request" : {
    "transaction" : "HTTP Request",
    "sampleCount" : 5190,
    "errorCount" : 0,
    "errorPct" : 0.0,
    "meanResTime" : 426.8630057803464,
    "medianResTime" : 230.5,
    "minResTime" : 16.0,
    "maxResTime" : 13171.0,
    "pct1ResTime" : 669.9000000000005,
    "pct2ResTime" : 985.4499999999998,
    "pct3ResTime" : 4678.18,
    "throughput" : 22.966532584597818,
    "receivedKBytesPerSec" : 5953.77128808672,
    "sentKBytesPerSec" : 10.356313487085197
  }
}