{
  "Total" : {
    "transaction" : "Total",
    "sampleCount" : 20,
    "errorCount" : 0,
    "errorPct" : 0.0,
    "meanResTime" : 36038.049999999996,
    "medianResTime" : 2589.0,
    "minResTime" : 226.0,
    "maxResTime" : 91277.0,
    "pct1ResTime" : 89131.8,
    "pct2ResTime" : 91170.2,
    "pct3ResTime" : 91277.0,
    "throughput" : 0.21832392721080265,
    "receivedKBytesPerSec" : 56.716686583039504,
    "sentKBytesPerSec" : 0.09440804196185881
  },
  "HTTP Request" : {
    "transaction" : "HTTP Request",
    "sampleCount" : 20,
    "errorCount" : 0,
    "errorPct" : 0.0,
    "meanResTime" : 36038.049999999996,
    "medianResTime" : 2589.0,
    "minResTime" : 226.0,
    "maxResTime" : 91277.0,
    "pct1ResTime" : 89131.8,
    "pct2ResTime" : 91170.2,
    "pct3ResTime" : 91277.0,
    "throughput" : 0.21832392721080265,
    "receivedKBytesPerSec" : 56.716686583039504,
    "sentKBytesPerSec" : 0.09440804196185881
  }
}