{
  "Total" : {
    "transaction" : "Total",
    "sampleCount" : 149,
    "errorCount" : 0,
    "errorPct" : 0.0,
    "meanResTime" : 2129.3355704697997,
    "medianResTime" : 2214.0,
    "minResTime" : 286.0,
    "maxResTime" : 2431.0,
    "pct1ResTime" : 2367.0,
    "pct2ResTime" : 2391.5,
    "pct3ResTime" : 2424.5,
    "throughput" : 4.498113207547171,
    "receivedKBytesPerSec" : 8.173938679245284,
    "sentKBytesPerSec" : 2.2391509433962264
  },
  "HTTP Request" : {
    "transaction" : "HTTP Request",
    "sampleCount" : 149,
    "errorCount" : 0,
    "errorPct" : 0.0,
    "meanResTime" : 2129.3355704697997,
    "medianResTime" : 2214.0,
    "minResTime" : 286.0,
    "maxResTime" : 2431.0,
    "pct1ResTime" : 2367.0,
    "pct2ResTime" : 2391.5,
    "pct3ResTime" : 2424.5,
    "throughput" : 4.498113207547171,
    "receivedKBytesPerSec" : 8.173938679245284,
    "sentKBytesPerSec" : 2.2391509433962264
  }
}