{
  "Total" : {
    "transaction" : "Total",
    "sampleCount" : 112,
    "errorCount" : 0,
    "errorPct" : 0.0,
    "meanResTime" : 7176.982142857141,
    "medianResTime" : 6252.0,
    "minResTime" : 729.0,
    "maxResTime" : 19174.0,
    "pct1ResTime" : 13454.800000000001,
    "pct2ResTime" : 15849.549999999997,
    "pct3ResTime" : 18992.520000000008,
    "throughput" : 1.285568347470759,
    "receivedKBytesPerSec" : 2634.038166027709,
    "sentKBytesPerSec" : 0.9960105772431447
  },
  "HTTP Request" : {
    "transaction" : "HTTP Request",
    "sampleCount" : 112,
    "errorCount" : 0,
    "errorPct" : 0.0,
    "meanResTime" : 7176.982142857141,
    "medianResTime" : 6252.0,
    "minResTime" : 729.0,
    "maxResTime" : 19174.0,
    "pct1ResTime" : 13454.800000000001,
    "pct2ResTime" : 15849.549999999997,
    "pct3ResTime" : 18992.520000000008,
    "throughput" : 1.285568347470759,
    "receivedKBytesPerSec" : 2634.038166027709,
    "sentKBytesPerSec" : 0.9960105772431447
  }
}