{
  "Total" : {
    "transaction" : "Total",
    "sampleCount" : 22,
    "errorCount" : 0,
    "errorPct" : 0.0,
    "meanResTime" : 603.409090909091,
    "medianResTime" : 493.0,
    "minResTime" : 203.0,
    "maxResTime" : 1286.0,
    "pct1ResTime" : 1185.3999999999996,
    "pct2ResTime" : 1285.85,
    "pct3ResTime" : 1286.0,
    "throughput" : 10.85883514313919,
    "receivedKBytesPerSec" : 422.44184970385,
    "sentKBytesPerSec" : 4.468279553307009
  },
  "HTTP Request" : {
    "transaction" : "HTTP Request",
    "sampleCount" : 22,
    "errorCount" : 0,
    "errorPct" : 0.0,
    "meanResTime" : 603.409090909091,
    "medianResTime" : 493.0,
    "minResTime" : 203.0,
    "maxResTime" : 1286.0,
    "pct1ResTime" : 1185.3999999999996,
    "pct2ResTime" : 1285.85,
    "pct3ResTime" : 1286.0,
    "throughput" : 10.85883514313919,
    "receivedKBytesPerSec" : 422.44184970385,
    "sentKBytesPerSec" : 4.468279553307009
  }
}