{
  "Total" : {
    "transaction" : "Total",
    "sampleCount" : 735,
    "errorCount" : 0,
    "errorPct" : 0.0,
    "meanResTime" : 26433.296598639474,
    "medianResTime" : 27336.0,
    "minResTime" : 3184.0,
    "maxResTime" : 45692.0,
    "pct1ResTime" : 30362.6,
    "pct2ResTime" : 32335.399999999994,
    "pct3ResTime" : 43382.56,
    "throughput" : 0.376653045662648,
    "receivedKBytesPerSec" : 69.76571101605747,
    "sentKBytesPerSec" : 0.16032025902071234
  },
  "HTTP Request" : {
    "transaction" : "HTTP Request",
    "sampleCount" : 735,
    "errorCount" : 0,
    "errorPct" : 0.0,
    "meanResTime" : 26433.296598639474,
    "medianResTime" : 27336.0,
    "minResTime" : 3184.0,
    "maxResTime" : 45692.0,
    "pct1ResTime" : 30362.6,
    "pct2ResTime" : 32335.399999999994,
    "pct3ResTime" : 43382.56,
    "throughput" : 0.376653045662648,
    "receivedKBytesPerSec" : 69.76571101605747,
    "sentKBytesPerSec" : 0.16032025902071234
  }
}