{
  "Total" : {
    "transaction" : "Total",
    "sampleCount" : 22,
    "errorCount" : 0,
    "errorPct" : 0.0,
    "meanResTime" : 3448.909090909091,
    "medianResTime" : 3410.0,
    "minResTime" : 2417.0,
    "maxResTime" : 4349.0,
    "pct1ResTime" : 4087.1,
    "pct2ResTime" : 4318.4,
    "pct3ResTime" : 4349.0,
    "throughput" : 2.4025335808670962,
    "receivedKBytesPerSec" : 313.29153072785846,
    "sentKBytesPerSec" : 1.0238069236649558
  },
  "HTTP Request" : {
    "transaction" : "HTTP Request",
    "sampleCount" : 22,
    "errorCount" : 0,
    "errorPct" : 0.0,
    "meanResTime" : 3448.909090909091,
    "medianResTime" : 3410.0,
    "minResTime" : 2417.0,
    "maxResTime" : 4349.0,
    "pct1ResTime" : 4087.1,
    "pct2ResTime" : 4318.4,
    "pct3ResTime" : 4349.0,
    "throughput" : 2.4025335808670962,
    "receivedKBytesPerSec" : 313.29153072785846,
    "sentKBytesPerSec" : 1.0238069236649558
  }
}