{
  "Total" : {
    "transaction" : "Total",
    "sampleCount" : 5262,
    "errorCount" : 0,
    "errorPct" : 0.0,
    "meanResTime" : 368.2909540098811,
    "medianResTime" : 197.0,
    "minResTime" : 35.0,
    "maxResTime" : 4561.0,
    "pct1ResTime" : 902.0,
    "pct2ResTime" : 1232.0,
    "pct3ResTime" : 1925.5499999999984,
    "throughput" : 26.626724892597448,
    "receivedKBytesPerSec" : 1259.7749399023255,
    "sentKBytesPerSec" : 13.487864910927987
  },
  "HTTP Request" : {
    "transaction" : "HTTP Request",
    "sampleCount" : 5262,
    "errorCount" : 0,
    "errorPct" : 0.0,
    "meanResTime" : 368.2909540098811,
    "medianResTime" : 197.0,
    "minResTime" : 35.0,
    "maxResTime" : 4561.0,
    "pct1ResTime" : 902.0,
    "pct2ResTime" : 1232.0,
    "pct3ResTime" : 1925.5499999999984,
    "throughput" : 26.626724892597448,
    "receivedKBytesPerSec" : 1259.7749399023255,
    "sentKBytesPerSec" : 13.487864910927987
  }
}