{
  "Total" : {
    "transaction" : "Total",
    "sampleCount" : 5190,
    "errorCount" : 0,
    "errorPct" : 0.0,
    "meanResTime" : 357.9720616570329,
    "medianResTime" : 276.0,
    "minResTime" : 27.0,
    "maxResTime" : 2061.0,
    "pct1ResTime" : 733.9000000000005,
    "pct2ResTime" : 910.3499999999995,
    "pct3ResTime" : 1288.7200000000012,
    "throughput" : 27.695066115967087,
    "receivedKBytesPerSec" : 5287.800005911549,
    "sentKBytesPerSec" : 12.434462264138357
  },
  "HTTP Request" : {
    "transaction" : "HTTP Request",
    "sampleCount" : 5190,
    "errorCount" : 0,
    "errorPct" : 0.0,
    "meanResTime" : 357.9720616570329,
    "medianResTime" : 276.0,
    "minResTime" : 27.0,
    "maxResTime" : 2061.0,
    "pct1ResTime" : 733.9000000000005,
    "pct2ResTime" : 910.3499999999995,
    "pct3ResTime" : 1288.7200000000012,
    "throughput" : 27.695066115967087,
    "receivedKBytesPerSec" : 5287.800005911549,
    "sentKBytesPerSec" : 12.434462264138357
  }
}