{
  "Total" : {
    "transaction" : "Total",
    "sampleCount" : 735,
    "errorCount" : 0,
    "errorPct" : 0.0,
    "meanResTime" : 26064.987755102036,
    "medianResTime" : 26991.0,
    "minResTime" : 2517.0,
    "maxResTime" : 44560.0,
    "pct1ResTime" : 29747.2,
    "pct2ResTime" : 31872.599999999995,
    "pct3ResTime" : 42892.4,
    "throughput" : 0.3819709702062643,
    "receivedKBytesPerSec" : 70.75042222652048,
    "sentKBytesPerSec" : 0.16258380381373327
  },
  "HTTP Request" : {
    "transaction" : "HTTP Request",
    "sampleCount" : 735,
    "errorCount" : 0,
    "errorPct" : 0.0,
    "meanResTime" : 26064.987755102036,
    "medianResTime" : 26991.0,
    "minResTime" : 2517.0,
    "maxResTime" : 44560.0,
    "pct1ResTime" : 29747.2,
    "pct2ResTime" : 31872.599999999995,
    "pct3ResTime" : 42892.4,
    "throughput" : 0.3819709702062643,
    "receivedKBytesPerSec" : 70.75042222652048,
    "sentKBytesPerSec" : 0.16258380381373327
  }
}