{
  "Total" : {
    "transaction" : "Total",
    "sampleCount" : 30,
    "errorCount" : 0,
    "errorPct" : 0.0,
    "meanResTime" : 193.7,
    "medianResTime" : 103.5,
    "minResTime" : 46.0,
    "maxResTime" : 634.0,
    "pct1ResTime" : 580.0000000000002,
    "pct2ResTime" : 616.4,
    "pct3ResTime" : 634.0,
    "throughput" : 30.120481927710845,
    "receivedKBytesPerSec" : 813.3687092118474,
    "sentKBytesPerSec" : 12.699234437751004
  },
  "HTTP Request" : {
    "transaction" : "HTTP Request",
    "sampleCount" : 30,
    "errorCount" : 0,
    "errorPct" : 0.0,
    "meanResTime" : 193.7,
    "medianResTime" : 103.5,
    "minResTime" : 46.0,
    "maxResTime" : 634.0,
    "pct1ResTime" : 580.0000000000002,
    "pct2ResTime" : 616.4,
    "pct3ResTime" : 634.0,
    "throughput" : 30.120481927710845,
    "receivedKBytesPerSec" : 813.3687092118474,
    "sentKBytesPerSec" : 12.699234437751004
  }
}