{
  "Total" : {
    "transaction" : "Total",
    "sampleCount" : 735,
    "errorCount" : 0,
    "errorPct" : 0.0,
    "meanResTime" : 1254.243537414968,
    "medianResTime" : 1166.0,
    "minResTime" : 382.0,
    "maxResTime" : 4145.0,
    "pct1ResTime" : 1882.6,
    "pct2ResTime" : 2131.3999999999996,
    "pct3ResTime" : 3211.239999999998,
    "throughput" : 9.447422203370223,
    "receivedKBytesPerSec" : 1382.6003396974895,
    "sentKBytesPerSec" : 4.159632313718685
  },
  "HTTP Request" : {
    "transaction" : "HTTP Request",
    "sampleCount" : 735,
    "errorCount" : 0,
    "errorPct" : 0.0,
    "meanResTime" : 1254.243537414968,
    "medianResTime" : 1166.0,
    "minResTime" : 382.0,
    "maxResTime" : 4145.0,
    "pct1ResTime" : 1882.6,
    "pct2ResTime" : 2131.3999999999996,
    "pct3ResTime" : 3211.239999999998,
    "throughput" : 9.447422203370223,
    "receivedKBytesPerSec" : 1382.6003396974895,
    "sentKBytesPerSec" : 4.159632313718685
  }
}