{
  "Total" : {
    "transaction" : "Total",
    "sampleCount" : 735,
    "errorCount" : 0,
    "errorPct" : 0.0,
    "meanResTime" : 589.6693877551021,
    "medianResTime" : 566.0,
    "minResTime" : 174.0,
    "maxResTime" : 3214.0,
    "pct1ResTime" : 838.1999999999999,
    "pct2ResTime" : 993.7999999999997,
    "pct3ResTime" : 1721.3999999999978,
    "throughput" : 1.691292032058613,
    "receivedKBytesPerSec" : 247.5176383889638,
    "sentKBytesPerSec" : 0.744663765103698
  },
  "HTTP Request" : {
    "transaction" : "HTTP Request",
    "sampleCount" : 735,
    "errorCount" : 0,
    "errorPct" : 0.0,
    "meanResTime" : 589.6693877551021,
    "medianResTime" : 566.0,
    "minResTime" : 174.0,
    "maxResTime" : 3214.0,
    "pct1ResTime" : 838.1999999999999,
    "pct2ResTime" : 993.7999999999997,
    "pct3ResTime" : 1721.3999999999978,
    "throughput" : 1.691292032058613,
    "receivedKBytesPerSec" : 247.5176383889638,
    "sentKBytesPerSec" : 0.744663765103698
  }
}