{
  "Total" : {
    "transaction" : "Total",
    "sampleCount" : 5190,
    "errorCount" : 0,
    "errorPct" : 0.0,
    "meanResTime" : 1246.5362235067466,
    "medianResTime" : 1109.5,
    "minResTime" : 222.0,
    "maxResTime" : 9166.0,
    "pct1ResTime" : 2159.800000000001,
    "pct2ResTime" : 2550.45,
    "pct3ResTime" : 3597.670000000009,
    "throughput" : 9.571584014163731,
    "receivedKBytesPerSec" : 2590.46662084413,
    "sentKBytesPerSec" : 4.1686934050126325
  },
  "HTTP Request" : {
    "transaction" : "HTTP Request",
    "sampleCount" : 5190,
    "errorCount" : 0,
    "errorPct" : 0.0,
    "meanResTime" : 1246.5362235067466,
    "medianResTime" : 1109.5,
    "minResTime" : 222.0,
    "maxResTime" : 9166.0,
    "pct1ResTime" : 2159.800000000001,
    "pct2ResTime" : 2550.45,
    "pct3ResTime" : 3597.670000000009,
    "throughput" : 9.571584014163731,
    "receivedKBytesPerSec" : 2590.46662084413,
    "sentKBytesPerSec" : 4.1686934050126325
  }
}