{
  "Total" : {
    "transaction" : "Total",
    "sampleCount" : 735,
    "errorCount" : 0,
    "errorPct" : 0.0,
    "meanResTime" : 840.4068027210882,
    "medianResTime" : 775.0,
    "minResTime" : 188.0,
    "maxResTime" : 3286.0,
    "pct1ResTime" : 1278.5999999999997,
    "pct2ResTime" : 1520.7999999999993,
    "pct3ResTime" : 3047.8799999999987,
    "throughput" : 11.697116302756381,
    "receivedKBytesPerSec" : 1711.8491769497184,
    "sentKBytesPerSec" : 5.150156508609714
  },
  "HTTP Request" : {
    "transaction" : "HTTP Request",
    "sampleCount" : 735,
    "errorCount" : 0,
    "errorPct" : 0.0,
    "meanResTime" : 840.4068027210882,
    "medianResTime" : 775.0,
    "minResTime" : 188.0,
    "maxResTime" : 3286.0,
    "pct1ResTime" : 1278.5999999999997,
    "pct2ResTime" : 1520.7999999999993,
    "pct3ResTime" : 3047.8799999999987,
    "throughput" : 11.697116302756381,
    "receivedKBytesPerSec" : 1711.8491769497184,
    "sentKBytesPerSec" : 5.150156508609714
  }
}