{
  "qgis310-bigfile": {
    "somap310_fix": {
      "lk.txt": {
        "transaction": "Total",
        "sampleCount": 30,
        "errorCount": 0,
        "errorPct": 0.0,
        "meanResTime": 14095.966666666667,
        "medianResTime": 16440.0,
        "minResTime": 1916.0,
        "maxResTime": 17057.0,
        "pct1ResTime": 16987.3,
        "pct2ResTime": 17032.8,
        "pct3ResTime": 17057.0,
        "throughput": 0.5998440405494572,
        "receivedKBytesPerSec": 16.259288210065385,
        "sentKBytesPerSec": 0.24528778767520446,
        "memMaxMB": 3077.8,
        "memAvgMB": 3049.9,
        "memMinMB": 3038.6,
        "cpuMax%": 42.5,
        "cpuAvg%": 13.8,
        "cpuMin%": 12.5,
        "dashboard": "results/details/compare-filesize/20201014-043700/qgis310-bigfile/somap310_fix/lk.txt/dashboard/index.html"
      },
      "av_f_big.txt": {
        "transaction": "Total",
        "sampleCount": 735,
        "errorCount": 0,
        "errorPct": 0.0,
        "meanResTime": 25735.731972789108,
        "medianResTime": 26678.0,
        "minResTime": 3082.0,
        "maxResTime": 44053.0,
        "pct1ResTime": 29531.4,
        "pct2ResTime": 31169.199999999997,
        "pct3ResTime": 42355.59999999999,
        "throughput": 0.3868787569348675,
        "receivedKBytesPerSec": 71.6585747884997,
        "sentKBytesPerSec": 0.1646727757432283,
        "memMaxMB": 6674.2,
        "memAvgMB": 4608.3,
        "memMinMB": 3058.2,
        "cpuMax%": 40.1,
        "cpuAvg%": 14.1,
        "cpuMin%": 12.3,
        "dashboard": "results/details/compare-filesize/20201014-043700/qgis310-bigfile/somap310_fix/av_f_big.txt/dashboard/index.html"
      },
      "av_sw.txt": {
        "transaction": "Total",
        "sampleCount": 20,
        "errorCount": 0,
        "errorPct": 0.0,
        "meanResTime": 18678.9,
        "medianResTime": 19680.0,
        "minResTime": 4668.0,
        "maxResTime": 26563.0,
        "pct1ResTime": 26471.9,
        "pct2ResTime": 26558.5,
        "pct3ResTime": 26563.0,
        "throughput": 0.410871664235676,
        "receivedKBytesPerSec": 200.09476128998296,
        "sentKBytesPerSec": 0.16763884894303266,
        "memMaxMB": 5796.7,
        "memAvgMB": 4377.9,
        "memMinMB": 4207.5,
        "cpuMax%": 32.6,
        "cpuAvg%": 14.4,
        "cpuMin%": 12.4,
        "dashboard": "results/details/compare-filesize/20201014-043700/qgis310-bigfile/somap310_fix/av_sw.txt/dashboard/index.html"
      }
    }
  },
  "qgis310-bigfile-bigcache": {
    "somap310_fix": {
      "lk.txt": {
        "transaction": "Total",
        "sampleCount": 30,
        "errorCount": 0,
        "errorPct": 0.0,
        "meanResTime": 13763.233333333332,
        "medianResTime": 16218.5,
        "minResTime": 1895.0,
        "maxResTime": 16472.0,
        "pct1ResTime": 16423.3,
        "pct2ResTime": 16452.75,
        "pct3ResTime": 16472.0,
        "throughput": 0.6134342091810653,
        "receivedKBytesPerSec": 16.62766140987629,
        "sentKBytesPerSec": 0.2508450695225437,
        "memMaxMB": 3075.1,
        "memAvgMB": 3059.9,
        "memMinMB": 3006.4,
        "cpuMax%": 34.2,
        "cpuAvg%": 13.8,
        "cpuMin%": 12.5,
        "dashboard": "results/details/compare-filesize/20201014-043700/qgis310-bigfile-bigcache/somap310_fix/lk.txt/dashboard/index.html"
      },
      "av_f_big.txt": {
        "transaction": "Total",
        "sampleCount": 735,
        "errorCount": 0,
        "errorPct": 0.0,
        "meanResTime": 25726.410884353754,
        "medianResTime": 26604.0,
        "minResTime": 2427.0,
        "maxResTime": 44072.0,
        "pct1ResTime": 29439.399999999998,
        "pct2ResTime": 31805.19999999999,
        "pct3ResTime": 42219.32,
        "throughput": 0.38697000903456513,
        "receivedKBytesPerSec": 71.6757918867394,
        "sentKBytesPerSec": 0.1647116166883054,
        "memMaxMB": 6833.2,
        "memAvgMB": 4618.8,
        "memMinMB": 3056.9,
        "cpuMax%": 35.8,
        "cpuAvg%": 14.1,
        "cpuMin%": 12.4,
        "dashboard": "results/details/compare-filesize/20201014-043700/qgis310-bigfile-bigcache/somap310_fix/av_f_big.txt/dashboard/index.html"
      },
      "av_sw.txt": {
        "transaction": "Total",
        "sampleCount": 20,
        "errorCount": 0,
        "errorPct": 0.0,
        "meanResTime": 18458.299999999996,
        "medianResTime": 19489.5,
        "minResTime": 2466.0,
        "maxResTime": 26343.0,
        "pct1ResTime": 26200.6,
        "pct2ResTime": 26336.6,
        "pct3ResTime": 26343.0,
        "throughput": 0.4138558953772296,
        "receivedKBytesPerSec": 201.547881672133,
        "sentKBytesPerSec": 0.16885643856309232,
        "memMaxMB": 5946.3,
        "memAvgMB": 4343.6,
        "memMinMB": 4166.5,
        "cpuMax%": 42.6,
        "cpuAvg%": 14.6,
        "cpuMin%": 12.4,
        "dashboard": "results/details/compare-filesize/20201014-043700/qgis310-bigfile-bigcache/somap310_fix/av_sw.txt/dashboard/index.html"
      }
    }
  },
  "qgis310-bigfile-hugecache": {
    "somap310_fix": {
      "lk.txt": {
        "transaction": "Total",
        "sampleCount": 30,
        "errorCount": 0,
        "errorPct": 0.0,
        "meanResTime": 13829.2,
        "medianResTime": 16103.0,
        "minResTime": 1868.0,
        "maxResTime": 16891.0,
        "pct1ResTime": 16849.7,
        "pct2ResTime": 16889.9,
        "pct3ResTime": 16891.0,
        "throughput": 0.609694136774718,
        "receivedKBytesPerSec": 16.526283533177523,
        "sentKBytesPerSec": 0.2493156818412763,
        "memMaxMB": 3115.4,
        "memAvgMB": 3089.2,
        "memMinMB": 3079.2,
        "cpuMax%": 40.1,
        "cpuAvg%": 13.7,
        "cpuMin%": 12.5,
        "dashboard": "results/details/compare-filesize/20201014-043700/qgis310-bigfile-hugecache/somap310_fix/lk.txt/dashboard/index.html"
      },
      "av_f_big.txt": {
        "transaction": "Total",
        "sampleCount": 735,
        "errorCount": 0,
        "errorPct": 0.0,
        "meanResTime": 26104.450340136038,
        "medianResTime": 26992.0,
        "minResTime": 3061.0,
        "maxResTime": 44069.0,
        "pct1ResTime": 29995.6,
        "pct2ResTime": 32433.799999999996,
        "pct3ResTime": 42307.439999999995,
        "throughput": 0.38136114277590444,
        "receivedKBytesPerSec": 70.63660528816894,
        "sentKBytesPerSec": 0.16232423418401945,
        "memMaxMB": 7029.9,
        "memAvgMB": 4688.0,
        "memMinMB": 3090.5,
        "cpuMax%": 34.7,
        "cpuAvg%": 14.1,
        "cpuMin%": 12.4,
        "dashboard": "results/details/compare-filesize/20201014-043700/qgis310-bigfile-hugecache/somap310_fix/av_f_big.txt/dashboard/index.html"
      },
      "av_sw.txt": {
        "transaction": "Total",
        "sampleCount": 20,
        "errorCount": 0,
        "errorPct": 0.0,
        "meanResTime": 18691.65,
        "medianResTime": 19765.0,
        "minResTime": 4478.0,
        "maxResTime": 26600.0,
        "pct1ResTime": 26570.1,
        "pct2ResTime": 26599.25,
        "pct3ResTime": 26600.0,
        "throughput": 0.40924902803355845,
        "receivedKBytesPerSec": 199.30433660093107,
        "sentKBytesPerSec": 0.16697680069572335,
        "memMaxMB": 5994.6,
        "memAvgMB": 4502.8,
        "memMinMB": 4335.9,
        "cpuMax%": 40.1,
        "cpuAvg%": 14.8,
        "cpuMin%": 12.5,
        "dashboard": "results/details/compare-filesize/20201014-043700/qgis310-bigfile-hugecache/somap310_fix/av_sw.txt/dashboard/index.html"
      }
    }
  },
  "qgis310-bigfile-maxlayer2000": {
    "somap310_fix": {
      "lk.txt": {
        "transaction": "Total",
        "sampleCount": 30,
        "errorCount": 0,
        "errorPct": 0.0,
        "meanResTime": 13918.233333333332,
        "medianResTime": 16206.5,
        "minResTime": 1897.0,
        "maxResTime": 16752.0,
        "pct1ResTime": 16671.9,
        "pct2ResTime": 16740.45,
        "pct3ResTime": 16752.0,
        "throughput": 0.6075826312378483,