{
  "Total" : {
    "transaction" : "Total",
    "sampleCount" : 198,
    "errorCount" : 0,
    "errorPct" : 0.0,
    "meanResTime" : 117.36868686868691,
    "medianResTime" : 119.0,
    "minResTime" : 37.0,
    "maxResTime" : 169.0,
    "pct1ResTime" : 152.1,
    "pct2ResTime" : 157.04999999999998,
    "pct3ResTime" : 165.03999999999996,
    "throughput" : 72.42136064374542,
    "receivedKBytesPerSec" : 66.97489941477689,
    "sentKBytesPerSec" : 34.0525272037308
  },
  "HTTP Request" : {
    "transaction" : "HTTP Request",
    "sampleCount" : 198,
    "errorCount" : 0,
    "errorPct" : 0.0,
    "meanResTime" : 117.36868686868691,
    "medianResTime" : 119.0,
    "minResTime" : 37.0,
    "maxResTime" : 169.0,
    "pct1ResTime" : 152.1,
    "pct2ResTime" : 157.04999999999998,
    "pct3ResTime" : 165.03999999999996,
    "throughput" : 72.42136064374542,
    "receivedKBytesPerSec" : 66.97489941477689,
    "sentKBytesPerSec" : 34.0525272037308
  }
}