{
  "Total" : {
    "transaction" : "Total",
    "sampleCount" : 198,
    "errorCount" : 0,
    "errorPct" : 0.0,
    "meanResTime" : 529.4393939393947,
    "medianResTime" : 544.0,
    "minResTime" : 209.0,
    "maxResTime" : 615.0,
    "pct1ResTime" : 583.1,
    "pct2ResTime" : 592.0,
    "pct3ResTime" : 607.0799999999999,
    "throughput" : 17.878103837471784,
    "receivedKBytesPerSec" : 16.446282449209935,
    "sentKBytesPerSec" : 8.406285270880362
  },
  "HTTP Request" : {
    "transaction" : "HTTP Request",
    "sampleCount" : 198,
    "errorCount" : 0,
    "errorPct" : 0.0,
    "meanResTime" : 529.4393939393947,
    "medianResTime" : 544.0,
    "minResTime" : 209.0,
    "maxResTime" : 615.0,
    "pct1ResTime" : 583.1,
    "pct2ResTime" : 592.0,
    "pct3ResTime" : 607.0799999999999,
    "throughput" : 17.878103837471784,
    "receivedKBytesPerSec" : 16.446282449209935,
    "sentKBytesPerSec" : 8.406285270880362
  }
}