{
  "Total" : {
    "transaction" : "Total",
    "sampleCount" : 22,
    "errorCount" : 0,
    "errorPct" : 0.0,
    "meanResTime" : 27106.22727272728,
    "medianResTime" : 29638.0,
    "minResTime" : 4241.0,
    "maxResTime" : 38827.0,
    "pct1ResTime" : 38224.1,
    "pct2ResTime" : 38752.45,
    "pct3ResTime" : 38827.0,
    "throughput" : 0.3246226261970459,
    "receivedKBytesPerSec" : 42.55697726534949,
    "sentKBytesPerSec" : 0.13357829123076242
  },
  "HTTP Request" : {
    "transaction" : "HTTP Request",
    "sampleCount" : 22,
    "errorCount" : 0,
    "errorPct" : 0.0,
    "meanResTime" : 27106.22727272728,
    "medianResTime" : 29638.0,
    "minResTime" : 4241.0,
    "maxResTime" : 38827.0,
    "pct1ResTime" : 38224.1,
    "pct2ResTime" : 38752.45,
    "pct3ResTime" : 38827.0,
    "throughput" : 0.3246226261970459,
    "receivedKBytesPerSec" : 42.55697726534949,
    "sentKBytesPerSec" : 0.13357829123076242
  }
}