{
  "Total" : {
    "transaction" : "Total",
    "sampleCount" : 30,
    "errorCount" : 0,
    "errorPct" : 0.0,
    "meanResTime" : 14325.633333333335,
    "medianResTime" : 16730.0,
    "minResTime" : 2148.0,
    "maxResTime" : 17024.0,
    "pct1ResTime" : 16951.7,
    "pct2ResTime" : 16999.25,
    "pct3ResTime" : 17024.0,
    "throughput" : 0.5905046846704984,
    "receivedKBytesPerSec" : 16.006136942957248,
    "sentKBytesPerSec" : 0.2414687450791276
  },
  "HTTP Request" : {
    "transaction" : "HTTP Request",
    "sampleCount" : 30,
    "errorCount" : 0,
    "errorPct" : 0.0,
    "meanResTime" : 14325.633333333335,
    "medianResTime" : 16730.0,
    "minResTime" : 2148.0,
    "maxResTime" : 17024.0,
    "pct1ResTime" : 16951.7,
    "pct2ResTime" : 16999.25,
    "pct3ResTime" : 17024.0,
    "throughput" : 0.5905046846704984,
    "receivedKBytesPerSec" : 16.006136942957248,
    "sentKBytesPerSec" : 0.2414687450791276
  }
}