{
  "Total" : {
    "transaction" : "Total",
    "sampleCount" : 20,
    "errorCount" : 0,
    "errorPct" : 0.0,
    "meanResTime" : 1543.15,
    "medianResTime" : 1203.0,
    "minResTime" : 274.0,
    "maxResTime" : 3157.0,
    "pct1ResTime" : 3001.3000000000006,
    "pct2ResTime" : 3151.15,
    "pct3ResTime" : 3157.0,
    "throughput" : 4.959087527894868,
    "receivedKBytesPerSec" : 1543.00870358604,
    "sentKBytesPerSec" : 2.0766179023059754
  },
  "HTTP Request" : {
    "transaction" : "HTTP Request",
    "sampleCount" : 20,
    "errorCount" : 0,
    "errorPct" : 0.0,
    "meanResTime" : 1543.15,
    "medianResTime" : 1203.0,
    "minResTime" : 274.0,
    "maxResTime" : 3157.0,
    "pct1ResTime" : 3001.3000000000006,
    "pct2ResTime" : 3151.15,
    "pct3ResTime" : 3157.0,
    "throughput" : 4.959087527894868,
    "receivedKBytesPerSec" : 1543.00870358604,
    "sentKBytesPerSec" : 2.0766179023059754
  }
}