{
  "Total" : {
    "transaction" : "Total",
    "sampleCount" : 20,
    "errorCount" : 0,
    "errorPct" : 0.0,
    "meanResTime" : 2217.35,
    "medianResTime" : 1530.5,
    "minResTime" : 1015.0,
    "maxResTime" : 4315.0,
    "pct1ResTime" : 4194.5,
    "pct2ResTime" : 4309.0,
    "pct3ResTime" : 4315.0,
    "throughput" : 3.014318010550113,
    "receivedKBytesPerSec" : 937.5543107102487,
    "sentKBytesPerSec" : 1.2622456669178599
  },
  "HTTP Request" : {
    "transaction" : "HTTP Request",
    "sampleCount" : 20,
    "errorCount" : 0,
    "errorPct" : 0.0,
    "meanResTime" : 2217.35,
    "medianResTime" : 1530.5,
    "minResTime" : 1015.0,
    "maxResTime" : 4315.0,
    "pct1ResTime" : 4194.5,
    "pct2ResTime" : 4309.0,
    "pct3ResTime" : 4315.0,
    "throughput" : 3.014318010550113,
    "receivedKBytesPerSec" : 937.5543107102487,
    "sentKBytesPerSec" : 1.2622456669178599
  }
}