{
  "Total" : {
    "transaction" : "Total",
    "sampleCount" : 5190,
    "errorCount" : 0,
    "errorPct" : 0.0,
    "meanResTime" : 331.28420038535756,
    "medianResTime" : 272.0,
    "minResTime" : 6.0,
    "maxResTime" : 5928.0,
    "pct1ResTime" : 591.0,
    "pct2ResTime" : 756.4499999999998,
    "pct3ResTime" : 1365.170000000002,
    "throughput" : 29.94633893024061,
    "receivedKBytesPerSec" : 12152.050454433169,
    "sentKBytesPerSec" : 11.88162874689862
  },
  "HTTP Request" : {
    "transaction" : "HTTP Request",
    "sampleCount" : 5190,
    "errorCount" : 0,
    "errorPct" : 0.0,
    "meanResTime" : 331.28420038535756,
    "medianResTime" : 272.0,
    "minResTime" : 6.0,
    "maxResTime" : 5928.0,
    "pct1ResTime" : 591.0,
    "pct2ResTime" : 756.4499999999998,
    "pct3ResTime" : 1365.170000000002,
    "throughput" : 29.94633893024061,
    "receivedKBytesPerSec" : 12152.050454433169,
    "sentKBytesPerSec" : 11.88162874689862
  }
}