{
  "Total" : {
    "transaction" : "Total",
    "sampleCount" : 5272,
    "errorCount" : 2,
    "errorPct" : 0.037936267,
    "meanResTime" : 403.8370637329288,
    "medianResTime" : 272.0,
    "minResTime" : 29.0,
    "maxResTime" : 2999.0,
    "pct1ResTime" : 931.6999999999998,
    "pct2ResTime" : 1177.0,
    "pct3ResTime" : 1820.3499999999976,
    "throughput" : 95.45536845917074,
    "receivedKBytesPerSec" : 4542.220034401594,
    "sentKBytesPerSec" : 48.355545135116785
  },
  "HTTP Request" : {
    "transaction" : "HTTP Request",
    "sampleCount" : 5272,
    "errorCount" : 2,
    "errorPct" : 0.037936267,
    "meanResTime" : 403.8370637329288,
    "medianResTime" : 272.0,
    "minResTime" : 29.0,
    "maxResTime" : 2999.0,
    "pct1ResTime" : 931.6999999999998,
    "pct2ResTime" : 1177.0,
    "pct3ResTime" : 1820.3499999999976,
    "throughput" : 95.45536845917074,
    "receivedKBytesPerSec" : 4542.220034401594,
    "sentKBytesPerSec" : 48.355545135116785
  }
}