{
  "Total" : {
    "transaction" : "Total",
    "sampleCount" : 5191,
    "errorCount" : 1,
    "errorPct" : 0.019264111,
    "meanResTime" : 887.4675399730319,
    "medianResTime" : 722.0,
    "minResTime" : 186.0,
    "maxResTime" : 5859.0,
    "pct1ResTime" : 1614.0,
    "pct2ResTime" : 2032.3999999999996,
    "pct3ResTime" : 2920.439999999995,
    "throughput" : 11.21253488392186,
    "receivedKBytesPerSec" : 3033.9992203261213,
    "sentKBytesPerSec" : 4.883282889571327
  },
  "HTTP Request" : {
    "transaction" : "HTTP Request",
    "sampleCount" : 5191,
    "errorCount" : 1,
    "errorPct" : 0.019264111,
    "meanResTime" : 887.4675399730319,
    "medianResTime" : 722.0,
    "minResTime" : 186.0,
    "maxResTime" : 5859.0,
    "pct1ResTime" : 1614.0,
    "pct2ResTime" : 2032.3999999999996,
    "pct3ResTime" : 2920.439999999995,
    "throughput" : 11.21253488392186,
    "receivedKBytesPerSec" : 3033.9992203261213,
    "sentKBytesPerSec" : 4.883282889571327
  }
}