{
  "qgis310-singlethread-multiinstance": {
    "somap310_lk": {
      "lk.txt": {
        "transaction": "Total",
        "sampleCount": 30,
        "errorCount": 0,
        "errorPct": 0.0,
        "meanResTime": 129.76666666666665,
        "medianResTime": 121.5,
        "minResTime": 86.0,
        "maxResTime": 311.0,
        "pct1ResTime": 141.0,
        "pct2ResTime": 218.59999999999988,
        "pct3ResTime": 311.0,
        "throughput": 7.577671129072998,
        "receivedKBytesPerSec": 205.40668808411215,
        "sentKBytesPerSec": 3.0912556832533467,
        "responseSizeMB": 0.8,
        "memMaxMB": 2671.6,
        "memAvgMB": 2666.9,
        "memMinMB": 2663.1,
        "cpuMax%": 18.0,
        "cpuAvg%": 16.3,
        "cpuMin%": 14.2,
        "dashboard": "results/details/compare-deployment-sequential/20201103-090352/qgis310-singlethread-multiinstance/somap310_lk/lk.txt/dashboard/index.html",
        "effective duration": 9.7
      }
    },
    "somap310_grundplanav_farbig": {
      "av_f_big.txt": {
        "transaction": "Total",
        "sampleCount": 735,
        "errorCount": 0,
        "errorPct": 0.0,
        "meanResTime": 739.1945578231293,
        "medianResTime": 738.0,
        "minResTime": 174.0,
        "maxResTime": 3731.0,
        "pct1ResTime": 1072.9999999999998,
        "pct2ResTime": 1267.3999999999985,
        "pct3ResTime": 2089.9599999999996,
        "throughput": 1.3500283781475406,
        "receivedKBytesPerSec": 197.57211681407537,
        "sentKBytesPerSec": 0.5944078231389354,
        "responseSizeMB": 105.0,
        "memMaxMB": 3738.0,
        "memAvgMB": 3167.5,
        "memMinMB": 2664.5,
        "cpuMax%": 29.6,
        "cpuAvg%": 12.9,
        "cpuMin%": 12.0,
        "dashboard": "results/details/compare-deployment-sequential/20201103-090352/qgis310-singlethread-multiinstance/somap310_grundplanav_farbig/av_f_big.txt/dashboard/index.html",
        "effective duration": 550.1
      }
    },
    "somap310_grundplanav_sw": {
      "av_sw.txt": {
        "transaction": "Total",
        "sampleCount": 20,
        "errorCount": 0,
        "errorPct": 0.0,
        "meanResTime": 681.0000000000001,
        "medianResTime": 553.0,
        "minResTime": 219.0,
        "maxResTime": 1732.0,
        "pct1ResTime": 1592.0000000000011,
        "pct2ResTime": 1727.5,
        "pct3ResTime": 1732.0,
        "throughput": 1.46177459435755,
        "receivedKBytesPerSec": 454.8278103758588,
        "sentKBytesPerSec": 0.612118111387224,
        "responseSizeMB": 6.1,
        "memMaxMB": 3116.7,
        "memAvgMB": 2930.5,
        "memMinMB": 2860.1,
        "cpuMax%": 23.7,
        "cpuAvg%": 13.8,
        "cpuMin%": 12.4,
        "dashboard": "results/details/compare-deployment-sequential/20201103-090352/qgis310-singlethread-multiinstance/somap310_grundplanav_sw/av_sw.txt/dashboard/index.html",
        "effective duration": 19.4
      }
    }
  },
  "qgis310-multithread-singleinstance": {
    "somap310_lk": {
      "lk.txt": {
        "transaction": "Total",
        "sampleCount": 30,
        "errorCount": 0,
        "errorPct": 0.0,
        "meanResTime": 92.56666666666666,
        "medianResTime": 87.0,
        "minResTime": 64.0,
        "maxResTime": 275.0,
        "pct1ResTime": 96.0,
        "pct2ResTime": 178.7499999999999,
        "pct3ResTime": 275.0,
        "throughput": 10.60070671378092,
        "receivedKBytesPerSec": 287.3516177120141,
        "sentKBytesPerSec": 4.324481007067138,
        "responseSizeMB": 0.8,
        "memMaxMB": 2253.3,
        "memAvgMB": 2250.7,
        "memMinMB": 2248.1,
        "cpuMax%": 24.8,
        "cpuAvg%": 18.3,
        "cpuMin%": 11.7,
        "dashboard": "results/details/compare-deployment-sequential/20201103-090352/qgis310-multithread-singleinstance/somap310_lk/lk.txt/dashboard/index.html",
        "effective duration": 8.8
      }
    },
    "somap310_grundplanav_farbig": {
      "av_f_big.txt": {
        "transaction": "Total",
        "sampleCount": 735,
        "errorCount": 0,
        "errorPct": 0.0,
        "meanResTime": 491.51156462585027,
        "medianResTime": 438.0,
        "minResTime": 194.0,
        "maxResTime": 2886.0,
        "pct1ResTime": 731.3999999999999,
        "pct2ResTime": 885.1999999999992,
        "pct3ResTime": 1311.2799999999993,
        "throughput": 2.0279890074718288,
        "receivedKBytesPerSec": 296.7928338956289,
        "sentKBytesPerSec": 0.8929090312420674,
        "responseSizeMB": 105.0,
        "memMaxMB": 3230.4,
        "memAvgMB": 2657.5,
        "memMinMB": 2262.5,
        "cpuMax%": 31.0,
        "cpuAvg%": 19.5,
        "cpuMin%": 12.5,
        "dashboard": "results/details/compare-deployment-sequential/20201103-090352/qgis310-multithread-singleinstance/somap310_grundplanav_farbig/av_f_big.txt/dashboard/index.html",
        "effective duration": 368.4
      }
    },
    "somap310_grundplanav_sw": {
      "av_sw.txt": {
        "transaction": "Total",
        "sampleCount": 20,
        "errorCount": 0,
        "errorPct": 0.0,
        "meanResTime": 531.1,
        "medianResTime": 408.5,
        "minResTime": 205.0,
        "maxResTime": 1339.0,
        "pct1ResTime": 1140.5000000000005,
        "pct2ResTime": 1330.1,
        "pct3ResTime": 1339.0,
        "throughput": 1.8728345350688265,
        "receivedKBytesPerSec": 582.7290820477104,
        "sentKBytesPerSec": 0.7842494615600711,
        "responseSizeMB": 6.1,
        "memMaxMB": 2565.7,
        "memAvgMB": 2339.9,
        "memMinMB": 2302.4,
        "cpuMax%": 31.3,
        "cpuAvg%": 18.1,
        "cpuMin%": 15.2,
        "dashboard": "results/details/compare-deployment-sequential/20201103-090352/qgis310-multithread-singleinstance/somap310_grundplanav_sw/av_sw.txt/dashboard/index.html",
        "effective duration": 16.8
      }
    }
  },
  "qgis310-balanced": {
    "somap310_lk": {
      "lk.txt": {
        "transaction": "Total",
        "sampleCount": 30,
        "errorCount": 0,
        "errorPct": 0.0,
        "meanResTime": 98.70000000000002,
        "medianResTime": 95.0,
        "minResTime": 57.0,
        "maxResTime": 262.0,
        "pct1ResTime": 104.9,
        "pct2ResTime": 180.0499999999999,
        "pct3ResTime": 262.0,
        "throughput": 9.9601593625498,
        "receivedKBytesPerSec": 269.98840575199205,
        "sentKBytesPerSec": 4.063174385790172,
        "responseSizeMB": 0.8,
        "memMaxMB": 2404.2,
        "memAvgMB": 2374.2,
        "memMinMB": 2325.6,
        "cpuMax%": 28.8,
        "cpuAvg%": 18.3,
        "cpuMin%": 11.9,
        "dashboard": "results/details/compare-deployment-sequential/20201103-090352/qgis310-balanced/somap310_lk/lk.txt/dashboard/index.html",
        "effective duration": 8.8
      }
    },
    "somap310_grundplanav_farbig": {
      "av_f_big.txt": {
        "transaction": "Total",
        "sampleCount": 735,
        "errorCount": 0,
        "errorPct": 0.0,
        "meanResTime": 589.6693877551021,
        "medianResTime": 566.0,
        "minResTime": 174.0,
        "maxResTime": 3214.0,
        "pct1ResTime": 838.1999999999999,
        "pct2ResTime": 993.7999999999997,
        "pct3ResTime": 1721.3999999999978,
        "throughput": 1.691292032058613,
        "receivedKBytesPerSec": 247.5176383889638,
        "sentKBytesPerSec": 0.744663765103698,
        "responseSizeMB": 105.0,
        "memMaxMB": 3417.3,
        "memAvgMB": 2832.1,
        "memMinMB": 2369.4,
        "cpuMax%": 33.9,
        "cpuAvg%": 16.4,
        "cpuMin%": 12.7,
        "dashboard": "results/details/compare-deployment-sequential/20201103-090352/qgis310-balanced/somap310_grundplanav_farbig/av_f_big.txt/dashboard/index.html",
        "effective duration": 440.4
      }
    },
    "somap310_grundplanav_sw": {
      "av_sw.txt": {
        "transaction": "Total",
        "sampleCount": 20,
        "errorCount": 0,
        "errorPct": 0.0,
        "meanResTime": 702.1499999999999,
        "medianResTime": 490.5,