{
  "Total" : {
    "transaction" : "Total",
    "sampleCount" : 5262,
    "errorCount" : 0,
    "errorPct" : 0.0,
    "meanResTime" : 316.72652983656405,
    "medianResTime" : 186.0,
    "minResTime" : 29.0,
    "maxResTime" : 3681.0,
    "pct1ResTime" : 771.0,
    "pct2ResTime" : 1002.6999999999989,
    "pct3ResTime" : 1608.1799999999985,
    "throughput" : 31.177418590320897,
    "receivedKBytesPerSec" : 1475.7437141166397,
    "sentKBytesPerSec" : 15.793035452685807
  },
  "HTTP Request" : {
    "transaction" : "HTTP Request",
    "sampleCount" : 5262,
    "errorCount" : 0,
    "errorPct" : 0.0,
    "meanResTime" : 316.72652983656405,
    "medianResTime" : 186.0,
    "minResTime" : 29.0,
    "maxResTime" : 3681.0,
    "pct1ResTime" : 771.0,
    "pct2ResTime" : 1002.6999999999989,
    "pct3ResTime" : 1608.1799999999985,
    "throughput" : 31.177418590320897,
    "receivedKBytesPerSec" : 1475.7437141166397,
    "sentKBytesPerSec" : 15.793035452685807
  }
}