{
  "Total" : {
    "transaction" : "Total",
    "sampleCount" : 5272,
    "errorCount" : 10,
    "errorPct" : 0.18968134,
    "meanResTime" : 442.84256449165395,
    "medianResTime" : 139.0,
    "minResTime" : 5.0,
    "maxResTime" : 90102.0,
    "pct1ResTime" : 729.6999999999998,
    "pct2ResTime" : 1043.3499999999995,
    "pct3ResTime" : 2044.259999999982,
    "throughput" : 17.676979355621796,
    "receivedKBytesPerSec" : 898.2492052096711,
    "sentKBytesPerSec" : 8.954760605726577
  },
  "HTTP Request" : {
    "transaction" : "HTTP Request",
    "sampleCount" : 5272,
    "errorCount" : 10,
    "errorPct" : 0.18968134,
    "meanResTime" : 442.84256449165395,
    "medianResTime" : 139.0,
    "minResTime" : 5.0,
    "maxResTime" : 90102.0,
    "pct1ResTime" : 729.6999999999998,
    "pct2ResTime" : 1043.3499999999995,
    "pct3ResTime" : 2044.259999999982,
    "throughput" : 17.676979355621796,
    "receivedKBytesPerSec" : 898.2492052096711,
    "sentKBytesPerSec" : 8.954760605726577
  }
}