{
  "Total" : {
    "transaction" : "Total",
    "sampleCount" : 5190,
    "errorCount" : 0,
    "errorPct" : 0.0,
    "meanResTime" : 890.985356454721,
    "medianResTime" : 735.0,
    "minResTime" : 184.0,
    "maxResTime" : 6521.0,
    "pct1ResTime" : 1592.9000000000005,
    "pct2ResTime" : 1979.0,
    "pct3ResTime" : 2882.1800000000003,
    "throughput" : 11.1642434450403,
    "receivedKBytesPerSec" : 3021.589417906511,
    "sentKBytesPerSec" : 4.862341275219037
  },
  "HTTP Request" : {
    "transaction" : "HTTP Request",
    "sampleCount" : 5190,
    "errorCount" : 0,
    "errorPct" : 0.0,
    "meanResTime" : 890.985356454721,
    "medianResTime" : 735.0,
    "minResTime" : 184.0,
    "maxResTime" : 6521.0,
    "pct1ResTime" : 1592.9000000000005,
    "pct2ResTime" : 1979.0,
    "pct3ResTime" : 2882.1800000000003,
    "throughput" : 11.1642434450403,
    "receivedKBytesPerSec" : 3021.589417906511,
    "sentKBytesPerSec" : 4.862341275219037
  }
}