{
  "Total" : {
    "transaction" : "Total",
    "sampleCount" : 198,
    "errorCount" : 0,
    "errorPct" : 0.0,
    "meanResTime" : 111.89393939393938,
    "medianResTime" : 111.0,
    "minResTime" : 33.0,
    "maxResTime" : 219.0,
    "pct1ResTime" : 146.0,
    "pct2ResTime" : 155.09999999999997,
    "pct3ResTime" : 210.08999999999992,
    "throughput" : 75.80398162327718,
    "receivedKBytesPerSec" : 62.40428790199081,
    "sentKBytesPerSec" : 36.67941830972435
  },
  "HTTP Request" : {
    "transaction" : "HTTP Request",
    "sampleCount" : 198,
    "errorCount" : 0,
    "errorPct" : 0.0,
    "meanResTime" : 111.89393939393938,
    "medianResTime" : 111.0,
    "minResTime" : 33.0,
    "maxResTime" : 219.0,
    "pct1ResTime" : 146.0,
    "pct2ResTime" : 155.09999999999997,
    "pct3ResTime" : 210.08999999999992,
    "throughput" : 75.80398162327718,
    "receivedKBytesPerSec" : 62.40428790199081,
    "sentKBytesPerSec" : 36.67941830972435
  }
}