{
  "Total" : {
    "transaction" : "Total",
    "sampleCount" : 20,
    "errorCount" : 0,
    "errorPct" : 0.0,
    "meanResTime" : 635.2500000000001,
    "medianResTime" : 377.0,
    "minResTime" : 227.0,
    "maxResTime" : 2415.0,
    "pct1ResTime" : 1310.8000000000002,
    "pct2ResTime" : 2360.0999999999995,
    "pct3ResTime" : 2415.0,
    "throughput" : 1.567275291905023,
    "receivedKBytesPerSec" : 487.65388072055487,
    "sentKBytesPerSec" : 0.6562965284852285
  },
  "HTTP Request" : {
    "transaction" : "HTTP Request",
    "sampleCount" : 20,
    "errorCount" : 0,
    "errorPct" : 0.0,
    "meanResTime" : 635.2500000000001,
    "medianResTime" : 377.0,
    "minResTime" : 227.0,
    "maxResTime" : 2415.0,
    "pct1ResTime" : 1310.8000000000002,
    "pct2ResTime" : 2360.0999999999995,
    "pct3ResTime" : 2415.0,
    "throughput" : 1.567275291905023,
    "receivedKBytesPerSec" : 487.65388072055487,
    "sentKBytesPerSec" : 0.6562965284852285
  }
}