{
  "Total" : {
    "transaction" : "Total",
    "sampleCount" : 63,
    "errorCount" : 0,
    "errorPct" : 0.0,
    "meanResTime" : 1282.3492063492063,
    "medianResTime" : 344.0,
    "minResTime" : 115.0,
    "maxResTime" : 8373.0,
    "pct1ResTime" : 4592.6,
    "pct2ResTime" : 7268.599999999998,
    "pct3ResTime" : 8373.0,
    "throughput" : 6.912442396313365,
    "receivedKBytesPerSec" : 2069.9741212008994,
    "sentKBytesPerSec" : 5.714187136548167
  },
  "HTTP Request" : {
    "transaction" : "HTTP Request",
    "sampleCount" : 63,
    "errorCount" : 0,
    "errorPct" : 0.0,
    "meanResTime" : 1282.3492063492063,
    "medianResTime" : 344.0,
    "minResTime" : 115.0,
    "maxResTime" : 8373.0,
    "pct1ResTime" : 4592.6,
    "pct2ResTime" : 7268.599999999998,
    "pct3ResTime" : 8373.0,
    "throughput" : 6.912442396313365,
    "receivedKBytesPerSec" : 2069.9741212008994,
    "sentKBytesPerSec" : 5.714187136548167
  }
}