{
  "qgis218-stock": {
    "somap218_grundplanav_farbig_ohne_labels": {
      "av_f_big.txt": {
        "transaction": "Total",
        "sampleCount": 735,
        "errorCount": 0,
        "errorPct": 0.0,
        "meanResTime": 509.22993197278925,
        "medianResTime": 459.0,
        "minResTime": 181.0,
        "maxResTime": 3019.0,
        "pct1ResTime": 724.4,
        "pct2ResTime": 927.9999999999993,
        "pct3ResTime": 1524.7999999999993,
        "throughput": 19.309583858764185,
        "receivedKBytesPerSec": 3131.1055424334672,
        "sentKBytesPerSec": 8.728155622766918,
        "memMaxMB": 3679.9,
        "memAvgMB": 3254.2,
        "memMinMB": 2315.1,
        "cpuMax%": 98.6,
        "cpuAvg%": 94.2,
        "cpuMin%": 12.7,
        "dashboard": "results/details/compare-av-ohnelabel/20201012-002356/qgis218-stock/somap218_grundplanav_farbig_ohne_labels/av_f_big.txt/dashboard/index.html"
      }
    }
  },
  "qgis310-stock": {
    "somap310_grundplanav_farbig_ohne_labels": {
      "av_f_big.txt": {
        "transaction": "Total",
        "sampleCount": 735,
        "errorCount": 0,
        "errorPct": 0.0,
        "meanResTime": 798.6408163265304,
        "medianResTime": 817.0,
        "minResTime": 133.0,
        "maxResTime": 2788.0,
        "pct1ResTime": 1202.4,
        "pct2ResTime": 1296.9999999999993,
        "pct3ResTime": 2193.599999999998,
        "throughput": 12.330352799073966,
        "receivedKBytesPerSec": 1707.3359701345435,
        "sentKBytesPerSec": 5.573462323223003,
        "memMaxMB": 3976.8,
        "memAvgMB": 3240.6,
        "memMinMB": 2587.6,
        "cpuMax%": 96.4,
        "cpuAvg%": 73.8,
        "cpuMin%": 14.1,
        "dashboard": "results/details/compare-av-ohnelabel/20201012-002356/qgis310-stock/somap310_grundplanav_farbig_ohne_labels/av_f_big.txt/dashboard/index.html"
      }
    }
  },
  "qgis314-stock": {
    "somap314_grundplanav_farbig_ohne_labels": {
      "av_f_big.txt": {
        "transaction": "Total",
        "sampleCount": 735,
        "errorCount": 0,
        "errorPct": 0.0,
        "meanResTime": 842.1741496598646,
        "medianResTime": 818.0,
        "minResTime": 130.0,
        "maxResTime": 2567.0,
        "pct1ResTime": 1258.0,
        "pct2ResTime": 1352.3999999999999,
        "pct3ResTime": 2067.7599999999998,
        "throughput": 11.662408961807595,
        "receivedKBytesPerSec": 1614.7800517767323,
        "sentKBytesPerSec": 5.271543970058549,
        "memMaxMB": 3811.5,
        "memAvgMB": 3257.9,
        "memMinMB": 2697.6,
        "cpuMax%": 93.7,
        "cpuAvg%": 73.9,
        "cpuMin%": 16.1,
        "dashboard": "results/details/compare-av-ohnelabel/20201012-002356/qgis314-stock/somap314_grundplanav_farbig_ohne_labels/av_f_big.txt/dashboard/index.html"
      }
    }
  }
}