{
  "Total" : {
    "transaction" : "Total",
    "sampleCount" : 5191,
    "errorCount" : 1,
    "errorPct" : 0.019264111,
    "meanResTime" : 1222.066268541709,
    "medianResTime" : 1083.0,
    "minResTime" : 198.0,
    "maxResTime" : 7539.0,
    "pct1ResTime" : 2085.4000000000005,
    "pct2ResTime" : 2543.0,
    "pct3ResTime" : 3544.16,
    "throughput" : 9.774072253948887,
    "receivedKBytesPerSec" : 2644.8091083889253,
    "sentKBytesPerSec" : 4.256803683847079
  },
  "HTTP Request" : {
    "transaction" : "HTTP Request",
    "sampleCount" : 5191,
    "errorCount" : 1,
    "errorPct" : 0.019264111,
    "meanResTime" : 1222.066268541709,
    "medianResTime" : 1083.0,
    "minResTime" : 198.0,
    "maxResTime" : 7539.0,
    "pct1ResTime" : 2085.4000000000005,
    "pct2ResTime" : 2543.0,
    "pct3ResTime" : 3544.16,
    "throughput" : 9.774072253948887,
    "receivedKBytesPerSec" : 2644.8091083889253,
    "sentKBytesPerSec" : 4.256803683847079
  }
}