{
  "qgis218": {
    "somap218_lk": {
      "lk.txt": {
        "transaction": "Total",
        "sampleCount": 30,
        "errorCount": 0,
        "errorPct": 0.0,
        "meanResTime": 362.5,
        "medianResTime": 152.0,
        "minResTime": 121.0,
        "maxResTime": 1168.0,
        "pct1ResTime": 1148.8,
        "pct2ResTime": 1166.35,
        "pct3ResTime": 1168.0,
        "throughput": 16.0427807486631,
        "receivedKBytesPerSec": 435.40691844919786,
        "sentKBytesPerSec": 6.544535427807486,
        "responseSizeMB": 0.8,
        "memMaxMB": 2646.3,
        "memAvgMB": 2597.2,
        "memMinMB": 2548.0,
        "cpuMax%": 72.2,
        "cpuAvg%": 36.7,
        "cpuMin%": 1.3,
        "dashboard": "results/details/compare-major/20201103-060144/qgis218/somap218_lk/lk.txt/dashboard/index.html",
        "effective duration": 7.8
      }
    },
    "somap218_grundplanav_farbig": {
      "av_f.txt": {
        "transaction": "Total",
        "sampleCount": 22,
        "errorCount": 0,
        "errorPct": 0.0,
        "meanResTime": 1415.8636363636365,
        "medianResTime": 1187.5,
        "minResTime": 220.0,
        "maxResTime": 3649.0,
        "pct1ResTime": 3140.7999999999997,
        "pct2ResTime": 3578.349999999999,
        "pct3ResTime": 3649.0,
        "throughput": 4.995458673932788,
        "receivedKBytesPerSec": 790.1135686307902,
        "sentKBytesPerSec": 2.1287465940054497,
        "responseSizeMB": 3.4,
        "memMaxMB": 3065.8,
        "memAvgMB": 2938.0,
        "memMinMB": 2794.7,
        "cpuMax%": 97.0,
        "cpuAvg%": 71.0,
        "cpuMin%": 29.1,
        "dashboard": "results/details/compare-major/20201103-060144/qgis218/somap218_grundplanav_farbig/av_f.txt/dashboard/index.html",
        "effective duration": 10.0
      }
    },
    "somap218_grundplanav_sw": {
      "av_sw.txt": {
        "transaction": "Total",
        "sampleCount": 20,
        "errorCount": 0,
        "errorPct": 0.0,
        "meanResTime": 1386.7,
        "medianResTime": 1445.5,
        "minResTime": 229.0,
        "maxResTime": 2935.0,
        "pct1ResTime": 2729.2000000000007,
        "pct2ResTime": 2926.0499999999997,
        "pct3ResTime": 2935.0,
        "throughput": 5.473453749315818,
        "receivedKBytesPerSec": 1962.0329925253147,
        "sentKBytesPerSec": 2.292008757525999,
        "responseSizeMB": 7.0,
        "memMaxMB": 3315.4,
        "memAvgMB": 3225.9,
        "memMinMB": 3159.1,
        "cpuMax%": 98.5,
        "cpuAvg%": 73.8,
        "cpuMin%": 29.8,
        "dashboard": "results/details/compare-major/20201103-060144/qgis218/somap218_grundplanav_sw/av_sw.txt/dashboard/index.html",
        "effective duration": 9.1
      }
    }
  },
  "qgis310": {
    "somap310_lk": {
      "lk.txt": {
        "transaction": "Total",
        "sampleCount": 30,
        "errorCount": 0,
        "errorPct": 0.0,
        "meanResTime": 284.56666666666666,
        "medianResTime": 213.0,
        "minResTime": 101.0,
        "maxResTime": 848.0,
        "pct1ResTime": 816.6000000000001,
        "pct2ResTime": 838.1,
        "pct3ResTime": 848.0,
        "throughput": 23.790642347343375,
        "receivedKBytesPerSec": 644.8890389571769,
        "sentKBytesPerSec": 9.70521907216495,
        "responseSizeMB": 0.8,
        "memMaxMB": 2691.4,
        "memAvgMB": 2654.4,
        "memMinMB": 2617.4,
        "cpuMax%": 58.1,
        "cpuAvg%": 37.1,
        "cpuMin%": 16.2,
        "dashboard": "results/details/compare-major/20201103-060144/qgis310/somap310_lk/lk.txt/dashboard/index.html",
        "effective duration": 6.8
      }
    },
    "somap310_grundplanav_farbig": {
      "av_f.txt": {
        "transaction": "Total",
        "sampleCount": 22,
        "errorCount": 0,
        "errorPct": 0.0,
        "meanResTime": 1894.0454545454545,
        "medianResTime": 1729.5,
        "minResTime": 195.0,
        "maxResTime": 3556.0,
        "pct1ResTime": 3383.2,
        "pct2ResTime": 3542.95,
        "pct3ResTime": 3556.0,
        "throughput": 3.9840637450199203,
        "receivedKBytesPerSec": 519.491282030967,
        "sentKBytesPerSec": 1.6977544367982613,
        "responseSizeMB": 2.8,
        "memMaxMB": 4240.1,
        "memAvgMB": 3336.1,
        "memMinMB": 2703.0,
        "cpuMax%": 94.2,
        "cpuAvg%": 67.8,
        "cpuMin%": 29.7,
        "dashboard": "results/details/compare-major/20201103-060144/qgis310/somap310_grundplanav_farbig/av_f.txt/dashboard/index.html",
        "effective duration": 11.0
      }
    },
    "somap310_grundplanav_sw": {
      "av_sw.txt": {
        "transaction": "Total",
        "sampleCount": 20,
        "errorCount": 0,
        "errorPct": 0.0,
        "meanResTime": 1690.7499999999998,
        "medianResTime": 1547.0,
        "minResTime": 269.0,
        "maxResTime": 3904.0,
        "pct1ResTime": 3764.900000000002,
        "pct2ResTime": 3901.35,
        "pct3ResTime": 3904.0,
        "throughput": 4.536176003628941,
        "receivedKBytesPerSec": 1411.424961726015,
        "sentKBytesPerSec": 1.8995237015196191,
        "responseSizeMB": 6.1,
        "memMaxMB": 3193.3,
        "memAvgMB": 2953.5,
        "memMinMB": 2767.9,
        "cpuMax%": 95.6,
        "cpuAvg%": 66.6,
        "cpuMin%": 24.7,
        "dashboard": "results/details/compare-major/20201103-060144/qgis310/somap310_grundplanav_sw/av_sw.txt/dashboard/index.html",
        "effective duration": 10.0
      }
    }
  },
  "qgis314": {
    "somap314_lk": {
      "lk.txt": {
        "transaction": "Total",
        "sampleCount": 30,
        "errorCount": 0,
        "errorPct": 0.0,
        "meanResTime": 257.4666666666667,
        "medianResTime": 230.0,
        "minResTime": 95.0,
        "maxResTime": 651.0,
        "pct1ResTime": 626.1000000000001,
        "pct2ResTime": 642.2,
        "pct3ResTime": 651.0,
        "throughput": 24.97918401332223,
        "receivedKBytesPerSec": 676.9358867610324,
        "sentKBytesPerSec": 10.190075978351373,
        "responseSizeMB": 0.8,
        "memMaxMB": 2687.9,
        "memAvgMB": 2687.9,
        "memMinMB": 2687.9,
        "cpuMax%": 16.7,
        "cpuAvg%": 16.7,
        "cpuMin%": 16.7,
        "dashboard": "results/details/compare-major/20201103-060144/qgis314/somap314_lk/lk.txt/dashboard/index.html",
        "effective duration": 6.8
      }
    },
    "somap314_grundplanav_farbig": {
      "av_f.txt": {
        "transaction": "Total",
        "sampleCount": 22,
        "errorCount": 0,
        "errorPct": 0.0,
        "meanResTime": 1806.8181818181818,
        "medianResTime": 1671.5,
        "minResTime": 223.0,
        "maxResTime": 3116.0,
        "pct1ResTime": 3036.2,
        "pct2ResTime": 3115.55,
        "pct3ResTime": 3116.0,
        "throughput": 4.184100418410042,
        "receivedKBytesPerSec": 545.5459240680867,
        "sentKBytesPerSec": 1.782997337390643,
        "responseSizeMB": 2.8,
        "memMaxMB": 3951.5,
        "memAvgMB": 3340.5,
        "memMinMB": 2887.8,
        "cpuMax%": 95.1,
        "cpuAvg%": 70.4,
        "cpuMin%": 29.0,
        "dashboard": "results/details/compare-major/20201103-060144/qgis314/somap314_grundplanav_farbig/av_f.txt/dashboard/index.html",
        "effective duration": 10.8
      }
    },
    "somap314_grundplanav_sw": {
      "av_sw.txt": {
        "transaction": "Total",
        "sampleCount": 20,
        "errorCount": 0,
        "errorPct": 0.0,
        "meanResTime": 1591.4999999999998,
        "medianResTime": 1227.5,
        "minResTime": 228.0,
        "maxResTime": 3360.0,
        "pct1ResTime": 3055.2000000000007,
        "pct2ResTime": 3346.1499999999996,
        "pct3ResTime": 3360.0,
        "throughput": 4.643603436266543,
        "receivedKBytesPerSec": 1444.8141288890176,
        "sentKBytesPerSec": 1.9445089389366146,
        "responseSizeMB": 6.1,
        "memMaxMB": 3705.1,
        "memAvgMB": 3173.2,
        "memMinMB": 2915.4,
        "cpuMax%": 90.0,
        "cpuAvg%": 67.7,
        "cpuMin%": 28.2,