{
  "Total" : {
    "transaction" : "Total",
    "sampleCount" : 30,
    "errorCount" : 0,
    "errorPct" : 0.0,
    "meanResTime" : 14361.4,
    "medianResTime" : 16720.0,
    "minResTime" : 2007.0,
    "maxResTime" : 17206.0,
    "pct1ResTime" : 17167.6,
    "pct2ResTime" : 17198.85,
    "pct3ResTime" : 17206.0,
    "throughput" : 0.5890669180018849,
    "receivedKBytesPerSec" : 15.967740302485863,
    "sentKBytesPerSec" : 0.24088081458136978
  },
  "HTTP Request" : {
    "transaction" : "HTTP Request",
    "sampleCount" : 30,
    "errorCount" : 0,
    "errorPct" : 0.0,
    "meanResTime" : 14361.4,
    "medianResTime" : 16720.0,
    "minResTime" : 2007.0,
    "maxResTime" : 17206.0,
    "pct1ResTime" : 17167.6,
    "pct2ResTime" : 17198.85,
    "pct3ResTime" : 17206.0,
    "throughput" : 0.5890669180018849,
    "receivedKBytesPerSec" : 15.967740302485863,
    "sentKBytesPerSec" : 0.24088081458136978
  }
}