{
  "Total" : {
    "transaction" : "Total",
    "sampleCount" : 20,
    "errorCount" : 0,
    "errorPct" : 0.0,
    "meanResTime" : 8499.25,
    "medianResTime" : 6344.5,
    "minResTime" : 3488.0,
    "maxResTime" : 14817.0,
    "pct1ResTime" : 14624.7,
    "pct2ResTime" : 14807.55,
    "pct3ResTime" : 14817.0,
    "throughput" : 0.8729431277552266,
    "receivedKBytesPerSec" : 426.85742519968574,
    "sentKBytesPerSec" : 0.35616761599231805
  },
  "HTTP Request" : {
    "transaction" : "HTTP Request",
    "sampleCount" : 20,
    "errorCount" : 0,
    "errorPct" : 0.0,
    "meanResTime" : 8499.25,
    "medianResTime" : 6344.5,
    "minResTime" : 3488.0,
    "maxResTime" : 14817.0,
    "pct1ResTime" : 14624.7,
    "pct2ResTime" : 14807.55,
    "pct3ResTime" : 14817.0,
    "throughput" : 0.8729431277552266,
    "receivedKBytesPerSec" : 426.85742519968574,
    "sentKBytesPerSec" : 0.35616761599231805
  }
}