{
  "Total" : {
    "transaction" : "Total",
    "sampleCount" : 5262,
    "errorCount" : 0,
    "errorPct" : 0.0,
    "meanResTime" : 322.23451159254995,
    "medianResTime" : 179.0,
    "minResTime" : 31.0,
    "maxResTime" : 3231.0,
    "pct1ResTime" : 784.6999999999998,
    "pct2ResTime" : 1032.0,
    "pct3ResTime" : 1612.5899999999992,
    "throughput" : 30.663263522254464,
    "receivedKBytesPerSec" : 1451.488882509207,
    "sentKBytesPerSec" : 15.532588321868117
  },
  "HTTP Request" : {
    "transaction" : "HTTP Request",
    "sampleCount" : 5262,
    "errorCount" : 0,
    "errorPct" : 0.0,
    "meanResTime" : 322.23451159254995,
    "medianResTime" : 179.0,
    "minResTime" : 31.0,
    "maxResTime" : 3231.0,
    "pct1ResTime" : 784.6999999999998,
    "pct2ResTime" : 1032.0,
    "pct3ResTime" : 1612.5899999999992,
    "throughput" : 30.663263522254464,
    "receivedKBytesPerSec" : 1451.488882509207,
    "sentKBytesPerSec" : 15.532588321868117
  }
}