{
  "Total" : {
    "transaction" : "Total",
    "sampleCount" : 5190,
    "errorCount" : 0,
    "errorPct" : 0.0,
    "meanResTime" : 1010.2273603082865,
    "medianResTime" : 826.0,
    "minResTime" : 184.0,
    "maxResTime" : 9184.0,
    "pct1ResTime" : 1905.0,
    "pct2ResTime" : 2335.0,
    "pct3ResTime" : 3372.1600000000035,
    "throughput" : 9.84110129318518,
    "receivedKBytesPerSec" : 2663.4635189521787,
    "sentKBytesPerSec" : 4.28607574234897
  },
  "HTTP Request" : {
    "transaction" : "HTTP Request",
    "sampleCount" : 5190,
    "errorCount" : 0,
    "errorPct" : 0.0,
    "meanResTime" : 1010.2273603082865,
    "medianResTime" : 826.0,
    "minResTime" : 184.0,
    "maxResTime" : 9184.0,
    "pct1ResTime" : 1905.0,
    "pct2ResTime" : 2335.0,
    "pct3ResTime" : 3372.1600000000035,
    "throughput" : 9.84110129318518,
    "receivedKBytesPerSec" : 2663.4635189521787,
    "sentKBytesPerSec" : 4.28607574234897
  }
}