{
  "Total" : {
    "transaction" : "Total",
    "sampleCount" : 5191,
    "errorCount" : 1,
    "errorPct" : 0.019264111,
    "meanResTime" : 2107.2101714505866,
    "medianResTime" : 1970.0,
    "minResTime" : 573.0,
    "maxResTime" : 11536.0,
    "pct1ResTime" : 3307.4000000000015,
    "pct2ResTime" : 3814.5999999999985,
    "pct3ResTime" : 5461.08,
    "throughput" : 5.678356284860743,
    "receivedKBytesPerSec" : 1536.5158067985353,
    "sentKBytesPerSec" : 2.473037575696832
  },
  "HTTP Request" : {
    "transaction" : "HTTP Request",
    "sampleCount" : 5191,
    "errorCount" : 1,
    "errorPct" : 0.019264111,
    "meanResTime" : 2107.2101714505866,
    "medianResTime" : 1970.0,
    "minResTime" : 573.0,
    "maxResTime" : 11536.0,
    "pct1ResTime" : 3307.4000000000015,
    "pct2ResTime" : 3814.5999999999985,
    "pct3ResTime" : 5461.08,
    "throughput" : 5.678356284860743,
    "receivedKBytesPerSec" : 1536.5158067985353,
    "sentKBytesPerSec" : 2.473037575696832
  }
}