{
  "qgis310-bigfile": {
    "somap310_fix": {
      "lk.txt": {
        "transaction": "Total",
        "sampleCount": 30,
        "errorCount": 0,
        "errorPct": 0.0,
        "meanResTime": 14048.666666666666,
        "medianResTime": 16553.5,
        "minResTime": 1887.0,
        "maxResTime": 16830.0,
        "pct1ResTime": 16687.6,
        "pct2ResTime": 16773.35,
        "pct3ResTime": 16830.0,
        "throughput": 0.6025185274447189,
        "receivedKBytesPerSec": 16.331782475748632,
        "sentKBytesPerSec": 0.2463814369062682,
        "memMaxMB": 2660.1,
        "memAvgMB": 2631.5,
        "memMinMB": 2622.4,
        "cpuMax%": 40.0,
        "cpuAvg%": 13.8,
        "cpuMin%": 12.5,
        "dashboard": "results/details/compare-filesize/20201011-023854/qgis310-bigfile/somap310_fix/lk.txt/dashboard/index.html"
      },
      "av_f.txt": {
        "transaction": "Total",
        "sampleCount": 22,
        "errorCount": 0,
        "errorPct": 0.0,
        "meanResTime": 22963.36363636364,
        "medianResTime": 26310.0,
        "minResTime": 3415.0,
        "maxResTime": 30572.0,
        "pct1ResTime": 30360.6,
        "pct2ResTime": 30546.95,
        "pct3ResTime": 30572.0,
        "throughput": 0.35897268544202593,
        "receivedKBytesPerSec": 47.059617255572235,
        "sentKBytesPerSec": 0.14771292587214047,
        "memMaxMB": 3452.3,
        "memAvgMB": 2844.3,
        "memMinMB": 2625.3,
        "cpuMax%": 43.5,
        "cpuAvg%": 14.8,
        "cpuMin%": 12.4,
        "dashboard": "results/details/compare-filesize/20201011-023854/qgis310-bigfile/somap310_fix/av_f.txt/dashboard/index.html"
      },
      "av_sw.txt": {
        "transaction": "Total",
        "sampleCount": 20,
        "errorCount": 0,
        "errorPct": 0.0,
        "meanResTime": 19144.149999999998,
        "medianResTime": 20424.0,
        "minResTime": 2521.0,
        "maxResTime": 26936.0,
        "pct1ResTime": 26776.9,
        "pct2ResTime": 26928.85,
        "pct3ResTime": 26936.0,
        "throughput": 0.401010546577375,
        "receivedKBytesPerSec": 195.2928606651261,
        "sentKBytesPerSec": 0.1636154358984641,
        "memMaxMB": 4727.5,
        "memAvgMB": 2911.7,
        "memMinMB": 2640.3,
        "cpuMax%": 24.5,
        "cpuAvg%": 14.4,
        "cpuMin%": 12.5,
        "dashboard": "results/details/compare-filesize/20201011-023854/qgis310-bigfile/somap310_fix/av_sw.txt/dashboard/index.html"
      }
    }
  },
  "qgis310-bigfile-bigcache": {
    "somap310_fix": {
      "lk.txt": {
        "transaction": "Total",
        "sampleCount": 30,
        "errorCount": 0,
        "errorPct": 0.0,
        "meanResTime": 14178.533333333333,
        "medianResTime": 16605.0,
        "minResTime": 1913.0,
        "maxResTime": 16866.0,
        "pct1ResTime": 16850.0,
        "pct2ResTime": 16861.05,
        "pct3ResTime": 16866.0,
        "throughput": 0.5943183168905265,
        "receivedKBytesPerSec": 16.1095087216213,
        "sentKBytesPerSec": 0.24302821278576806,
        "memMaxMB": 2656.3,
        "memAvgMB": 2632.9,
        "memMinMB": 2611.9,
        "cpuMax%": 30.9,
        "cpuAvg%": 13.7,
        "cpuMin%": 12.5,
        "dashboard": "results/details/compare-filesize/20201011-023854/qgis310-bigfile-bigcache/somap310_fix/lk.txt/dashboard/index.html"
      },
      "av_f.txt": {
        "transaction": "Total",
        "sampleCount": 22,
        "errorCount": 0,
        "errorPct": 0.0,
        "meanResTime": 23064.681818181816,
        "medianResTime": 26424.5,
        "minResTime": 3139.0,
        "maxResTime": 30834.0,
        "pct1ResTime": 30535.3,
        "pct2ResTime": 30792.75,
        "pct3ResTime": 30834.0,
        "throughput": 0.3572646519105539,
        "receivedKBytesPerSec": 46.835702156985334,
        "sentKBytesPerSec": 0.14701009069650367,
        "memMaxMB": 3663.2,
        "memAvgMB": 2869.0,
        "memMinMB": 2626.3,
        "cpuMax%": 36.0,
        "cpuAvg%": 14.7,
        "cpuMin%": 12.5,
        "dashboard": "results/details/compare-filesize/20201011-023854/qgis310-bigfile-bigcache/somap310_fix/av_f.txt/dashboard/index.html"
      },
      "av_sw.txt": {
        "transaction": "Total",
        "sampleCount": 20,
        "errorCount": 0,
        "errorPct": 0.0,
        "meanResTime": 19321.6,
        "medianResTime": 20496.0,
        "minResTime": 2552.0,
        "maxResTime": 27483.0,
        "pct1ResTime": 27307.9,
        "pct2ResTime": 27474.85,
        "pct3ResTime": 27483.0,
        "throughput": 0.39685689340423846,
        "receivedKBytesPerSec": 193.26996593231604,
        "sentKBytesPerSec": 0.16192071295340899,
        "memMaxMB": 4562.5,
        "memAvgMB": 2915.7,
        "memMinMB": 2675.7,
        "cpuMax%": 38.8,
        "cpuAvg%": 14.4,
        "cpuMin%": 12.4,
        "dashboard": "results/details/compare-filesize/20201011-023854/qgis310-bigfile-bigcache/somap310_fix/av_sw.txt/dashboard/index.html"
      }
    }
  },
  "qgis310-bigfile-hugecache": {
    "somap310_fix": {
      "lk.txt": {
        "transaction": "Total",
        "sampleCount": 30,
        "errorCount": 0,
        "errorPct": 0.0,
        "meanResTime": 14142.333333333336,
        "medianResTime": 16608.0,
        "minResTime": 1982.0,
        "maxResTime": 16895.0,
        "pct1ResTime": 16732.8,
        "pct2ResTime": 16818.55,
        "pct3ResTime": 16895.0,
        "throughput": 0.5949193884228687,
        "receivedKBytesPerSec": 16.12580128205128,
        "sentKBytesPerSec": 0.24327400251849207,
        "memMaxMB": 2661.6,
        "memAvgMB": 2632.2,
        "memMinMB": 2604.5,
        "cpuMax%": 37.8,
        "cpuAvg%": 14.0,
        "cpuMin%": 12.6,
        "dashboard": "results/details/compare-filesize/20201011-023854/qgis310-bigfile-hugecache/somap310_fix/lk.txt/dashboard/index.html"
      },
      "av_f.txt": {
        "transaction": "Total",
        "sampleCount": 22,
        "errorCount": 0,
        "errorPct": 0.0,
        "meanResTime": 23047.590909090908,
        "medianResTime": 26367.5,
        "minResTime": 3353.0,
        "maxResTime": 30498.0,
        "pct1ResTime": 30375.6,
        "pct2ResTime": 30482.25,
        "pct3ResTime": 30498.0,
        "throughput": 0.3561368860685725,
        "receivedKBytesPerSec": 46.687857401576714,
        "sentKBytesPerSec": 0.14654602866901933,
        "memMaxMB": 3654.5,
        "memAvgMB": 2849.9,
        "memMinMB": 2630.1,
        "cpuMax%": 34.4,
        "cpuAvg%": 14.6,
        "cpuMin%": 12.5,
        "dashboard": "results/details/compare-filesize/20201011-023854/qgis310-bigfile-hugecache/somap310_fix/av_f.txt/dashboard/index.html"
      },
      "av_sw.txt": {
        "transaction": "Total",
        "sampleCount": 20,
        "errorCount": 0,
        "errorPct": 0.0,
        "meanResTime": 19541.399999999998,
        "medianResTime": 20679.0,
        "minResTime": 4521.0,
        "maxResTime": 28107.0,
        "pct1ResTime": 28031.7,
        "pct2ResTime": 28104.65,
        "pct3ResTime": 28107.0,
        "throughput": 0.39026674732179445,
        "receivedKBytesPerSec": 190.06021084161023,
        "sentKBytesPerSec": 0.1592318818662556,
        "memMaxMB": 4800.9,
        "memAvgMB": 2948.7,
        "memMinMB": 2674.9,
        "cpuMax%": 31.5,
        "cpuAvg%": 14.3,
        "cpuMin%": 12.6,
        "dashboard": "results/details/compare-filesize/20201011-023854/qgis310-bigfile-hugecache/somap310_fix/av_sw.txt/dashboard/index.html"
      }
    }
  },
  "qgis310-bigfile-maxlayer2000": {
    "somap310_fix": {
      "lk.txt": {
        "transaction": "Total",
        "sampleCount": 30,
        "errorCount": 0,
        "errorPct": 0.0,
        "meanResTime": 14293.166666666668,
        "medianResTime": 16677.5,
        "minResTime": 2009.0,
        "maxResTime": 17196.0,
        "pct1ResTime": 16955.5,
        "pct2ResTime": 17071.7,
        "pct3ResTime": 17196.0,
        "throughput": 0.5879125186172298,
        "receivedKBytesPerSec": 15.9358740544407,