{
  "Total" : {
    "transaction" : "Total",
    "sampleCount" : 9932,
    "errorCount" : 3400,
    "errorPct" : 34.232784,
    "meanResTime" : 1245.499999999998,
    "medianResTime" : 183.0,
    "minResTime" : 1.0,
    "maxResTime" : 90479.0,
    "pct1ResTime" : 3189.7000000000007,
    "pct2ResTime" : 6064.700000000001,
    "pct3ResTime" : 16215.480000000003,
    "throughput" : 14.440055306051535,
    "receivedKBytesPerSec" : 447.4903861959679,
    "sentKBytesPerSec" : 9.411562544071101
  },
  "HTTP Request" : {
    "transaction" : "HTTP Request",
    "sampleCount" : 9932,
    "errorCount" : 3400,
    "errorPct" : 34.232784,
    "meanResTime" : 1245.499999999998,
    "medianResTime" : 183.0,
    "minResTime" : 1.0,
    "maxResTime" : 90479.0,
    "pct1ResTime" : 3189.7000000000007,
    "pct2ResTime" : 6064.700000000001,
    "pct3ResTime" : 16215.480000000003,
    "throughput" : 14.440055306051535,
    "receivedKBytesPerSec" : 447.4903861959679,
    "sentKBytesPerSec" : 9.411562544071101
  }
}