{
  "Total" : {
    "transaction" : "Total",
    "sampleCount" : 735,
    "errorCount" : 0,
    "errorPct" : 0.0,
    "meanResTime" : 26137.933333333323,
    "medianResTime" : 27145.0,
    "minResTime" : 3404.0,
    "maxResTime" : 45259.0,
    "pct1ResTime" : 29821.4,
    "pct2ResTime" : 32116.59999999998,
    "pct3ResTime" : 42972.35999999999,
    "throughput" : 0.3809075653943145,
    "receivedKBytesPerSec" : 70.55357191615809,
    "sentKBytesPerSec" : 0.16213117151231185
  },
  "HTTP Request" : {
    "transaction" : "HTTP Request",
    "sampleCount" : 735,
    "errorCount" : 0,
    "errorPct" : 0.0,
    "meanResTime" : 26137.933333333323,
    "medianResTime" : 27145.0,
    "minResTime" : 3404.0,
    "maxResTime" : 45259.0,
    "pct1ResTime" : 29821.4,
    "pct2ResTime" : 32116.59999999998,
    "pct3ResTime" : 42972.35999999999,
    "throughput" : 0.3809075653943145,
    "receivedKBytesPerSec" : 70.55357191615809,
    "sentKBytesPerSec" : 0.16213117151231185
  }
}