{
  "qgis316": {
    "somap316_lk": {
      "lk.txt": {
        "transaction": "Total",
        "sampleCount": 30,
        "errorCount": 0,
        "errorPct": 0.0,
        "meanResTime": 333.2333333333333,
        "medianResTime": 358.5,
        "minResTime": 207.0,
        "maxResTime": 448.0,
        "pct1ResTime": 411.6,
        "pct2ResTime": 431.5,
        "pct3ResTime": 448.0,
        "throughput": 19.973368841544605,
        "receivedKBytesPerSec": 541.3758218209055,
        "sentKBytesPerSec": 8.147990179760319,
        "responseSizeMB": 0.8,
        "memMaxMB": 2283.5,
        "memAvgMB": 2283.5,
        "memMinMB": 2283.5,
        "cpuMax%": 1.5,
        "cpuAvg%": 1.5,
        "cpuMin%": 1.5,
        "dashboard": "results/details/compare-316/20201103-004923/qgis316/somap316_lk/lk.txt/dashboard/index.html",
        "effective duration": 7.4
      }
    },
    "somap316_grundplanav_farbig": {
      "av_f.txt": {
        "transaction": "Total",
        "sampleCount": 22,
        "errorCount": 0,
        "errorPct": 0.0,
        "meanResTime": 3446.681818181818,
        "medianResTime": 3474.5,
        "minResTime": 2266.0,
        "maxResTime": 4370.0,
        "pct1ResTime": 4129.4,
        "pct2ResTime": 4343.0,
        "pct3ResTime": 4370.0,
        "throughput": 2.4096385542168677,
        "receivedKBytesPerSec": 314.21802265881706,
        "sentKBytesPerSec": 1.0268346111719604,
        "responseSizeMB": 2.8,
        "memMaxMB": 2594.3,
        "memAvgMB": 2374.7,
        "memMinMB": 2274.4,
        "cpuMax%": 38.1,
        "cpuAvg%": 27.2,
        "cpuMin%": 22.1,
        "dashboard": "results/details/compare-316/20201103-004923/qgis316/somap316_grundplanav_farbig/av_f.txt/dashboard/index.html",
        "effective duration": 14.8
      }
    },
    "somap316_grundplanav_sw": {
      "av_sw.txt": {
        "transaction": "Total",
        "sampleCount": 20,
        "errorCount": 0,
        "errorPct": 0.0,
        "meanResTime": 3047.6500000000005,
        "medianResTime": 3145.5,
        "minResTime": 1763.0,
        "maxResTime": 4095.0,
        "pct1ResTime": 4030.7,
        "pct2ResTime": 4091.85,
        "pct3ResTime": 4095.0,
        "throughput": 2.4322023592362885,
        "receivedKBytesPerSec": 756.4967592803721,
        "sentKBytesPerSec": 1.0184847379301958,
        "responseSizeMB": 6.1,
        "memMaxMB": 2578.7,
        "memAvgMB": 2420.7,
        "memMinMB": 2317.5,
        "cpuMax%": 29.7,
        "cpuAvg%": 22.8,
        "cpuMin%": 15.5,
        "dashboard": "results/details/compare-316/20201103-004923/qgis316/somap316_grundplanav_sw/av_sw.txt/dashboard/index.html",
        "effective duration": 14.0
      }
    }
  },
  "qgis316-fastread": {
    "somap316_lk": {
      "lk.txt": {
        "transaction": "Total",
        "sampleCount": 30,
        "errorCount": 0,
        "errorPct": 0.0,
        "meanResTime": 328.4000000000001,
        "medianResTime": 347.5,
        "minResTime": 183.0,
        "maxResTime": 454.0,
        "pct1ResTime": 391.9,
        "pct2ResTime": 437.5,
        "pct3ResTime": 454.0,
        "throughput": 19.85440105890139,
        "receivedKBytesPerSec": 538.1512140138981,
        "sentKBytesPerSec": 8.099458140304435,
        "responseSizeMB": 0.8,
        "memMaxMB": 2289.5,
        "memAvgMB": 2289.5,
        "memMinMB": 2289.5,
        "cpuMax%": 8.4,
        "cpuAvg%": 8.4,
        "cpuMin%": 8.4,
        "dashboard": "results/details/compare-316/20201103-004923/qgis316-fastread/somap316_lk/lk.txt/dashboard/index.html",
        "effective duration": 7.3
      }
    },
    "somap316_grundplanav_farbig": {
      "av_f.txt": {
        "transaction": "Total",
        "sampleCount": 22,
        "errorCount": 0,
        "errorPct": 0.0,
        "meanResTime": 2829.409090909091,
        "medianResTime": 2997.5,
        "minResTime": 1057.0,
        "maxResTime": 3985.0,
        "pct1ResTime": 3920.7,
        "pct2ResTime": 3977.65,
        "pct3ResTime": 3985.0,
        "throughput": 2.8343210512754444,
        "receivedKBytesPerSec": 369.5968238694924,
        "sentKBytesPerSec": 1.2078072661685133,
        "responseSizeMB": 2.8,
        "memMaxMB": 2596.5,
        "memAvgMB": 2458.7,
        "memMinMB": 2281.1,
        "cpuMax%": 27.8,
        "cpuAvg%": 25.6,
        "cpuMin%": 22.9,
        "dashboard": "results/details/compare-316/20201103-004923/qgis316-fastread/somap316_grundplanav_farbig/av_f.txt/dashboard/index.html",
        "effective duration": 13.4
      }
    },
    "somap316_grundplanav_sw": {
      "av_sw.txt": {
        "transaction": "Total",
        "sampleCount": 20,
        "errorCount": 0,
        "errorPct": 0.0,
        "meanResTime": 2515.25,
        "medianResTime": 2087.5,
        "minResTime": 849.0,
        "maxResTime": 4284.0,
        "pct1ResTime": 4186.3,
        "pct2ResTime": 4279.15,
        "pct3ResTime": 4284.0,
        "throughput": 2.7689325764917623,
        "receivedKBytesPerSec": 861.2311853194656,
        "sentKBytesPerSec": 1.1594905164059255,
        "responseSizeMB": 6.1,
        "memMaxMB": 2566.6,
        "memAvgMB": 2387.0,
        "memMinMB": 2295.6,
        "cpuMax%": 25.5,
        "cpuAvg%": 20.4,
        "cpuMin%": 14.2,
        "dashboard": "results/details/compare-316/20201103-004923/qgis316-fastread/somap316_grundplanav_sw/av_sw.txt/dashboard/index.html",
        "effective duration": 12.9
      }
    }
  }
}