{
  "Total" : {
    "transaction" : "Total",
    "sampleCount" : 22,
    "errorCount" : 0,
    "errorPct" : 0.0,
    "meanResTime" : 1502.0454545454545,
    "medianResTime" : 1122.0,
    "minResTime" : 416.0,
    "maxResTime" : 3248.0,
    "pct1ResTime" : 3021.3999999999996,
    "pct2ResTime" : 3225.3499999999995,
    "pct3ResTime" : 3248.0,
    "throughput" : 5.138986218173324,
    "receivedKBytesPerSec" : 670.0842932434011,
    "sentKBytesPerSec" : 2.189908899789769
  },
  "HTTP Request" : {
    "transaction" : "HTTP Request",
    "sampleCount" : 22,
    "errorCount" : 0,
    "errorPct" : 0.0,
    "meanResTime" : 1502.0454545454545,
    "medianResTime" : 1122.0,
    "minResTime" : 416.0,
    "maxResTime" : 3248.0,
    "pct1ResTime" : 3021.3999999999996,
    "pct2ResTime" : 3225.3499999999995,
    "pct3ResTime" : 3248.0,
    "throughput" : 5.138986218173324,
    "receivedKBytesPerSec" : 670.0842932434011,
    "sentKBytesPerSec" : 2.189908899789769
  }
}