{
  "Total" : {
    "transaction" : "Total",
    "sampleCount" : 5190,
    "errorCount" : 0,
    "errorPct" : 0.0,
    "meanResTime" : 1290.7198458574194,
    "medianResTime" : 1170.5,
    "minResTime" : 225.0,
    "maxResTime" : 6990.0,
    "pct1ResTime" : 2224.9000000000005,
    "pct2ResTime" : 2669.8999999999996,
    "pct3ResTime" : 3671.7100000000028,
    "throughput" : 9.242934230913074,
    "receivedKBytesPerSec" : 2501.532370583338,
    "sentKBytesPerSec" : 4.025557202899325
  },
  "HTTP Request" : {
    "transaction" : "HTTP Request",
    "sampleCount" : 5190,
    "errorCount" : 0,
    "errorPct" : 0.0,
    "meanResTime" : 1290.7198458574194,
    "medianResTime" : 1170.5,
    "minResTime" : 225.0,
    "maxResTime" : 6990.0,
    "pct1ResTime" : 2224.9000000000005,
    "pct2ResTime" : 2669.8999999999996,
    "pct3ResTime" : 3671.7100000000028,
    "throughput" : 9.242934230913074,
    "receivedKBytesPerSec" : 2501.532370583338,
    "sentKBytesPerSec" : 4.025557202899325
  }
}