{
  "Total" : {
    "transaction" : "Total",
    "sampleCount" : 22,
    "errorCount" : 0,
    "errorPct" : 0.0,
    "meanResTime" : 23429.590909090908,
    "medianResTime" : 26814.5,
    "minResTime" : 3507.0,
    "maxResTime" : 31320.0,
    "pct1ResTime" : 30988.4,
    "pct2ResTime" : 31283.85,
    "pct3ResTime" : 31320.0,
    "throughput" : 0.3518142420801817,
    "receivedKBytesPerSec" : 46.12152283594262,
    "sentKBytesPerSec" : 0.14476731285881053
  },
  "HTTP Request" : {
    "transaction" : "HTTP Request",
    "sampleCount" : 22,
    "errorCount" : 0,
    "errorPct" : 0.0,
    "meanResTime" : 23429.590909090908,
    "medianResTime" : 26814.5,
    "minResTime" : 3507.0,
    "maxResTime" : 31320.0,
    "pct1ResTime" : 30988.4,
    "pct2ResTime" : 31283.85,
    "pct3ResTime" : 31320.0,
    "throughput" : 0.3518142420801817,
    "receivedKBytesPerSec" : 46.12152283594262,
    "sentKBytesPerSec" : 0.14476731285881053
  }
}