{
  "Total" : {
    "transaction" : "Total",
    "sampleCount" : 735,
    "errorCount" : 0,
    "errorPct" : 0.0,
    "meanResTime" : 468.87755102040853,
    "medianResTime" : 412.0,
    "minResTime" : 172.0,
    "maxResTime" : 2778.0,
    "pct1ResTime" : 705.1999999999999,
    "pct2ResTime" : 842.3999999999999,
    "pct3ResTime" : 1294.0,
    "throughput" : 2.1256843402136094,
    "receivedKBytesPerSec" : 311.08634817643036,
    "sentKBytesPerSec" : 0.9359235863476115
  },
  "HTTP Request" : {
    "transaction" : "HTTP Request",
    "sampleCount" : 735,
    "errorCount" : 0,
    "errorPct" : 0.0,
    "meanResTime" : 468.87755102040853,
    "medianResTime" : 412.0,
    "minResTime" : 172.0,
    "maxResTime" : 2778.0,
    "pct1ResTime" : 705.1999999999999,
    "pct2ResTime" : 842.3999999999999,
    "pct3ResTime" : 1294.0,
    "throughput" : 2.1256843402136094,
    "receivedKBytesPerSec" : 311.08634817643036,
    "sentKBytesPerSec" : 0.9359235863476115
  }
}