{
  "Total" : {
    "transaction" : "Total",
    "sampleCount" : 5272,
    "errorCount" : 0,
    "errorPct" : 0.0,
    "meanResTime" : 308.2219271623678,
    "medianResTime" : 166.0,
    "minResTime" : 27.0,
    "maxResTime" : 4287.0,
    "pct1ResTime" : 740.6999999999998,
    "pct2ResTime" : 1020.6999999999989,
    "pct3ResTime" : 1662.4799999999886,
    "throughput" : 31.933709689143026,
    "receivedKBytesPerSec" : 1523.134632649901,
    "sentKBytesPerSec" : 16.176899897102825
  },
  "HTTP Request" : {
    "transaction" : "HTTP Request",
    "sampleCount" : 5272,
    "errorCount" : 0,
    "errorPct" : 0.0,
    "meanResTime" : 308.2219271623678,
    "medianResTime" : 166.0,
    "minResTime" : 27.0,
    "maxResTime" : 4287.0,
    "pct1ResTime" : 740.6999999999998,
    "pct2ResTime" : 1020.6999999999989,
    "pct3ResTime" : 1662.4799999999886,
    "throughput" : 31.933709689143026,
    "receivedKBytesPerSec" : 1523.134632649901,
    "sentKBytesPerSec" : 16.176899897102825
  }
}