{
  "qgis218": {
    "somap218_fix": {
      "lk.txt": {
        "transaction": "Total",
        "sampleCount": 30,
        "errorCount": 0,
        "errorPct": 0.0,
        "meanResTime": 1541.0,
        "medianResTime": 78.5,
        "minResTime": 61.0,
        "maxResTime": 10641.0,
        "pct1ResTime": 4068.5000000000005,
        "pct2ResTime": 7035.199999999995,
        "pct3ResTime": 10641.0,
        "throughput": 2.81928390188892,
        "receivedKBytesPerSec": 47.220986338220094,
        "sentKBytesPerSec": 1.1528595174325722,
        "memMaxMB": 5250.6,
        "memAvgMB": 4668.6,
        "memMinMB": 2778.6,
        "cpuMax%": 99.7,
        "cpuAvg%": 37.8,
        "cpuMin%": 10.2,
        "dashboard": "results/details/compare-major-bigfile/20201028-064751/qgis218/somap218_fix/lk.txt/dashboard/index.html"
      },
      "av_f.txt": {
        "transaction": "Total",
        "sampleCount": 22,
        "errorCount": 0,
        "errorPct": 0.0,
        "meanResTime": 590.5,
        "medianResTime": 496.5,
        "minResTime": 212.0,
        "maxResTime": 1298.0,
        "pct1ResTime": 1153.7999999999997,
        "pct2ResTime": 1290.9499999999998,
        "pct3ResTime": 1298.0,
        "throughput": 11.10550227158001,
        "receivedKBytesPerSec": 432.037954316002,
        "sentKBytesPerSec": 4.5697800984351336,
        "memMaxMB": 5318.6,
        "memAvgMB": 5318.6,
        "memMinMB": 5318.6,
        "cpuMax%": 30.4,
        "cpuAvg%": 30.4,
        "cpuMin%": 30.4,
        "dashboard": "results/details/compare-major-bigfile/20201028-064751/qgis218/somap218_fix/av_f.txt/dashboard/index.html"
      },
      "av_sw.txt": {
        "transaction": "Total",
        "sampleCount": 20,
        "errorCount": 0,
        "errorPct": 0.0,
        "meanResTime": 673.2,
        "medianResTime": 764.5,
        "minResTime": 217.0,
        "maxResTime": 1262.0,
        "pct1ResTime": 1217.8000000000002,
        "pct2ResTime": 1260.3,
        "pct3ResTime": 1262.0,
        "throughput": 10.240655401945725,
        "receivedKBytesPerSec": 173.95163290450589,
        "sentKBytesPerSec": 4.178267409114183,
        "memMaxMB": 5256.7,
        "memAvgMB": 5256.7,
        "memMinMB": 5256.7,
        "cpuMax%": 27.7,
        "cpuAvg%": 27.7,
        "cpuMin%": 27.7,
        "dashboard": "results/details/compare-major-bigfile/20201028-064751/qgis218/somap218_fix/av_sw.txt/dashboard/index.html"
      }
    }
  },
  "qgis310": {
    "somap310_fix": {
      "lk.txt": {
        "transaction": "Total",
        "sampleCount": 30,
        "errorCount": 0,
        "errorPct": 0.0,
        "meanResTime": 14731.2,
        "medianResTime": 17307.0,
        "minResTime": 1982.0,
        "maxResTime": 17519.0,
        "pct1ResTime": 17443.8,
        "pct2ResTime": 17514.05,
        "pct3ResTime": 17519.0,
        "throughput": 0.5748337772327502,
        "receivedKBytesPerSec": 15.581924890781583,
        "sentKBytesPerSec": 0.23506060903638698,
        "memMaxMB": 2962.2,
        "memAvgMB": 2940.9,
        "memMinMB": 2902.2,
        "cpuMax%": 40.0,
        "cpuAvg%": 13.7,
        "cpuMin%": 12.4,
        "dashboard": "results/details/compare-major-bigfile/20201028-064751/qgis310/somap310_fix/lk.txt/dashboard/index.html"
      },
      "av_f.txt": {
        "transaction": "Total",
        "sampleCount": 22,
        "errorCount": 0,
        "errorPct": 0.0,
        "meanResTime": 25786.59090909091,
        "medianResTime": 29477.0,
        "minResTime": 3890.0,
        "maxResTime": 34480.0,
        "pct1ResTime": 34026.3,
        "pct2ResTime": 34422.25,
        "pct3ResTime": 34480.0,
        "throughput": 0.3211022564731296,
        "receivedKBytesPerSec": 42.09529712905392,
        "sentKBytesPerSec": 0.13212970159383486,
        "memMaxMB": 3950.7,
        "memAvgMB": 3156.5,
        "memMinMB": 2935.5,
        "cpuMax%": 38.6,
        "cpuAvg%": 13.3,
        "cpuMin%": 12.3,
        "dashboard": "results/details/compare-major-bigfile/20201028-064751/qgis310/somap310_fix/av_f.txt/dashboard/index.html"
      },
      "av_sw.txt": {
        "transaction": "Total",
        "sampleCount": 20,
        "errorCount": 0,
        "errorPct": 0.0,
        "meanResTime": 20603.700000000004,
        "medianResTime": 22920.0,
        "minResTime": 2226.0,
        "maxResTime": 29129.0,
        "pct1ResTime": 28846.8,
        "pct2ResTime": 29115.0,
        "pct3ResTime": 29129.0,
        "throughput": 0.37320395596193323,
        "receivedKBytesPerSec": 181.75092790749207,
        "sentKBytesPerSec": 0.1522701296883747,
        "memMaxMB": 4836.3,
        "memAvgMB": 3186.6,
        "memMinMB": 2938.2,
        "cpuMax%": 26.1,
        "cpuAvg%": 13.7,
        "cpuMin%": 12.3,
        "dashboard": "results/details/compare-major-bigfile/20201028-064751/qgis310/somap310_fix/av_sw.txt/dashboard/index.html"
      }
    }
  },
  "qgis314": {
    "somap314_fix": {
      "lk.txt": {
        "transaction": "Total",
        "sampleCount": 30,
        "errorCount": 0,
        "errorPct": 0.0,
        "meanResTime": 20243.9,
        "medianResTime": 23601.5,
        "minResTime": 2927.0,
        "maxResTime": 24243.0,
        "pct1ResTime": 23916.5,
        "pct2ResTime": 24097.8,
        "pct3ResTime": 24243.0,
        "throughput": 0.4160483725574493,
        "receivedKBytesPerSec": 11.274910896306878,
        "sentKBytesPerSec": 0.1701301971375872,
        "memMaxMB": 3077.0,
        "memAvgMB": 2994.7,
        "memMinMB": 2974.4,
        "cpuMax%": 39.2,
        "cpuAvg%": 15.8,
        "cpuMin%": 12.3,
        "dashboard": "results/details/compare-major-bigfile/20201028-064751/qgis314/somap314_fix/lk.txt/dashboard/index.html"
      },
      "av_f.txt": {
        "transaction": "Total",
        "sampleCount": 22,
        "errorCount": 5,
        "errorPct": 22.727272,
        "meanResTime": 43010.454545454544,
        "medianResTime": 50068.5,
        "minResTime": 2.0,
        "maxResTime": 109163.0,
        "pct1ResTime": 60011.4,
        "pct2ResTime": 101790.34999999989,
        "pct3ResTime": 109163.0,
        "throughput": 0.1905174280147218,
        "receivedKBytesPerSec": 16.15902894295302,
        "sentKBytesPerSec": 0.07839562134661182,
        "memMaxMB": 3967.7,
        "memAvgMB": 3319.1,
        "memMinMB": 2976.5,
        "cpuMax%": 30.2,
        "cpuAvg%": 13.1,
        "cpuMin%": 12.3,
        "dashboard": "results/details/compare-major-bigfile/20201028-064751/qgis314/somap314_fix/av_f.txt/dashboard/index.html"
      },
      "av_sw.txt": {
        "transaction": "Total",
        "sampleCount": 20,
        "errorCount": 18,
        "errorPct": 90.0,
        "meanResTime": 1143.5,
        "medianResTime": 1.0,
        "minResTime": 1.0,
        "maxResTime": 13071.0,
        "pct1ResTime": 8754.60000000002,
        "pct2ResTime": 12903.499999999998,
        "pct3ResTime": 13071.0,
        "throughput": 1.525902189669642,
        "receivedKBytesPerSec": 101.26201349946594,
        "sentKBytesPerSec": 0.6225800144960708,
        "memMaxMB": 3987.0,
        "memAvgMB": 3363.2,
        "memMinMB": 2990.3,
        "cpuMax%": 23.9,
        "cpuAvg%": 13.8,
        "cpuMin%": 12.4,
        "dashboard": "results/details/compare-major-bigfile/20201028-064751/qgis314/somap314_fix/av_sw.txt/dashboard/index.html"
      }
    }
  },
  "qgis316": {
    "somap316_fix": {
      "lk.txt": {
        "transaction": "Total",
        "sampleCount": 30,
        "errorCount": 0,
        "errorPct": 0.0,
        "meanResTime": 665.5666666666665,
        "medianResTime": 742.0,
        "minResTime": 295.0,
        "maxResTime": 881.0,
        "pct1ResTime": 846.5,
        "pct2ResTime": 865.6,
        "pct3ResTime": 881.0,
        "throughput": 10.968921389396709,
        "receivedKBytesPerSec": 297.3113288391225,
        "sentKBytesPerSec": 4.485403336380256,
        "memMaxMB": 3031.1,
        "memAvgMB": 3019.8,
        "memMinMB": 2999.2,
        "cpuMax%": 28.8,
        "cpuAvg%": 18.7,