{
  "Total" : {
    "transaction" : "Total",
    "sampleCount" : 5190,
    "errorCount" : 0,
    "errorPct" : 0.0,
    "meanResTime" : 1520.7314065510607,
    "medianResTime" : 983.0,
    "minResTime" : 6.0,
    "maxResTime" : 12826.0,
    "pct1ResTime" : 3636.7000000000016,
    "pct2ResTime" : 4287.799999999999,
    "pct3ResTime" : 6709.590000000007,
    "throughput" : 6.546929754849648,
    "receivedKBytesPerSec" : 2580.538287230065,
    "sentKBytesPerSec" : 2.5975859339718794
  },
  "HTTP Request" : {
    "transaction" : "HTTP Request",
    "sampleCount" : 5190,
    "errorCount" : 0,
    "errorPct" : 0.0,
    "meanResTime" : 1520.7314065510607,
    "medianResTime" : 983.0,
    "minResTime" : 6.0,
    "maxResTime" : 12826.0,
    "pct1ResTime" : 3636.7000000000016,
    "pct2ResTime" : 4287.799999999999,
    "pct3ResTime" : 6709.590000000007,
    "throughput" : 6.546929754849648,
    "receivedKBytesPerSec" : 2580.538287230065,
    "sentKBytesPerSec" : 2.5975859339718794
  }
}