{
  "qgis218-bigfile": {
    "somap218_fix": {
      "lk.txt": {
        "transaction": "Total",
        "sampleCount": 30,
        "errorCount": 0,
        "errorPct": 0.0,
        "meanResTime": 2488.2666666666664,
        "medianResTime": 422.5,
        "minResTime": 57.0,
        "maxResTime": 12059.0,
        "pct1ResTime": 11550.9,
        "pct2ResTime": 11928.1,
        "pct3ResTime": 12059.0,
        "throughput": 2.465483234714004,
        "receivedKBytesPerSec": 41.29507853591387,
        "sentKBytesPerSec": 1.0081836065910585,
        "responseSizeMB": 0.5,
        "memMaxMB": 6207.3,
        "memAvgMB": 5688.1,
        "memMinMB": 4383.0,
        "cpuMax%": 99.8,
        "cpuAvg%": 64.1,
        "cpuMin%": 12.4,
        "dashboard": "results/details/compare-filesize/20201103-084936/qgis218-bigfile/somap218_fix/lk.txt/dashboard/index.html",
        "effective duration": 18.2
      },
      "av_f.txt": {
        "transaction": "Total",
        "sampleCount": 22,
        "errorCount": 0,
        "errorPct": 0.0,
        "meanResTime": 984.0909090909092,
        "medianResTime": 784.5,
        "minResTime": 212.0,
        "maxResTime": 4702.0,
        "pct1ResTime": 3464.7999999999975,
        "pct2ResTime": 4669.599999999999,
        "pct3ResTime": 4702.0,
        "throughput": 4.284323271665044,
        "receivedKBytesPerSec": 166.67325949367088,
        "sentKBytesPerSec": 1.7629472979552094,
        "responseSizeMB": 0.8,
        "memMaxMB": 6908.3,
        "memAvgMB": 6563.9,
        "memMinMB": 6255.4,
        "cpuMax%": 96.4,
        "cpuAvg%": 44.9,
        "cpuMin%": 25.3,
        "dashboard": "results/details/compare-filesize/20201103-084936/qgis218-bigfile/somap218_fix/av_f.txt/dashboard/index.html",
        "effective duration": 11.0
      },
      "av_sw.txt": {
        "transaction": "Total",
        "sampleCount": 20,
        "errorCount": 0,
        "errorPct": 0.0,
        "meanResTime": 827.4,
        "medianResTime": 904.5,
        "minResTime": 245.0,
        "maxResTime": 1528.0,
        "pct1ResTime": 1345.9000000000005,
        "pct2ResTime": 1519.8999999999999,
        "pct3ResTime": 1528.0,
        "throughput": 9.46521533364884,
        "receivedKBytesPerSec": 160.77971559985804,
        "sentKBytesPerSec": 3.861881803123521,
        "responseSizeMB": 0.3,
        "memMaxMB": 6994.7,
        "memAvgMB": 6925.5,
        "memMinMB": 6841.9,
        "cpuMax%": 96.8,
        "cpuAvg%": 61.4,
        "cpuMin%": 25.4,
        "dashboard": "results/details/compare-filesize/20201103-084936/qgis218-bigfile/somap218_fix/av_sw.txt/dashboard/index.html",
        "effective duration": 8.0
      }
    }
  },
  "qgis218-smallfile": {
    "somap218_lk": {
      "lk.txt": {
        "transaction": "Total",
        "sampleCount": 30,
        "errorCount": 0,
        "errorPct": 0.0,
        "meanResTime": 379.7333333333333,
        "medianResTime": 162.0,
        "minResTime": 132.0,
        "maxResTime": 1168.0,
        "pct1ResTime": 1151.8,
        "pct2ResTime": 1163.6,
        "pct3ResTime": 1168.0,
        "throughput": 15.881418740074114,
        "receivedKBytesPerSec": 431.02749470619375,
        "sentKBytesPerSec": 6.478708973001588,
        "responseSizeMB": 0.8,
        "memMaxMB": 2622.5,
        "memAvgMB": 2571.0,
        "memMinMB": 2479.2,
        "cpuMax%": 58.2,
        "cpuAvg%": 39.6,
        "cpuMin%": 13.4,
        "dashboard": "results/details/compare-filesize/20201103-084936/qgis218-smallfile/somap218_lk/lk.txt/dashboard/index.html",
        "effective duration": 7.9
      }
    },
    "somap218_grundplanav_farbig": {
      "av_f.txt": {
        "transaction": "Total",
        "sampleCount": 22,
        "errorCount": 0,
        "errorPct": 0.0,
        "meanResTime": 1575.6818181818182,
        "medianResTime": 1341.0,
        "minResTime": 248.0,
        "maxResTime": 3646.0,
        "pct1ResTime": 3499.0,
        "pct2ResTime": 3628.8999999999996,
        "pct3ResTime": 3646.0,
        "throughput": 5.064456721915286,
        "receivedKBytesPerSec": 801.026739468232,
        "sentKBytesPerSec": 2.158149171270718,
        "responseSizeMB": 3.4,
        "memMaxMB": 3058.9,
        "memAvgMB": 2869.6,
        "memMinMB": 2608.7,
        "cpuMax%": 98.0,
        "cpuAvg%": 72.4,
        "cpuMin%": 26.2,
        "dashboard": "results/details/compare-filesize/20201103-084936/qgis218-smallfile/somap218_grundplanav_farbig/av_f.txt/dashboard/index.html",
        "effective duration": 10.2
      }
    },
    "somap218_grundplanav_sw": {
      "av_sw.txt": {
        "transaction": "Total",
        "sampleCount": 20,
        "errorCount": 0,
        "errorPct": 0.0,
        "meanResTime": 1436.1000000000001,
        "medianResTime": 1314.5,
        "minResTime": 246.0,
        "maxResTime": 2816.0,
        "pct1ResTime": 2732.7000000000003,
        "pct2ResTime": 2812.9,
        "pct3ResTime": 2816.0,
        "throughput": 4.966476285075739,
        "receivedKBytesPerSec": 1780.6352530574868,
        "sentKBytesPerSec": 2.0797119443754655,
        "responseSizeMB": 7.0,
        "memMaxMB": 3282.1,
        "memAvgMB": 3168.0,
        "memMinMB": 2979.7,
        "cpuMax%": 98.1,
        "cpuAvg%": 68.1,
        "cpuMin%": 26.3,
        "dashboard": "results/details/compare-filesize/20201103-084936/qgis218-smallfile/somap218_grundplanav_sw/av_sw.txt/dashboard/index.html",
        "effective duration": 10.1
      }
    }
  },
  "qgis316-bigfile": {
    "somap316_fix": {
      "lk.txt": {
        "transaction": "Total",
        "sampleCount": 30,
        "errorCount": 0,
        "errorPct": 0.0,
        "meanResTime": 3073.5666666666666,
        "medianResTime": 3548.5,
        "minResTime": 1774.0,
        "maxResTime": 4172.0,
        "pct1ResTime": 3981.7000000000003,
        "pct2ResTime": 4112.05,
        "pct3ResTime": 4172.0,
        "throughput": 2.609830361026533,
        "receivedKBytesPerSec": 70.73472841452806,
        "sentKBytesPerSec": 1.0672099282296652,
        "responseSizeMB": 0.8,
        "memMaxMB": 6189.2,
        "memAvgMB": 6181.1,
        "memMinMB": 6173.7,
        "cpuMax%": 76.4,
        "cpuAvg%": 63.3,
        "cpuMin%": 14.6,
        "dashboard": "results/details/compare-filesize/20201103-084936/qgis316-bigfile/somap316_fix/lk.txt/dashboard/index.html",
        "effective duration": 17.4
      },
      "av_f.txt": {
        "transaction": "Total",
        "sampleCount": 22,
        "errorCount": 0,
        "errorPct": 0.0,
        "meanResTime": 4827.318181818181,
        "medianResTime": 4933.0,
        "minResTime": 2040.0,
        "maxResTime": 6809.0,
        "pct1ResTime": 6635.5,
        "pct2ResTime": 6790.849999999999,
        "pct3ResTime": 6809.0,
        "throughput": 1.653886633588934,
        "receivedKBytesPerSec": 216.8093555010525,
        "sentKBytesPerSec": 0.6805543809201624,
        "responseSizeMB": 2.8,
        "memMaxMB": 8078.1,
        "memAvgMB": 6768.8,
        "memMinMB": 6173.6,
        "cpuMax%": 75.8,
        "cpuAvg%": 65.4,
        "cpuMin%": 27.2,
        "dashboard": "results/details/compare-filesize/20201103-084936/qgis316-bigfile/somap316_fix/av_f.txt/dashboard/index.html",
        "effective duration": 19.0
      },
      "av_sw.txt": {
        "transaction": "Total",
        "sampleCount": 20,
        "errorCount": 0,
        "errorPct": 0.0,
        "meanResTime": 4050.1000000000004,
        "medianResTime": 4368.5,
        "minResTime": 1841.0,
        "maxResTime": 7761.0,
        "pct1ResTime": 6591.000000000003,
        "pct2ResTime": 7709.65,
        "pct3ResTime": 7761.0,
        "throughput": 1.9258545979778525,
        "receivedKBytesPerSec": 930.7437108810785,
        "sentKBytesPerSec": 0.7857637217140107,
        "responseSizeMB": 9.4,
        "memMaxMB": 7818.1,
        "memAvgMB": 6773.1,
        "memMinMB": 6251.7,
        "cpuMax%": 77.4,
        "cpuAvg%": 66.5,
        "cpuMin%": 27.8,