{
  "qgis218": {
    "somap218_fix": {
      "lk.txt": {
        "transaction": "Total",
        "sampleCount": 30,
        "errorCount": 0,
        "errorPct": 0.0,
        "meanResTime": 1591.7333333333333,
        "medianResTime": 82.0,
        "minResTime": 57.0,
        "maxResTime": 11230.0,
        "pct1ResTime": 4081.0,
        "pct2ResTime": 7299.149999999995,
        "pct3ResTime": 11230.0,
        "throughput": 2.6714158504007126,
        "receivedKBytesPerSec": 44.74430237088156,
        "sentKBytesPerSec": 1.0923934216384683,
        "memMaxMB": 6632.3,
        "memAvgMB": 5995.3,
        "memMinMB": 4141.0,
        "cpuMax%": 99.8,
        "cpuAvg%": 39.6,
        "cpuMin%": 12.5,
        "dashboard": "results/details/compare-major-bigfile/20201029-220951/qgis218/somap218_fix/lk.txt/dashboard/index.html",
        "effective duration": 17.2
      },
      "av_f.txt": {
        "transaction": "Total",
        "sampleCount": 22,
        "errorCount": 0,
        "errorPct": 0.0,
        "meanResTime": 606.1363636363635,
        "medianResTime": 485.0,
        "minResTime": 229.0,
        "maxResTime": 1295.0,
        "pct1ResTime": 1174.3999999999999,
        "pct2ResTime": 1291.3999999999999,
        "pct3ResTime": 1295.0,
        "throughput": 11.033099297893681,
        "receivedKBytesPerSec": 429.2212575225677,
        "sentKBytesPerSec": 4.539987148946841,
        "memMaxMB": 6700.1,
        "memAvgMB": 6700.1,
        "memMinMB": 6700.1,
        "cpuMax%": 56.5,
        "cpuAvg%": 56.5,
        "cpuMin%": 56.5,
        "dashboard": "results/details/compare-major-bigfile/20201029-220951/qgis218/somap218_fix/av_f.txt/dashboard/index.html",
        "effective duration": 7.4
      },
      "av_sw.txt": {
        "transaction": "Total",
        "sampleCount": 20,
        "errorCount": 0,
        "errorPct": 0.0,
        "meanResTime": 704.6500000000001,
        "medianResTime": 787.0,
        "minResTime": 224.0,
        "maxResTime": 1324.0,
        "pct1ResTime": 1235.8,
        "pct2ResTime": 1319.6,
        "pct3ResTime": 1324.0,
        "throughput": 9.487666034155597,
        "receivedKBytesPerSec": 161.1610716615275,
        "sentKBytesPerSec": 3.8710418643263753,
        "memMaxMB": 6732.2,
        "memAvgMB": 6669.8,
        "memMinMB": 6597.1,
        "cpuMax%": 83.1,
        "cpuAvg%": 63.3,
        "cpuMin%": 38.4,
        "dashboard": "results/details/compare-major-bigfile/20201029-220951/qgis218/somap218_fix/av_sw.txt/dashboard/index.html",
        "effective duration": 7.5
      }
    }
  },
  "qgis310": {
    "somap310_fix": {
      "lk.txt": {
        "transaction": "Total",
        "sampleCount": 30,
        "errorCount": 0,
        "errorPct": 0.0,
        "meanResTime": 14760.233333333334,
        "medianResTime": 17150.0,
        "minResTime": 2125.0,
        "maxResTime": 17664.0,
        "pct1ResTime": 17611.6,
        "pct2ResTime": 17653.0,
        "pct3ResTime": 17664.0,
        "throughput": 0.5724644594981395,
        "receivedKBytesPerSec": 15.51770018366568,
        "sentKBytesPerSec": 0.23409174935597749,
        "memMaxMB": 4337.7,
        "memAvgMB": 4318.8,
        "memMinMB": 4306.3,
        "cpuMax%": 38.0,
        "cpuAvg%": 13.9,
        "cpuMin%": 12.4,
        "dashboard": "results/details/compare-major-bigfile/20201029-220951/qgis310/somap310_fix/lk.txt/dashboard/index.html",
        "effective duration": 57.7
      },
      "av_f.txt": {
        "transaction": "Total",
        "sampleCount": 22,
        "errorCount": 0,
        "errorPct": 0.0,
        "meanResTime": 25400.272727272728,
        "medianResTime": 28887.5,
        "minResTime": 3517.0,
        "maxResTime": 34072.0,
        "pct1ResTime": 33765.3,
        "pct2ResTime": 34035.4,
        "pct3ResTime": 34072.0,
        "throughput": 0.32494867288007917,
        "receivedKBytesPerSec": 42.59954784130688,
        "sentKBytesPerSec": 0.1337124555041874,
        "memMaxMB": 5323.6,
        "memAvgMB": 4547.3,
        "memMinMB": 4303.4,
        "cpuMax%": 35.4,
        "cpuAvg%": 13.7,
        "cpuMin%": 12.2,
        "dashboard": "results/details/compare-major-bigfile/20201029-220951/qgis310/somap310_fix/av_f.txt/dashboard/index.html",
        "effective duration": 72.8
      },
      "av_sw.txt": {
        "transaction": "Total",
        "sampleCount": 20,
        "errorCount": 0,
        "errorPct": 0.0,
        "meanResTime": 20832.85,
        "medianResTime": 22502.0,
        "minResTime": 2549.0,
        "maxResTime": 29690.0,
        "pct1ResTime": 29479.9,
        "pct2ResTime": 29680.15,
        "pct3ResTime": 29690.0,
        "throughput": 0.3696447713747089,
        "receivedKBytesPerSec": 180.01741878788857,
        "sentKBytesPerSec": 0.15081795457065758,
        "memMaxMB": 6351.9,
        "memAvgMB": 4573.6,
        "memMinMB": 4312.4,
        "cpuMax%": 37.1,
        "cpuAvg%": 14.1,
        "cpuMin%": 12.2,
        "dashboard": "results/details/compare-major-bigfile/20201029-220951/qgis310/somap310_fix/av_sw.txt/dashboard/index.html",
        "effective duration": 59.1
      }
    }
  },
  "qgis316": {
    "somap316_fix": {
      "lk.txt": {
        "transaction": "Total",
        "sampleCount": 30,
        "errorCount": 0,
        "errorPct": 0.0,
        "meanResTime": 669.5666666666667,
        "medianResTime": 729.0,
        "minResTime": 300.0,
        "maxResTime": 870.0,
        "pct1ResTime": 850.0,
        "pct2ResTime": 861.75,
        "pct3ResTime": 870.0,
        "throughput": 11.090573012939002,
        "receivedKBytesPerSec": 300.60868183918666,
        "sentKBytesPerSec": 4.535149029574861,
        "memMaxMB": 4387.3,
        "memAvgMB": 4380.5,
        "memMinMB": 4373.8,
        "cpuMax%": 37.6,
        "cpuAvg%": 30.0,
        "cpuMin%": 22.3,
        "dashboard": "results/details/compare-major-bigfile/20201029-220951/qgis316/somap316_fix/lk.txt/dashboard/index.html",
        "effective duration": 8.4
      },
      "av_f.txt": {
        "transaction": "Total",
        "sampleCount": 22,
        "errorCount": 0,
        "errorPct": 0.0,
        "meanResTime": 26919.81818181818,
        "medianResTime": 29439.0,
        "minResTime": 4177.0,
        "maxResTime": 38314.0,
        "pct1ResTime": 37974.0,
        "pct2ResTime": 38267.95,
        "pct3ResTime": 38314.0,
        "throughput": 0.32633686864941036,
        "receivedKBytesPerSec": 42.781708911221536,
        "sentKBytesPerSec": 0.13428368130238078,
        "memMaxMB": 5387.2,
        "memAvgMB": 4885.1,
        "memMinMB": 4352.3,
        "cpuMax%": 33.2,
        "cpuAvg%": 13.8,
        "cpuMin%": 12.3,
        "dashboard": "results/details/compare-major-bigfile/20201029-220951/qgis316/somap316_fix/av_f.txt/dashboard/index.html",
        "effective duration": 72.7
      },
      "av_sw.txt": {
        "transaction": "Total",
        "sampleCount": 20,
        "errorCount": 0,
        "errorPct": 0.0,
        "meanResTime": 16294.349999999999,
        "medianResTime": 13393.5,
        "minResTime": 1018.0,
        "maxResTime": 27468.0,
        "pct1ResTime": 27234.0,
        "pct2ResTime": 27456.55,
        "pct3ResTime": 27468.0,
        "throughput": 0.46771590935665674,
        "receivedKBytesPerSec": 228.70152380381654,
        "sentKBytesPerSec": 0.1908317450480578,
        "memMaxMB": 6583.2,
        "memAvgMB": 5055.3,
        "memMinMB": 4405.9,
        "cpuMax%": 37.5,
        "cpuAvg%": 14.2,
        "cpuMin%": 12.3,
        "dashboard": "results/details/compare-major-bigfile/20201029-220951/qgis316/somap316_fix/av_sw.txt/dashboard/index.html",
        "effective duration": 48.0
      }
    }
  }
}