{
  "Total" : {
    "transaction" : "Total",
    "sampleCount" : 735,
    "errorCount" : 0,
    "errorPct" : 0.0,
    "meanResTime" : 856.5619047619058,
    "medianResTime" : 866.0,
    "minResTime" : 121.0,
    "maxResTime" : 2964.0,
    "pct1ResTime" : 1253.8,
    "pct2ResTime" : 1388.1999999999998,
    "pct3ResTime" : 2007.6799999999978,
    "throughput" : 11.490479317137229,
    "receivedKBytesPerSec" : 1590.9747066556843,
    "sentKBytesPerSec" : 5.1938297787105645
  },
  "HTTP Request" : {
    "transaction" : "HTTP Request",
    "sampleCount" : 735,
    "errorCount" : 0,
    "errorPct" : 0.0,
    "meanResTime" : 856.5619047619058,
    "medianResTime" : 866.0,
    "minResTime" : 121.0,
    "maxResTime" : 2964.0,
    "pct1ResTime" : 1253.8,
    "pct2ResTime" : 1388.1999999999998,
    "pct3ResTime" : 2007.6799999999978,
    "throughput" : 11.490479317137229,
    "receivedKBytesPerSec" : 1590.9747066556843,
    "sentKBytesPerSec" : 5.1938297787105645
  }
}