{
  "qgis218-bigfile": {
    "somap218_fix": {
      "lk_big.txt": {
        "transaction": "Total",
        "sampleCount": 5262,
        "errorCount": 0,
        "errorPct": 0.0,
        "meanResTime": 212.72557962751804,
        "medianResTime": 70.0,
        "minResTime": 3.0,
        "maxResTime": 14025.0,
        "pct1ResTime": 563.0,
        "pct2ResTime": 726.0,
        "pct3ResTime": 1188.0,
        "throughput": 46.58616049295276,
        "receivedKBytesPerSec": 289.9745128184981,
        "sentKBytesPerSec": 23.643884335270734,
        "responseSizeMB": 32.0,
        "memMaxMB": 11575.2,
        "memAvgMB": 10272.1,
        "memMinMB": 8333.7,
        "cpuMax%": 100.0,
        "cpuAvg%": 98.5,
        "cpuMin%": 13.7,
        "dashboard": "results/details/compare-filesize/20201103-042718/qgis218-bigfile/somap218_fix/lk_big.txt/dashboard/index.html",
        "effective duration": 118.9
      },
      "av_f_big.txt": {
        "transaction": "Total",
        "sampleCount": 735,
        "errorCount": 0,
        "errorPct": 0.0,
        "meanResTime": 405.1129251700682,
        "medianResTime": 303.0,
        "minResTime": 186.0,
        "maxResTime": 1410.0,
        "pct1ResTime": 784.8,
        "pct2ResTime": 910.3999999999999,
        "pct3ResTime": 1162.0799999999997,
        "throughput": 24.05026013546677,
        "receivedKBytesPerSec": 715.6960093644678,
        "sentKBytesPerSec": 10.23685850634796,
        "responseSizeMB": 21.4,
        "memMaxMB": 11012.9,
        "memAvgMB": 10865.3,
        "memMinMB": 10793.6,
        "cpuMax%": 99.9,
        "cpuAvg%": 96.9,
        "cpuMin%": 26.5,
        "dashboard": "results/details/compare-filesize/20201103-042718/qgis218-bigfile/somap218_fix/av_f_big.txt/dashboard/index.html",
        "effective duration": 35.9
      },
      "av_sw_big.txt": {
        "transaction": "Total",
        "sampleCount": 5190,
        "errorCount": 0,
        "errorPct": 0.0,
        "meanResTime": 462.54566473988416,
        "medianResTime": 384.0,
        "minResTime": 197.0,
        "maxResTime": 5796.0,
        "pct1ResTime": 825.9000000000005,
        "pct2ResTime": 983.4499999999998,
        "pct3ResTime": 1219.0,
        "throughput": 21.56372308689474,
        "receivedKBytesPerSec": 243.99256348236472,
        "sentKBytesPerSec": 9.159964899223873,
        "responseSizeMB": 57.3,
        "memMaxMB": 11999.6,
        "memAvgMB": 11155.6,
        "memMinMB": 10333.7,
        "cpuMax%": 99.9,
        "cpuAvg%": 99.2,
        "cpuMin%": 28.2,
        "dashboard": "results/details/compare-filesize/20201103-042718/qgis218-bigfile/somap218_fix/av_sw_big.txt/dashboard/index.html",
        "effective duration": 246.7
      }
    }
  }
}