{
  "Total" : {
    "transaction" : "Total",
    "sampleCount" : 5190,
    "errorCount" : 0,
    "errorPct" : 0.0,
    "meanResTime" : 410.07726396917263,
    "medianResTime" : 332.0,
    "minResTime" : 3.0,
    "maxResTime" : 6736.0,
    "pct1ResTime" : 650.0,
    "pct2ResTime" : 895.2499999999991,
    "pct3ResTime" : 1888.4500000000007,
    "throughput" : 24.222793695539554,
    "receivedKBytesPerSec" : 9838.732066447288,
    "sentKBytesPerSec" : 9.61073213568965
  },
  "HTTP Request" : {
    "transaction" : "HTTP Request",
    "sampleCount" : 5190,
    "errorCount" : 0,
    "errorPct" : 0.0,
    "meanResTime" : 410.07726396917263,
    "medianResTime" : 332.0,
    "minResTime" : 3.0,
    "maxResTime" : 6736.0,
    "pct1ResTime" : 650.0,
    "pct2ResTime" : 895.2499999999991,
    "pct3ResTime" : 1888.4500000000007,
    "throughput" : 24.222793695539554,
    "receivedKBytesPerSec" : 9838.732066447288,
    "sentKBytesPerSec" : 9.61073213568965
  }
}