{
  "Total" : {
    "transaction" : "Total",
    "sampleCount" : 735,
    "errorCount" : 0,
    "errorPct" : 0.0,
    "meanResTime" : 1336.2068027210883,
    "medianResTime" : 1257.0,
    "minResTime" : 316.0,
    "maxResTime" : 5112.0,
    "pct1ResTime" : 2047.7999999999997,
    "pct2ResTime" : 2274.5999999999995,
    "pct3ResTime" : 3460.319999999999,
    "throughput" : 14.576681276401642,
    "receivedKBytesPerSec" : 2133.149918873827,
    "sentKBytesPerSec" : 6.41800833696924
  },
  "HTTP Request" : {
    "transaction" : "HTTP Request",
    "sampleCount" : 735,
    "errorCount" : 0,
    "errorPct" : 0.0,
    "meanResTime" : 1336.2068027210883,
    "medianResTime" : 1257.0,
    "minResTime" : 316.0,
    "maxResTime" : 5112.0,
    "pct1ResTime" : 2047.7999999999997,
    "pct2ResTime" : 2274.5999999999995,
    "pct3ResTime" : 3460.319999999999,
    "throughput" : 14.576681276401642,
    "receivedKBytesPerSec" : 2133.149918873827,
    "sentKBytesPerSec" : 6.41800833696924
  }
}