{
  "Total" : {
    "transaction" : "Total",
    "sampleCount" : 20,
    "errorCount" : 0,
    "errorPct" : 0.0,
    "meanResTime" : 18475.199999999997,
    "medianResTime" : 19611.0,
    "minResTime" : 4418.0,
    "maxResTime" : 26294.0,
    "pct1ResTime" : 26156.3,
    "pct2ResTime" : 26287.55,
    "pct3ResTime" : 26294.0,
    "throughput" : 0.41431027696642014,
    "receivedKBytesPerSec" : 201.76944879254447,
    "sentKBytesPerSec" : 0.16904182980133822
  },
  "HTTP Request" : {
    "transaction" : "HTTP Request",
    "sampleCount" : 20,
    "errorCount" : 0,
    "errorPct" : 0.0,
    "meanResTime" : 18475.199999999997,
    "medianResTime" : 19611.0,
    "minResTime" : 4418.0,
    "maxResTime" : 26294.0,
    "pct1ResTime" : 26156.3,
    "pct2ResTime" : 26287.55,
    "pct3ResTime" : 26294.0,
    "throughput" : 0.41431027696642014,
    "receivedKBytesPerSec" : 201.76944879254447,
    "sentKBytesPerSec" : 0.16904182980133822
  }
}