{
  "Total" : {
    "transaction" : "Total",
    "sampleCount" : 30,
    "errorCount" : 0,
    "errorPct" : 0.0,
    "meanResTime" : 314.0333333333333,
    "medianResTime" : 320.0,
    "minResTime" : 175.0,
    "maxResTime" : 463.0,
    "pct1ResTime" : 429.80000000000007,
    "pct2ResTime" : 448.15,
    "pct3ResTime" : 463.0,
    "throughput" : 20.366598778004075,
    "receivedKBytesPerSec" : 552.0342731670061,
    "sentKBytesPerSec" : 8.308405465037339
  },
  "HTTP Request" : {
    "transaction" : "HTTP Request",
    "sampleCount" : 30,
    "errorCount" : 0,
    "errorPct" : 0.0,
    "meanResTime" : 314.0333333333333,
    "medianResTime" : 320.0,
    "minResTime" : 175.0,
    "maxResTime" : 463.0,
    "pct1ResTime" : 429.80000000000007,
    "pct2ResTime" : 448.15,
    "pct3ResTime" : 463.0,
    "throughput" : 20.366598778004075,
    "receivedKBytesPerSec" : 552.0342731670061,
    "sentKBytesPerSec" : 8.308405465037339
  }
}