{
  "Total" : {
    "transaction" : "Total",
    "sampleCount" : 18,
    "errorCount" : 0,
    "errorPct" : 0.0,
    "meanResTime" : 299.1111111111111,
    "medianResTime" : 217.0,
    "minResTime" : 104.0,
    "maxResTime" : 1143.0,
    "pct1ResTime" : 1081.8000000000002,
    "pct2ResTime" : 1143.0,
    "pct3ResTime" : 1143.0,
    "throughput" : 10.575793184488838,
    "receivedKBytesPerSec" : 9002.931408820505,
    "sentKBytesPerSec" : 4.074365636016451
  },
  "HTTP Request" : {
    "transaction" : "HTTP Request",
    "sampleCount" : 18,
    "errorCount" : 0,
    "errorPct" : 0.0,
    "meanResTime" : 299.1111111111111,
    "medianResTime" : 217.0,
    "minResTime" : 104.0,
    "maxResTime" : 1143.0,
    "pct1ResTime" : 1081.8000000000002,
    "pct2ResTime" : 1143.0,
    "pct3ResTime" : 1143.0,
    "throughput" : 10.575793184488838,
    "receivedKBytesPerSec" : 9002.931408820505,
    "sentKBytesPerSec" : 4.074365636016451
  }
}