{
  "Total" : {
    "transaction" : "Total",
    "sampleCount" : 735,
    "errorCount" : 0,
    "errorPct" : 0.0,
    "meanResTime" : 875.8598639455779,
    "medianResTime" : 804.0,
    "minResTime" : 190.0,
    "maxResTime" : 3636.0,
    "pct1ResTime" : 1351.0,
    "pct2ResTime" : 1536.999999999999,
    "pct3ResTime" : 3177.12,
    "throughput" : 11.246614539500865,
    "receivedKBytesPerSec" : 1645.943905716838,
    "sentKBytesPerSec" : 4.951803809695042
  },
  "HTTP Request" : {
    "transaction" : "HTTP Request",
    "sampleCount" : 735,
    "errorCount" : 0,
    "errorPct" : 0.0,
    "meanResTime" : 875.8598639455779,
    "medianResTime" : 804.0,
    "minResTime" : 190.0,
    "maxResTime" : 3636.0,
    "pct1ResTime" : 1351.0,
    "pct2ResTime" : 1536.999999999999,
    "pct3ResTime" : 3177.12,
    "throughput" : 11.246614539500865,
    "receivedKBytesPerSec" : 1645.943905716838,
    "sentKBytesPerSec" : 4.951803809695042
  }
}