{
  "Total" : {
    "transaction" : "Total",
    "sampleCount" : 735,
    "errorCount" : 5,
    "errorPct" : 0.6802721,
    "meanResTime" : 1311.2952380952393,
    "medianResTime" : 1230.0,
    "minResTime" : 484.0,
    "maxResTime" : 5981.0,
    "pct1ResTime" : 1804.9999999999998,
    "pct2ResTime" : 2913.799999999999,
    "pct3ResTime" : 3883.0399999999986,
    "throughput" : 28.927896725440807,
    "receivedKBytesPerSec" : 4227.91015471259,
    "sentKBytesPerSec" : 12.736745685414043
  },
  "HTTP Request" : {
    "transaction" : "HTTP Request",
    "sampleCount" : 735,
    "errorCount" : 5,
    "errorPct" : 0.6802721,
    "meanResTime" : 1311.2952380952393,
    "medianResTime" : 1230.0,
    "minResTime" : 484.0,
    "maxResTime" : 5981.0,
    "pct1ResTime" : 1804.9999999999998,
    "pct2ResTime" : 2913.799999999999,
    "pct3ResTime" : 3883.0399999999986,
    "throughput" : 28.927896725440807,
    "receivedKBytesPerSec" : 4227.91015471259,
    "sentKBytesPerSec" : 12.736745685414043
  }
}