{
  "Total" : {
    "transaction" : "Total",
    "sampleCount" : 20,
    "errorCount" : 0,
    "errorPct" : 0.0,
    "meanResTime" : 1487.0,
    "medianResTime" : 1320.5,
    "minResTime" : 443.0,
    "maxResTime" : 2778.0,
    "pct1ResTime" : 2591.0000000000005,
    "pct2ResTime" : 2769.25,
    "pct3ResTime" : 2778.0,
    "throughput" : 4.822763443453098,
    "receivedKBytesPerSec" : 1499.186865128406,
    "sentKBytesPerSec" : 2.0195321919459848
  },
  "HTTP Request" : {
    "transaction" : "HTTP Request",
    "sampleCount" : 20,
    "errorCount" : 0,
    "errorPct" : 0.0,
    "meanResTime" : 1487.0,
    "medianResTime" : 1320.5,
    "minResTime" : 443.0,
    "maxResTime" : 2778.0,
    "pct1ResTime" : 2591.0000000000005,
    "pct2ResTime" : 2769.25,
    "pct3ResTime" : 2778.0,
    "throughput" : 4.822763443453098,
    "receivedKBytesPerSec" : 1499.186865128406,
    "sentKBytesPerSec" : 2.0195321919459848
  }
}