{
  "Total" : {
    "transaction" : "Total",
    "sampleCount" : 20,
    "errorCount" : 0,
    "errorPct" : 0.0,
    "meanResTime" : 19505.45,
    "medianResTime" : 20563.5,
    "minResTime" : 4708.0,
    "maxResTime" : 27785.0,
    "pct1ResTime" : 27609.0,
    "pct2ResTime" : 27776.35,
    "pct3ResTime" : 27785.0,
    "throughput" : 0.3932440669301402,
    "receivedKBytesPerSec" : 191.5103598306101,
    "sentKBytesPerSec" : 0.1604466515267701
  },
  "HTTP Request" : {
    "transaction" : "HTTP Request",
    "sampleCount" : 20,
    "errorCount" : 0,
    "errorPct" : 0.0,
    "meanResTime" : 19505.45,
    "medianResTime" : 20563.5,
    "minResTime" : 4708.0,
    "maxResTime" : 27785.0,
    "pct1ResTime" : 27609.0,
    "pct2ResTime" : 27776.35,
    "pct3ResTime" : 27785.0,
    "throughput" : 0.3932440669301402,
    "receivedKBytesPerSec" : 191.5103598306101,
    "sentKBytesPerSec" : 0.1604466515267701
  }
}