{
  "qgis218-stock": {
    "somap218_orthofoto": {
      "orthofotos_big.txt": {
        "transaction": "Total",
        "sampleCount": 5190,
        "errorCount": 0,
        "errorPct": 0.0,
        "meanResTime": 441.4233140655098,
        "medianResTime": 352.0,
        "minResTime": 2.0,
        "maxResTime": 8111.0,
        "pct1ResTime": 691.9000000000005,
        "pct2ResTime": 953.4999999999982,
        "pct3ResTime": 2073.3600000000006,
        "throughput": 22.53230063906641,
        "receivedKBytesPerSec": 9152.093173464526,
        "sentKBytesPerSec": 8.940005375299561,
        "responseSizeMB": 2058.6,
        "memMaxMB": 8158.0,
        "memAvgMB": 7191.3,
        "memMinMB": 2772.6,
        "cpuMax%": 99.9,
        "cpuAvg%": 99.0,
        "cpuMin%": 14.6,
        "dashboard": "results/details/compare-orthofotos/20201103-081505/qgis218-stock/somap218_orthofoto/orthofotos_big.txt/dashboard/index.html",
        "effective duration": 236.7
      }
    }
  },
  "qgis310-stock": {
    "somap310_orthofoto": {
      "orthofotos_big.txt": {
        "transaction": "Total",
        "sampleCount": 5190,
        "errorCount": 0,
        "errorPct": 0.0,
        "meanResTime": 1516.9603082851636,
        "medianResTime": 1033.0,
        "minResTime": 7.0,
        "maxResTime": 14260.0,
        "pct1ResTime": 3512.800000000001,
        "pct2ResTime": 4260.45,
        "pct3ResTime": 6560.970000000005,
        "throughput": 6.56374611581787,
        "receivedKBytesPerSec": 2587.1666190629085,
        "sentKBytesPerSec": 2.6042580603497885,
        "responseSizeMB": 1997.7,
        "memMaxMB": 19421.6,
        "memAvgMB": 17160.3,
        "memMinMB": 2825.5,
        "cpuMax%": 92.5,
        "cpuAvg%": 74.6,
        "cpuMin%": 16.5,
        "dashboard": "results/details/compare-orthofotos/20201103-081505/qgis310-stock/somap310_orthofoto/orthofotos_big.txt/dashboard/index.html",
        "effective duration": 797.3
      }
    }
  },
  "qgis316-stock": {
    "somap316_orthofoto": {
      "orthofotos_big.txt": {
        "transaction": "Total",
        "sampleCount": 5190,
        "errorCount": 0,
        "errorPct": 0.0,
        "meanResTime": 357.24932562620523,
        "medianResTime": 295.0,
        "minResTime": 5.0,
        "maxResTime": 5262.0,
        "pct1ResTime": 650.0,
        "pct2ResTime": 816.0,
        "pct3ResTime": 1451.3600000000006,
        "throughput": 27.745256844097316,
        "receivedKBytesPerSec": 11259.168334756681,
        "sentKBytesPerSec": 11.0083186487953,
        "responseSizeMB": 2056.8,
        "memMaxMB": 11417.9,
        "memAvgMB": 9555.1,
        "memMinMB": 2561.2,
        "cpuMax%": 97.2,
        "cpuAvg%": 75.0,
        "cpuMin%": 13.8,
        "dashboard": "results/details/compare-orthofotos/20201103-081505/qgis316-stock/somap316_orthofoto/orthofotos_big.txt/dashboard/index.html",
        "effective duration": 193.5
      }
    }
  }
}