{
  "Total" : {
    "transaction" : "Total",
    "sampleCount" : 5191,
    "errorCount" : 1,
    "errorPct" : 0.019264111,
    "meanResTime" : 864.3299942207694,
    "medianResTime" : 708.0,
    "minResTime" : 182.0,
    "maxResTime" : 8220.0,
    "pct1ResTime" : 1547.8000000000002,
    "pct2ResTime" : 1939.7999999999956,
    "pct3ResTime" : 2891.9999999999964,
    "throughput" : 11.521013476323219,
    "receivedKBytesPerSec" : 3117.394339616884,
    "sentKBytesPerSec" : 5.017631477795804
  },
  "HTTP Request" : {
    "transaction" : "HTTP Request",
    "sampleCount" : 5191,
    "errorCount" : 1,
    "errorPct" : 0.019264111,
    "meanResTime" : 864.3299942207694,
    "medianResTime" : 708.0,
    "minResTime" : 182.0,
    "maxResTime" : 8220.0,
    "pct1ResTime" : 1547.8000000000002,
    "pct2ResTime" : 1939.7999999999956,
    "pct3ResTime" : 2891.9999999999964,
    "throughput" : 11.521013476323219,
    "receivedKBytesPerSec" : 3117.394339616884,
    "sentKBytesPerSec" : 5.017631477795804
  }
}