{
  "Total" : {
    "transaction" : "Total",
    "sampleCount" : 5191,
    "errorCount" : 1,
    "errorPct" : 0.019264111,
    "meanResTime" : 1225.1439029088808,
    "medianResTime" : 1095.0,
    "minResTime" : 208.0,
    "maxResTime" : 6860.0,
    "pct1ResTime" : 2107.0,
    "pct2ResTime" : 2547.3999999999996,
    "pct3ResTime" : 3709.959999999999,
    "throughput" : 9.743471348638336,
    "receivedKBytesPerSec" : 2636.555063001274,
    "sentKBytesPerSec" : 4.243476378393368
  },
  "HTTP Request" : {
    "transaction" : "HTTP Request",
    "sampleCount" : 5191,
    "errorCount" : 1,
    "errorPct" : 0.019264111,
    "meanResTime" : 1225.1439029088808,
    "medianResTime" : 1095.0,
    "minResTime" : 208.0,
    "maxResTime" : 6860.0,
    "pct1ResTime" : 2107.0,
    "pct2ResTime" : 2547.3999999999996,
    "pct3ResTime" : 3709.959999999999,
    "throughput" : 9.743471348638336,
    "receivedKBytesPerSec" : 2636.555063001274,
    "sentKBytesPerSec" : 4.243476378393368
  }
}