{
  "qgis310-singlethread-multiinstance": {
    "somap310_lk": {
      "lk.txt": {
        "transaction": "Total",
        "sampleCount": 30,
        "errorCount": 0,
        "errorPct": 0.0,
        "meanResTime": 108.80000000000003,
        "medianResTime": 103.0,
        "minResTime": 60.0,
        "maxResTime": 270.0,
        "pct1ResTime": 122.60000000000001,
        "pct2ResTime": 189.1499999999999,
        "pct3ResTime": 270.0,
        "throughput": 9.06070673512534,
        "receivedKBytesPerSec": 245.59824260042285,
        "sentKBytesPerSec": 3.6962492449411055,
        "memMaxMB": 2337.2,
        "memAvgMB": 2312.6,
        "memMinMB": 2269.1,
        "cpuMax%": 24.4,
        "cpuAvg%": 16.7,
        "cpuMin%": 13.0,
        "dashboard": "results/details/compare-deployment-sequential/20201010-074430/qgis310-singlethread-multiinstance/somap310_lk/lk.txt/dashboard/index.html"
      }
    },
    "somap310_grundplanav_farbig": {
      "av_f.txt": {
        "transaction": "Total",
        "sampleCount": 22,
        "errorCount": 0,
        "errorPct": 0.0,
        "meanResTime": 878.7272727272727,
        "medianResTime": 763.5,
        "minResTime": 174.0,
        "maxResTime": 3205.0,
        "pct1ResTime": 1097.9,
        "pct2ResTime": 2890.1499999999955,
        "pct3ResTime": 3205.0,
        "throughput": 1.135601094306509,
        "receivedKBytesPerSec": 148.07254297217776,
        "sentKBytesPerSec": 0.483920920869251,
        "memMaxMB": 2650.6,
        "memAvgMB": 2475.0,
        "memMinMB": 2306.8,
        "cpuMax%": 23.7,
        "cpuAvg%": 14.7,
        "cpuMin%": 12.3,
        "dashboard": "results/details/compare-deployment-sequential/20201010-074430/qgis310-singlethread-multiinstance/somap310_grundplanav_farbig/av_f.txt/dashboard/index.html"
      }
    },
    "somap310_grundplanav_sw": {
      "av_sw.txt": {
        "transaction": "Total",
        "sampleCount": 20,
        "errorCount": 0,
        "errorPct": 0.0,
        "meanResTime": 733.5,
        "medianResTime": 546.5,
        "minResTime": 192.0,
        "maxResTime": 2379.0,
        "pct1ResTime": 1586.4000000000003,
        "pct2ResTime": 2339.9499999999994,
        "pct3ResTime": 2379.0,
        "throughput": 1.3582342954159594,
        "receivedKBytesPerSec": 422.6114176570459,
        "sentKBytesPerSec": 0.568760611205433,
        "memMaxMB": 2666.7,
        "memAvgMB": 2449.3,
        "memMinMB": 2360.3,
        "cpuMax%": 25.6,
        "cpuAvg%": 15.4,
        "cpuMin%": 12.4,
        "dashboard": "results/details/compare-deployment-sequential/20201010-074430/qgis310-singlethread-multiinstance/somap310_grundplanav_sw/av_sw.txt/dashboard/index.html"
      }
    }
  },
  "qgis310-multithread-singleinstance": {
    "somap310_lk": {
      "lk.txt": {
        "transaction": "Total",
        "sampleCount": 30,
        "errorCount": 0,
        "errorPct": 0.0,
        "meanResTime": 82.5,
        "medianResTime": 78.5,
        "minResTime": 52.0,
        "maxResTime": 225.0,
        "pct1ResTime": 86.9,
        "pct2ResTime": 153.49999999999991,
        "pct3ResTime": 225.0,
        "throughput": 11.914217633042098,
        "receivedKBytesPerSec": 322.94510772438446,
        "sentKBytesPerSec": 4.86031820889595,
        "memMaxMB": 2064.8,
        "memAvgMB": 2053.1,
        "memMinMB": 2030.3,
        "cpuMax%": 30.5,
        "cpuAvg%": 19.5,
        "cpuMin%": 9.1,
        "dashboard": "results/details/compare-deployment-sequential/20201010-074430/qgis310-multithread-singleinstance/somap310_lk/lk.txt/dashboard/index.html"
      }
    },
    "somap310_grundplanav_farbig": {
      "av_f.txt": {
        "transaction": "Total",
        "sampleCount": 22,
        "errorCount": 0,
        "errorPct": 0.0,
        "meanResTime": 581.4545454545453,
        "medianResTime": 477.5,
        "minResTime": 200.0,
        "maxResTime": 2474.0,
        "pct1ResTime": 738.8,
        "pct2ResTime": 2215.2499999999964,
        "pct3ResTime": 2474.0,
        "throughput": 1.7136625642623462,
        "receivedKBytesPerSec": 223.44674988315938,
        "sentKBytesPerSec": 0.7302539336345225,
        "memMaxMB": 2380.9,
        "memAvgMB": 2210.6,
        "memMinMB": 2045.1,
        "cpuMax%": 31.8,
        "cpuAvg%": 22.2,
        "cpuMin%": 17.9,
        "dashboard": "results/details/compare-deployment-sequential/20201010-074430/qgis310-multithread-singleinstance/somap310_grundplanav_farbig/av_f.txt/dashboard/index.html"
      }
    },
    "somap310_grundplanav_sw": {
      "av_sw.txt": {
        "transaction": "Total",
        "sampleCount": 20,
        "errorCount": 0,
        "errorPct": 0.0,
        "meanResTime": 615.8000000000002,
        "medianResTime": 389.0,
        "minResTime": 218.0,
        "maxResTime": 2217.0,
        "pct1ResTime": 1281.1000000000004,
        "pct2ResTime": 2170.899999999999,
        "pct3ResTime": 2217.0,
        "throughput": 1.6168148746968471,
        "receivedKBytesPerSec": 503.0674483377122,
        "sentKBytesPerSec": 0.6770412287793048,
        "memMaxMB": 2198.7,
        "memAvgMB": 2109.4,
        "memMinMB": 2091.3,
        "cpuMax%": 25.5,
        "cpuAvg%": 18.3,
        "cpuMin%": 15.1,
        "dashboard": "results/details/compare-deployment-sequential/20201010-074430/qgis310-multithread-singleinstance/somap310_grundplanav_sw/av_sw.txt/dashboard/index.html"
      }
    }
  },
  "qgis310-balanced": {
    "somap310_lk": {
      "lk.txt": {
        "transaction": "Total",
        "sampleCount": 30,
        "errorCount": 0,
        "errorPct": 0.0,
        "meanResTime": 94.96666666666665,
        "medianResTime": 90.5,
        "minResTime": 52.0,
        "maxResTime": 264.0,
        "pct1ResTime": 100.9,
        "pct2ResTime": 177.6499999999999,
        "pct3ResTime": 264.0,
        "throughput": 10.366275051831375,
        "receivedKBytesPerSec": 280.98679379751206,
        "sentKBytesPerSec": 4.228846319972356,
        "memMaxMB": 2193.9,
        "memAvgMB": 2184.9,
        "memMinMB": 2176.0,
        "cpuMax%": 18.2,
        "cpuAvg%": 14.1,
        "cpuMin%": 9.9,
        "dashboard": "results/details/compare-deployment-sequential/20201010-074430/qgis310-balanced/somap310_lk/lk.txt/dashboard/index.html"
      }
    },
    "somap310_grundplanav_farbig": {
      "av_f.txt": {
        "transaction": "Total",
        "sampleCount": 22,
        "errorCount": 0,
        "errorPct": 0.0,
        "meanResTime": 715.1363636363635,
        "medianResTime": 636.5,
        "minResTime": 199.0,
        "maxResTime": 2811.0,
        "pct1ResTime": 859.8,
        "pct2ResTime": 2518.949999999996,
        "pct3ResTime": 2811.0,
        "throughput": 1.3939931567608668,
        "receivedKBytesPerSec": 181.76462900773032,
        "sentKBytesPerSec": 0.5940311747560512,
        "memMaxMB": 2505.6,
        "memAvgMB": 2310.5,
        "memMinMB": 2151.0,
        "cpuMax%": 25.3,
        "cpuAvg%": 18.6,
        "cpuMin%": 15.7,
        "dashboard": "results/details/compare-deployment-sequential/20201010-074430/qgis310-balanced/somap310_grundplanav_farbig/av_f.txt/dashboard/index.html"
      }
    },
    "somap310_grundplanav_sw": {
      "av_sw.txt": {
        "transaction": "Total",
        "sampleCount": 20,
        "errorCount": 0,
        "errorPct": 0.0,
        "meanResTime": 662.3000000000001,
        "medianResTime": 457.5,
        "minResTime": 189.0,
        "maxResTime": 2517.0,
        "pct1ResTime": 1403.1000000000004,
        "pct2ResTime": 2461.949999999999,
        "pct3ResTime": 2517.0,
        "throughput": 1.5037593984962407,
        "receivedKBytesPerSec": 467.8905515742481,
        "sentKBytesPerSec": 0.6296992481203008,
        "memMaxMB": 2509.8,
        "memAvgMB": 2298.7,
        "memMinMB": 2243.1,
        "cpuMax%": 30.4,
        "cpuAvg%": 16.8,
        "cpuMin%": 13.9,