{
  "Total" : {
    "transaction" : "Total",
    "sampleCount" : 5190,
    "errorCount" : 0,
    "errorPct" : 0.0,
    "meanResTime" : 363.12678227360374,
    "medianResTime" : 275.5,
    "minResTime" : 31.0,
    "maxResTime" : 2196.0,
    "pct1ResTime" : 762.0,
    "pct2ResTime" : 927.8999999999996,
    "pct3ResTime" : 1297.0900000000001,
    "throughput" : 27.298835460082685,
    "receivedKBytesPerSec" : 5211.988029720358,
    "sentKBytesPerSec" : 12.256563604577158
  },
  "HTTP Request" : {
    "transaction" : "HTTP Request",
    "sampleCount" : 5190,
    "errorCount" : 0,
    "errorPct" : 0.0,
    "meanResTime" : 363.12678227360374,
    "medianResTime" : 275.5,
    "minResTime" : 31.0,
    "maxResTime" : 2196.0,
    "pct1ResTime" : 762.0,
    "pct2ResTime" : 927.8999999999996,
    "pct3ResTime" : 1297.0900000000001,
    "throughput" : 27.298835460082685,
    "receivedKBytesPerSec" : 5211.988029720358,
    "sentKBytesPerSec" : 12.256563604577158
  }
}