{
  "Total" : {
    "transaction" : "Total",
    "sampleCount" : 347,
    "errorCount" : 347,
    "errorPct" : 100.0,
    "meanResTime" : 27982.90489913541,
    "medianResTime" : 1.0,
    "minResTime" : 0.0,
    "maxResTime" : 120123.0,
    "pct1ResTime" : 120064.0,
    "pct2ResTime" : 120090.4,
    "pct3ResTime" : 120118.56,
    "throughput" : 0.33811040132827697,
    "receivedKBytesPerSec" : 0.10777573536576336,
    "sentKBytesPerSec" : 0.15761097505631927
  },
  "HTTP Request" : {
    "transaction" : "HTTP Request",
    "sampleCount" : 347,
    "errorCount" : 347,
    "errorPct" : 100.0,
    "meanResTime" : 27982.90489913541,
    "medianResTime" : 1.0,
    "minResTime" : 0.0,
    "maxResTime" : 120123.0,
    "pct1ResTime" : 120064.0,
    "pct2ResTime" : 120090.4,
    "pct3ResTime" : 120118.56,
    "throughput" : 0.33811040132827697,
    "receivedKBytesPerSec" : 0.10777573536576336,
    "sentKBytesPerSec" : 0.15761097505631927
  }
}