{
  "Total" : {
    "transaction" : "Total",
    "sampleCount" : 30,
    "errorCount" : 0,
    "errorPct" : 0.0,
    "meanResTime" : 99.00000000000001,
    "medianResTime" : 94.5,
    "minResTime" : 56.0,
    "maxResTime" : 249.0,
    "pct1ResTime" : 112.60000000000001,
    "pct2ResTime" : 174.1999999999999,
    "pct3ResTime" : 249.0,
    "throughput" : 9.927200529450696,
    "receivedKBytesPerSec" : 269.09499607048315,
    "sentKBytesPerSec" : 4.0497290701522175
  },
  "HTTP Request" : {
    "transaction" : "HTTP Request",
    "sampleCount" : 30,
    "errorCount" : 0,
    "errorPct" : 0.0,
    "meanResTime" : 99.00000000000001,
    "medianResTime" : 94.5,
    "minResTime" : 56.0,
    "maxResTime" : 249.0,
    "pct1ResTime" : 112.60000000000001,
    "pct2ResTime" : 174.1999999999999,
    "pct3ResTime" : 249.0,
    "throughput" : 9.927200529450696,
    "receivedKBytesPerSec" : 269.09499607048315,
    "sentKBytesPerSec" : 4.0497290701522175
  }
}