{
  "Total" : {
    "transaction" : "Total",
    "sampleCount" : 198,
    "errorCount" : 0,
    "errorPct" : 0.0,
    "meanResTime" : 542.3535353535354,
    "medianResTime" : 559.5,
    "minResTime" : 210.0,
    "maxResTime" : 613.0,
    "pct1ResTime" : 596.1,
    "pct2ResTime" : 603.0,
    "pct3ResTime" : 612.01,
    "throughput" : 17.481900052975455,
    "receivedKBytesPerSec" : 16.201315005297545,
    "sentKBytesPerSec" : 8.219990232650538
  },
  "HTTP Request" : {
    "transaction" : "HTTP Request",
    "sampleCount" : 198,
    "errorCount" : 0,
    "errorPct" : 0.0,
    "meanResTime" : 542.3535353535354,
    "medianResTime" : 559.5,
    "minResTime" : 210.0,
    "maxResTime" : 613.0,
    "pct1ResTime" : 596.1,
    "pct2ResTime" : 603.0,
    "pct3ResTime" : 612.01,
    "throughput" : 17.481900052975455,
    "receivedKBytesPerSec" : 16.201315005297545,
    "sentKBytesPerSec" : 8.219990232650538
  }
}