{
  "Total" : {
    "transaction" : "Total",
    "sampleCount" : 30,
    "errorCount" : 0,
    "errorPct" : 0.0,
    "meanResTime" : 590.4333333333333,
    "medianResTime" : 695.5,
    "minResTime" : 237.0,
    "maxResTime" : 783.0,
    "pct1ResTime" : 767.9000000000001,
    "pct2ResTime" : 779.7,
    "pct3ResTime" : 783.0,
    "throughput" : 12.259910093992644,
    "receivedKBytesPerSec" : 332.31539895790763,
    "sentKBytesPerSec" : 5.00134092766653
  },
  "HTTP Request" : {
    "transaction" : "HTTP Request",
    "sampleCount" : 30,
    "errorCount" : 0,
    "errorPct" : 0.0,
    "meanResTime" : 590.4333333333333,
    "medianResTime" : 695.5,
    "minResTime" : 237.0,
    "maxResTime" : 783.0,
    "pct1ResTime" : 767.9000000000001,
    "pct2ResTime" : 779.7,
    "pct3ResTime" : 783.0,
    "throughput" : 12.259910093992644,
    "receivedKBytesPerSec" : 332.31539895790763,
    "sentKBytesPerSec" : 5.00134092766653
  }
}