{
  "Total" : {
    "transaction" : "Total",
    "sampleCount" : 735,
    "errorCount" : 0,
    "errorPct" : 0.0,
    "meanResTime" : 813.6748299319723,
    "medianResTime" : 726.0,
    "minResTime" : 179.0,
    "maxResTime" : 3326.0,
    "pct1ResTime" : 1297.3999999999999,
    "pct2ResTime" : 1562.3999999999999,
    "pct3ResTime" : 2905.2399999999984,
    "throughput" : 12.096973287907964,
    "receivedKBytesPerSec" : 1770.3344039051829,
    "sentKBytesPerSec" : 5.326210674550272
  },
  "HTTP Request" : {
    "transaction" : "HTTP Request",
    "sampleCount" : 735,
    "errorCount" : 0,
    "errorPct" : 0.0,
    "meanResTime" : 813.6748299319723,
    "medianResTime" : 726.0,
    "minResTime" : 179.0,
    "maxResTime" : 3326.0,
    "pct1ResTime" : 1297.3999999999999,
    "pct2ResTime" : 1562.3999999999999,
    "pct3ResTime" : 2905.2399999999984,
    "throughput" : 12.096973287907964,
    "receivedKBytesPerSec" : 1770.3344039051829,
    "sentKBytesPerSec" : 5.326210674550272
  }
}