{
  "Total" : {
    "transaction" : "Total",
    "sampleCount" : 20,
    "errorCount" : 0,
    "errorPct" : 0.0,
    "meanResTime" : 1584.0500000000002,
    "medianResTime" : 1425.5,
    "minResTime" : 194.0,
    "maxResTime" : 3009.0,
    "pct1ResTime" : 2988.3,
    "pct2ResTime" : 3008.8,
    "pct3ResTime" : 3009.0,
    "throughput" : 4.365858982754857,
    "receivedKBytesPerSec" : 1356.6469776659026,
    "sentKBytesPerSec" : 1.828203449028596
  },
  "HTTP Request" : {
    "transaction" : "HTTP Request",
    "sampleCount" : 20,
    "errorCount" : 0,
    "errorPct" : 0.0,
    "meanResTime" : 1584.0500000000002,
    "medianResTime" : 1425.5,
    "minResTime" : 194.0,
    "maxResTime" : 3009.0,
    "pct1ResTime" : 2988.3,
    "pct2ResTime" : 3008.8,
    "pct3ResTime" : 3009.0,
    "throughput" : 4.365858982754857,
    "receivedKBytesPerSec" : 1356.6469776659026,
    "sentKBytesPerSec" : 1.828203449028596
  }
}