{
  "Total" : {
    "transaction" : "Total",
    "sampleCount" : 5262,
    "errorCount" : 0,
    "errorPct" : 0.0,
    "meanResTime" : 2193.838084378571,
    "medianResTime" : 1637.0,
    "minResTime" : 158.0,
    "maxResTime" : 12928.0,
    "pct1ResTime" : 4230.0,
    "pct2ResTime" : 5154.099999999997,
    "pct3ResTime" : 8003.11,
    "throughput" : 5.432454112694,
    "receivedKBytesPerSec" : 257.1499363255234,
    "sentKBytesPerSec" : 2.7518295059713633
  },
  "HTTP Request" : {
    "transaction" : "HTTP Request",
    "sampleCount" : 5262,
    "errorCount" : 0,
    "errorPct" : 0.0,
    "meanResTime" : 2193.838084378571,
    "medianResTime" : 1637.0,
    "minResTime" : 158.0,
    "maxResTime" : 12928.0,
    "pct1ResTime" : 4230.0,
    "pct2ResTime" : 5154.099999999997,
    "pct3ResTime" : 8003.11,
    "throughput" : 5.432454112694,
    "receivedKBytesPerSec" : 257.1499363255234,
    "sentKBytesPerSec" : 2.7518295059713633
  }
}