{
  "Total" : {
    "transaction" : "Total",
    "sampleCount" : 5262,
    "errorCount" : 0,
    "errorPct" : 0.0,
    "meanResTime" : 317.9441277080958,
    "medianResTime" : 178.0,
    "minResTime" : 31.0,
    "maxResTime" : 2501.0,
    "pct1ResTime" : 751.6999999999998,
    "pct2ResTime" : 987.0,
    "pct3ResTime" : 1623.0,
    "throughput" : 31.21403741888028,
    "receivedKBytesPerSec" : 1477.5119109829723,
    "sentKBytesPerSec" : 15.811584854266274
  },
  "HTTP Request" : {
    "transaction" : "HTTP Request",
    "sampleCount" : 5262,
    "errorCount" : 0,
    "errorPct" : 0.0,
    "meanResTime" : 317.9441277080958,
    "medianResTime" : 178.0,
    "minResTime" : 31.0,
    "maxResTime" : 2501.0,
    "pct1ResTime" : 751.6999999999998,
    "pct2ResTime" : 987.0,
    "pct3ResTime" : 1623.0,
    "throughput" : 31.21403741888028,
    "receivedKBytesPerSec" : 1477.5119109829723,
    "sentKBytesPerSec" : 15.811584854266274
  }
}