{
  "Total" : {
    "transaction" : "Total",
    "sampleCount" : 5190,
    "errorCount" : 0,
    "errorPct" : 0.0,
    "meanResTime" : 5987.430250481684,
    "medianResTime" : 5847.0,
    "minResTime" : 2191.0,
    "maxResTime" : 23253.0,
    "pct1ResTime" : 8513.900000000001,
    "pct2ResTime" : 9690.299999999997,
    "pct3ResTime" : 13343.720000000001,
    "throughput" : 2.001220783236942,
    "receivedKBytesPerSec" : 541.6108015626681,
    "sentKBytesPerSec" : 0.8715878028870792
  },
  "HTTP Request" : {
    "transaction" : "HTTP Request",
    "sampleCount" : 5190,
    "errorCount" : 0,
    "errorPct" : 0.0,
    "meanResTime" : 5987.430250481684,
    "medianResTime" : 5847.0,
    "minResTime" : 2191.0,
    "maxResTime" : 23253.0,
    "pct1ResTime" : 8513.900000000001,
    "pct2ResTime" : 9690.299999999997,
    "pct3ResTime" : 13343.720000000001,
    "throughput" : 2.001220783236942,
    "receivedKBytesPerSec" : 541.6108015626681,
    "sentKBytesPerSec" : 0.8715878028870792
  }
}