{
  "Total" : {
    "transaction" : "Total",
    "sampleCount" : 5190,
    "errorCount" : 9,
    "errorPct" : 0.1734104,
    "meanResTime" : 1012.9672447013463,
    "medianResTime" : 485.0,
    "minResTime" : 223.0,
    "maxResTime" : 64066.0,
    "pct1ResTime" : 1828.7000000000016,
    "pct2ResTime" : 2349.8499999999976,
    "pct3ResTime" : 6056.980000000003,
    "throughput" : 9.77448989969377,
    "receivedKBytesPerSec" : 3040.2526587636585,
    "sentKBytesPerSec" : 4.257064611449901
  },
  "HTTP Request" : {
    "transaction" : "HTTP Request",
    "sampleCount" : 5190,
    "errorCount" : 9,
    "errorPct" : 0.1734104,
    "meanResTime" : 1012.9672447013463,
    "medianResTime" : 485.0,
    "minResTime" : 223.0,
    "maxResTime" : 64066.0,
    "pct1ResTime" : 1828.7000000000016,
    "pct2ResTime" : 2349.8499999999976,
    "pct3ResTime" : 6056.980000000003,
    "throughput" : 9.77448989969377,
    "receivedKBytesPerSec" : 3040.2526587636585,
    "sentKBytesPerSec" : 4.257064611449901
  }
}