{
  "Total" : {
    "transaction" : "Total",
    "sampleCount" : 5262,
    "errorCount" : 0,
    "errorPct" : 0.0,
    "meanResTime" : 293.1613454960088,
    "medianResTime" : 139.0,
    "minResTime" : 6.0,
    "maxResTime" : 52295.0,
    "pct1ResTime" : 631.6999999999998,
    "pct2ResTime" : 893.6999999999989,
    "pct3ResTime" : 1799.9199999999983,
    "throughput" : 33.79662932894872,
    "receivedKBytesPerSec" : 1720.5918303938445,
    "sentKBytesPerSec" : 17.11980623498677
  },
  "HTTP Request" : {
    "transaction" : "HTTP Request",
    "sampleCount" : 5262,
    "errorCount" : 0,
    "errorPct" : 0.0,
    "meanResTime" : 293.1613454960088,
    "medianResTime" : 139.0,
    "minResTime" : 6.0,
    "maxResTime" : 52295.0,
    "pct1ResTime" : 631.6999999999998,
    "pct2ResTime" : 893.6999999999989,
    "pct3ResTime" : 1799.9199999999983,
    "throughput" : 33.79662932894872,
    "receivedKBytesPerSec" : 1720.5918303938445,
    "sentKBytesPerSec" : 17.11980623498677
  }
}