{
  "Total" : {
    "transaction" : "Total",
    "sampleCount" : 735,
    "errorCount" : 0,
    "errorPct" : 0.0,
    "meanResTime" : 576.6870748299318,
    "medianResTime" : 550.0,
    "minResTime" : 175.0,
    "maxResTime" : 3096.0,
    "pct1ResTime" : 812.4,
    "pct2ResTime" : 978.1999999999996,
    "pct3ResTime" : 1816.7999999999993,
    "throughput" : 1.7297047970479704,
    "receivedKBytesPerSec" : 253.1377627320099,
    "sentKBytesPerSec" : 0.7615766303350214
  },
  "HTTP Request" : {
    "transaction" : "HTTP Request",
    "sampleCount" : 735,
    "errorCount" : 0,
    "errorPct" : 0.0,
    "meanResTime" : 576.6870748299318,
    "medianResTime" : 550.0,
    "minResTime" : 175.0,
    "maxResTime" : 3096.0,
    "pct1ResTime" : 812.4,
    "pct2ResTime" : 978.1999999999996,
    "pct3ResTime" : 1816.7999999999993,
    "throughput" : 1.7297047970479704,
    "receivedKBytesPerSec" : 253.1377627320099,
    "sentKBytesPerSec" : 0.7615766303350214
  }
}