{
  "Total" : {
    "transaction" : "Total",
    "sampleCount" : 735,
    "errorCount" : 0,
    "errorPct" : 0.0,
    "meanResTime" : 1100.2585034013614,
    "medianResTime" : 970.0,
    "minResTime" : 184.0,
    "maxResTime" : 4242.0,
    "pct1ResTime" : 1893.6,
    "pct2ResTime" : 2184.7999999999993,
    "pct3ResTime" : 3251.959999999998,
    "throughput" : 8.961993830246426,
    "receivedKBytesPerSec" : 1311.4904301566519,
    "sentKBytesPerSec" : 3.9459016786972794
  },
  "HTTP Request" : {
    "transaction" : "HTTP Request",
    "sampleCount" : 735,
    "errorCount" : 0,
    "errorPct" : 0.0,
    "meanResTime" : 1100.2585034013614,
    "medianResTime" : 970.0,
    "minResTime" : 184.0,
    "maxResTime" : 4242.0,
    "pct1ResTime" : 1893.6,
    "pct2ResTime" : 2184.7999999999993,
    "pct3ResTime" : 3251.959999999998,
    "throughput" : 8.961993830246426,
    "receivedKBytesPerSec" : 1311.4904301566519,
    "sentKBytesPerSec" : 3.9459016786972794
  }
}