{
  "Total" : {
    "transaction" : "Total",
    "sampleCount" : 20,
    "errorCount" : 0,
    "errorPct" : 0.0,
    "meanResTime" : 16294.349999999999,
    "medianResTime" : 13393.5,
    "minResTime" : 1018.0,
    "maxResTime" : 27468.0,
    "pct1ResTime" : 27234.0,
    "pct2ResTime" : 27456.55,
    "pct3ResTime" : 27468.0,
    "throughput" : 0.46771590935665674,
    "receivedKBytesPerSec" : 228.70152380381654,
    "sentKBytesPerSec" : 0.1908317450480578
  },
  "HTTP Request" : {
    "transaction" : "HTTP Request",
    "sampleCount" : 20,
    "errorCount" : 0,
    "errorPct" : 0.0,
    "meanResTime" : 16294.349999999999,
    "medianResTime" : 13393.5,
    "minResTime" : 1018.0,
    "maxResTime" : 27468.0,
    "pct1ResTime" : 27234.0,
    "pct2ResTime" : 27456.55,
    "pct3ResTime" : 27468.0,
    "throughput" : 0.46771590935665674,
    "receivedKBytesPerSec" : 228.70152380381654,
    "sentKBytesPerSec" : 0.1908317450480578
  }
}