{
  "Total" : {
    "transaction" : "Total",
    "sampleCount" : 5191,
    "errorCount" : 1,
    "errorPct" : 0.019264111,
    "meanResTime" : 255.0184935465228,
    "medianResTime" : 145.0,
    "minResTime" : 28.0,
    "maxResTime" : 90045.0,
    "pct1ResTime" : 559.0,
    "pct2ResTime" : 659.3999999999996,
    "pct3ResTime" : 970.0799999999999,
    "throughput" : 38.31194231436311,
    "receivedKBytesPerSec" : 7319.421331671655,
    "sentKBytesPerSec" : 17.20093617613087
  },
  "HTTP Request" : {
    "transaction" : "HTTP Request",
    "sampleCount" : 5191,
    "errorCount" : 1,
    "errorPct" : 0.019264111,
    "meanResTime" : 255.0184935465228,
    "medianResTime" : 145.0,
    "minResTime" : 28.0,
    "maxResTime" : 90045.0,
    "pct1ResTime" : 559.0,
    "pct2ResTime" : 659.3999999999996,
    "pct3ResTime" : 970.0799999999999,
    "throughput" : 38.31194231436311,
    "receivedKBytesPerSec" : 7319.421331671655,
    "sentKBytesPerSec" : 17.20093617613087
  }
}