{
  "Total" : {
    "transaction" : "Total",
    "sampleCount" : 735,
    "errorCount" : 0,
    "errorPct" : 0.0,
    "meanResTime" : 1075.9659863945583,
    "medianResTime" : 1004.0,
    "minResTime" : 189.0,
    "maxResTime" : 3730.0,
    "pct1ResTime" : 1714.0,
    "pct2ResTime" : 1931.3999999999983,
    "pct3ResTime" : 3357.8799999999997,
    "throughput" : 9.165959994014067,
    "receivedKBytesPerSec" : 1341.4110263731793,
    "sentKBytesPerSec" : 4.035706519366988
  },
  "HTTP Request" : {
    "transaction" : "HTTP Request",
    "sampleCount" : 735,
    "errorCount" : 0,
    "errorPct" : 0.0,
    "meanResTime" : 1075.9659863945583,
    "medianResTime" : 1004.0,
    "minResTime" : 189.0,
    "maxResTime" : 3730.0,
    "pct1ResTime" : 1714.0,
    "pct2ResTime" : 1931.3999999999983,
    "pct3ResTime" : 3357.8799999999997,
    "throughput" : 9.165959994014067,
    "receivedKBytesPerSec" : 1341.4110263731793,
    "sentKBytesPerSec" : 4.035706519366988
  }
}