{
  "Total" : {
    "transaction" : "Total",
    "sampleCount" : 22,
    "errorCount" : 0,
    "errorPct" : 0.0,
    "meanResTime" : 23517.136363636368,
    "medianResTime" : 26985.5,
    "minResTime" : 3402.0,
    "maxResTime" : 31564.0,
    "pct1ResTime" : 30972.7,
    "pct2ResTime" : 31495.6,
    "pct3ResTime" : 31564.0,
    "throughput" : 0.35022366556823786,
    "receivedKBytesPerSec" : 45.82373824959804,
    "sentKBytesPerSec" : 0.1441128098285496
  },
  "HTTP Request" : {
    "transaction" : "HTTP Request",
    "sampleCount" : 22,
    "errorCount" : 0,
    "errorPct" : 0.0,
    "meanResTime" : 23517.136363636368,
    "medianResTime" : 26985.5,
    "minResTime" : 3402.0,
    "maxResTime" : 31564.0,
    "pct1ResTime" : 30972.7,
    "pct2ResTime" : 31495.6,
    "pct3ResTime" : 31564.0,
    "throughput" : 0.35022366556823786,
    "receivedKBytesPerSec" : 45.82373824959804,
    "sentKBytesPerSec" : 0.1441128098285496
  }
}