{
  "Total" : {
    "transaction" : "Total",
    "sampleCount" : 735,
    "errorCount" : 0,
    "errorPct" : 0.0,
    "meanResTime" : 25919.05850340139,
    "medianResTime" : 26866.0,
    "minResTime" : 3230.0,
    "maxResTime" : 43784.0,
    "pct1ResTime" : 29616.8,
    "pct2ResTime" : 31738.6,
    "pct3ResTime" : 42253.96,
    "throughput" : 0.3841333585589616,
    "receivedKBytesPerSec" : 71.15045366525287,
    "sentKBytesPerSec" : 0.16350421230319045
  },
  "HTTP Request" : {
    "transaction" : "HTTP Request",
    "sampleCount" : 735,
    "errorCount" : 0,
    "errorPct" : 0.0,
    "meanResTime" : 25919.05850340139,
    "medianResTime" : 26866.0,
    "minResTime" : 3230.0,
    "maxResTime" : 43784.0,
    "pct1ResTime" : 29616.8,
    "pct2ResTime" : 31738.6,
    "pct3ResTime" : 42253.96,
    "throughput" : 0.3841333585589616,
    "receivedKBytesPerSec" : 71.15045366525287,
    "sentKBytesPerSec" : 0.16350421230319045
  }
}