{
  "Total" : {
    "transaction" : "Total",
    "sampleCount" : 30,
    "errorCount" : 0,
    "errorPct" : 0.0,
    "meanResTime" : 14178.533333333333,
    "medianResTime" : 16605.0,
    "minResTime" : 1913.0,
    "maxResTime" : 16866.0,
    "pct1ResTime" : 16850.0,
    "pct2ResTime" : 16861.05,
    "pct3ResTime" : 16866.0,
    "throughput" : 0.5943183168905265,
    "receivedKBytesPerSec" : 16.1095087216213,
    "sentKBytesPerSec" : 0.24302821278576806
  },
  "HTTP Request" : {
    "transaction" : "HTTP Request",
    "sampleCount" : 30,
    "errorCount" : 0,
    "errorPct" : 0.0,
    "meanResTime" : 14178.533333333333,
    "medianResTime" : 16605.0,
    "minResTime" : 1913.0,
    "maxResTime" : 16866.0,
    "pct1ResTime" : 16850.0,
    "pct2ResTime" : 16861.05,
    "pct3ResTime" : 16866.0,
    "throughput" : 0.5943183168905265,
    "receivedKBytesPerSec" : 16.1095087216213,
    "sentKBytesPerSec" : 0.24302821278576806
  }
}