{
  "Total" : {
    "transaction" : "Total",
    "sampleCount" : 22,
    "errorCount" : 0,
    "errorPct" : 0.0,
    "meanResTime" : 23357.63636363636,
    "medianResTime" : 26724.5,
    "minResTime" : 3279.0,
    "maxResTime" : 31016.0,
    "pct1ResTime" : 30976.6,
    "pct2ResTime" : 31010.9,
    "pct3ResTime" : 31016.0,
    "throughput" : 0.35402787164880434,
    "receivedKBytesPerSec" : 46.41172133983457,
    "sentKBytesPerSec" : 0.14567819469923723
  },
  "HTTP Request" : {
    "transaction" : "HTTP Request",
    "sampleCount" : 22,
    "errorCount" : 0,
    "errorPct" : 0.0,
    "meanResTime" : 23357.63636363636,
    "medianResTime" : 26724.5,
    "minResTime" : 3279.0,
    "maxResTime" : 31016.0,
    "pct1ResTime" : 30976.6,
    "pct2ResTime" : 31010.9,
    "pct3ResTime" : 31016.0,
    "throughput" : 0.35402787164880434,
    "receivedKBytesPerSec" : 46.41172133983457,
    "sentKBytesPerSec" : 0.14567819469923723
  }
}