{
  "Total" : {
    "transaction" : "Total",
    "sampleCount" : 198,
    "errorCount" : 0,
    "errorPct" : 0.0,
    "meanResTime" : 126.13636363636365,
    "medianResTime" : 124.0,
    "minResTime" : 38.0,
    "maxResTime" : 254.0,
    "pct1ResTime" : 158.0,
    "pct2ResTime" : 167.0,
    "pct3ResTime" : 247.06999999999994,
    "throughput" : 68.9655172413793,
    "receivedKBytesPerSec" : 56.774642981539536,
    "sentKBytesPerSec" : 33.370477403343784
  },
  "HTTP Request" : {
    "transaction" : "HTTP Request",
    "sampleCount" : 198,
    "errorCount" : 0,
    "errorPct" : 0.0,
    "meanResTime" : 126.13636363636365,
    "medianResTime" : 124.0,
    "minResTime" : 38.0,
    "maxResTime" : 254.0,
    "pct1ResTime" : 158.0,
    "pct2ResTime" : 167.0,
    "pct3ResTime" : 247.06999999999994,
    "throughput" : 68.9655172413793,
    "receivedKBytesPerSec" : 56.774642981539536,
    "sentKBytesPerSec" : 33.370477403343784
  }
}