{
  "qgis310-bigfile": {
    "somap310_fix": {
      "lk.txt": {
        "transaction": "Total",
        "sampleCount": 30,
        "errorCount": 0,
        "errorPct": 0.0,
        "meanResTime": 4562.533333333333,
        "medianResTime": 4885.0,
        "minResTime": 1375.0,
        "maxResTime": 5256.0,
        "pct1ResTime": 5198.2,
        "pct2ResTime": 5240.05,
        "pct3ResTime": 5256.0,
        "throughput": 0.8260139321016547,
        "receivedKBytesPerSec": 22.389817485338252,
        "sentKBytesPerSec": 0.33777301481318317,
        "dashboard": "./results/compare-filesize/20201005-155250/qgis310-bigfile/somap310_fix/lk.txt/dashboard/index.html"
      },
      "av_f.txt": {
        "transaction": "Total",
        "sampleCount": 22,
        "errorCount": 0,
        "errorPct": 0.0,
        "meanResTime": 7617.954545454547,
        "medianResTime": 7961.5,
        "minResTime": 2706.0,
        "maxResTime": 9261.0,
        "pct1ResTime": 8743.4,
        "pct2ResTime": 9186.15,
        "pct3ResTime": 9261.0,
        "throughput": 0.48925855090512826,
        "receivedKBytesPerSec": 64.13947656284748,
        "sentKBytesPerSec": 0.20132398645643373,
        "dashboard": "./results/compare-filesize/20201005-155250/qgis310-bigfile/somap310_fix/av_f.txt/dashboard/index.html"
      },
      "av_sw.txt": {
        "transaction": "Total",
        "sampleCount": 20,
        "errorCount": 0,
        "errorPct": 0.0,
        "meanResTime": 9072.15,
        "medianResTime": 6198.0,
        "minResTime": 2115.0,
        "maxResTime": 21584.0,
        "pct1ResTime": 18975.600000000002,
        "pct2ResTime": 21460.75,
        "pct3ResTime": 21584.0,
        "throughput": 0.4153945209462687,
        "receivedKBytesPerSec": 202.29745622780237,
        "sentKBytesPerSec": 0.16948420981577253,
        "dashboard": "./results/compare-filesize/20201005-155250/qgis310-bigfile/somap310_fix/av_sw.txt/dashboard/index.html"
      }
    }
  },
  "qgis310-smallfile": {
    "somap310_lk": {
      "lk.txt": {
        "transaction": "Total",
        "sampleCount": 30,
        "errorCount": 0,
        "errorPct": 0.0,
        "meanResTime": 186.09999999999997,
        "medianResTime": 203.0,
        "minResTime": 56.0,
        "maxResTime": 252.0,
        "pct1ResTime": 234.5,
        "pct2ResTime": 250.35,
        "pct3ResTime": 252.0,
        "throughput": 16.69449081803005,
        "receivedKBytesPerSec": 452.5185204507513,
        "sentKBytesPerSec": 6.810395798553144,
        "dashboard": "./results/compare-filesize/20201005-155250/qgis310-smallfile/somap310_lk/lk.txt/dashboard/index.html"
      }
    },
    "somap310_grundplanav_farbig": {
      "av_f.txt": {
        "transaction": "Total",
        "sampleCount": 22,
        "errorCount": 0,
        "errorPct": 0.0,
        "meanResTime": 1403.2272727272727,
        "medianResTime": 1422.5,
        "minResTime": 446.0,
        "maxResTime": 2275.0,
        "pct1ResTime": 2056.2,
        "pct2ResTime": 2246.95,
        "pct3ResTime": 2275.0,
        "throughput": 2.5264124942581536,
        "receivedKBytesPerSec": 329.4222984611851,
        "sentKBytesPerSec": 1.076596233348645,
        "dashboard": "./results/compare-filesize/20201005-155250/qgis310-smallfile/somap310_grundplanav_farbig/av_f.txt/dashboard/index.html"
      }
    },
    "somap310_grundplanav_sw": {
      "av_sw.txt": {
        "transaction": "Total",
        "sampleCount": 20,
        "errorCount": 0,
        "errorPct": 0.0,
        "meanResTime": 1456.7,
        "medianResTime": 1344.0,
        "minResTime": 412.0,
        "maxResTime": 2369.0,
        "pct1ResTime": 2333.6,
        "pct2ResTime": 2367.4,
        "pct3ResTime": 2369.0,
        "throughput": 2.4588148512417014,
        "receivedKBytesPerSec": 765.0518368115318,
        "sentKBytesPerSec": 1.0296287189574624,
        "dashboard": "./results/compare-filesize/20201005-155250/qgis310-smallfile/somap310_grundplanav_sw/av_sw.txt/dashboard/index.html"
      }
    }
  }
}