{
  "Total" : {
    "transaction" : "Total",
    "sampleCount" : 149,
    "errorCount" : 0,
    "errorPct" : 0.0,
    "meanResTime" : 107.38255033557043,
    "medianResTime" : 110.0,
    "minResTime" : 4.0,
    "maxResTime" : 201.0,
    "pct1ResTime" : 173.0,
    "pct2ResTime" : 189.0,
    "pct3ResTime" : 200.0,
    "throughput" : 73.98212512413107,
    "receivedKBytesPerSec" : 127.13835184955315,
    "sentKBytesPerSec" : 37.839614883316784
  },
  "HTTP Request" : {
    "transaction" : "HTTP Request",
    "sampleCount" : 149,
    "errorCount" : 0,
    "errorPct" : 0.0,
    "meanResTime" : 107.38255033557043,
    "medianResTime" : 110.0,
    "minResTime" : 4.0,
    "maxResTime" : 201.0,
    "pct1ResTime" : 173.0,
    "pct2ResTime" : 189.0,
    "pct3ResTime" : 200.0,
    "throughput" : 73.98212512413107,
    "receivedKBytesPerSec" : 127.13835184955315,
    "sentKBytesPerSec" : 37.839614883316784
  }
}