{
  "Total" : {
    "transaction" : "Total",
    "sampleCount" : 347,
    "errorCount" : 347,
    "errorPct" : 100.0,
    "meanResTime" : 56873.31700288184,
    "medianResTime" : 34473.0,
    "minResTime" : 32593.0,
    "maxResTime" : 215428.0,
    "pct1ResTime" : 115492.99999999999,
    "pct2ResTime" : 149636.39999999994,
    "pct3ResTime" : 210946.71999999994,
    "throughput" : 0.16839068969332513,
    "receivedKBytesPerSec" : 0.027133265429100238,
    "sentKBytesPerSec" : 0.08079794060491564
  },
  "HTTP Request" : {
    "transaction" : "HTTP Request",
    "sampleCount" : 347,
    "errorCount" : 347,
    "errorPct" : 100.0,
    "meanResTime" : 56873.31700288184,
    "medianResTime" : 34473.0,
    "minResTime" : 32593.0,
    "maxResTime" : 215428.0,
    "pct1ResTime" : 115492.99999999999,
    "pct2ResTime" : 149636.39999999994,
    "pct3ResTime" : 210946.71999999994,
    "throughput" : 0.16839068969332513,
    "receivedKBytesPerSec" : 0.027133265429100238,
    "sentKBytesPerSec" : 0.08079794060491564
  }
}