{
  "Total" : {
    "transaction" : "Total",
    "sampleCount" : 735,
    "errorCount" : 0,
    "errorPct" : 0.0,
    "meanResTime" : 839.9034013605435,
    "medianResTime" : 721.0,
    "minResTime" : 178.0,
    "maxResTime" : 4863.0,
    "pct1ResTime" : 1308.1999999999998,
    "pct2ResTime" : 1607.0,
    "pct3ResTime" : 4156.479999999999,
    "throughput" : 11.726041384151497,
    "receivedKBytesPerSec" : 1716.0668952712945,
    "sentKBytesPerSec" : 5.162892014725355
  },
  "HTTP Request" : {
    "transaction" : "HTTP Request",
    "sampleCount" : 735,
    "errorCount" : 0,
    "errorPct" : 0.0,
    "meanResTime" : 839.9034013605435,
    "medianResTime" : 721.0,
    "minResTime" : 178.0,
    "maxResTime" : 4863.0,
    "pct1ResTime" : 1308.1999999999998,
    "pct2ResTime" : 1607.0,
    "pct3ResTime" : 4156.479999999999,
    "throughput" : 11.726041384151497,
    "receivedKBytesPerSec" : 1716.0668952712945,
    "sentKBytesPerSec" : 5.162892014725355
  }
}