{
  "Total" : {
    "transaction" : "Total",
    "sampleCount" : 22,
    "errorCount" : 0,
    "errorPct" : 0.0,
    "meanResTime" : 17639.63636363636,
    "medianResTime" : 2986.0,
    "minResTime" : 222.0,
    "maxResTime" : 86509.0,
    "pct1ResTime" : 86063.8,
    "pct2ResTime" : 86479.3,
    "pct3ResTime" : 86509.0,
    "throughput" : 0.2433520640679616,
    "receivedKBytesPerSec" : 29.565569035938676,
    "sentKBytesPerSec" : 0.10702824266625371
  },
  "HTTP Request" : {
    "transaction" : "HTTP Request",
    "sampleCount" : 22,
    "errorCount" : 0,
    "errorPct" : 0.0,
    "meanResTime" : 17639.63636363636,
    "medianResTime" : 2986.0,
    "minResTime" : 222.0,
    "maxResTime" : 86509.0,
    "pct1ResTime" : 86063.8,
    "pct2ResTime" : 86479.3,
    "pct3ResTime" : 86509.0,
    "throughput" : 0.2433520640679616,
    "receivedKBytesPerSec" : 29.565569035938676,
    "sentKBytesPerSec" : 0.10702824266625371
  }
}