{
  "Total" : {
    "transaction" : "Total",
    "sampleCount" : 20,
    "errorCount" : 0,
    "errorPct" : 0.0,
    "meanResTime" : 697.5500000000001,
    "medianResTime" : 483.0,
    "minResTime" : 214.0,
    "maxResTime" : 2566.0,
    "pct1ResTime" : 1392.1000000000001,
    "pct2ResTime" : 2507.649999999999,
    "pct3ResTime" : 2566.0,
    "throughput" : 1.4280614066404855,
    "receivedKBytesPerSec" : 444.3376110094609,
    "sentKBytesPerSec" : 0.5980007140307033
  },
  "HTTP Request" : {
    "transaction" : "HTTP Request",
    "sampleCount" : 20,
    "errorCount" : 0,
    "errorPct" : 0.0,
    "meanResTime" : 697.5500000000001,
    "medianResTime" : 483.0,
    "minResTime" : 214.0,
    "maxResTime" : 2566.0,
    "pct1ResTime" : 1392.1000000000001,
    "pct2ResTime" : 2507.649999999999,
    "pct3ResTime" : 2566.0,
    "throughput" : 1.4280614066404855,
    "receivedKBytesPerSec" : 444.3376110094609,
    "sentKBytesPerSec" : 0.5980007140307033
  }
}