{
  "Total" : {
    "transaction" : "Total",
    "sampleCount" : 20,
    "errorCount" : 0,
    "errorPct" : 0.0,
    "meanResTime" : 19066.749999999996,
    "medianResTime" : 19992.5,
    "minResTime" : 4508.0,
    "maxResTime" : 27398.0,
    "pct1ResTime" : 27189.8,
    "pct2ResTime" : 27387.85,
    "pct3ResTime" : 27398.0,
    "throughput" : 0.4023740066391711,
    "receivedKBytesPerSec" : 195.95608229177145,
    "sentKBytesPerSec" : 0.1641717382557087
  },
  "HTTP Request" : {
    "transaction" : "HTTP Request",
    "sampleCount" : 20,
    "errorCount" : 0,
    "errorPct" : 0.0,
    "meanResTime" : 19066.749999999996,
    "medianResTime" : 19992.5,
    "minResTime" : 4508.0,
    "maxResTime" : 27398.0,
    "pct1ResTime" : 27189.8,
    "pct2ResTime" : 27387.85,
    "pct3ResTime" : 27398.0,
    "throughput" : 0.4023740066391711,
    "receivedKBytesPerSec" : 195.95608229177145,
    "sentKBytesPerSec" : 0.1641717382557087
  }
}