{
  "Total" : {
    "transaction" : "Total",
    "sampleCount" : 5190,
    "errorCount" : 0,
    "errorPct" : 0.0,
    "meanResTime" : 5863.401734104035,
    "medianResTime" : 5731.0,
    "minResTime" : 2169.0,
    "maxResTime" : 22604.0,
    "pct1ResTime" : 8341.900000000001,
    "pct2ResTime" : 9536.45,
    "pct3ResTime" : 13170.630000000001,
    "throughput" : 2.0435428181282327,
    "receivedKBytesPerSec" : 553.0751796460921,
    "sentKBytesPerSec" : 0.8900202365863464
  },
  "HTTP Request" : {
    "transaction" : "HTTP Request",
    "sampleCount" : 5190,
    "errorCount" : 0,
    "errorPct" : 0.0,
    "meanResTime" : 5863.401734104035,
    "medianResTime" : 5731.0,
    "minResTime" : 2169.0,
    "maxResTime" : 22604.0,
    "pct1ResTime" : 8341.900000000001,
    "pct2ResTime" : 9536.45,
    "pct3ResTime" : 13170.630000000001,
    "throughput" : 2.0435428181282327,
    "receivedKBytesPerSec" : 553.0751796460921,
    "sentKBytesPerSec" : 0.8900202365863464
  }
}