{
  "qgis218": {
    "somap218_lk": {
      "lk_big.txt": {
        "transaction": "Total",
        "sampleCount": 5262,
        "errorCount": 0,
        "errorPct": 0.0,
        "meanResTime": 261.8641201064232,
        "medianResTime": 138.0,
        "minResTime": 5.0,
        "maxResTime": 2785.0,
        "pct1ResTime": 692.6999999999998,
        "pct2ResTime": 984.6999999999989,
        "pct3ResTime": 1718.8499999999995,
        "throughput": 37.86537714261042,
        "receivedKBytesPerSec": 1927.6013894585724,
        "sentKBytesPerSec": 19.180845325925045,
        "responseSizeMB": 261.6,
        "memMaxMB": 5731.2,
        "memAvgMB": 4329.3,
        "memMinMB": 2733.6,
        "cpuMax%": 99.6,
        "cpuAvg%": 97.5,
        "cpuMin%": 16.2,
        "dashboard": "results/details/compare-major/20201111-055023/qgis218/somap218_lk/lk_big.txt/dashboard/index.html",
        "tests duration": 145.0,
        "warmup duration": 9.6
      }
    },
    "somap218_grundplanav_farbig": {
      "av_f_big.txt": {
        "transaction": "Total",
        "sampleCount": 735,
        "errorCount": 0,
        "errorPct": 0.0,
        "meanResTime": 852.8503401360531,
        "medianResTime": 675.0,
        "minResTime": 225.0,
        "maxResTime": 9059.0,
        "pct1ResTime": 1465.8,
        "pct2ResTime": 1692.1999999999998,
        "pct3ResTime": 3204.8399999999983,
        "throughput": 11.507209619087877,
        "receivedKBytesPerSec": 2014.527790987585,
        "sentKBytesPerSec": 5.066541956303916,
        "responseSizeMB": 125.7,
        "memMaxMB": 4710.8,
        "memAvgMB": 4295.4,
        "memMinMB": 3702.8,
        "cpuMax%": 99.6,
        "cpuAvg%": 95.6,
        "cpuMin%": 18.2,
        "dashboard": "results/details/compare-major/20201111-055023/qgis218/somap218_grundplanav_farbig/av_f_big.txt/dashboard/index.html",
        "tests duration": 69.6,
        "warmup duration": 7.9
      }
    },
    "somap218_grundplanav_sw": {
      "av_sw_big.txt": {
        "transaction": "Total",
        "sampleCount": 5190,
        "errorCount": 0,
        "errorPct": 0.0,
        "meanResTime": 963.4315992292865,
        "medianResTime": 582.0,
        "minResTime": 216.0,
        "maxResTime": 16954.0,
        "pct1ResTime": 2183.7000000000016,
        "pct2ResTime": 2651.45,
        "pct3ResTime": 5161.260000000017,
        "throughput": 10.274664143203873,
        "receivedKBytesPerSec": 3200.351832853338,
        "sentKBytesPerSec": 4.47490452877104,
        "responseSizeMB": 1578.7,
        "memMaxMB": 8341.8,
        "memAvgMB": 7286.7,
        "memMinMB": 4067.8,
        "cpuMax%": 99.9,
        "cpuAvg%": 98.2,
        "cpuMin%": 13.5,
        "dashboard": "results/details/compare-major/20201111-055023/qgis218/somap218_grundplanav_sw/av_sw_big.txt/dashboard/index.html",
        "tests duration": 511.2,
        "warmup duration": 0.9
      }
    }
  },
  "qgis310": {
    "somap310_lk": {
      "lk_big.txt": {
        "transaction": "Total",
        "sampleCount": 5262,
        "errorCount": 0,
        "errorPct": 0.0,
        "meanResTime": 361.43576586849105,
        "medianResTime": 181.5,
        "minResTime": 31.0,
        "maxResTime": 4018.0,
        "pct1ResTime": 891.6999999999998,
        "pct2ResTime": 1189.8499999999995,
        "pct3ResTime": 1810.37,
        "throughput": 27.401968442430867,
        "receivedKBytesPerSec": 1297.1073092827291,
        "sentKBytesPerSec": 13.88056736740353,
        "responseSizeMB": 243.2,
        "memMaxMB": 5920.7,
        "memAvgMB": 4010.9,
        "memMinMB": 2854.3,
        "cpuMax%": 85.1,
        "cpuAvg%": 73.0,
        "cpuMin%": 17.2,
        "dashboard": "results/details/compare-major/20201111-055023/qgis310/somap310_lk/lk_big.txt/dashboard/index.html",
        "tests duration": 198.1,
        "warmup duration": 13.5
      }
    },
    "somap310_grundplanav_farbig": {
      "av_f_big.txt": {
        "transaction": "Total",
        "sampleCount": 735,
        "errorCount": 0,
        "errorPct": 0.0,
        "meanResTime": 1053.3469387755108,
        "medianResTime": 974.0,
        "minResTime": 201.0,
        "maxResTime": 3797.0,
        "pct1ResTime": 1760.4,
        "pct2ResTime": 1973.3999999999978,
        "pct3ResTime": 2578.72,
        "throughput": 9.320196294746452,
        "receivedKBytesPerSec": 1364.3354188857609,
        "sentKBytesPerSec": 4.103615657612761,
        "responseSizeMB": 105.1,
        "memMaxMB": 5159.7,
        "memAvgMB": 4535.7,
        "memMinMB": 3360.0,
        "cpuMax%": 95.0,
        "cpuAvg%": 73.3,
        "cpuMin%": 25.4,
        "dashboard": "results/details/compare-major/20201111-055023/qgis310/somap310_grundplanav_farbig/av_f_big.txt/dashboard/index.html",
        "tests duration": 84.6,
        "warmup duration": 11.2
      }
    },
    "somap310_grundplanav_sw": {
      "av_sw_big.txt": {
        "transaction": "Total",
        "sampleCount": 5190,
        "errorCount": 0,
        "errorPct": 0.0,
        "meanResTime": 1016.926396917145,
        "medianResTime": 841.5,
        "minResTime": 182.0,
        "maxResTime": 9220.0,
        "pct1ResTime": 1858.9000000000005,
        "pct2ResTime": 2368.45,
        "pct3ResTime": 3348.150000000005,
        "throughput": 9.778007208218801,
        "receivedKBytesPerSec": 2647.46391438156,
        "sentKBytesPerSec": 4.258596498003892,
        "responseSizeMB": 1372.3,
        "memMaxMB": 8300.9,
        "memAvgMB": 6874.0,
        "memMinMB": 4068.4,
        "cpuMax%": 89.9,
        "cpuAvg%": 73.6,
        "cpuMin%": 14.8,
        "dashboard": "results/details/compare-major/20201111-055023/qgis310/somap310_grundplanav_sw/av_sw_big.txt/dashboard/index.html",
        "tests duration": 536.9,
        "warmup duration": 0.2
      }
    }
  },
  "qgis314": {
    "somap314_lk": {
      "lk_big.txt": {
        "transaction": "Total",
        "sampleCount": 5262,
        "errorCount": 0,
        "errorPct": 0.0,
        "meanResTime": 366.2939946788293,
        "medianResTime": 207.0,
        "minResTime": 36.0,
        "maxResTime": 3320.0,
        "pct1ResTime": 863.0,
        "pct2ResTime": 1140.0,
        "pct3ResTime": 1861.9599999999991,
        "throughput": 26.96290678786823,
        "receivedKBytesPerSec": 1275.7326573124458,
        "sentKBytesPerSec": 13.658159079933078,
        "responseSizeMB": 243.1,
        "memMaxMB": 5852.9,
        "memAvgMB": 3993.1,
        "memMinMB": 2921.4,
        "cpuMax%": 92.5,
        "cpuAvg%": 73.6,
        "cpuMin%": 18.0,
        "dashboard": "results/details/compare-major/20201111-055023/qgis314/somap314_lk/lk_big.txt/dashboard/index.html",
        "tests duration": 201.5,
        "warmup duration": 11.8
      }
    },
    "somap314_grundplanav_farbig": {
      "av_f_big.txt": {
        "transaction": "Total",
        "sampleCount": 735,
        "errorCount": 0,
        "errorPct": 0.0,
        "meanResTime": 1076.9673469387742,
        "medianResTime": 977.0,
        "minResTime": 198.0,
        "maxResTime": 4134.0,
        "pct1ResTime": 1827.0,
        "pct2ResTime": 2041.1999999999998,
        "pct3ResTime": 2897.2,
        "throughput": 9.17568630388375,
        "receivedKBytesPerSec": 1343.1343619699014,
        "sentKBytesPerSec": 4.0399889439222,
        "responseSizeMB": 105.1,
        "memMaxMB": 5223.9,
        "memAvgMB": 4550.4,
        "memMinMB": 3133.5,
        "cpuMax%": 97.5,
        "cpuAvg%": 73.4,
        "cpuMin%": 24.6,
        "dashboard": "results/details/compare-major/20201111-055023/qgis314/somap314_grundplanav_farbig/av_f_big.txt/dashboard/index.html",
        "tests duration": 85.6,
        "warmup duration": 0.2
      }
    },
    "somap314_grundplanav_sw": {
      "av_sw_big.txt": {
        "transaction": "Total",
        "sampleCount": 5190,
        "errorCount": 0,
        "errorPct": 0.0,
        "meanResTime": 1039.854720616577,
        "medianResTime": 881.0,
        "minResTime": 192.0,
        "maxResTime": 6660.0,