{
  "Total" : {
    "transaction" : "Total",
    "sampleCount" : 735,
    "errorCount" : 0,
    "errorPct" : 0.0,
    "meanResTime" : 858.8789115646263,
    "medianResTime" : 792.0,
    "minResTime" : 205.0,
    "maxResTime" : 3484.0,
    "pct1ResTime" : 1349.8,
    "pct2ResTime" : 1622.3999999999996,
    "pct3ResTime" : 2857.7599999999993,
    "throughput" : 11.481683980317113,
    "receivedKBytesPerSec" : 1680.3202404953918,
    "sentKBytesPerSec" : 5.055303200421776
  },
  "HTTP Request" : {
    "transaction" : "HTTP Request",
    "sampleCount" : 735,
    "errorCount" : 0,
    "errorPct" : 0.0,
    "meanResTime" : 858.8789115646263,
    "medianResTime" : 792.0,
    "minResTime" : 205.0,
    "maxResTime" : 3484.0,
    "pct1ResTime" : 1349.8,
    "pct2ResTime" : 1622.3999999999996,
    "pct3ResTime" : 2857.7599999999993,
    "throughput" : 11.481683980317113,
    "receivedKBytesPerSec" : 1680.3202404953918,
    "sentKBytesPerSec" : 5.055303200421776
  }
}