{
  "Total" : {
    "transaction" : "Total",
    "sampleCount" : 20,
    "errorCount" : 0,
    "errorPct" : 0.0,
    "meanResTime" : 19098.75,
    "medianResTime" : 20131.0,
    "minResTime" : 2470.0,
    "maxResTime" : 27423.0,
    "pct1ResTime" : 27070.3,
    "pct2ResTime" : 27405.5,
    "pct3ResTime" : 27423.0,
    "throughput" : 0.4025521808264396,
    "receivedKBytesPerSec" : 196.0437965765453,
    "sentKBytesPerSec" : 0.16424443471610006
  },
  "HTTP Request" : {
    "transaction" : "HTTP Request",
    "sampleCount" : 20,
    "errorCount" : 0,
    "errorPct" : 0.0,
    "meanResTime" : 19098.75,
    "medianResTime" : 20131.0,
    "minResTime" : 2470.0,
    "maxResTime" : 27423.0,
    "pct1ResTime" : 27070.3,
    "pct2ResTime" : 27405.5,
    "pct3ResTime" : 27423.0,
    "throughput" : 0.4025521808264396,
    "receivedKBytesPerSec" : 196.0437965765453,
    "sentKBytesPerSec" : 0.16424443471610006
  }
}