{
  "Total" : {
    "transaction" : "Total",
    "sampleCount" : 30,
    "errorCount" : 0,
    "errorPct" : 0.0,
    "meanResTime" : 379.7333333333333,
    "medianResTime" : 162.0,
    "minResTime" : 132.0,
    "maxResTime" : 1168.0,
    "pct1ResTime" : 1151.8,
    "pct2ResTime" : 1163.6,
    "pct3ResTime" : 1168.0,
    "throughput" : 15.881418740074114,
    "receivedKBytesPerSec" : 431.02749470619375,
    "sentKBytesPerSec" : 6.478708973001588
  },
  "HTTP Request" : {
    "transaction" : "HTTP Request",
    "sampleCount" : 30,
    "errorCount" : 0,
    "errorPct" : 0.0,
    "meanResTime" : 379.7333333333333,
    "medianResTime" : 162.0,
    "minResTime" : 132.0,
    "maxResTime" : 1168.0,
    "pct1ResTime" : 1151.8,
    "pct2ResTime" : 1163.6,
    "pct3ResTime" : 1168.0,
    "throughput" : 15.881418740074114,
    "receivedKBytesPerSec" : 431.02749470619375,
    "sentKBytesPerSec" : 6.478708973001588
  }
}