{
  "Total" : {
    "transaction" : "Total",
    "sampleCount" : 30,
    "errorCount" : 0,
    "errorPct" : 0.0,
    "meanResTime" : 20243.9,
    "medianResTime" : 23601.5,
    "minResTime" : 2927.0,
    "maxResTime" : 24243.0,
    "pct1ResTime" : 23916.5,
    "pct2ResTime" : 24097.8,
    "pct3ResTime" : 24243.0,
    "throughput" : 0.4160483725574493,
    "receivedKBytesPerSec" : 11.274910896306878,
    "sentKBytesPerSec" : 0.1701301971375872
  },
  "HTTP Request" : {
    "transaction" : "HTTP Request",
    "sampleCount" : 30,
    "errorCount" : 0,
    "errorPct" : 0.0,
    "meanResTime" : 20243.9,
    "medianResTime" : 23601.5,
    "minResTime" : 2927.0,
    "maxResTime" : 24243.0,
    "pct1ResTime" : 23916.5,
    "pct2ResTime" : 24097.8,
    "pct3ResTime" : 24243.0,
    "throughput" : 0.4160483725574493,
    "receivedKBytesPerSec" : 11.274910896306878,
    "sentKBytesPerSec" : 0.1701301971375872
  }
}