{
  "Total" : {
    "transaction" : "Total",
    "sampleCount" : 5190,
    "errorCount" : 0,
    "errorPct" : 0.0,
    "meanResTime" : 904.7235067437374,
    "medianResTime" : 746.0,
    "minResTime" : 191.0,
    "maxResTime" : 8827.0,
    "pct1ResTime" : 1619.800000000001,
    "pct2ResTime" : 2031.249999999999,
    "pct3ResTime" : 2959.170000000002,
    "throughput" : 10.97871314251385,
    "receivedKBytesPerSec" : 2971.3271910194285,
    "sentKBytesPerSec" : 4.781537622717263
  },
  "HTTP Request" : {
    "transaction" : "HTTP Request",
    "sampleCount" : 5190,
    "errorCount" : 0,
    "errorPct" : 0.0,
    "meanResTime" : 904.7235067437374,
    "medianResTime" : 746.0,
    "minResTime" : 191.0,
    "maxResTime" : 8827.0,
    "pct1ResTime" : 1619.800000000001,
    "pct2ResTime" : 2031.249999999999,
    "pct3ResTime" : 2959.170000000002,
    "throughput" : 10.97871314251385,
    "receivedKBytesPerSec" : 2971.3271910194285,
    "sentKBytesPerSec" : 4.781537622717263
  }
}