{
  "Total" : {
    "transaction" : "Total",
    "sampleCount" : 20,
    "errorCount" : 0,
    "errorPct" : 0.0,
    "meanResTime" : 618.4,
    "medianResTime" : 378.5,
    "minResTime" : 218.0,
    "maxResTime" : 2346.0,
    "pct1ResTime" : 1320.3000000000004,
    "pct2ResTime" : 2295.5999999999995,
    "pct3ResTime" : 2346.0,
    "throughput" : 1.6103059581320451,
    "receivedKBytesPerSec" : 501.04292471819645,
    "sentKBytesPerSec" : 0.6743156199677939
  },
  "HTTP Request" : {
    "transaction" : "HTTP Request",
    "sampleCount" : 20,
    "errorCount" : 0,
    "errorPct" : 0.0,
    "meanResTime" : 618.4,
    "medianResTime" : 378.5,
    "minResTime" : 218.0,
    "maxResTime" : 2346.0,
    "pct1ResTime" : 1320.3000000000004,
    "pct2ResTime" : 2295.5999999999995,
    "pct3ResTime" : 2346.0,
    "throughput" : 1.6103059581320451,
    "receivedKBytesPerSec" : 501.04292471819645,
    "sentKBytesPerSec" : 0.6743156199677939
  }
}