{
  "Total" : {
    "transaction" : "Total",
    "sampleCount" : 735,
    "errorCount" : 0,
    "errorPct" : 0.0,
    "meanResTime" : 924.3102040816327,
    "medianResTime" : 812.0,
    "minResTime" : 172.0,
    "maxResTime" : 4927.0,
    "pct1ResTime" : 1503.4,
    "pct2ResTime" : 1744.999999999999,
    "pct3ResTime" : 4180.719999999999,
    "throughput" : 10.695887540382433,
    "receivedKBytesPerSec" : 1565.3018439037078,
    "sentKBytesPerSec" : 4.709322657455106
  },
  "HTTP Request" : {
    "transaction" : "HTTP Request",
    "sampleCount" : 735,
    "errorCount" : 0,
    "errorPct" : 0.0,
    "meanResTime" : 924.3102040816327,
    "medianResTime" : 812.0,
    "minResTime" : 172.0,
    "maxResTime" : 4927.0,
    "pct1ResTime" : 1503.4,
    "pct2ResTime" : 1744.999999999999,
    "pct3ResTime" : 4180.719999999999,
    "throughput" : 10.695887540382433,
    "receivedKBytesPerSec" : 1565.3018439037078,
    "sentKBytesPerSec" : 4.709322657455106
  }
}