{
  "Total" : {
    "transaction" : "Total",
    "sampleCount" : 735,
    "errorCount" : 0,
    "errorPct" : 0.0,
    "meanResTime" : 768.3496598639459,
    "medianResTime" : 772.0,
    "minResTime" : 125.0,
    "maxResTime" : 2187.0,
    "pct1ResTime" : 1151.4,
    "pct2ResTime" : 1244.3999999999999,
    "pct3ResTime" : 1442.56,
    "throughput" : 12.784609765006698,
    "receivedKBytesPerSec" : 1770.7459102294272,
    "sentKBytesPerSec" : 5.7787917347932725
  },
  "HTTP Request" : {
    "transaction" : "HTTP Request",
    "sampleCount" : 735,
    "errorCount" : 0,
    "errorPct" : 0.0,
    "meanResTime" : 768.3496598639459,
    "medianResTime" : 772.0,
    "minResTime" : 125.0,
    "maxResTime" : 2187.0,
    "pct1ResTime" : 1151.4,
    "pct2ResTime" : 1244.3999999999999,
    "pct3ResTime" : 1442.56,
    "throughput" : 12.784609765006698,
    "receivedKBytesPerSec" : 1770.7459102294272,
    "sentKBytesPerSec" : 5.7787917347932725
  }
}