{
  "Total" : {
    "transaction" : "Total",
    "sampleCount" : 5190,
    "errorCount" : 0,
    "errorPct" : 0.0,
    "meanResTime" : 868.1131021194631,
    "medianResTime" : 712.0,
    "minResTime" : 175.0,
    "maxResTime" : 6283.0,
    "pct1ResTime" : 1566.0,
    "pct2ResTime" : 1956.1499999999987,
    "pct3ResTime" : 2991.09,
    "throughput" : 11.44520525288611,
    "receivedKBytesPerSec" : 3097.6211922536745,
    "sentKBytesPerSec" : 4.984708025977749
  },
  "HTTP Request" : {
    "transaction" : "HTTP Request",
    "sampleCount" : 5190,
    "errorCount" : 0,
    "errorPct" : 0.0,
    "meanResTime" : 868.1131021194631,
    "medianResTime" : 712.0,
    "minResTime" : 175.0,
    "maxResTime" : 6283.0,
    "pct1ResTime" : 1566.0,
    "pct2ResTime" : 1956.1499999999987,
    "pct3ResTime" : 2991.09,
    "throughput" : 11.44520525288611,
    "receivedKBytesPerSec" : 3097.6211922536745,
    "sentKBytesPerSec" : 4.984708025977749
  }
}