{
  "Total" : {
    "transaction" : "Total",
    "sampleCount" : 5190,
    "errorCount" : 0,
    "errorPct" : 0.0,
    "meanResTime" : 850.3888246628122,
    "medianResTime" : 693.0,
    "minResTime" : 182.0,
    "maxResTime" : 8666.0,
    "pct1ResTime" : 1532.5000000000027,
    "pct2ResTime" : 1931.4499999999998,
    "pct3ResTime" : 2840.9400000000096,
    "throughput" : 11.686241308498758,
    "receivedKBytesPerSec" : 3162.8079424503276,
    "sentKBytesPerSec" : 5.089685991371546
  },
  "HTTP Request" : {
    "transaction" : "HTTP Request",
    "sampleCount" : 5190,
    "errorCount" : 0,
    "errorPct" : 0.0,
    "meanResTime" : 850.3888246628122,
    "medianResTime" : 693.0,
    "minResTime" : 182.0,
    "maxResTime" : 8666.0,
    "pct1ResTime" : 1532.5000000000027,
    "pct2ResTime" : 1931.4499999999998,
    "pct3ResTime" : 2840.9400000000096,
    "throughput" : 11.686241308498758,
    "receivedKBytesPerSec" : 3162.8079424503276,
    "sentKBytesPerSec" : 5.089685991371546
  }
}