{
  "Total" : {
    "transaction" : "Total",
    "sampleCount" : 20,
    "errorCount" : 0,
    "errorPct" : 0.0,
    "meanResTime" : 743.3500000000001,
    "medianResTime" : 548.0,
    "minResTime" : 193.0,
    "maxResTime" : 2356.0,
    "pct1ResTime" : 1644.0000000000005,
    "pct2ResTime" : 2321.2999999999993,
    "pct3ResTime" : 2356.0,
    "throughput" : 1.339764201500536,
    "receivedKBytesPerSec" : 416.8630520247186,
    "sentKBytesPerSec" : 0.5610262593783494
  },
  "HTTP Request" : {
    "transaction" : "HTTP Request",
    "sampleCount" : 20,
    "errorCount" : 0,
    "errorPct" : 0.0,
    "meanResTime" : 743.3500000000001,
    "medianResTime" : 548.0,
    "minResTime" : 193.0,
    "maxResTime" : 2356.0,
    "pct1ResTime" : 1644.0000000000005,
    "pct2ResTime" : 2321.2999999999993,
    "pct3ResTime" : 2356.0,
    "throughput" : 1.339764201500536,
    "receivedKBytesPerSec" : 416.8630520247186,
    "sentKBytesPerSec" : 0.5610262593783494
  }
}