{
  "Total" : {
    "transaction" : "Total",
    "sampleCount" : 22,
    "errorCount" : 0,
    "errorPct" : 0.0,
    "meanResTime" : 2829.409090909091,
    "medianResTime" : 2997.5,
    "minResTime" : 1057.0,
    "maxResTime" : 3985.0,
    "pct1ResTime" : 3920.7,
    "pct2ResTime" : 3977.65,
    "pct3ResTime" : 3985.0,
    "throughput" : 2.8343210512754444,
    "receivedKBytesPerSec" : 369.5968238694924,
    "sentKBytesPerSec" : 1.2078072661685133
  },
  "HTTP Request" : {
    "transaction" : "HTTP Request",
    "sampleCount" : 22,
    "errorCount" : 0,
    "errorPct" : 0.0,
    "meanResTime" : 2829.409090909091,
    "medianResTime" : 2997.5,
    "minResTime" : 1057.0,
    "maxResTime" : 3985.0,
    "pct1ResTime" : 3920.7,
    "pct2ResTime" : 3977.65,
    "pct3ResTime" : 3985.0,
    "throughput" : 2.8343210512754444,
    "receivedKBytesPerSec" : 369.5968238694924,
    "sentKBytesPerSec" : 1.2078072661685133
  }
}