{
  "Total" : {
    "transaction" : "Total",
    "sampleCount" : 5191,
    "errorCount" : 1,
    "errorPct" : 0.019264111,
    "meanResTime" : 633.9081101907133,
    "medianResTime" : 351.0,
    "minResTime" : 15.0,
    "maxResTime" : 20702.0,
    "pct1ResTime" : 1089.8000000000002,
    "pct2ResTime" : 1883.9999999999964,
    "pct3ResTime" : 8003.959999999999,
    "throughput" : 15.652656368258064,
    "receivedKBytesPerSec" : 4177.141688898555,
    "sentKBytesPerSec" : 7.058154298789037
  },
  "HTTP Request" : {
    "transaction" : "HTTP Request",
    "sampleCount" : 5191,
    "errorCount" : 1,
    "errorPct" : 0.019264111,
    "meanResTime" : 633.9081101907133,
    "medianResTime" : 351.0,
    "minResTime" : 15.0,
    "maxResTime" : 20702.0,
    "pct1ResTime" : 1089.8000000000002,
    "pct2ResTime" : 1883.9999999999964,
    "pct3ResTime" : 8003.959999999999,
    "throughput" : 15.652656368258064,
    "receivedKBytesPerSec" : 4177.141688898555,
    "sentKBytesPerSec" : 7.058154298789037
  }
}