{
  "Total" : {
    "transaction" : "Total",
    "sampleCount" : 30,
    "errorCount" : 0,
    "errorPct" : 0.0,
    "meanResTime" : 95.80000000000001,
    "medianResTime" : 90.5,
    "minResTime" : 54.0,
    "maxResTime" : 250.0,
    "pct1ResTime" : 102.80000000000001,
    "pct2ResTime" : 176.8499999999999,
    "pct3ResTime" : 250.0,
    "throughput" : 10.263427984946972,
    "receivedKBytesPerSec" : 278.1990356654122,
    "sentKBytesPerSec" : 4.1868906089633935
  },
  "HTTP Request" : {
    "transaction" : "HTTP Request",
    "sampleCount" : 30,
    "errorCount" : 0,
    "errorPct" : 0.0,
    "meanResTime" : 95.80000000000001,
    "medianResTime" : 90.5,
    "minResTime" : 54.0,
    "maxResTime" : 250.0,
    "pct1ResTime" : 102.80000000000001,
    "pct2ResTime" : 176.8499999999999,
    "pct3ResTime" : 250.0,
    "throughput" : 10.263427984946972,
    "receivedKBytesPerSec" : 278.1990356654122,
    "sentKBytesPerSec" : 4.1868906089633935
  }
}