{
  "Total" : {
    "transaction" : "Total",
    "sampleCount" : 30,
    "errorCount" : 0,
    "errorPct" : 0.0,
    "meanResTime" : 619.0666666666666,
    "medianResTime" : 531.5,
    "minResTime" : 476.0,
    "maxResTime" : 1004.0,
    "pct1ResTime" : 948.3000000000001,
    "pct2ResTime" : 975.9499999999999,
    "pct3ResTime" : 1004.0,
    "throughput" : 12.484394506866415,
    "receivedKBytesPerSec" : 338.30270755305867,
    "sentKBytesPerSec" : 5.092917707032876
  },
  "HTTP Request" : {
    "transaction" : "HTTP Request",
    "sampleCount" : 30,
    "errorCount" : 0,
    "errorPct" : 0.0,
    "meanResTime" : 619.0666666666666,
    "medianResTime" : 531.5,
    "minResTime" : 476.0,
    "maxResTime" : 1004.0,
    "pct1ResTime" : 948.3000000000001,
    "pct2ResTime" : 975.9499999999999,
    "pct3ResTime" : 1004.0,
    "throughput" : 12.484394506866415,
    "receivedKBytesPerSec" : 338.30270755305867,
    "sentKBytesPerSec" : 5.092917707032876
  }
}