{
  "Total" : {
    "transaction" : "Total",
    "sampleCount" : 30,
    "errorCount" : 0,
    "errorPct" : 0.0,
    "meanResTime" : 315.99999999999994,
    "medianResTime" : 323.0,
    "minResTime" : 178.0,
    "maxResTime" : 453.0,
    "pct1ResTime" : 395.70000000000005,
    "pct2ResTime" : 438.15,
    "pct3ResTime" : 453.0,
    "throughput" : 20.463847203274216,
    "receivedKBytesPerSec" : 554.6701803376535,
    "sentKBytesPerSec" : 8.348077251023193
  },
  "HTTP Request" : {
    "transaction" : "HTTP Request",
    "sampleCount" : 30,
    "errorCount" : 0,
    "errorPct" : 0.0,
    "meanResTime" : 315.99999999999994,
    "medianResTime" : 323.0,
    "minResTime" : 178.0,
    "maxResTime" : 453.0,
    "pct1ResTime" : 395.70000000000005,
    "pct2ResTime" : 438.15,
    "pct3ResTime" : 453.0,
    "throughput" : 20.463847203274216,
    "receivedKBytesPerSec" : 554.6701803376535,
    "sentKBytesPerSec" : 8.348077251023193
  }
}