{
  "Total" : {
    "transaction" : "Total",
    "sampleCount" : 735,
    "errorCount" : 0,
    "errorPct" : 0.0,
    "meanResTime" : 1080.8027210884356,
    "medianResTime" : 944.0,
    "minResTime" : 187.0,
    "maxResTime" : 4652.0,
    "pct1ResTime" : 1889.6,
    "pct2ResTime" : 2109.3999999999996,
    "pct3ResTime" : 3156.5599999999995,
    "throughput" : 9.129414102771118,
    "receivedKBytesPerSec" : 1336.0554871000447,
    "sentKBytesPerSec" : 4.019615625271709
  },
  "HTTP Request" : {
    "transaction" : "HTTP Request",
    "sampleCount" : 735,
    "errorCount" : 0,
    "errorPct" : 0.0,
    "meanResTime" : 1080.8027210884356,
    "medianResTime" : 944.0,
    "minResTime" : 187.0,
    "maxResTime" : 4652.0,
    "pct1ResTime" : 1889.6,
    "pct2ResTime" : 2109.3999999999996,
    "pct3ResTime" : 3156.5599999999995,
    "throughput" : 9.129414102771118,
    "receivedKBytesPerSec" : 1336.0554871000447,
    "sentKBytesPerSec" : 4.019615625271709
  }
}