{
  "Total" : {
    "transaction" : "Total",
    "sampleCount" : 735,
    "errorCount" : 0,
    "errorPct" : 0.0,
    "meanResTime" : 839.4979591836736,
    "medianResTime" : 876.0,
    "minResTime" : 133.0,
    "maxResTime" : 3236.0,
    "pct1ResTime" : 1231.4,
    "pct2ResTime" : 1426.7999999999997,
    "pct3ResTime" : 2320.1599999999976,
    "throughput" : 11.804384485666104,
    "receivedKBytesPerSec" : 1634.5071845137718,
    "sentKBytesPerSec" : 5.3357185517545975
  },
  "HTTP Request" : {
    "transaction" : "HTTP Request",
    "sampleCount" : 735,
    "errorCount" : 0,
    "errorPct" : 0.0,
    "meanResTime" : 839.4979591836736,
    "medianResTime" : 876.0,
    "minResTime" : 133.0,
    "maxResTime" : 3236.0,
    "pct1ResTime" : 1231.4,
    "pct2ResTime" : 1426.7999999999997,
    "pct3ResTime" : 2320.1599999999976,
    "throughput" : 11.804384485666104,
    "receivedKBytesPerSec" : 1634.5071845137718,
    "sentKBytesPerSec" : 5.3357185517545975
  }
}