{
  "Total" : {
    "transaction" : "Total",
    "sampleCount" : 5262,
    "errorCount" : 0,
    "errorPct" : 0.0,
    "meanResTime" : 2071.0271759787174,
    "medianResTime" : 1545.5,
    "minResTime" : 134.0,
    "maxResTime" : 12501.0,
    "pct1ResTime" : 4076.499999999999,
    "pct2ResTime" : 4996.0,
    "pct3ResTime" : 7758.989999999997,
    "throughput" : 5.755405126051247,
    "receivedKBytesPerSec" : 272.44308580278715,
    "sentKBytesPerSec" : 2.915421523336626
  },
  "HTTP Request" : {
    "transaction" : "HTTP Request",
    "sampleCount" : 5262,
    "errorCount" : 0,
    "errorPct" : 0.0,
    "meanResTime" : 2071.0271759787174,
    "medianResTime" : 1545.5,
    "minResTime" : 134.0,
    "maxResTime" : 12501.0,
    "pct1ResTime" : 4076.499999999999,
    "pct2ResTime" : 4996.0,
    "pct3ResTime" : 7758.989999999997,
    "throughput" : 5.755405126051247,
    "receivedKBytesPerSec" : 272.44308580278715,
    "sentKBytesPerSec" : 2.915421523336626
  }
}