{
  "Total" : {
    "transaction" : "Total",
    "sampleCount" : 20,
    "errorCount" : 0,
    "errorPct" : 0.0,
    "meanResTime" : 16255.95,
    "medianResTime" : 13581.0,
    "minResTime" : 1018.0,
    "maxResTime" : 27255.0,
    "pct1ResTime" : 27154.8,
    "pct2ResTime" : 27250.65,
    "pct3ResTime" : 27255.0,
    "throughput" : 0.4677268475210477,
    "receivedKBytesPerSec" : 228.7224708036132,
    "sentKBytesPerSec" : 0.19083620790458372
  },
  "HTTP Request" : {
    "transaction" : "HTTP Request",
    "sampleCount" : 20,
    "errorCount" : 0,
    "errorPct" : 0.0,
    "meanResTime" : 16255.95,
    "medianResTime" : 13581.0,
    "minResTime" : 1018.0,
    "maxResTime" : 27255.0,
    "pct1ResTime" : 27154.8,
    "pct2ResTime" : 27250.65,
    "pct3ResTime" : 27255.0,
    "throughput" : 0.4677268475210477,
    "receivedKBytesPerSec" : 228.7224708036132,
    "sentKBytesPerSec" : 0.19083620790458372
  }
}