{
  "Total" : {
    "transaction" : "Total",
    "sampleCount" : 20,
    "errorCount" : 0,
    "errorPct" : 0.0,
    "meanResTime" : 615.8000000000002,
    "medianResTime" : 389.0,
    "minResTime" : 218.0,
    "maxResTime" : 2217.0,
    "pct1ResTime" : 1281.1000000000004,
    "pct2ResTime" : 2170.899999999999,
    "pct3ResTime" : 2217.0,
    "throughput" : 1.6168148746968471,
    "receivedKBytesPerSec" : 503.0674483377122,
    "sentKBytesPerSec" : 0.6770412287793048
  },
  "HTTP Request" : {
    "transaction" : "HTTP Request",
    "sampleCount" : 20,
    "errorCount" : 0,
    "errorPct" : 0.0,
    "meanResTime" : 615.8000000000002,
    "medianResTime" : 389.0,
    "minResTime" : 218.0,
    "maxResTime" : 2217.0,
    "pct1ResTime" : 1281.1000000000004,
    "pct2ResTime" : 2170.899999999999,
    "pct3ResTime" : 2217.0,
    "throughput" : 1.6168148746968471,
    "receivedKBytesPerSec" : 503.0674483377122,
    "sentKBytesPerSec" : 0.6770412287793048
  }
}