{
  "Total" : {
    "transaction" : "Total",
    "sampleCount" : 22,
    "errorCount" : 0,
    "errorPct" : 0.0,
    "meanResTime" : 23821.13636363636,
    "medianResTime" : 27215.5,
    "minResTime" : 3631.0,
    "maxResTime" : 31558.0,
    "pct1ResTime" : 31529.2,
    "pct2ResTime" : 31556.2,
    "pct3ResTime" : 31558.0,
    "throughput" : 0.3463585125476243,
    "receivedKBytesPerSec" : 45.405958989971346,
    "sentKBytesPerSec" : 0.1425223460278976
  },
  "HTTP Request" : {
    "transaction" : "HTTP Request",
    "sampleCount" : 22,
    "errorCount" : 0,
    "errorPct" : 0.0,
    "meanResTime" : 23821.13636363636,
    "medianResTime" : 27215.5,
    "minResTime" : 3631.0,
    "maxResTime" : 31558.0,
    "pct1ResTime" : 31529.2,
    "pct2ResTime" : 31556.2,
    "pct3ResTime" : 31558.0,
    "throughput" : 0.3463585125476243,
    "receivedKBytesPerSec" : 45.405958989971346,
    "sentKBytesPerSec" : 0.1425223460278976
  }
}