{
  "Total" : {
    "transaction" : "Total",
    "sampleCount" : 30,
    "errorCount" : 0,
    "errorPct" : 0.0,
    "meanResTime" : 14079.066666666666,
    "medianResTime" : 16465.5,
    "minResTime" : 1980.0,
    "maxResTime" : 16790.0,
    "pct1ResTime" : 16761.9,
    "pct2ResTime" : 16784.5,
    "pct3ResTime" : 16790.0,
    "throughput" : 0.5996522017230006,
    "receivedKBytesPerSec" : 16.25408825381279,
    "sentKBytesPerSec" : 0.24520934108217232
  },
  "HTTP Request" : {
    "transaction" : "HTTP Request",
    "sampleCount" : 30,
    "errorCount" : 0,
    "errorPct" : 0.0,
    "meanResTime" : 14079.066666666666,
    "medianResTime" : 16465.5,
    "minResTime" : 1980.0,
    "maxResTime" : 16790.0,
    "pct1ResTime" : 16761.9,
    "pct2ResTime" : 16784.5,
    "pct3ResTime" : 16790.0,
    "throughput" : 0.5996522017230006,
    "receivedKBytesPerSec" : 16.25408825381279,
    "sentKBytesPerSec" : 0.24520934108217232
  }
}