{
  "Total" : {
    "transaction" : "Total",
    "sampleCount" : 5262,
    "errorCount" : 0,
    "errorPct" : 0.0,
    "meanResTime" : 316.8291524135303,
    "medianResTime" : 179.5,
    "minResTime" : 30.0,
    "maxResTime" : 3589.0,
    "pct1ResTime" : 796.6999999999998,
    "pct2ResTime" : 1037.8499999999995,
    "pct3ResTime" : 1684.0699999999988,
    "throughput" : 31.116577767790616,
    "receivedKBytesPerSec" : 1472.8659696063417,
    "sentKBytesPerSec" : 15.762216311440755
  },
  "HTTP Request" : {
    "transaction" : "HTTP Request",
    "sampleCount" : 5262,
    "errorCount" : 0,
    "errorPct" : 0.0,
    "meanResTime" : 316.8291524135303,
    "medianResTime" : 179.5,
    "minResTime" : 30.0,
    "maxResTime" : 3589.0,
    "pct1ResTime" : 796.6999999999998,
    "pct2ResTime" : 1037.8499999999995,
    "pct3ResTime" : 1684.0699999999988,
    "throughput" : 31.116577767790616,
    "receivedKBytesPerSec" : 1472.8659696063417,
    "sentKBytesPerSec" : 15.762216311440755
  }
}