{
  "Total" : {
    "transaction" : "Total",
    "sampleCount" : 5190,
    "errorCount" : 0,
    "errorPct" : 0.0,
    "meanResTime" : 623.8477842003874,
    "medianResTime" : 344.5,
    "minResTime" : 18.0,
    "maxResTime" : 20663.0,
    "pct1ResTime" : 1078.6000000000022,
    "pct2ResTime" : 1725.7499999999973,
    "pct3ResTime" : 8051.620000000003,
    "throughput" : 15.937943360418625,
    "receivedKBytesPerSec" : 4253.999657379321,
    "sentKBytesPerSec" : 7.186907173379643
  },
  "HTTP Request" : {
    "transaction" : "HTTP Request",
    "sampleCount" : 5190,
    "errorCount" : 0,
    "errorPct" : 0.0,
    "meanResTime" : 623.8477842003874,
    "medianResTime" : 344.5,
    "minResTime" : 18.0,
    "maxResTime" : 20663.0,
    "pct1ResTime" : 1078.6000000000022,
    "pct2ResTime" : 1725.7499999999973,
    "pct3ResTime" : 8051.620000000003,
    "throughput" : 15.937943360418625,
    "receivedKBytesPerSec" : 4253.999657379321,
    "sentKBytesPerSec" : 7.186907173379643
  }
}