{
  "Total" : {
    "transaction" : "Total",
    "sampleCount" : 22,
    "errorCount" : 0,
    "errorPct" : 0.0,
    "meanResTime" : 1572.2272727272727,
    "medianResTime" : 1257.5,
    "minResTime" : 230.0,
    "maxResTime" : 3338.0,
    "pct1ResTime" : 3160.2999999999997,
    "pct2ResTime" : 3322.5499999999997,
    "pct3ResTime" : 3338.0,
    "throughput" : 4.830917874396135,
    "receivedKBytesPerSec" : 629.9145497090469,
    "sentKBytesPerSec" : 2.05862977602108
  },
  "HTTP Request" : {
    "transaction" : "HTTP Request",
    "sampleCount" : 22,
    "errorCount" : 0,
    "errorPct" : 0.0,
    "meanResTime" : 1572.2272727272727,
    "medianResTime" : 1257.5,
    "minResTime" : 230.0,
    "maxResTime" : 3338.0,
    "pct1ResTime" : 3160.2999999999997,
    "pct2ResTime" : 3322.5499999999997,
    "pct3ResTime" : 3338.0,
    "throughput" : 4.830917874396135,
    "receivedKBytesPerSec" : 629.9145497090469,
    "sentKBytesPerSec" : 2.05862977602108
  }
}