{
  "qgis218-bigfile": {
    "somap218": {
      "lk_big.txt": {
        "transaction": "Total",
        "sampleCount": 5262,
        "errorCount": 0,
        "errorPct": 0.0,
        "meanResTime": 292.3952869631321,
        "medianResTime": 128.5,
        "minResTime": 7.0,
        "maxResTime": 52453.0,
        "pct1ResTime": 621.6999999999998,
        "pct2ResTime": 873.8499999999995,
        "pct3ResTime": 1787.8399999999965,
        "throughput": 33.9068238932921,
        "receivedKBytesPerSec": 1726.2433284904794,
        "sentKBytesPerSec": 17.076289296588055,
        "memMaxMB": 8642.6,
        "memAvgMB": 7379.0,
        "memMinMB": 2947.3,
        "cpuMax%": 99.9,
        "cpuAvg%": 97.0,
        "cpuMin%": 0.2,
        "dashboard": "results/details/compare-filesize218/20201014-184559/qgis218-bigfile/somap218/lk_big.txt/dashboard/index.html"
      },
      "av_f_big.txt": {
        "transaction": "Total",
        "sampleCount": 735,
        "errorCount": 0,
        "errorPct": 0.0,
        "meanResTime": 1053.3251700680264,
        "medianResTime": 673.0,
        "minResTime": 255.0,
        "maxResTime": 53567.0,
        "pct1ResTime": 1448.1999999999998,
        "pct2ResTime": 2157.9999999999995,
        "pct3ResTime": 8233.719999999998,
        "throughput": 9.329187027987562,
        "receivedKBytesPerSec": 1979.8454779026783,
        "sentKBytesPerSec": 3.934474063114806,
        "memMaxMB": 8173.6,
        "memAvgMB": 7647.4,
        "memMinMB": 6748.0,
        "cpuMax%": 99.7,
        "cpuAvg%": 97.0,
        "cpuMin%": 27.0,
        "dashboard": "results/details/compare-filesize218/20201014-184559/qgis218-bigfile/somap218/av_f_big.txt/dashboard/index.html"
      },
      "av_sw_big.txt": {
        "transaction": "Total",
        "sampleCount": 5190,
        "errorCount": 6,
        "errorPct": 0.115606934,
        "meanResTime": 1254.4917148362272,
        "medianResTime": 754.0,
        "minResTime": 261.0,
        "maxResTime": 64070.0,
        "pct1ResTime": 1879.0,
        "pct2ResTime": 2532.45,
        "pct3ResTime": 6982.520000000004,
        "throughput": 7.903633539426797,
        "receivedKBytesPerSec": 4311.551202891336,
        "sentKBytesPerSec": 3.3264782907059973,
        "memMaxMB": 11159.2,
        "memAvgMB": 10413.4,
        "memMinMB": 7361.3,
        "cpuMax%": 99.9,
        "cpuAvg%": 98.5,
        "cpuMin%": 13.0,
        "dashboard": "results/details/compare-filesize218/20201014-184559/qgis218-bigfile/somap218/av_sw_big.txt/dashboard/index.html"
      }
    }
  },
  "qgis218-smallfile": {
    "somap218_lk": {
      "lk_big.txt": {
        "transaction": "Total",
        "sampleCount": 5262,
        "errorCount": 0,
        "errorPct": 0.0,
        "meanResTime": 271.9610414291143,
        "medianResTime": 127.5,
        "minResTime": 5.0,
        "maxResTime": 54062.0,
        "pct1ResTime": 594.0,
        "pct2ResTime": 845.5499999999984,
        "pct3ResTime": 1682.1099999999997,
        "throughput": 36.492503155471105,
        "receivedKBytesPerSec": 1857.8997061900982,
        "sentKBytesPerSec": 18.48541098494043,
        "memMaxMB": 4940.5,
        "memAvgMB": 3735.4,
        "memMinMB": 2408.2,
        "cpuMax%": 99.5,
        "cpuAvg%": 96.4,
        "cpuMin%": 8.7,
        "dashboard": "results/details/compare-filesize218/20201014-184559/qgis218-smallfile/somap218_lk/lk_big.txt/dashboard/index.html"
      }
    },
    "somap218_grundplanav_farbig": {
      "av_f_big.txt": {
        "transaction": "Total",
        "sampleCount": 735,
        "errorCount": 1,
        "errorPct": 0.13605443,
        "meanResTime": 889.6272108843542,
        "medianResTime": 521.0,
        "minResTime": 216.0,
        "maxResTime": 64074.0,
        "pct1ResTime": 1270.7999999999997,
        "pct2ResTime": 1539.5999999999985,
        "pct3ResTime": 4058.2799999999975,
        "throughput": 11.001017781236904,
        "receivedKBytesPerSec": 1918.690940273641,
        "sentKBytesPerSec": 4.8436693165149975,
        "memMaxMB": 3926.0,
        "memAvgMB": 3523.7,
        "memMinMB": 3021.2,
        "cpuMax%": 99.0,
        "cpuAvg%": 95.4,
        "cpuMin%": 25.8,
        "dashboard": "results/details/compare-filesize218/20201014-184559/qgis218-smallfile/somap218_grundplanav_farbig/av_f_big.txt/dashboard/index.html"
      }
    },
    "somap218_grundplanav_sw": {
      "av_sw_big.txt": {
        "transaction": "Total",
        "sampleCount": 5190,
        "errorCount": 4,
        "errorPct": 0.077071294,
        "meanResTime": 973.906936416185,
        "medianResTime": 465.0,
        "minResTime": 220.0,
        "maxResTime": 64068.0,
        "pct1ResTime": 1752.0,
        "pct2ResTime": 2274.8499999999976,
        "pct3ResTime": 6070.050000000007,
        "throughput": 10.168515220445181,
        "receivedKBytesPerSec": 3165.4447653177954,
        "sentKBytesPerSec": 4.428673694501753,
        "memMaxMB": 8479.5,
        "memAvgMB": 7039.5,
        "memMinMB": 3289.6,
        "cpuMax%": 99.8,
        "cpuAvg%": 97.8,
        "cpuMin%": 13.2,
        "dashboard": "results/details/compare-filesize218/20201014-184559/qgis218-smallfile/somap218_grundplanav_sw/av_sw_big.txt/dashboard/index.html"
      }
    }
  }
}