{
  "Total" : {
    "transaction" : "Total",
    "sampleCount" : 5190,
    "errorCount" : 0,
    "errorPct" : 0.0,
    "meanResTime" : 329.3019267822732,
    "medianResTime" : 279.5,
    "minResTime" : 4.0,
    "maxResTime" : 4606.0,
    "pct1ResTime" : 579.0,
    "pct2ResTime" : 743.0,
    "pct3ResTime" : 1297.0,
    "throughput" : 30.06621519068005,
    "receivedKBytesPerSec" : 12200.695516571177,
    "sentKBytesPerSec" : 11.929191329604505
  },
  "HTTP Request" : {
    "transaction" : "HTTP Request",
    "sampleCount" : 5190,
    "errorCount" : 0,
    "errorPct" : 0.0,
    "meanResTime" : 329.3019267822732,
    "medianResTime" : 279.5,
    "minResTime" : 4.0,
    "maxResTime" : 4606.0,
    "pct1ResTime" : 579.0,
    "pct2ResTime" : 743.0,
    "pct3ResTime" : 1297.0,
    "throughput" : 30.06621519068005,
    "receivedKBytesPerSec" : 12200.695516571177,
    "sentKBytesPerSec" : 11.929191329604505
  }
}