{
  "qgis310-nginx": {
    "somap310_lk": {
      "lk.txt": {
        "transaction": "Total",
        "sampleCount": 30,
        "errorCount": 0,
        "errorPct": 0.0,
        "meanResTime": 503.2333333333333,
        "medianResTime": 488.0,
        "minResTime": 253.0,
        "maxResTime": 934.0,
        "pct1ResTime": 817.5000000000002,
        "pct2ResTime": 921.35,
        "pct3ResTime": 934.0,
        "throughput": 14.527845036319613,
        "receivedKBytesPerSec": 393.8039119249395,
        "sentKBytesPerSec": 5.926528450363196,
        "memMaxMB": 4655.6,
        "memAvgMB": 4617.8,
        "memMinMB": 4557.1,
        "cpuMax%": 36.1,
        "cpuAvg%": 32.6,
        "cpuMin%": 27.5,
        "dashboard": "results/details/compare-webserver/20201101-092121/qgis310-nginx/somap310_lk/lk.txt/dashboard/index.html",
        "effective duration": 8.0
      }
    },
    "somap310_grundplanav_farbig": {
      "av_f.txt": {
        "transaction": "Total",
        "sampleCount": 22,
        "errorCount": 0,
        "errorPct": 0.0,
        "meanResTime": 4479.000000000001,
        "medianResTime": 4383.5,
        "minResTime": 3551.0,
        "maxResTime": 6098.0,
        "pct1ResTime": 5859.5,
        "pct2ResTime": 6085.4,
        "pct3ResTime": 6098.0,
        "throughput": 1.8936133585815114,
        "receivedKBytesPerSec": 246.91262346143913,
        "sentKBytesPerSec": 0.8069375107591668,
        "memMaxMB": 5250.8,
        "memAvgMB": 4811.7,
        "memMinMB": 4625.6,
        "cpuMax%": 48.6,
        "cpuAvg%": 31.1,
        "cpuMin%": 24.4,
        "dashboard": "results/details/compare-webserver/20201101-092121/qgis310-nginx/somap310_grundplanav_farbig/av_f.txt/dashboard/index.html",
        "effective duration": 17.4
      }
    },
    "somap310_grundplanav_sw": {
      "av_sw.txt": {
        "transaction": "Total",
        "sampleCount": 20,
        "errorCount": 0,
        "errorPct": 0.0,
        "meanResTime": 3405.9500000000007,
        "medianResTime": 3367.5,
        "minResTime": 2018.0,
        "maxResTime": 4527.0,
        "pct1ResTime": 4301.8,
        "pct2ResTime": 4515.849999999999,
        "pct3ResTime": 4527.0,
        "throughput": 2.242403856934634,
        "receivedKBytesPerSec": 697.7218797300706,
        "sentKBytesPerSec": 0.939006615091378,
        "memMaxMB": 5034.4,
        "memAvgMB": 4801.8,
        "memMinMB": 4712.3,
        "cpuMax%": 51.2,
        "cpuAvg%": 31.5,
        "cpuMin%": 24.9,
        "dashboard": "results/details/compare-webserver/20201101-092121/qgis310-nginx/somap310_grundplanav_sw/av_sw.txt/dashboard/index.html",
        "effective duration": 14.6
      }
    }
  },
  "qgis310-apache": {
    "somap310_lk": {
      "lk.txt": {
        "transaction": "Total",
        "sampleCount": 30,
        "errorCount": 0,
        "errorPct": 0.0,
        "meanResTime": 542.7333333333332,
        "medianResTime": 545.0,
        "minResTime": 100.0,
        "maxResTime": 1070.0,
        "pct1ResTime": 967.9,
        "pct2ResTime": 1017.7499999999999,
        "pct3ResTime": 1070.0,
        "throughput": 12.744265080713678,
        "receivedKBytesPerSec": 345.8466639231096,
        "sentKBytesPerSec": 5.198930012744265,
        "memMaxMB": 4676.1,
        "memAvgMB": 4653.4,
        "memMinMB": 4613.7,
        "cpuMax%": 39.1,
        "cpuAvg%": 32.7,
        "cpuMin%": 23.2,
        "dashboard": "results/details/compare-webserver/20201101-092121/qgis310-apache/somap310_lk/lk.txt/dashboard/index.html",
        "effective duration": 8.2
      }
    },
    "somap310_grundplanav_farbig": {
      "av_f.txt": {
        "transaction": "Total",
        "sampleCount": 22,
        "errorCount": 0,
        "errorPct": 0.0,
        "meanResTime": 4217.909090909091,
        "medianResTime": 4306.5,
        "minResTime": 2940.0,
        "maxResTime": 5471.0,
        "pct1ResTime": 5279.9,
        "pct2ResTime": 5468.75,
        "pct3ResTime": 5471.0,
        "throughput": 1.9996364297400473,
        "receivedKBytesPerSec": 260.7986403040356,
        "sentKBytesPerSec": 0.8521177967642246,
        "memMaxMB": 5300.7,
        "memAvgMB": 4920.7,
        "memMinMB": 4650.7,
        "cpuMax%": 60.5,
        "cpuAvg%": 30.5,
        "cpuMin%": 25.1,
        "dashboard": "results/details/compare-webserver/20201101-092121/qgis310-apache/somap310_grundplanav_farbig/av_f.txt/dashboard/index.html",
        "effective duration": 16.6
      }
    },
    "somap310_grundplanav_sw": {
      "av_sw.txt": {
        "transaction": "Total",
        "sampleCount": 20,
        "errorCount": 0,
        "errorPct": 0.0,
        "meanResTime": 3515.2000000000003,
        "medianResTime": 3612.5,
        "minResTime": 1965.0,
        "maxResTime": 5441.0,
        "pct1ResTime": 4833.9000000000015,
        "pct2ResTime": 5413.15,
        "pct3ResTime": 5441.0,
        "throughput": 1.9177294083804777,
        "receivedKBytesPerSec": 596.7570334224279,
        "sentKBytesPerSec": 0.8030491897593249,
        "memMaxMB": 4851.2,
        "memAvgMB": 4791.6,
        "memMinMB": 4720.9,
        "cpuMax%": 55.4,
        "cpuAvg%": 27.9,
        "cpuMin%": 13.0,
        "dashboard": "results/details/compare-webserver/20201101-092121/qgis310-apache/somap310_grundplanav_sw/av_sw.txt/dashboard/index.html",
        "effective duration": 16.1
      }
    }
  },
  "qgis310-caddy": {
    "somap310_lk": {
      "lk.txt": {
        "transaction": "Total",
        "sampleCount": 30,
        "errorCount": 0,
        "errorPct": 0.0,
        "meanResTime": 619.0666666666666,
        "medianResTime": 531.5,
        "minResTime": 476.0,
        "maxResTime": 1004.0,
        "pct1ResTime": 948.3000000000001,
        "pct2ResTime": 975.9499999999999,
        "pct3ResTime": 1004.0,
        "throughput": 12.484394506866415,
        "receivedKBytesPerSec": 338.30270755305867,
        "sentKBytesPerSec": 5.092917707032876,
        "memMaxMB": 4666.7,
        "memAvgMB": 4657.2,
        "memMinMB": 4647.7,
        "cpuMax%": 38.9,
        "cpuAvg%": 34.1,
        "cpuMin%": 29.3,
        "dashboard": "results/details/compare-webserver/20201101-092121/qgis310-caddy/somap310_lk/lk.txt/dashboard/index.html",
        "effective duration": 8.2
      }
    },
    "somap310_grundplanav_farbig": {
      "av_f.txt": {
        "transaction": "Total",
        "sampleCount": 22,
        "errorCount": 0,
        "errorPct": 0.0,
        "meanResTime": 4298.181818181818,
        "medianResTime": 4235.0,
        "minResTime": 3057.0,
        "maxResTime": 5893.0,
        "pct1ResTime": 5477.7,
        "pct2ResTime": 5844.699999999999,
        "pct3ResTime": 5893.0,
        "throughput": 1.9576437088449903,
        "receivedKBytesPerSec": 255.24448300409327,
        "sentKBytesPerSec": 0.8342231713828083,
        "memMaxMB": 5001.5,
        "memAvgMB": 4885.4,
        "memMinMB": 4703.1,
        "cpuMax%": 55.1,
        "cpuAvg%": 30.4,
        "cpuMin%": 25.0,
        "dashboard": "results/details/compare-webserver/20201101-092121/qgis310-caddy/somap310_grundplanav_farbig/av_f.txt/dashboard/index.html",
        "effective duration": 16.8
      }
    },
    "somap310_grundplanav_sw": {
      "av_sw.txt": {
        "transaction": "Total",
        "sampleCount": 20,
        "errorCount": 0,
        "errorPct": 0.0,
        "meanResTime": 3386.1000000000004,
        "medianResTime": 3417.5,
        "minResTime": 2098.0,
        "maxResTime": 5003.0,
        "pct1ResTime": 4539.400000000001,
        "pct2ResTime": 4981.0,
        "pct3ResTime": 5003.0,
        "throughput": 2.005213555243633,
        "receivedKBytesPerSec": 623.9009510665229,
        "sentKBytesPerSec": 0.8396831762582715,
        "memMaxMB": 4977.7,
        "memAvgMB": 4813.8,
        "memMinMB": 4727.8,
        "cpuMax%": 46.9,
        "cpuAvg%": 29.1,
        "cpuMin%": 12.8,
        "dashboard": "results/details/compare-webserver/20201101-092121/qgis310-caddy/somap310_grundplanav_sw/av_sw.txt/dashboard/index.html",