{
  "Total" : {
    "transaction" : "Total",
    "sampleCount" : 5190,
    "errorCount" : 0,
    "errorPct" : 0.0,
    "meanResTime" : 639.3052023121372,
    "medianResTime" : 343.0,
    "minResTime" : 17.0,
    "maxResTime" : 21011.0,
    "pct1ResTime" : 1053.9000000000005,
    "pct2ResTime" : 1805.4499999999998,
    "pct3ResTime" : 8041.170000000002,
    "throughput" : 15.531714324190869,
    "receivedKBytesPerSec" : 4145.573013108625,
    "sentKBytesPerSec" : 7.003726049662582
  },
  "HTTP Request" : {
    "transaction" : "HTTP Request",
    "sampleCount" : 5190,
    "errorCount" : 0,
    "errorPct" : 0.0,
    "meanResTime" : 639.3052023121372,
    "medianResTime" : 343.0,
    "minResTime" : 17.0,
    "maxResTime" : 21011.0,
    "pct1ResTime" : 1053.9000000000005,
    "pct2ResTime" : 1805.4499999999998,
    "pct3ResTime" : 8041.170000000002,
    "throughput" : 15.531714324190869,
    "receivedKBytesPerSec" : 4145.573013108625,
    "sentKBytesPerSec" : 7.003726049662582
  }
}