{
  "qgis218-stock": {
    "somap218_lk": {
      "lk.txt": {
        "transaction": "Total",
        "sampleCount": 30,
        "errorCount": 0,
        "errorPct": 0.0,
        "meanResTime": 373.0666666666667,
        "medianResTime": 134.5,
        "minResTime": 85.0,
        "maxResTime": 1081.0,
        "pct1ResTime": 1077.9,
        "pct2ResTime": 1079.9,
        "pct3ResTime": 1081.0,
        "throughput": 15.965939329430547,
        "receivedKBytesPerSec": 433.3214143161256,
        "sentKBytesPerSec": 6.513188531133582,
        "memMaxMB": 7520.4,
        "memAvgMB": 7520.4,
        "memMinMB": 7520.4,
        "cpuMax%": 5.3,
        "cpuAvg%": 5.3,
        "cpuMin%": 5.3,
        "dashboard": "results/details/compare-major/20201028-120750/qgis218-stock/somap218_lk/lk.txt/dashboard/index.html"
      }
    },
    "somap218_grundplanav_farbig": {
      "av_f.txt": {
        "transaction": "Total",
        "sampleCount": 22,
        "errorCount": 0,
        "errorPct": 0.0,
        "meanResTime": 1307.4545454545455,
        "medianResTime": 1017.0,
        "minResTime": 280.0,
        "maxResTime": 2926.0,
        "pct1ResTime": 2840.2,
        "pct2ResTime": 2920.15,
        "pct3ResTime": 2926.0,
        "throughput": 5.96529284164859,
        "receivedKBytesPerSec": 943.1255613645607,
        "sentKBytesPerSec": 2.54202819956616,
        "memMaxMB": 8160.0,
        "memAvgMB": 7971.8,
        "memMinMB": 7864.1,
        "cpuMax%": 97.4,
        "cpuAvg%": 72.3,
        "cpuMin%": 37.4,
        "dashboard": "results/details/compare-major/20201028-120750/qgis218-stock/somap218_grundplanav_farbig/av_f.txt/dashboard/index.html"
      }
    },
    "somap218_grundplanav_sw": {
      "av_sw.txt": {
        "transaction": "Total",
        "sampleCount": 20,
        "errorCount": 0,
        "errorPct": 0.0,
        "meanResTime": 1440.4500000000003,
        "medianResTime": 1196.5,
        "minResTime": 267.0,
        "maxResTime": 2741.0,
        "pct1ResTime": 2676.7000000000003,
        "pct2ResTime": 2738.5,
        "pct3ResTime": 2741.0,
        "throughput": 5.3418803418803416,
        "receivedKBytesPerSec": 1915.1032276642627,
        "sentKBytesPerSec": 2.236912393162393,
        "memMaxMB": 8450.0,
        "memAvgMB": 8310.0,
        "memMinMB": 8099.2,
        "cpuMax%": 98.6,
        "cpuAvg%": 76.2,
        "cpuMin%": 27.4,
        "dashboard": "results/details/compare-major/20201028-120750/qgis218-stock/somap218_grundplanav_sw/av_sw.txt/dashboard/index.html"
      }
    }
  },
  "qgis310-stock": {
    "somap310_lk": {
      "lk.txt": {
        "transaction": "Total",
        "sampleCount": 30,
        "errorCount": 0,
        "errorPct": 0.0,
        "meanResTime": 183.8,
        "medianResTime": 125.0,
        "minResTime": 52.0,
        "maxResTime": 596.0,
        "pct1ResTime": 585.6,
        "pct2ResTime": 595.45,
        "pct3ResTime": 596.0,
        "throughput": 30.54989816700611,
        "receivedKBytesPerSec": 828.1110775203666,
        "sentKBytesPerSec": 12.462608197556008,
        "memMaxMB": NaN,
        "memAvgMB": NaN,
        "memMinMB": NaN,
        "cpuMax%": NaN,
        "cpuAvg%": NaN,
        "cpuMin%": NaN,
        "dashboard": "results/details/compare-major/20201028-120750/qgis310-stock/somap310_lk/lk.txt/dashboard/index.html"
      }
    },
    "somap310_grundplanav_farbig": {
      "av_f.txt": {
        "transaction": "Total",
        "sampleCount": 22,
        "errorCount": 0,
        "errorPct": 0.0,
        "meanResTime": 1789.8636363636363,
        "medianResTime": 1414.5,
        "minResTime": 134.0,
        "maxResTime": 2994.0,
        "pct1ResTime": 2945.8,
        "pct2ResTime": 2987.4,
        "pct3ResTime": 2994.0,
        "throughput": 4.672897196261682,
        "receivedKBytesPerSec": 609.3098681765081,
        "sentKBytesPerSec": 1.9912914188615123,
        "memMaxMB": 8435.5,
        "memAvgMB": 8047.6,
        "memMinMB": 7712.5,
        "cpuMax%": 97.9,
        "cpuAvg%": 74.3,
        "cpuMin%": 29.5,
        "dashboard": "results/details/compare-major/20201028-120750/qgis310-stock/somap310_grundplanav_farbig/av_f.txt/dashboard/index.html"
      }
    },
    "somap310_grundplanav_sw": {
      "av_sw.txt": {
        "transaction": "Total",
        "sampleCount": 20,
        "errorCount": 0,
        "errorPct": 0.0,
        "meanResTime": 2203.8000000000006,
        "medianResTime": 2324.5,
        "minResTime": 304.0,
        "maxResTime": 3711.0,
        "pct1ResTime": 3491.7000000000003,
        "pct2ResTime": 3700.95,
        "pct3ResTime": 3711.0,
        "throughput": 3.367570298029971,
        "receivedKBytesPerSec": 1047.8134142427177,
        "sentKBytesPerSec": 1.4101700623000506,
        "memMaxMB": 8246.3,
        "memAvgMB": 8027.2,
        "memMinMB": 7865.3,
        "cpuMax%": 99.1,
        "cpuAvg%": 71.0,
        "cpuMin%": 31.7,
        "dashboard": "results/details/compare-major/20201028-120750/qgis310-stock/somap310_grundplanav_sw/av_sw.txt/dashboard/index.html"
      }
    }
  },
  "qgis314-stock": {
    "somap314_lk": {
      "lk.txt": {
        "transaction": "Total",
        "sampleCount": 30,
        "errorCount": 0,
        "errorPct": 0.0,
        "meanResTime": 171.30000000000004,
        "medianResTime": 127.5,
        "minResTime": 52.0,
        "maxResTime": 504.0,
        "pct1ResTime": 470.5,
        "pct2ResTime": 500.15,
        "pct3ResTime": 504.0,
        "throughput": 32.017075773745994,
        "receivedKBytesPerSec": 867.6627534685165,
        "sentKBytesPerSec": 13.061132604055496,
        "memMaxMB": NaN,
        "memAvgMB": NaN,
        "memMinMB": NaN,
        "cpuMax%": NaN,
        "cpuAvg%": NaN,
        "cpuMin%": NaN,
        "dashboard": "results/details/compare-major/20201028-120750/qgis314-stock/somap314_lk/lk.txt/dashboard/index.html"
      }
    },
    "somap314_grundplanav_farbig": {
      "av_f.txt": {
        "transaction": "Total",
        "sampleCount": 22,
        "errorCount": 0,
        "errorPct": 0.0,
        "meanResTime": 2627.7727272727275,
        "medianResTime": 2396.0,
        "minResTime": 935.0,
        "maxResTime": 4310.0,
        "pct1ResTime": 4217.8,
        "pct2ResTime": 4299.5,
        "pct3ResTime": 4310.0,
        "throughput": 3.245316418350789,
        "receivedKBytesPerSec": 423.14212549786106,
        "sentKBytesPerSec": 1.382947337365393,
        "memMaxMB": 8600.2,
        "memAvgMB": 8172.6,
        "memMinMB": 7854.8,
        "cpuMax%": 99.5,
        "cpuAvg%": 79.2,
        "cpuMin%": 35.7,
        "dashboard": "results/details/compare-major/20201028-120750/qgis314-stock/somap314_grundplanav_farbig/av_f.txt/dashboard/index.html"
      }
    },
    "somap314_grundplanav_sw": {
      "av_sw.txt": {
        "transaction": "Total",
        "sampleCount": 20,
        "errorCount": 0,
        "errorPct": 0.0,
        "meanResTime": 3012.2000000000003,
        "medianResTime": 3262.0,
        "minResTime": 259.0,
        "maxResTime": 5757.0,
        "pct1ResTime": 5592.200000000003,
        "pct2ResTime": 5753.85,
        "pct3ResTime": 5757.0,
        "throughput": 2.6136957658128592,
        "receivedKBytesPerSec": 813.2299970595923,
        "sentKBytesPerSec": 1.0944851019341348,
        "memMaxMB": 8362.4,
        "memAvgMB": 8056.3,
        "memMinMB": 7899.4,
        "cpuMax%": 99.9,
        "cpuAvg%": 77.9,
        "cpuMin%": 35.0,
        "dashboard": "results/details/compare-major/20201028-120750/qgis314-stock/somap314_grundplanav_sw/av_sw.txt/dashboard/index.html"
      }
    }
  },
  "qgis316-stock": {
    "somap316_lk": {
      "lk.txt": {
        "transaction": "Total",
        "sampleCount": 30,
        "errorCount": 0,
        "errorPct": 0.0,
        "meanResTime": 110.43333333333331,
        "medianResTime": 43.5,
        "minResTime": 16.0,
        "maxResTime": 436.0,
        "pct1ResTime": 399.9,
        "pct2ResTime": 425.55,
        "pct3ResTime": 436.0,