{
  "Total" : {
    "transaction" : "Total",
    "sampleCount" : 735,
    "errorCount" : 0,
    "errorPct" : 0.0,
    "meanResTime" : 833.0353741496589,
    "medianResTime" : 792.0,
    "minResTime" : 180.0,
    "maxResTime" : 3630.0,
    "pct1ResTime" : 1244.4,
    "pct2ResTime" : 1500.7999999999997,
    "pct3ResTime" : 2915.2,
    "throughput" : 11.808556785501985,
    "receivedKBytesPerSec" : 1728.150655495397,
    "sentKBytesPerSec" : 5.1992229547900966
  },
  "HTTP Request" : {
    "transaction" : "HTTP Request",
    "sampleCount" : 735,
    "errorCount" : 0,
    "errorPct" : 0.0,
    "meanResTime" : 833.0353741496589,
    "medianResTime" : 792.0,
    "minResTime" : 180.0,
    "maxResTime" : 3630.0,
    "pct1ResTime" : 1244.4,
    "pct2ResTime" : 1500.7999999999997,
    "pct3ResTime" : 2915.2,
    "throughput" : 11.808556785501985,
    "receivedKBytesPerSec" : 1728.150655495397,
    "sentKBytesPerSec" : 5.1992229547900966
  }
}