{
  "Total" : {
    "transaction" : "Total",
    "sampleCount" : 30,
    "errorCount" : 0,
    "errorPct" : 0.0,
    "meanResTime" : 92.56666666666666,
    "medianResTime" : 87.0,
    "minResTime" : 64.0,
    "maxResTime" : 275.0,
    "pct1ResTime" : 96.0,
    "pct2ResTime" : 178.7499999999999,
    "pct3ResTime" : 275.0,
    "throughput" : 10.60070671378092,
    "receivedKBytesPerSec" : 287.3516177120141,
    "sentKBytesPerSec" : 4.324481007067138
  },
  "HTTP Request" : {
    "transaction" : "HTTP Request",
    "sampleCount" : 30,
    "errorCount" : 0,
    "errorPct" : 0.0,
    "meanResTime" : 92.56666666666666,
    "medianResTime" : 87.0,
    "minResTime" : 64.0,
    "maxResTime" : 275.0,
    "pct1ResTime" : 96.0,
    "pct2ResTime" : 178.7499999999999,
    "pct3ResTime" : 275.0,
    "throughput" : 10.60070671378092,
    "receivedKBytesPerSec" : 287.3516177120141,
    "sentKBytesPerSec" : 4.324481007067138
  }
}