{
  "Total" : {
    "transaction" : "Total",
    "sampleCount" : 735,
    "errorCount" : 0,
    "errorPct" : 0.0,
    "meanResTime" : 592.865306122449,
    "medianResTime" : 594.0,
    "minResTime" : 6.0,
    "maxResTime" : 2060.0,
    "pct1ResTime" : 969.4,
    "pct2ResTime" : 1058.7999999999993,
    "pct3ResTime" : 1529.479999999999,
    "throughput" : 16.60904345468104,
    "receivedKBytesPerSec" : 2300.1941164299596,
    "sentKBytesPerSec" : 7.507480071972521
  },
  "HTTP Request" : {
    "transaction" : "HTTP Request",
    "sampleCount" : 735,
    "errorCount" : 0,
    "errorPct" : 0.0,
    "meanResTime" : 592.865306122449,
    "medianResTime" : 594.0,
    "minResTime" : 6.0,
    "maxResTime" : 2060.0,
    "pct1ResTime" : 969.4,
    "pct2ResTime" : 1058.7999999999993,
    "pct3ResTime" : 1529.479999999999,
    "throughput" : 16.60904345468104,
    "receivedKBytesPerSec" : 2300.1941164299596,
    "sentKBytesPerSec" : 7.507480071972521
  }
}