{
  "Total" : {
    "transaction" : "Total",
    "sampleCount" : 22,
    "errorCount" : 0,
    "errorPct" : 0.0,
    "meanResTime" : 4349.818181818181,
    "medianResTime" : 4378.0,
    "minResTime" : 3013.0,
    "maxResTime" : 5903.0,
    "pct1ResTime" : 5558.299999999999,
    "pct2ResTime" : 5870.15,
    "pct3ResTime" : 5903.0,
    "throughput" : 1.9460415745245465,
    "receivedKBytesPerSec" : 253.73175586023885,
    "sentKBytesPerSec" : 0.8292790800530739
  },
  "HTTP Request" : {
    "transaction" : "HTTP Request",
    "sampleCount" : 22,
    "errorCount" : 0,
    "errorPct" : 0.0,
    "meanResTime" : 4349.818181818181,
    "medianResTime" : 4378.0,
    "minResTime" : 3013.0,
    "maxResTime" : 5903.0,
    "pct1ResTime" : 5558.299999999999,
    "pct2ResTime" : 5870.15,
    "pct3ResTime" : 5903.0,
    "throughput" : 1.9460415745245465,
    "receivedKBytesPerSec" : 253.73175586023885,
    "sentKBytesPerSec" : 0.8292790800530739
  }
}