{
  "Total" : {
    "transaction" : "Total",
    "sampleCount" : 735,
    "errorCount" : 0,
    "errorPct" : 0.0,
    "meanResTime" : 4529.572789115645,
    "medianResTime" : 4668.0,
    "minResTime" : 1971.0,
    "maxResTime" : 7775.0,
    "pct1ResTime" : 5675.0,
    "pct2ResTime" : 6590.2,
    "pct3ResTime" : 7379.5199999999995,
    "throughput" : 2.1943770208421034,
    "receivedKBytesPerSec" : 321.14382905168577,
    "sentKBytesPerSec" : 0.9661684815060293
  },
  "HTTP Request" : {
    "transaction" : "HTTP Request",
    "sampleCount" : 735,
    "errorCount" : 0,
    "errorPct" : 0.0,
    "meanResTime" : 4529.572789115645,
    "medianResTime" : 4668.0,
    "minResTime" : 1971.0,
    "maxResTime" : 7775.0,
    "pct1ResTime" : 5675.0,
    "pct2ResTime" : 6590.2,
    "pct3ResTime" : 7379.5199999999995,
    "throughput" : 2.1943770208421034,
    "receivedKBytesPerSec" : 321.14382905168577,
    "sentKBytesPerSec" : 0.9661684815060293
  }
}