{
  "Total" : {
    "transaction" : "Total",
    "sampleCount" : 30,
    "errorCount" : 0,
    "errorPct" : 0.0,
    "meanResTime" : 14309.3,
    "medianResTime" : 16793.5,
    "minResTime" : 1993.0,
    "maxResTime" : 17306.0,
    "pct1ResTime" : 16993.9,
    "pct2ResTime" : 17230.65,
    "pct3ResTime" : 17306.0,
    "throughput" : 0.5922416345869114,
    "receivedKBytesPerSec" : 16.053796824104236,
    "sentKBytesPerSec" : 0.24217901737242128
  },
  "HTTP Request" : {
    "transaction" : "HTTP Request",
    "sampleCount" : 30,
    "errorCount" : 0,
    "errorPct" : 0.0,
    "meanResTime" : 14309.3,
    "medianResTime" : 16793.5,
    "minResTime" : 1993.0,
    "maxResTime" : 17306.0,
    "pct1ResTime" : 16993.9,
    "pct2ResTime" : 17230.65,
    "pct3ResTime" : 17306.0,
    "throughput" : 0.5922416345869114,
    "receivedKBytesPerSec" : 16.053796824104236,
    "sentKBytesPerSec" : 0.24217901737242128
  }
}