{
  "Total" : {
    "transaction" : "Total",
    "sampleCount" : 20,
    "errorCount" : 0,
    "errorPct" : 0.0,
    "meanResTime" : 4050.1000000000004,
    "medianResTime" : 4368.5,
    "minResTime" : 1841.0,
    "maxResTime" : 7761.0,
    "pct1ResTime" : 6591.000000000003,
    "pct2ResTime" : 7709.65,
    "pct3ResTime" : 7761.0,
    "throughput" : 1.9258545979778525,
    "receivedKBytesPerSec" : 930.7437108810785,
    "sentKBytesPerSec" : 0.7857637217140107
  },
  "HTTP Request" : {
    "transaction" : "HTTP Request",
    "sampleCount" : 20,
    "errorCount" : 0,
    "errorPct" : 0.0,
    "meanResTime" : 4050.1000000000004,
    "medianResTime" : 4368.5,
    "minResTime" : 1841.0,
    "maxResTime" : 7761.0,
    "pct1ResTime" : 6591.000000000003,
    "pct2ResTime" : 7709.65,
    "pct3ResTime" : 7761.0,
    "throughput" : 1.9258545979778525,
    "receivedKBytesPerSec" : 930.7437108810785,
    "sentKBytesPerSec" : 0.7857637217140107
  }
}