{
  "qgis218-stock": {
    "somap218_orthofoto": {
      "orthofotos_big.txt": {
        "transaction": "Total",
        "sampleCount": 5191,
        "errorCount": 1,
        "errorPct": 0.019264111,
        "meanResTime": 416.22539009824584,
        "medianResTime": 329.0,
        "minResTime": 4.0,
        "maxResTime": 42705.0,
        "pct1ResTime": 655.8000000000002,
        "pct2ResTime": 894.1999999999989,
        "pct3ResTime": 1903.5999999999985,
        "throughput": 23.871276292433482,
        "receivedKBytesPerSec": 9694.089899507893,
        "sentKBytesPerSec": 9.471063808873438,
        "responseSizeMB": 2058.65,
        "memMaxMB": 9172.0,
        "memAvgMB": 7798.2,
        "memMinMB": 2302.9,
        "cpuMax%": 100.0,
        "cpuAvg%": 99.1,
        "cpuMin%": 14.0,
        "dashboard": "results/details/compare-orthofotos/20201010-110136/qgis218-stock/somap218_orthofoto/orthofotos_big.txt/dashboard/index.html"
      }
    }
  },
  "qgis310-stock": {
    "somap310_orthofoto": {
      "orthofotos_big.txt": {
        "transaction": "Total",
        "sampleCount": 5191,
        "errorCount": 1,
        "errorPct": 0.019264111,
        "meanResTime": 1467.948564823736,
        "medianResTime": 966.0,
        "minResTime": 5.0,
        "maxResTime": 10969.0,
        "pct1ResTime": 3455.2000000000007,
        "pct2ResTime": 4136.4,
        "pct3ResTime": 6582.16,
        "throughput": 6.772518526249869,
        "receivedKBytesPerSec": 2668.9360193066027,
        "sentKBytesPerSec": 2.687035009067425,
        "responseSizeMB": 1997.74,
        "memMaxMB": 20154.2,
        "memAvgMB": 17594.9,
        "memMinMB": 2451.9,
        "cpuMax%": 88.9,
        "cpuAvg%": 74.2,
        "cpuMin%": 14.7,
        "dashboard": "results/details/compare-orthofotos/20201010-110136/qgis310-stock/somap310_orthofoto/orthofotos_big.txt/dashboard/index.html"
      }
    }
  },
  "qgis314-stock": {
    "somap314_orthofoto": {
      "orthofotos_big.txt": {
        "transaction": "Total",
        "sampleCount": 5191,
        "errorCount": 1,
        "errorPct": 0.019264111,
        "meanResTime": 322.96127913696773,
        "medianResTime": 269.0,
        "minResTime": 3.0,
        "maxResTime": 7415.0,
        "pct1ResTime": 588.8000000000002,
        "pct2ResTime": 743.3999999999996,
        "pct3ResTime": 1286.8399999999983,
        "throughput": 30.728704197004674,
        "receivedKBytesPerSec": 12467.129853156632,
        "sentKBytesPerSec": 12.19178709376665,
        "responseSizeMB": 2056.71,
        "memMaxMB": 11912.5,
        "memAvgMB": 9694.2,
        "memMinMB": 2307.2,
        "cpuMax%": 96.9,
        "cpuAvg%": 73.8,
        "cpuMin%": 14.2,
        "dashboard": "results/details/compare-orthofotos/20201010-110136/qgis314-stock/somap314_orthofoto/orthofotos_big.txt/dashboard/index.html"
      }
    }
  }
}