{
  "Total" : {
    "transaction" : "Total",
    "sampleCount" : 22,
    "errorCount" : 0,
    "errorPct" : 0.0,
    "meanResTime" : 1573.2727272727273,
    "medianResTime" : 1184.0,
    "minResTime" : 572.0,
    "maxResTime" : 3301.0,
    "pct1ResTime" : 3203.7999999999997,
    "pct2ResTime" : 3292.45,
    "pct3ResTime" : 3301.0,
    "throughput" : 4.954954954954955,
    "receivedKBytesPerSec" : 646.0880313907658,
    "sentKBytesPerSec" : 2.1114864864864864
  },
  "HTTP Request" : {
    "transaction" : "HTTP Request",
    "sampleCount" : 22,
    "errorCount" : 0,
    "errorPct" : 0.0,
    "meanResTime" : 1573.2727272727273,
    "medianResTime" : 1184.0,
    "minResTime" : 572.0,
    "maxResTime" : 3301.0,
    "pct1ResTime" : 3203.7999999999997,
    "pct2ResTime" : 3292.45,
    "pct3ResTime" : 3301.0,
    "throughput" : 4.954954954954955,
    "receivedKBytesPerSec" : 646.0880313907658,
    "sentKBytesPerSec" : 2.1114864864864864
  }
}