{
  "Total" : {
    "transaction" : "Total",
    "sampleCount" : 112,
    "errorCount" : 0,
    "errorPct" : 0.0,
    "meanResTime" : 3366.419642857142,
    "medianResTime" : 3789.5,
    "minResTime" : 1757.0,
    "maxResTime" : 5332.0,
    "pct1ResTime" : 4440.5,
    "pct2ResTime" : 4729.3,
    "pct3ResTime" : 5295.730000000001,
    "throughput" : 2.7757813080869416,
    "receivedKBytesPerSec" : 520.5079577173536,
    "sentKBytesPerSec" : 2.150572195097772
  },
  "HTTP Request" : {
    "transaction" : "HTTP Request",
    "sampleCount" : 112,
    "errorCount" : 0,
    "errorPct" : 0.0,
    "meanResTime" : 3366.419642857142,
    "medianResTime" : 3789.5,
    "minResTime" : 1757.0,
    "maxResTime" : 5332.0,
    "pct1ResTime" : 4440.5,
    "pct2ResTime" : 4729.3,
    "pct3ResTime" : 5295.730000000001,
    "throughput" : 2.7757813080869416,
    "receivedKBytesPerSec" : 520.5079577173536,
    "sentKBytesPerSec" : 2.150572195097772
  }
}