{
  "Total" : {
    "transaction" : "Total",
    "sampleCount" : 30,
    "errorCount" : 0,
    "errorPct" : 0.0,
    "meanResTime" : 261.40000000000003,
    "medianResTime" : 183.0,
    "minResTime" : 57.0,
    "maxResTime" : 881.0,
    "pct1ResTime" : 826.5000000000001,
    "pct2ResTime" : 870.55,
    "pct3ResTime" : 881.0,
    "throughput" : 25.31645569620253,
    "receivedKBytesPerSec" : 686.2490110759493,
    "sentKBytesPerSec" : 10.327663502109704
  },
  "HTTP Request" : {
    "transaction" : "HTTP Request",
    "sampleCount" : 30,
    "errorCount" : 0,
    "errorPct" : 0.0,
    "meanResTime" : 261.40000000000003,
    "medianResTime" : 183.0,
    "minResTime" : 57.0,
    "maxResTime" : 881.0,
    "pct1ResTime" : 826.5000000000001,
    "pct2ResTime" : 870.55,
    "pct3ResTime" : 881.0,
    "throughput" : 25.31645569620253,
    "receivedKBytesPerSec" : 686.2490110759493,
    "sentKBytesPerSec" : 10.327663502109704
  }
}