{
  "Total" : {
    "transaction" : "Total",
    "sampleCount" : 5262,
    "errorCount" : 0,
    "errorPct" : 0.0,
    "meanResTime" : 719.8772329912573,
    "medianResTime" : 549.0,
    "minResTime" : 36.0,
    "maxResTime" : 4583.0,
    "pct1ResTime" : 1516.0,
    "pct2ResTime" : 1908.349999999994,
    "pct3ResTime" : 2940.8499999999995,
    "throughput" : 16.519948261355502,
    "receivedKBytesPerSec" : 781.9617607798,
    "sentKBytesPerSec" : 8.368240231701536
  },
  "HTTP Request" : {
    "transaction" : "HTTP Request",
    "sampleCount" : 5262,
    "errorCount" : 0,
    "errorPct" : 0.0,
    "meanResTime" : 719.8772329912573,
    "medianResTime" : 549.0,
    "minResTime" : 36.0,
    "maxResTime" : 4583.0,
    "pct1ResTime" : 1516.0,
    "pct2ResTime" : 1908.349999999994,
    "pct3ResTime" : 2940.8499999999995,
    "throughput" : 16.519948261355502,
    "receivedKBytesPerSec" : 781.9617607798,
    "sentKBytesPerSec" : 8.368240231701536
  }
}