{
  "qgis316": {
    "somap316_lk": {
      "lk.txt": {
        "transaction": "Total",
        "sampleCount": 30,
        "errorCount": 0,
        "errorPct": 0.0,
        "meanResTime": 323.3333333333333,
        "medianResTime": 334.0,
        "minResTime": 194.0,
        "maxResTime": 459.0,
        "pct1ResTime": 395.50000000000006,
        "pct2ResTime": 440.29999999999995,
        "pct3ResTime": 459.0,
        "throughput": 20.202020202020204,
        "receivedKBytesPerSec": 547.5733901515151,
        "sentKBytesPerSec": 8.241266835016834,
        "responseSizeMB": 0.8,
        "memMaxMB": 2214.3,
        "memAvgMB": 2188.8,
        "memMinMB": 2163.4,
        "cpuMax%": 36.4,
        "cpuAvg%": 18.7,
        "cpuMin%": 1.0,
        "dashboard": "results/details/compare-316/20201103-010318/qgis316/somap316_lk/lk.txt/dashboard/index.html",
        "effective duration": 7.3
      }
    },
    "somap316_grundplanav_farbig": {
      "av_f.txt": {
        "transaction": "Total",
        "sampleCount": 22,
        "errorCount": 0,
        "errorPct": 0.0,
        "meanResTime": 3468.0454545454545,
        "medianResTime": 3449.5,
        "minResTime": 2359.0,
        "maxResTime": 4379.0,
        "pct1ResTime": 4123.7,
        "pct2ResTime": 4347.95,
        "pct3ResTime": 4379.0,
        "throughput": 2.388448594072305,
        "receivedKBytesPerSec": 311.45484169742696,
        "sentKBytesPerSec": 1.017804798610357,
        "responseSizeMB": 2.8,
        "memMaxMB": 2518.7,
        "memAvgMB": 2363.8,
        "memMinMB": 2178.5,
        "cpuMax%": 35.2,
        "cpuAvg%": 27.0,
        "cpuMin%": 21.2,
        "dashboard": "results/details/compare-316/20201103-010318/qgis316/somap316_grundplanav_farbig/av_f.txt/dashboard/index.html",
        "effective duration": 15.0
      }
    },
    "somap316_grundplanav_sw": {
      "av_sw.txt": {
        "transaction": "Total",
        "sampleCount": 20,
        "errorCount": 0,
        "errorPct": 0.0,
        "meanResTime": 3059.6,
        "medianResTime": 3142.0,
        "minResTime": 1307.0,
        "maxResTime": 4212.0,
        "pct1ResTime": 4113.8,
        "pct2ResTime": 4207.1,
        "pct3ResTime": 4212.0,
        "throughput": 2.4093482712926155,
        "receivedKBytesPerSec": 749.3883690594506,
        "sentKBytesPerSec": 1.0089145886037827,
        "responseSizeMB": 6.1,
        "memMaxMB": 2491.6,
        "memAvgMB": 2342.2,
        "memMinMB": 2225.8,
        "cpuMax%": 33.5,
        "cpuAvg%": 21.8,
        "cpuMin%": 15.3,
        "dashboard": "results/details/compare-316/20201103-010318/qgis316/somap316_grundplanav_sw/av_sw.txt/dashboard/index.html",
        "effective duration": 13.9
      }
    }
  },
  "qgis316-fastread": {
    "somap316_lk": {
      "lk.txt": {
        "transaction": "Total",
        "sampleCount": 30,
        "errorCount": 0,
        "errorPct": 0.0,
        "meanResTime": 314.73333333333335,
        "medianResTime": 320.5,
        "minResTime": 186.0,
        "maxResTime": 452.0,
        "pct1ResTime": 388.20000000000005,
        "pct2ResTime": 434.4,
        "pct3ResTime": 452.0,
        "throughput": 20.394289598912305,
        "receivedKBytesPerSec": 552.7848296227056,
        "sentKBytesPerSec": 8.319701733514615,
        "responseSizeMB": 0.8,
        "memMaxMB": 2197.7,
        "memAvgMB": 2197.7,
        "memMinMB": 2197.7,
        "cpuMax%": 9.3,
        "cpuAvg%": 9.3,
        "cpuMin%": 9.3,
        "dashboard": "results/details/compare-316/20201103-010318/qgis316-fastread/somap316_lk/lk.txt/dashboard/index.html",
        "effective duration": 7.1
      }
    },
    "somap316_grundplanav_farbig": {
      "av_f.txt": {
        "transaction": "Total",
        "sampleCount": 22,
        "errorCount": 0,
        "errorPct": 0.0,
        "meanResTime": 2979.9545454545455,
        "medianResTime": 3129.0,
        "minResTime": 1156.0,
        "maxResTime": 4095.0,
        "pct1ResTime": 4047.7,
        "pct2ResTime": 4089.75,
        "pct3ResTime": 4095.0,
        "throughput": 2.7227722772277225,
        "receivedKBytesPerSec": 355.0508102568069,
        "sentKBytesPerSec": 1.1602722772277227,
        "responseSizeMB": 2.8,
        "memMaxMB": 2508.4,
        "memAvgMB": 2389.7,
        "memMinMB": 2172.9,
        "cpuMax%": 28.3,
        "cpuAvg%": 24.9,
        "cpuMin%": 21.4,
        "dashboard": "results/details/compare-316/20201103-010318/qgis316-fastread/somap316_grundplanav_farbig/av_f.txt/dashboard/index.html",
        "effective duration": 13.8
      }
    },
    "somap316_grundplanav_sw": {
      "av_sw.txt": {
        "transaction": "Total",
        "sampleCount": 20,
        "errorCount": 0,
        "errorPct": 0.0,
        "meanResTime": 2540.7,
        "medianResTime": 2098.5,
        "minResTime": 1319.0,
        "maxResTime": 4237.0,
        "pct1ResTime": 4131.2,
        "pct2ResTime": 4231.75,
        "pct3ResTime": 4237.0,
        "throughput": 2.760143527463428,
        "receivedKBytesPerSec": 858.497495385385,
        "sentKBytesPerSec": 1.1558101021253104,
        "responseSizeMB": 6.1,
        "memMaxMB": 2467.3,
        "memAvgMB": 2319.4,
        "memMinMB": 2224.2,
        "cpuMax%": 26.1,
        "cpuAvg%": 20.4,
        "cpuMin%": 15.5,
        "dashboard": "results/details/compare-316/20201103-010318/qgis316-fastread/somap316_grundplanav_sw/av_sw.txt/dashboard/index.html",
        "effective duration": 12.9
      }
    }
  }
}