{
  "Total" : {
    "transaction" : "Total",
    "sampleCount" : 735,
    "errorCount" : 0,
    "errorPct" : 0.0,
    "meanResTime" : 846.6938775510201,
    "medianResTime" : 808.0,
    "minResTime" : 182.0,
    "maxResTime" : 3660.0,
    "pct1ResTime" : 1322.4,
    "pct2ResTime" : 1521.9999999999982,
    "pct3ResTime" : 2804.24,
    "throughput" : 11.619267432853281,
    "receivedKBytesPerSec" : 1700.445856041624,
    "sentKBytesPerSec" : 5.115880208909686
  },
  "HTTP Request" : {
    "transaction" : "HTTP Request",
    "sampleCount" : 735,
    "errorCount" : 0,
    "errorPct" : 0.0,
    "meanResTime" : 846.6938775510201,
    "medianResTime" : 808.0,
    "minResTime" : 182.0,
    "maxResTime" : 3660.0,
    "pct1ResTime" : 1322.4,
    "pct2ResTime" : 1521.9999999999982,
    "pct3ResTime" : 2804.24,
    "throughput" : 11.619267432853281,
    "receivedKBytesPerSec" : 1700.445856041624,
    "sentKBytesPerSec" : 5.115880208909686
  }
}