{
  "Total" : {
    "transaction" : "Total",
    "sampleCount" : 735,
    "errorCount" : 0,
    "errorPct" : 0.0,
    "meanResTime" : 4885.2095238095235,
    "medianResTime" : 5100.0,
    "minResTime" : 2056.0,
    "maxResTime" : 7973.0,
    "pct1ResTime" : 6074.799999999999,
    "pct2ResTime" : 7015.199999999999,
    "pct3ResTime" : 7698.48,
    "throughput" : 2.03561636247819,
    "receivedKBytesPerSec" : 297.90670459502314,
    "sentKBytesPerSec" : 0.8962673010081148
  },
  "HTTP Request" : {
    "transaction" : "HTTP Request",
    "sampleCount" : 735,
    "errorCount" : 0,
    "errorPct" : 0.0,
    "meanResTime" : 4885.2095238095235,
    "medianResTime" : 5100.0,
    "minResTime" : 2056.0,
    "maxResTime" : 7973.0,
    "pct1ResTime" : 6074.799999999999,
    "pct2ResTime" : 7015.199999999999,
    "pct3ResTime" : 7698.48,
    "throughput" : 2.03561636247819,
    "receivedKBytesPerSec" : 297.90670459502314,
    "sentKBytesPerSec" : 0.8962673010081148
  }
}