{
  "Total" : {
    "transaction" : "Total",
    "sampleCount" : 735,
    "errorCount" : 0,
    "errorPct" : 0.0,
    "meanResTime" : 26179.72517006802,
    "medianResTime" : 27263.0,
    "minResTime" : 3126.0,
    "maxResTime" : 45143.0,
    "pct1ResTime" : 29864.2,
    "pct2ResTime" : 32128.799999999985,
    "pct3ResTime" : 43131.59999999999,
    "throughput" : 0.38030348735710806,
    "receivedKBytesPerSec" : 70.44166291645172,
    "sentKBytesPerSec" : 0.16187404907958797
  },
  "HTTP Request" : {
    "transaction" : "HTTP Request",
    "sampleCount" : 735,
    "errorCount" : 0,
    "errorPct" : 0.0,
    "meanResTime" : 26179.72517006802,
    "medianResTime" : 27263.0,
    "minResTime" : 3126.0,
    "maxResTime" : 45143.0,
    "pct1ResTime" : 29864.2,
    "pct2ResTime" : 32128.799999999985,
    "pct3ResTime" : 43131.59999999999,
    "throughput" : 0.38030348735710806,
    "receivedKBytesPerSec" : 70.44166291645172,
    "sentKBytesPerSec" : 0.16187404907958797
  }
}