{
  "Total" : {
    "transaction" : "Total",
    "sampleCount" : 198,
    "errorCount" : 0,
    "errorPct" : 0.0,
    "meanResTime" : 38.05555555555555,
    "medianResTime" : 38.5,
    "minResTime" : 13.0,
    "maxResTime" : 110.0,
    "pct1ResTime" : 55.0,
    "pct2ResTime" : 59.0,
    "pct3ResTime" : 109.00999999999999,
    "throughput" : 169.66580976863753,
    "receivedKBytesPerSec" : 139.67437874892886,
    "sentKBytesPerSec" : 82.09652152956298
  },
  "HTTP Request" : {
    "transaction" : "HTTP Request",
    "sampleCount" : 198,
    "errorCount" : 0,
    "errorPct" : 0.0,
    "meanResTime" : 38.05555555555555,
    "medianResTime" : 38.5,
    "minResTime" : 13.0,
    "maxResTime" : 110.0,
    "pct1ResTime" : 55.0,
    "pct2ResTime" : 59.0,
    "pct3ResTime" : 109.00999999999999,
    "throughput" : 169.66580976863753,
    "receivedKBytesPerSec" : 139.67437874892886,
    "sentKBytesPerSec" : 82.09652152956298
  }
}