{
  "Total" : {
    "transaction" : "Total",
    "sampleCount" : 18,
    "errorCount" : 18,
    "errorPct" : 100.0,
    "meanResTime" : 2.6111111111111116,
    "medianResTime" : 1.0,
    "minResTime" : 1.0,
    "maxResTime" : 22.0,
    "pct1ResTime" : 5.800000000000026,
    "pct2ResTime" : 22.0,
    "pct3ResTime" : 22.0,
    "throughput" : 409.0909090909091,
    "receivedKBytesPerSec" : 176.22514204545456,
    "sentKBytesPerSec" : 158.203125
  },
  "HTTP Request" : {
    "transaction" : "HTTP Request",
    "sampleCount" : 18,
    "errorCount" : 18,
    "errorPct" : 100.0,
    "meanResTime" : 2.6111111111111116,
    "medianResTime" : 1.0,
    "minResTime" : 1.0,
    "maxResTime" : 22.0,
    "pct1ResTime" : 5.800000000000026,
    "pct2ResTime" : 22.0,
    "pct3ResTime" : 22.0,
    "throughput" : 409.0909090909091,
    "receivedKBytesPerSec" : 176.22514204545456,
    "sentKBytesPerSec" : 158.203125
  }
}