{
  "Total" : {
    "transaction" : "Total",
    "sampleCount" : 30,
    "errorCount" : 0,
    "errorPct" : 0.0,
    "meanResTime" : 1584.9333333333332,
    "medianResTime" : 85.0,
    "minResTime" : 59.0,
    "maxResTime" : 10512.0,
    "pct1ResTime" : 4076.6,
    "pct2ResTime" : 6978.799999999996,
    "pct3ResTime" : 10512.0,
    "throughput" : 2.8452200303490134,
    "receivedKBytesPerSec" : 47.65539791587633,
    "sentKBytesPerSec" : 1.1634653001707131
  },
  "HTTP Request" : {
    "transaction" : "HTTP Request",
    "sampleCount" : 30,
    "errorCount" : 0,
    "errorPct" : 0.0,
    "meanResTime" : 1584.9333333333332,
    "medianResTime" : 85.0,
    "minResTime" : 59.0,
    "maxResTime" : 10512.0,
    "pct1ResTime" : 4076.6,
    "pct2ResTime" : 6978.799999999996,
    "pct3ResTime" : 10512.0,
    "throughput" : 2.8452200303490134,
    "receivedKBytesPerSec" : 47.65539791587633,
    "sentKBytesPerSec" : 1.1634653001707131
  }
}