{
  "Total" : {
    "transaction" : "Total",
    "sampleCount" : 5190,
    "errorCount" : 0,
    "errorPct" : 0.0,
    "meanResTime" : 460.9281310211947,
    "medianResTime" : 252.5,
    "minResTime" : 21.0,
    "maxResTime" : 15517.0,
    "pct1ResTime" : 724.9000000000005,
    "pct2ResTime" : 1057.5999999999985,
    "pct3ResTime" : 4884.5300000000025,
    "throughput" : 21.318108069253043,
    "receivedKBytesPerSec" : 5526.439322076975,
    "sentKBytesPerSec" : 9.61298834743587
  },
  "HTTP Request" : {
    "transaction" : "HTTP Request",
    "sampleCount" : 5190,
    "errorCount" : 0,
    "errorPct" : 0.0,
    "meanResTime" : 460.9281310211947,
    "medianResTime" : 252.5,
    "minResTime" : 21.0,
    "maxResTime" : 15517.0,
    "pct1ResTime" : 724.9000000000005,
    "pct2ResTime" : 1057.5999999999985,
    "pct3ResTime" : 4884.5300000000025,
    "throughput" : 21.318108069253043,
    "receivedKBytesPerSec" : 5526.439322076975,
    "sentKBytesPerSec" : 9.61298834743587
  }
}