{
  "Total" : {
    "transaction" : "Total",
    "sampleCount" : 5190,
    "errorCount" : 0,
    "errorPct" : 0.0,
    "meanResTime" : 2010.60115606936,
    "medianResTime" : 1884.5,
    "minResTime" : 558.0,
    "maxResTime" : 9509.0,
    "pct1ResTime" : 3117.800000000001,
    "pct2ResTime" : 3613.949999999998,
    "pct3ResTime" : 5143.990000000002,
    "throughput" : 5.947858255317832,
    "receivedKBytesPerSec" : 1609.778835374758,
    "sentKBytesPerSec" : 2.5904591597590145
  },
  "HTTP Request" : {
    "transaction" : "HTTP Request",
    "sampleCount" : 5190,
    "errorCount" : 0,
    "errorPct" : 0.0,
    "meanResTime" : 2010.60115606936,
    "medianResTime" : 1884.5,
    "minResTime" : 558.0,
    "maxResTime" : 9509.0,
    "pct1ResTime" : 3117.800000000001,
    "pct2ResTime" : 3613.949999999998,
    "pct3ResTime" : 5143.990000000002,
    "throughput" : 5.947858255317832,
    "receivedKBytesPerSec" : 1609.778835374758,
    "sentKBytesPerSec" : 2.5904591597590145
  }
}