{
  "Total" : {
    "transaction" : "Total",
    "sampleCount" : 5262,
    "errorCount" : 0,
    "errorPct" : 0.0,
    "meanResTime" : 2079.0938806537447,
    "medianResTime" : 1543.0,
    "minResTime" : 171.0,
    "maxResTime" : 12631.0,
    "pct1ResTime" : 4081.7999999999993,
    "pct2ResTime" : 5025.849999999999,
    "pct3ResTime" : 7794.0,
    "throughput" : 5.7325007299079225,
    "receivedKBytesPerSec" : 271.3491758559941,
    "sentKBytesPerSec" : 2.9038192176721602
  },
  "HTTP Request" : {
    "transaction" : "HTTP Request",
    "sampleCount" : 5262,
    "errorCount" : 0,
    "errorPct" : 0.0,
    "meanResTime" : 2079.0938806537447,
    "medianResTime" : 1543.0,
    "minResTime" : 171.0,
    "maxResTime" : 12631.0,
    "pct1ResTime" : 4081.7999999999993,
    "pct2ResTime" : 5025.849999999999,
    "pct3ResTime" : 7794.0,
    "throughput" : 5.7325007299079225,
    "receivedKBytesPerSec" : 271.3491758559941,
    "sentKBytesPerSec" : 2.9038192176721602
  }
}