{
  "qgis218": {
    "somap218_lk": {
      "lk_big.txt": {
        "transaction": "Total",
        "sampleCount": 5262,
        "errorCount": 0,
        "errorPct": 0.0,
        "meanResTime": 269.6830102622568,
        "medianResTime": 140.0,
        "minResTime": 6.0,
        "maxResTime": 3234.0,
        "pct1ResTime": 733.6999999999998,
        "pct2ResTime": 1007.8499999999995,
        "pct3ResTime": 1767.1099999999997,
        "throughput": 36.79051361290954,
        "receivedKBytesPerSec": 1873.0356158473808,
        "sentKBytesPerSec": 18.636369272457454,
        "memMaxMB": 8018.4,
        "memAvgMB": 6551.0,
        "memMinMB": 4812.5,
        "cpuMax%": 99.8,
        "cpuAvg%": 97.6,
        "cpuMin%": 34.5,
        "dashboard": "results/details/compare-major/20201101-133127/qgis218/somap218_lk/lk_big.txt/dashboard/index.html",
        "effective duration": 149.0
      }
    },
    "somap218_grundplanav_farbig": {
      "av_f_big.txt": {
        "transaction": "Total",
        "sampleCount": 735,
        "errorCount": 0,
        "errorPct": 0.0,
        "meanResTime": 861.5088435374142,
        "medianResTime": 663.0,
        "minResTime": 218.0,
        "maxResTime": 8921.0,
        "pct1ResTime": 1515.1999999999998,
        "pct2ResTime": 1820.9999999999995,
        "pct3ResTime": 2789.639999999996,
        "throughput": 11.350299586138735,
        "receivedKBytesPerSec": 1986.5986416799215,
        "sentKBytesPerSec": 4.997455592918031,
        "memMaxMB": 7014.7,
        "memAvgMB": 6571.8,
        "memMinMB": 5983.2,
        "cpuMax%": 99.4,
        "cpuAvg%": 96.5,
        "cpuMin%": 34.2,
        "dashboard": "results/details/compare-major/20201101-133127/qgis218/somap218_grundplanav_farbig/av_f_big.txt/dashboard/index.html",
        "effective duration": 70.3
      }
    },
    "somap218_grundplanav_sw": {
      "av_sw_big.txt": {
        "transaction": "Total",
        "sampleCount": 5190,
        "errorCount": 0,
        "errorPct": 0.0,
        "meanResTime": 978.5088631984588,
        "medianResTime": 584.0,
        "minResTime": 216.0,
        "maxResTime": 17156.0,
        "pct1ResTime": 2238.0,
        "pct2ResTime": 2707.699999999999,
        "pct3ResTime": 5384.780000000006,
        "throughput": 10.119148587706112,
        "receivedKBytesPerSec": 3150.6544320049024,
        "sentKBytesPerSec": 4.407173140777049,
        "memMaxMB": 11521.8,
        "memAvgMB": 10148.1,
        "memMinMB": 6383.9,
        "cpuMax%": 99.9,
        "cpuAvg%": 98.2,
        "cpuMin%": 13.6,
        "dashboard": "results/details/compare-major/20201101-133127/qgis218/somap218_grundplanav_sw/av_sw_big.txt/dashboard/index.html",
        "effective duration": 519.0
      }
    }
  },
  "qgis310": {
    "somap310_lk": {
      "lk_big.txt": {
        "transaction": "Total",
        "sampleCount": 5262,
        "errorCount": 0,
        "errorPct": 0.0,
        "meanResTime": 369.0638540478902,
        "medianResTime": 197.0,
        "minResTime": 31.0,
        "maxResTime": 4509.0,
        "pct1ResTime": 913.6999999999998,
        "pct2ResTime": 1211.5499999999984,
        "pct3ResTime": 1949.3999999999978,
        "throughput": 26.598998114514195,
        "receivedKBytesPerSec": 1259.076413079673,
        "sentKBytesPerSec": 13.47381981004868,
        "memMaxMB": 7460.3,
        "memAvgMB": 6206.9,
        "memMinMB": 5078.2,
        "cpuMax%": 92.8,
        "cpuAvg%": 72.7,
        "cpuMin%": 13.1,
        "dashboard": "results/details/compare-major/20201101-133127/qgis310/somap310_lk/lk_big.txt/dashboard/index.html",
        "effective duration": 204.2
      }
    },
    "somap310_grundplanav_farbig": {
      "av_f_big.txt": {
        "transaction": "Total",
        "sampleCount": 735,
        "errorCount": 0,
        "errorPct": 0.0,
        "meanResTime": 1066.7523809523807,
        "medianResTime": 974.0,
        "minResTime": 175.0,
        "maxResTime": 3848.0,
        "pct1ResTime": 1754.6,
        "pct2ResTime": 2005.1999999999998,
        "pct3ResTime": 3361.3999999999996,
        "throughput": 9.237381862055097,
        "receivedKBytesPerSec": 1351.8728060236213,
        "sentKBytesPerSec": 4.067153056190931,
        "memMaxMB": 7838.2,
        "memAvgMB": 6840.9,
        "memMinMB": 5295.1,
        "cpuMax%": 98.0,
        "cpuAvg%": 73.7,
        "cpuMin%": 46.8,
        "dashboard": "results/details/compare-major/20201101-133127/qgis310/somap310_grundplanav_farbig/av_f_big.txt/dashboard/index.html",
        "effective duration": 85.2
      }
    },
    "somap310_grundplanav_sw": {
      "av_sw_big.txt": {
        "transaction": "Total",
        "sampleCount": 5190,
        "errorCount": 0,
        "errorPct": 0.0,
        "meanResTime": 1021.9811175337185,
        "medianResTime": 861.5,
        "minResTime": 184.0,
        "maxResTime": 6205.0,
        "pct1ResTime": 1846.7000000000016,
        "pct2ResTime": 2294.0,
        "pct3ResTime": 3342.3600000000006,
        "throughput": 9.727371210729721,
        "receivedKBytesPerSec": 2632.639378724491,
        "sentKBytesPerSec": 4.2365431003137495,
        "memMaxMB": 11444.0,
        "memAvgMB": 9729.8,
        "memMinMB": 6513.2,
        "cpuMax%": 96.2,
        "cpuAvg%": 73.6,
        "cpuMin%": 12.9,
        "dashboard": "results/details/compare-major/20201101-133127/qgis310/somap310_grundplanav_sw/av_sw_big.txt/dashboard/index.html",
        "effective duration": 539.8
      }
    }
  },
  "qgis314": {
    "somap314_lk": {
      "lk_big.txt": {
        "transaction": "Total",
        "sampleCount": 5262,
        "errorCount": 0,
        "errorPct": 0.0,
        "meanResTime": 368.2909540098811,
        "medianResTime": 197.0,
        "minResTime": 35.0,
        "maxResTime": 4561.0,
        "pct1ResTime": 902.0,
        "pct2ResTime": 1232.0,
        "pct3ResTime": 1925.5499999999984,
        "throughput": 26.626724892597448,
        "receivedKBytesPerSec": 1259.7749399023255,
        "sentKBytesPerSec": 13.487864910927987,
        "memMaxMB": 7894.5,
        "memAvgMB": 6212.5,
        "memMinMB": 4956.4,
        "cpuMax%": 83.1,
        "cpuAvg%": 72.7,
        "cpuMin%": 13.5,
        "dashboard": "results/details/compare-major/20201101-133127/qgis314/somap314_lk/lk_big.txt/dashboard/index.html",
        "effective duration": 204.0
      }
    },
    "somap314_grundplanav_farbig": {
      "av_f_big.txt": {
        "transaction": "Total",
        "sampleCount": 735,
        "errorCount": 0,
        "errorPct": 0.0,
        "meanResTime": 1073.137414965987,
        "medianResTime": 983.0,
        "minResTime": 195.0,
        "maxResTime": 4162.0,
        "pct1ResTime": 1777.3999999999999,
        "pct2ResTime": 2018.1999999999996,
        "pct3ResTime": 3247.24,
        "throughput": 9.142700766245397,
        "receivedKBytesPerSec": 1337.9471959468915,
        "sentKBytesPerSec": 4.02546564801224,
        "memMaxMB": 7565.8,
        "memAvgMB": 6881.9,
        "memMinMB": 5359.6,
        "cpuMax%": 96.4,
        "cpuAvg%": 73.9,
        "cpuMin%": 49.3,
        "dashboard": "results/details/compare-major/20201101-133127/qgis314/somap314_grundplanav_farbig/av_f_big.txt/dashboard/index.html",
        "effective duration": 86.3
      }
    },
    "somap314_grundplanav_sw": {
      "av_sw_big.txt": {
        "transaction": "Total",
        "sampleCount": 5190,
        "errorCount": 0,
        "errorPct": 0.0,
        "meanResTime": 1052.1930635838155,
        "medianResTime": 879.5,
        "minResTime": 194.0,
        "maxResTime": 7262.0,
        "pct1ResTime": 1928.800000000001,
        "pct2ResTime": 2408.7999999999993,
        "pct3ResTime": 3436.1800000000003,
        "throughput": 9.453448596190206,
        "receivedKBytesPerSec": 2558.4265070503557,
        "sentKBytesPerSec": 4.117242115751012,
        "memMaxMB": 11575.8,
        "memAvgMB": 9738.3,
        "memMinMB": 6559.8,
        "cpuMax%": 96.4,
        "cpuAvg%": 74.0,
        "cpuMin%": 32.3,