{
  "Total" : {
    "transaction" : "Total",
    "sampleCount" : 20,
    "errorCount" : 0,
    "errorPct" : 0.0,
    "meanResTime" : 669.3499999999999,
    "medianResTime" : 575.0,
    "minResTime" : 211.0,
    "maxResTime" : 1662.0,
    "pct1ResTime" : 1479.1000000000008,
    "pct2ResTime" : 1654.85,
    "pct3ResTime" : 1662.0,
    "throughput" : 1.4872099940511598,
    "receivedKBytesPerSec" : 462.3085217132659,
    "sentKBytesPerSec" : 0.6227691850089232
  },
  "HTTP Request" : {
    "transaction" : "HTTP Request",
    "sampleCount" : 20,
    "errorCount" : 0,
    "errorPct" : 0.0,
    "meanResTime" : 669.3499999999999,
    "medianResTime" : 575.0,
    "minResTime" : 211.0,
    "maxResTime" : 1662.0,
    "pct1ResTime" : 1479.1000000000008,
    "pct2ResTime" : 1654.85,
    "pct3ResTime" : 1662.0,
    "throughput" : 1.4872099940511598,
    "receivedKBytesPerSec" : 462.3085217132659,
    "sentKBytesPerSec" : 0.6227691850089232
  }
}