{
  "Total" : {
    "transaction" : "Total",
    "sampleCount" : 30,
    "errorCount" : 0,
    "errorPct" : 0.0,
    "meanResTime" : 108.80000000000003,
    "medianResTime" : 103.0,
    "minResTime" : 60.0,
    "maxResTime" : 270.0,
    "pct1ResTime" : 122.60000000000001,
    "pct2ResTime" : 189.1499999999999,
    "pct3ResTime" : 270.0,
    "throughput" : 9.06070673512534,
    "receivedKBytesPerSec" : 245.59824260042285,
    "sentKBytesPerSec" : 3.6962492449411055
  },
  "HTTP Request" : {
    "transaction" : "HTTP Request",
    "sampleCount" : 30,
    "errorCount" : 0,
    "errorPct" : 0.0,
    "meanResTime" : 108.80000000000003,
    "medianResTime" : 103.0,
    "minResTime" : 60.0,
    "maxResTime" : 270.0,
    "pct1ResTime" : 122.60000000000001,
    "pct2ResTime" : 189.1499999999999,
    "pct3ResTime" : 270.0,
    "throughput" : 9.06070673512534,
    "receivedKBytesPerSec" : 245.59824260042285,
    "sentKBytesPerSec" : 3.6962492449411055
  }
}