{
  "Total" : {
    "transaction" : "Total",
    "sampleCount" : 735,
    "errorCount" : 0,
    "errorPct" : 0.0,
    "meanResTime" : 6713.213605442177,
    "medianResTime" : 7056.0,
    "minResTime" : 2551.0,
    "maxResTime" : 9595.0,
    "pct1ResTime" : 8418.6,
    "pct2ResTime" : 8659.0,
    "pct3ResTime" : 9170.16,
    "throughput" : 5.787356005070826,
    "receivedKBytesPerSec" : 846.9639956698176,
    "sentKBytesPerSec" : 2.5481313877449785
  },
  "HTTP Request" : {
    "transaction" : "HTTP Request",
    "sampleCount" : 735,
    "errorCount" : 0,
    "errorPct" : 0.0,
    "meanResTime" : 6713.213605442177,
    "medianResTime" : 7056.0,
    "minResTime" : 2551.0,
    "maxResTime" : 9595.0,
    "pct1ResTime" : 8418.6,
    "pct2ResTime" : 8659.0,
    "pct3ResTime" : 9170.16,
    "throughput" : 5.787356005070826,
    "receivedKBytesPerSec" : 846.9639956698176,
    "sentKBytesPerSec" : 2.5481313877449785
  }
}