{
  "Total" : {
    "transaction" : "Total",
    "sampleCount" : 735,
    "errorCount" : 0,
    "errorPct" : 0.0,
    "meanResTime" : 816.9782312925174,
    "medianResTime" : 758.0,
    "minResTime" : 184.0,
    "maxResTime" : 3685.0,
    "pct1ResTime" : 1262.4,
    "pct2ResTime" : 1473.1999999999996,
    "pct3ResTime" : 2801.84,
    "throughput" : 12.071938901207195,
    "receivedKBytesPerSec" : 1766.719901633202,
    "sentKBytesPerSec" : 5.315188213435165
  },
  "HTTP Request" : {
    "transaction" : "HTTP Request",
    "sampleCount" : 735,
    "errorCount" : 0,
    "errorPct" : 0.0,
    "meanResTime" : 816.9782312925174,
    "medianResTime" : 758.0,
    "minResTime" : 184.0,
    "maxResTime" : 3685.0,
    "pct1ResTime" : 1262.4,
    "pct2ResTime" : 1473.1999999999996,
    "pct3ResTime" : 2801.84,
    "throughput" : 12.071938901207195,
    "receivedKBytesPerSec" : 1766.719901633202,
    "sentKBytesPerSec" : 5.315188213435165
  }
}