{
  "Total" : {
    "transaction" : "Total",
    "sampleCount" : 735,
    "errorCount" : 0,
    "errorPct" : 0.0,
    "meanResTime" : 822.1959183673466,
    "medianResTime" : 736.0,
    "minResTime" : 177.0,
    "maxResTime" : 3968.0,
    "pct1ResTime" : 1307.6,
    "pct2ResTime" : 1557.1999999999975,
    "pct3ResTime" : 3045.7599999999998,
    "throughput" : 11.951219512195122,
    "receivedKBytesPerSec" : 1749.0095433180895,
    "sentKBytesPerSec" : 5.262036331300813
  },
  "HTTP Request" : {
    "transaction" : "HTTP Request",
    "sampleCount" : 735,
    "errorCount" : 0,
    "errorPct" : 0.0,
    "meanResTime" : 822.1959183673466,
    "medianResTime" : 736.0,
    "minResTime" : 177.0,
    "maxResTime" : 3968.0,
    "pct1ResTime" : 1307.6,
    "pct2ResTime" : 1557.1999999999975,
    "pct3ResTime" : 3045.7599999999998,
    "throughput" : 11.951219512195122,
    "receivedKBytesPerSec" : 1749.0095433180895,
    "sentKBytesPerSec" : 5.262036331300813
  }
}