{
  "Total" : {
    "transaction" : "Total",
    "sampleCount" : 20,
    "errorCount" : 0,
    "errorPct" : 0.0,
    "meanResTime" : 2668.8500000000004,
    "medianResTime" : 2848.5,
    "minResTime" : 26.0,
    "maxResTime" : 5525.0,
    "pct1ResTime" : 5037.800000000001,
    "pct2ResTime" : 5503.25,
    "pct3ResTime" : 5525.0,
    "throughput" : 3.003453972067878,
    "receivedKBytesPerSec" : 934.1809487160234,
    "sentKBytesPerSec" : 1.257696350803424
  },
  "HTTP Request" : {
    "transaction" : "HTTP Request",
    "sampleCount" : 20,
    "errorCount" : 0,
    "errorPct" : 0.0,
    "meanResTime" : 2668.8500000000004,
    "medianResTime" : 2848.5,
    "minResTime" : 26.0,
    "maxResTime" : 5525.0,
    "pct1ResTime" : 5037.800000000001,
    "pct2ResTime" : 5503.25,
    "pct3ResTime" : 5525.0,
    "throughput" : 3.003453972067878,
    "receivedKBytesPerSec" : 934.1809487160234,
    "sentKBytesPerSec" : 1.257696350803424
  }
}