{
  "Total" : {
    "transaction" : "Total",
    "sampleCount" : 735,
    "errorCount" : 0,
    "errorPct" : 0.0,
    "meanResTime" : 1787.0435374149652,
    "medianResTime" : 1764.0,
    "minResTime" : 633.0,
    "maxResTime" : 4646.0,
    "pct1ResTime" : 2418.8,
    "pct2ResTime" : 2803.1999999999994,
    "pct3ResTime" : 4136.559999999998,
    "throughput" : 6.650319848716534,
    "receivedKBytesPerSec" : 973.2634680993883,
    "sentKBytesPerSec" : 2.928088185729409
  },
  "HTTP Request" : {
    "transaction" : "HTTP Request",
    "sampleCount" : 735,
    "errorCount" : 0,
    "errorPct" : 0.0,
    "meanResTime" : 1787.0435374149652,
    "medianResTime" : 1764.0,
    "minResTime" : 633.0,
    "maxResTime" : 4646.0,
    "pct1ResTime" : 2418.8,
    "pct2ResTime" : 2803.1999999999994,
    "pct3ResTime" : 4136.559999999998,
    "throughput" : 6.650319848716534,
    "receivedKBytesPerSec" : 973.2634680993883,
    "sentKBytesPerSec" : 2.928088185729409
  }
}