{
  "Total" : {
    "transaction" : "Total",
    "sampleCount" : 735,
    "errorCount" : 0,
    "errorPct" : 0.0,
    "meanResTime" : 513.9809523809523,
    "medianResTime" : 462.0,
    "minResTime" : 177.0,
    "maxResTime" : 3378.0,
    "pct1ResTime" : 742.9999999999999,
    "pct2ResTime" : 961.3999999999985,
    "pct3ResTime" : 1574.079999999999,
    "throughput" : 19.148104728409535,
    "receivedKBytesPerSec" : 3104.9212287921714,
    "sentKBytesPerSec" : 8.655165184968087
  },
  "HTTP Request" : {
    "transaction" : "HTTP Request",
    "sampleCount" : 735,
    "errorCount" : 0,
    "errorPct" : 0.0,
    "meanResTime" : 513.9809523809523,
    "medianResTime" : 462.0,
    "minResTime" : 177.0,
    "maxResTime" : 3378.0,
    "pct1ResTime" : 742.9999999999999,
    "pct2ResTime" : 961.3999999999985,
    "pct3ResTime" : 1574.079999999999,
    "throughput" : 19.148104728409535,
    "receivedKBytesPerSec" : 3104.9212287921714,
    "sentKBytesPerSec" : 8.655165184968087
  }
}