{
  "Total" : {
    "transaction" : "Total",
    "sampleCount" : 735,
    "errorCount" : 0,
    "errorPct" : 0.0,
    "meanResTime" : 5191.258503401362,
    "medianResTime" : 5375.0,
    "minResTime" : 2383.0,
    "maxResTime" : 8724.0,
    "pct1ResTime" : 6441.599999999999,
    "pct2ResTime" : 7409.999999999999,
    "pct3ResTime" : 8054.439999999999,
    "throughput" : 2.294874156594719,
    "receivedKBytesPerSec" : 335.85045126182956,
    "sentKBytesPerSec" : 1.0104166504048033
  },
  "HTTP Request" : {
    "transaction" : "HTTP Request",
    "sampleCount" : 735,
    "errorCount" : 0,
    "errorPct" : 0.0,
    "meanResTime" : 5191.258503401362,
    "medianResTime" : 5375.0,
    "minResTime" : 2383.0,
    "maxResTime" : 8724.0,
    "pct1ResTime" : 6441.599999999999,
    "pct2ResTime" : 7409.999999999999,
    "pct3ResTime" : 8054.439999999999,
    "throughput" : 2.294874156594719,
    "receivedKBytesPerSec" : 335.85045126182956,
    "sentKBytesPerSec" : 1.0104166504048033
  }
}