{
  "Total" : {
    "transaction" : "Total",
    "sampleCount" : 5190,
    "errorCount" : 0,
    "errorPct" : 0.0,
    "meanResTime" : 436.1279383429672,
    "medianResTime" : 351.0,
    "minResTime" : 2.0,
    "maxResTime" : 7622.0,
    "pct1ResTime" : 692.8000000000011,
    "pct2ResTime" : 945.4499999999998,
    "pct3ResTime" : 2218.0,
    "throughput" : 22.792147907426113,
    "receivedKBytesPerSec" : 9257.637266836107,
    "sentKBytesPerSec" : 9.043103412783804
  },
  "HTTP Request" : {
    "transaction" : "HTTP Request",
    "sampleCount" : 5190,
    "errorCount" : 0,
    "errorPct" : 0.0,
    "meanResTime" : 436.1279383429672,
    "medianResTime" : 351.0,
    "minResTime" : 2.0,
    "maxResTime" : 7622.0,
    "pct1ResTime" : 692.8000000000011,
    "pct2ResTime" : 945.4499999999998,
    "pct3ResTime" : 2218.0,
    "throughput" : 22.792147907426113,
    "receivedKBytesPerSec" : 9257.637266836107,
    "sentKBytesPerSec" : 9.043103412783804
  }
}