{
  "qgis310-singlethread-multiinstance": {
    "somap310_lk": {
      "lk.txt": {
        "transaction": "Total",
        "sampleCount": 30,
        "errorCount": 0,
        "errorPct": 0.0,
        "meanResTime": 111.9,
        "medianResTime": 106.0,
        "minResTime": 70.0,
        "maxResTime": 258.0,
        "pct1ResTime": 128.3,
        "pct2ResTime": 193.0999999999999,
        "pct3ResTime": 258.0,
        "throughput": 8.818342151675484,
        "receivedKBytesPerSec": 239.0287422839506,
        "sentKBytesPerSec": 3.5973783803644914,
        "memMaxMB": 2502.9,
        "memAvgMB": 2483.3,
        "memMinMB": 2445.7,
        "cpuMax%": 35.5,
        "cpuAvg%": 26.4,
        "cpuMin%": 17.6,
        "dashboard": "results/details/compare-deployment-sequential/20201012-004358/qgis310-singlethread-multiinstance/somap310_lk/lk.txt/dashboard/index.html"
      }
    },
    "somap310_grundplanav_farbig": {
      "av_f_big.txt": {
        "transaction": "Total",
        "sampleCount": 735,
        "errorCount": 0,
        "errorPct": 0.0,
        "meanResTime": 700.3006802721092,
        "medianResTime": 685.0,
        "minResTime": 160.0,
        "maxResTime": 3318.0,
        "pct1ResTime": 1021.0,
        "pct2ResTime": 1241.1999999999994,
        "pct3ResTime": 2743.2799999999943,
        "throughput": 1.425017885428562,
        "receivedKBytesPerSec": 208.54805794054863,
        "sentKBytesPerSec": 0.6274251659612666,
        "memMaxMB": 3779.4,
        "memAvgMB": 3119.4,
        "memMinMB": 2509.6,
        "cpuMax%": 33.9,
        "cpuAvg%": 13.1,
        "cpuMin%": 12.1,
        "dashboard": "results/details/compare-deployment-sequential/20201012-004358/qgis310-singlethread-multiinstance/somap310_grundplanav_farbig/av_f_big.txt/dashboard/index.html"
      }
    },
    "somap310_grundplanav_sw": {
      "av_sw.txt": {
        "transaction": "Total",
        "sampleCount": 20,
        "errorCount": 0,
        "errorPct": 0.0,
        "meanResTime": 735.6999999999999,
        "medianResTime": 536.5,
        "minResTime": 190.0,
        "maxResTime": 2342.0,
        "pct1ResTime": 1590.8000000000002,
        "pct2ResTime": 2304.5999999999995,
        "pct3ResTime": 2342.0,
        "throughput": 1.3542795232936078,
        "receivedKBytesPerSec": 421.3808995801733,
        "sentKBytesPerSec": 0.5671045503791983,
        "memMaxMB": 3107.5,
        "memAvgMB": 2918.1,
        "memMinMB": 2854.8,
        "cpuMax%": 33.7,
        "cpuAvg%": 15.4,
        "cpuMin%": 12.5,
        "dashboard": "results/details/compare-deployment-sequential/20201012-004358/qgis310-singlethread-multiinstance/somap310_grundplanav_sw/av_sw.txt/dashboard/index.html"
      }
    }
  },
  "qgis310-multithread-singleinstance": {
    "somap310_lk": {
      "lk.txt": {
        "transaction": "Total",
        "sampleCount": 30,
        "errorCount": 0,
        "errorPct": 0.0,
        "meanResTime": 80.76666666666667,
        "medianResTime": 76.5,
        "minResTime": 52.0,
        "maxResTime": 236.0,
        "pct1ResTime": 85.30000000000001,
        "pct2ResTime": 156.2499999999999,
        "pct3ResTime": 236.0,
        "throughput": 12.126111560226354,
        "receivedKBytesPerSec": 328.6886747170574,
        "sentKBytesPerSec": 4.946758791430881,
        "memMaxMB": 2239.7,
        "memAvgMB": 2235.0,
        "memMinMB": 2230.2,
        "cpuMax%": 26.8,
        "cpuAvg%": 21.7,
        "cpuMin%": 16.7,
        "dashboard": "results/details/compare-deployment-sequential/20201012-004358/qgis310-multithread-singleinstance/somap310_lk/lk.txt/dashboard/index.html"
      }
    },
    "somap310_grundplanav_farbig": {
      "av_f_big.txt": {
        "transaction": "Total",
        "sampleCount": 735,
        "errorCount": 0,
        "errorPct": 0.0,
        "meanResTime": 459.37006802721106,
        "medianResTime": 403.0,
        "minResTime": 166.0,
        "maxResTime": 2768.0,
        "pct1ResTime": 682.4,
        "pct2ResTime": 823.5999999999998,
        "pct3ResTime": 1341.5599999999993,
        "throughput": 2.1699338686820973,
        "receivedKBytesPerSec": 317.5555705348444,
        "sentKBytesPerSec": 0.9554063367235474,
        "memMaxMB": 3126.8,
        "memAvgMB": 2638.0,
        "memMinMB": 2240.6,
        "cpuMax%": 31.6,
        "cpuAvg%": 19.8,
        "cpuMin%": 12.5,
        "dashboard": "results/details/compare-deployment-sequential/20201012-004358/qgis310-multithread-singleinstance/somap310_grundplanav_farbig/av_f_big.txt/dashboard/index.html"
      }
    },
    "somap310_grundplanav_sw": {
      "av_sw.txt": {
        "transaction": "Total",
        "sampleCount": 20,
        "errorCount": 0,
        "errorPct": 0.0,
        "meanResTime": 615.7500000000001,
        "medianResTime": 386.0,
        "minResTime": 208.0,
        "maxResTime": 2304.0,
        "pct1ResTime": 1276.0000000000005,
        "pct2ResTime": 2253.399999999999,
        "pct3ResTime": 2304.0,
        "throughput": 1.6165535079211122,
        "receivedKBytesPerSec": 502.98509866028127,
        "sentKBytesPerSec": 0.6769317814419658,
        "memMaxMB": 2547.0,
        "memAvgMB": 2356.7,
        "memMinMB": 2302.6,
        "cpuMax%": 30.2,
        "cpuAvg%": 18.5,
        "cpuMin%": 15.1,
        "dashboard": "results/details/compare-deployment-sequential/20201012-004358/qgis310-multithread-singleinstance/somap310_grundplanav_sw/av_sw.txt/dashboard/index.html"
      }
    }
  },
  "qgis310-balanced": {
    "somap310_lk": {
      "lk.txt": {
        "transaction": "Total",
        "sampleCount": 30,
        "errorCount": 0,
        "errorPct": 0.0,
        "meanResTime": 95.80000000000001,
        "medianResTime": 90.5,
        "minResTime": 54.0,
        "maxResTime": 250.0,
        "pct1ResTime": 102.80000000000001,
        "pct2ResTime": 176.8499999999999,
        "pct3ResTime": 250.0,
        "throughput": 10.263427984946972,
        "receivedKBytesPerSec": 278.1990356654122,
        "sentKBytesPerSec": 4.1868906089633935,
        "memMaxMB": 2337.8,
        "memAvgMB": 2334.0,
        "memMinMB": 2330.1,
        "cpuMax%": 17.5,
        "cpuAvg%": 13.8,
        "cpuMin%": 10.0,
        "dashboard": "results/details/compare-deployment-sequential/20201012-004358/qgis310-balanced/somap310_lk/lk.txt/dashboard/index.html"
      }
    },
    "somap310_grundplanav_farbig": {
      "av_f_big.txt": {
        "transaction": "Total",
        "sampleCount": 735,
        "errorCount": 0,
        "errorPct": 0.0,
        "meanResTime": 556.7564625850333,
        "medianResTime": 525.0,
        "minResTime": 169.0,
        "maxResTime": 3039.0,
        "pct1ResTime": 780.4,
        "pct2ResTime": 949.1999999999992,
        "pct3ResTime": 1750.1999999999996,
        "throughput": 1.7912586577501792,
        "receivedKBytesPerSec": 262.1451187782702,
        "sentKBytesPerSec": 0.7886783542232273,
        "memMaxMB": 3454.1,
        "memAvgMB": 2861.0,
        "memMinMB": 2313.4,
        "cpuMax%": 31.0,
        "cpuAvg%": 16.5,
        "cpuMin%": 12.4,
        "dashboard": "results/details/compare-deployment-sequential/20201012-004358/qgis310-balanced/somap310_grundplanav_farbig/av_f_big.txt/dashboard/index.html"
      }
    },
    "somap310_grundplanav_sw": {
      "av_sw.txt": {
        "transaction": "Total",
        "sampleCount": 20,
        "errorCount": 0,
        "errorPct": 0.0,
        "meanResTime": 669.05,
        "medianResTime": 447.5,
        "minResTime": 205.0,
        "maxResTime": 2258.0,
        "pct1ResTime": 1438.1000000000004,
        "pct2ResTime": 2217.9999999999995,
        "pct3ResTime": 2258.0,
        "throughput": 1.488316713796696,
        "receivedKBytesPerSec": 463.08625725554396,
        "sentKBytesPerSec": 0.6232326239023664,
        "memMaxMB": 2613.0,
        "memAvgMB": 2538.0,
        "memMinMB": 2501.5,
        "cpuMax%": 29.3,
        "cpuAvg%": 17.2,
        "cpuMin%": 14.2,