{
  "Total" : {
    "transaction" : "Total",
    "sampleCount" : 30,
    "errorCount" : 0,
    "errorPct" : 0.0,
    "meanResTime" : 328.6333333333334,
    "medianResTime" : 189.0,
    "minResTime" : 61.0,
    "maxResTime" : 962.0,
    "pct1ResTime" : 896.8000000000002,
    "pct2ResTime" : 962.0,
    "pct3ResTime" : 962.0,
    "throughput" : 21.141649048625794,
    "receivedKBytesPerSec" : 570.9057324700493,
    "sentKBytesPerSec" : 8.913627554615926
  },
  "HTTP Request" : {
    "transaction" : "HTTP Request",
    "sampleCount" : 30,
    "errorCount" : 0,
    "errorPct" : 0.0,
    "meanResTime" : 328.6333333333334,
    "medianResTime" : 189.0,
    "minResTime" : 61.0,
    "maxResTime" : 962.0,
    "pct1ResTime" : 896.8000000000002,
    "pct2ResTime" : 962.0,
    "pct3ResTime" : 962.0,
    "throughput" : 21.141649048625794,
    "receivedKBytesPerSec" : 570.9057324700493,
    "sentKBytesPerSec" : 8.913627554615926
  }
}