{
  "Total" : {
    "transaction" : "Total",
    "sampleCount" : 735,
    "errorCount" : 0,
    "errorPct" : 0.0,
    "meanResTime" : 1059.6938775510218,
    "medianResTime" : 958.0,
    "minResTime" : 198.0,
    "maxResTime" : 4306.0,
    "pct1ResTime" : 1756.0,
    "pct2ResTime" : 1980.1999999999998,
    "pct3ResTime" : 2796.5199999999995,
    "throughput" : 9.316415905086636,
    "receivedKBytesPerSec" : 1363.3638628823217,
    "sentKBytesPerSec" : 4.101951179128693
  },
  "HTTP Request" : {
    "transaction" : "HTTP Request",
    "sampleCount" : 735,
    "errorCount" : 0,
    "errorPct" : 0.0,
    "meanResTime" : 1059.6938775510218,
    "medianResTime" : 958.0,
    "minResTime" : 198.0,
    "maxResTime" : 4306.0,
    "pct1ResTime" : 1756.0,
    "pct2ResTime" : 1980.1999999999998,
    "pct3ResTime" : 2796.5199999999995,
    "throughput" : 9.316415905086636,
    "receivedKBytesPerSec" : 1363.3638628823217,
    "sentKBytesPerSec" : 4.101951179128693
  }
}