{
  "Total" : {
    "transaction" : "Total",
    "sampleCount" : 22,
    "errorCount" : 0,
    "errorPct" : 0.0,
    "meanResTime" : 11187.272727272728,
    "medianResTime" : 12100.5,
    "minResTime" : 2168.0,
    "maxResTime" : 15730.0,
    "pct1ResTime" : 15467.7,
    "pct2ResTime" : 15693.85,
    "pct3ResTime" : 15730.0,
    "throughput" : 0.7746206119502834,
    "receivedKBytesPerSec" : 101.55025901376712,
    "sentKBytesPerSec" : 0.318747029153903
  },
  "HTTP Request" : {
    "transaction" : "HTTP Request",
    "sampleCount" : 22,
    "errorCount" : 0,
    "errorPct" : 0.0,
    "meanResTime" : 11187.272727272728,
    "medianResTime" : 12100.5,
    "minResTime" : 2168.0,
    "maxResTime" : 15730.0,
    "pct1ResTime" : 15467.7,
    "pct2ResTime" : 15693.85,
    "pct3ResTime" : 15730.0,
    "throughput" : 0.7746206119502834,
    "receivedKBytesPerSec" : 101.55025901376712,
    "sentKBytesPerSec" : 0.318747029153903
  }
}