{
  "Total" : {
    "transaction" : "Total",
    "sampleCount" : 30,
    "errorCount" : 0,
    "errorPct" : 0.0,
    "meanResTime" : 13810.866666666667,
    "medianResTime" : 16051.5,
    "minResTime" : 1955.0,
    "maxResTime" : 16821.0,
    "pct1ResTime" : 16524.9,
    "pct2ResTime" : 16747.85,
    "pct3ResTime" : 16821.0,
    "throughput" : 0.6067715707293394,
    "receivedKBytesPerSec" : 16.44706486893734,
    "sentKBytesPerSec" : 0.24812058826503783
  },
  "HTTP Request" : {
    "transaction" : "HTTP Request",
    "sampleCount" : 30,
    "errorCount" : 0,
    "errorPct" : 0.0,
    "meanResTime" : 13810.866666666667,
    "medianResTime" : 16051.5,
    "minResTime" : 1955.0,
    "maxResTime" : 16821.0,
    "pct1ResTime" : 16524.9,
    "pct2ResTime" : 16747.85,
    "pct3ResTime" : 16821.0,
    "throughput" : 0.6067715707293394,
    "receivedKBytesPerSec" : 16.44706486893734,
    "sentKBytesPerSec" : 0.24812058826503783
  }
}