{
  "Total" : {
    "transaction" : "Total",
    "sampleCount" : 5190,
    "errorCount" : 1,
    "errorPct" : 0.019267824,
    "meanResTime" : 430.59633911368104,
    "medianResTime" : 300.0,
    "minResTime" : 202.0,
    "maxResTime" : 64065.0,
    "pct1ResTime" : 522.0,
    "pct2ResTime" : 669.0,
    "pct3ResTime" : 928.0900000000001,
    "throughput" : 23.13401234705476,
    "receivedKBytesPerSec" : 261.73173920189885,
    "sentKBytesPerSec" : 9.827001590741938
  },
  "HTTP Request" : {
    "transaction" : "HTTP Request",
    "sampleCount" : 5190,
    "errorCount" : 1,
    "errorPct" : 0.019267824,
    "meanResTime" : 430.59633911368104,
    "medianResTime" : 300.0,
    "minResTime" : 202.0,
    "maxResTime" : 64065.0,
    "pct1ResTime" : 522.0,
    "pct2ResTime" : 669.0,
    "pct3ResTime" : 928.0900000000001,
    "throughput" : 23.13401234705476,
    "receivedKBytesPerSec" : 261.73173920189885,
    "sentKBytesPerSec" : 9.827001590741938
  }
}