{
  "Total" : {
    "transaction" : "Total",
    "sampleCount" : 20,
    "errorCount" : 0,
    "errorPct" : 0.0,
    "meanResTime" : 784.95,
    "medianResTime" : 849.0,
    "minResTime" : 224.0,
    "maxResTime" : 1204.0,
    "pct1ResTime" : 1140.7,
    "pct2ResTime" : 1200.95,
    "pct3ResTime" : 1204.0,
    "throughput" : 8.159934720522235,
    "receivedKBytesPerSec" : 138.60772707568339,
    "sentKBytesPerSec" : 3.329317115463076
  },
  "HTTP Request" : {
    "transaction" : "HTTP Request",
    "sampleCount" : 20,
    "errorCount" : 0,
    "errorPct" : 0.0,
    "meanResTime" : 784.95,
    "medianResTime" : 849.0,
    "minResTime" : 224.0,
    "maxResTime" : 1204.0,
    "pct1ResTime" : 1140.7,
    "pct2ResTime" : 1200.95,
    "pct3ResTime" : 1204.0,
    "throughput" : 8.159934720522235,
    "receivedKBytesPerSec" : 138.60772707568339,
    "sentKBytesPerSec" : 3.329317115463076
  }
}