{
  "Total" : {
    "transaction" : "Total",
    "sampleCount" : 20,
    "errorCount" : 0,
    "errorPct" : 0.0,
    "meanResTime" : 16924.55,
    "medianResTime" : 14082.0,
    "minResTime" : 1010.0,
    "maxResTime" : 28447.0,
    "pct1ResTime" : 28369.9,
    "pct2ResTime" : 28443.95,
    "pct3ResTime" : 28447.0,
    "throughput" : 0.44931703810208484,
    "receivedKBytesPerSec" : 219.63233316998787,
    "sentKBytesPerSec" : 0.1833248618350108
  },
  "HTTP Request" : {
    "transaction" : "HTTP Request",
    "sampleCount" : 20,
    "errorCount" : 0,
    "errorPct" : 0.0,
    "meanResTime" : 16924.55,
    "medianResTime" : 14082.0,
    "minResTime" : 1010.0,
    "maxResTime" : 28447.0,
    "pct1ResTime" : 28369.9,
    "pct2ResTime" : 28443.95,
    "pct3ResTime" : 28447.0,
    "throughput" : 0.44931703810208484,
    "receivedKBytesPerSec" : 219.63233316998787,
    "sentKBytesPerSec" : 0.1833248618350108
  }
}