{
  "Total" : {
    "transaction" : "Total",
    "sampleCount" : 5262,
    "errorCount" : 0,
    "errorPct" : 0.0,
    "meanResTime" : 315.98878753325704,
    "medianResTime" : 175.0,
    "minResTime" : 30.0,
    "maxResTime" : 2432.0,
    "pct1ResTime" : 764.6999999999998,
    "pct2ResTime" : 1019.6999999999989,
    "pct3ResTime" : 1590.4399999999987,
    "throughput" : 31.251299167938612,
    "receivedKBytesPerSec" : 1479.3272859695057,
    "sentKBytesPerSec" : 15.830459929577673
  },
  "HTTP Request" : {
    "transaction" : "HTTP Request",
    "sampleCount" : 5262,
    "errorCount" : 0,
    "errorPct" : 0.0,
    "meanResTime" : 315.98878753325704,
    "medianResTime" : 175.0,
    "minResTime" : 30.0,
    "maxResTime" : 2432.0,
    "pct1ResTime" : 764.6999999999998,
    "pct2ResTime" : 1019.6999999999989,
    "pct3ResTime" : 1590.4399999999987,
    "throughput" : 31.251299167938612,
    "receivedKBytesPerSec" : 1479.3272859695057,
    "sentKBytesPerSec" : 15.830459929577673
  }
}