{
  "Total" : {
    "transaction" : "Total",
    "sampleCount" : 30,
    "errorCount" : 0,
    "errorPct" : 0.0,
    "meanResTime" : 257.4666666666667,
    "medianResTime" : 230.0,
    "minResTime" : 95.0,
    "maxResTime" : 651.0,
    "pct1ResTime" : 626.1000000000001,
    "pct2ResTime" : 642.2,
    "pct3ResTime" : 651.0,
    "throughput" : 24.97918401332223,
    "receivedKBytesPerSec" : 676.9358867610324,
    "sentKBytesPerSec" : 10.190075978351373
  },
  "HTTP Request" : {
    "transaction" : "HTTP Request",
    "sampleCount" : 30,
    "errorCount" : 0,
    "errorPct" : 0.0,
    "meanResTime" : 257.4666666666667,
    "medianResTime" : 230.0,
    "minResTime" : 95.0,
    "maxResTime" : 651.0,
    "pct1ResTime" : 626.1000000000001,
    "pct2ResTime" : 642.2,
    "pct3ResTime" : 651.0,
    "throughput" : 24.97918401332223,
    "receivedKBytesPerSec" : 676.9358867610324,
    "sentKBytesPerSec" : 10.190075978351373
  }
}