{
  "Total" : {
    "transaction" : "Total",
    "sampleCount" : 735,
    "errorCount" : 0,
    "errorPct" : 0.0,
    "meanResTime" : 1794.514285714285,
    "medianResTime" : 1805.0,
    "minResTime" : 743.0,
    "maxResTime" : 4364.0,
    "pct1ResTime" : 2429.0,
    "pct2ResTime" : 2733.3999999999996,
    "pct3ResTime" : 3807.7999999999984,
    "throughput" : 6.619117090830497,
    "receivedKBytesPerSec" : 968.6906808769429,
    "sentKBytesPerSec" : 2.9143498349723527
  },
  "HTTP Request" : {
    "transaction" : "HTTP Request",
    "sampleCount" : 735,
    "errorCount" : 0,
    "errorPct" : 0.0,
    "meanResTime" : 1794.514285714285,
    "medianResTime" : 1805.0,
    "minResTime" : 743.0,
    "maxResTime" : 4364.0,
    "pct1ResTime" : 2429.0,
    "pct2ResTime" : 2733.3999999999996,
    "pct3ResTime" : 3807.7999999999984,
    "throughput" : 6.619117090830497,
    "receivedKBytesPerSec" : 968.6906808769429,
    "sentKBytesPerSec" : 2.9143498349723527
  }
}