{
  "Total" : {
    "transaction" : "Total",
    "sampleCount" : 5190,
    "errorCount" : 0,
    "errorPct" : 0.0,
    "meanResTime" : 895.0818882466277,
    "medianResTime" : 718.5,
    "minResTime" : 191.0,
    "maxResTime" : 5957.0,
    "pct1ResTime" : 1635.7000000000016,
    "pct2ResTime" : 2045.4499999999998,
    "pct3ResTime" : 3018.260000000002,
    "throughput" : 11.10490605762997,
    "receivedKBytesPerSec" : 3005.4626494227696,
    "sentKBytesPerSec" : 4.8364981780679175
  },
  "HTTP Request" : {
    "transaction" : "HTTP Request",
    "sampleCount" : 5190,
    "errorCount" : 0,
    "errorPct" : 0.0,
    "meanResTime" : 895.0818882466277,
    "medianResTime" : 718.5,
    "minResTime" : 191.0,
    "maxResTime" : 5957.0,
    "pct1ResTime" : 1635.7000000000016,
    "pct2ResTime" : 2045.4499999999998,
    "pct3ResTime" : 3018.260000000002,
    "throughput" : 11.10490605762997,
    "receivedKBytesPerSec" : 3005.4626494227696,
    "sentKBytesPerSec" : 4.8364981780679175
  }
}