{
  "Total" : {
    "transaction" : "Total",
    "sampleCount" : 18,
    "errorCount" : 18,
    "errorPct" : 100.0,
    "meanResTime" : 6.944444444444443,
    "medianResTime" : 5.5,
    "minResTime" : 5.0,
    "maxResTime" : 28.0,
    "pct1ResTime" : 11.800000000000026,
    "pct2ResTime" : 28.0,
    "pct3ResTime" : 28.0,
    "throughput" : 225.0,
    "receivedKBytesPerSec" : 98.876953125,
    "sentKBytesPerSec" : 85.4736328125
  },
  "HTTP Request" : {
    "transaction" : "HTTP Request",
    "sampleCount" : 18,
    "errorCount" : 18,
    "errorPct" : 100.0,
    "meanResTime" : 6.944444444444443,
    "medianResTime" : 5.5,
    "minResTime" : 5.0,
    "maxResTime" : 28.0,
    "pct1ResTime" : 11.800000000000026,
    "pct2ResTime" : 28.0,
    "pct3ResTime" : 28.0,
    "throughput" : 225.0,
    "receivedKBytesPerSec" : 98.876953125,
    "sentKBytesPerSec" : 85.4736328125
  }
}