{
  "qgis310-nginx": {
    "somap310_lk": {
      "lk.txt": {
        "transaction": "Total",
        "sampleCount": 30,
        "errorCount": 0,
        "errorPct": 0.0,
        "meanResTime": 474.1,
        "medianResTime": 453.0,
        "minResTime": 185.0,
        "maxResTime": 921.0,
        "pct1ResTime": 766.7000000000003,
        "pct2ResTime": 890.1999999999999,
        "pct3ResTime": 921.0,
        "throughput": 15.09813789632612,
        "receivedKBytesPerSec": 409.2627469174635,
        "sentKBytesPerSec": 6.159175264217413,
        "memMaxMB": 3798.8,
        "memAvgMB": 3798.8,
        "memMinMB": 3798.8,
        "cpuMax%": 39.6,
        "cpuAvg%": 39.6,
        "cpuMin%": 39.6,
        "dashboard": "results/details/compare-webserver/20201029-225421/qgis310-nginx/somap310_lk/lk.txt/dashboard/index.html",
        "effective duration": 7.6
      }
    },
    "somap310_grundplanav_farbig": {
      "av_f.txt": {
        "transaction": "Total",
        "sampleCount": 22,
        "errorCount": 0,
        "errorPct": 0.0,
        "meanResTime": 4361.954545454545,
        "medianResTime": 4356.0,
        "minResTime": 3320.0,
        "maxResTime": 5915.0,
        "pct1ResTime": 5525.099999999999,
        "pct2ResTime": 5876.45,
        "pct3ResTime": 5915.0,
        "throughput": 1.946558131304194,
        "receivedKBytesPerSec": 253.81621477393384,
        "sentKBytesPerSec": 0.8294992036807645,
        "memMaxMB": 4308.7,
        "memAvgMB": 3980.3,
        "memMinMB": 3781.3,
        "cpuMax%": 50.4,
        "cpuAvg%": 30.9,
        "cpuMin%": 25.1,
        "dashboard": "results/details/compare-webserver/20201029-225421/qgis310-nginx/somap310_grundplanav_farbig/av_f.txt/dashboard/index.html",
        "effective duration": 16.9
      }
    },
    "somap310_grundplanav_sw": {
      "av_sw.txt": {
        "transaction": "Total",
        "sampleCount": 20,
        "errorCount": 0,
        "errorPct": 0.0,
        "meanResTime": 3205.100000000001,
        "medianResTime": 3278.5,
        "minResTime": 1639.0,
        "maxResTime": 4723.0,
        "pct1ResTime": 4307.7,
        "pct2ResTime": 4702.4,
        "pct3ResTime": 4723.0,
        "throughput": 2.398369109005876,
        "receivedKBytesPerSec": 746.2486837075788,
        "sentKBytesPerSec": 1.0043170643962105,
        "memMaxMB": 4111.7,
        "memAvgMB": 3937.1,
        "memMinMB": 3837.5,
        "cpuMax%": 53.7,
        "cpuAvg%": 31.3,
        "cpuMin%": 24.8,
        "dashboard": "results/details/compare-webserver/20201029-225421/qgis310-nginx/somap310_grundplanav_sw/av_sw.txt/dashboard/index.html",
        "effective duration": 14.0
      }
    }
  },
  "qgis310-apache": {
    "somap310_lk": {
      "lk.txt": {
        "transaction": "Total",
        "sampleCount": 30,
        "errorCount": 0,
        "errorPct": 0.0,
        "meanResTime": 527.0,
        "medianResTime": 524.5,
        "minResTime": 150.0,
        "maxResTime": 973.0,
        "pct1ResTime": 892.5,
        "pct2ResTime": 940.55,
        "pct3ResTime": 973.0,
        "throughput": 12.970168612191959,
        "receivedKBytesPerSec": 351.9771063013402,
        "sentKBytesPerSec": 5.291085711197579,
        "memMaxMB": 3827.1,
        "memAvgMB": 3805.8,
        "memMinMB": 3763.7,
        "cpuMax%": 37.1,
        "cpuAvg%": 32.2,
        "cpuMin%": 24.1,
        "dashboard": "results/details/compare-webserver/20201029-225421/qgis310-apache/somap310_lk/lk.txt/dashboard/index.html",
        "effective duration": 7.9
      }
    },
    "somap310_grundplanav_farbig": {
      "av_f.txt": {
        "transaction": "Total",
        "sampleCount": 22,
        "errorCount": 0,
        "errorPct": 0.0,
        "meanResTime": 4190.090909090908,
        "medianResTime": 4183.0,
        "minResTime": 2934.0,
        "maxResTime": 5635.0,
        "pct1ResTime": 5203.3,
        "pct2ResTime": 5581.9,
        "pct3ResTime": 5635.0,
        "throughput": 1.9974577810059924,
        "receivedKBytesPerSec": 260.5144943367532,
        "sentKBytesPerSec": 0.8511893953150537,
        "memMaxMB": 4385.4,
        "memAvgMB": 4033.2,
        "memMinMB": 3805.1,
        "cpuMax%": 61.3,
        "cpuAvg%": 30.8,
        "cpuMin%": 25.4,
        "dashboard": "results/details/compare-webserver/20201029-225421/qgis310-apache/somap310_grundplanav_farbig/av_f.txt/dashboard/index.html",
        "effective duration": 16.5
      }
    },
    "somap310_grundplanav_sw": {
      "av_sw.txt": {
        "transaction": "Total",
        "sampleCount": 20,
        "errorCount": 0,
        "errorPct": 0.0,
        "meanResTime": 3489.1499999999996,
        "medianResTime": 3223.0,
        "minResTime": 844.0,
        "maxResTime": 6795.0,
        "pct1ResTime": 6390.700000000002,
        "pct2ResTime": 6778.95,
        "pct3ResTime": 6795.0,
        "throughput": 1.783166904422254,
        "receivedKBytesPerSec": 554.8847976662803,
        "sentKBytesPerSec": 0.7467011412268189,
        "memMaxMB": 4138.8,
        "memAvgMB": 3954.2,
        "memMinMB": 3819.8,
        "cpuMax%": 43.6,
        "cpuAvg%": 25.2,
        "cpuMin%": 12.6,
        "dashboard": "results/details/compare-webserver/20201029-225421/qgis310-apache/somap310_grundplanav_sw/av_sw.txt/dashboard/index.html",
        "effective duration": 16.7
      }
    }
  },
  "qgis310-caddy": {
    "somap310_lk": {
      "lk.txt": {
        "transaction": "Total",
        "sampleCount": 30,
        "errorCount": 0,
        "errorPct": 0.0,
        "meanResTime": 596.9666666666667,
        "medianResTime": 527.5,
        "minResTime": 456.0,
        "maxResTime": 952.0,
        "pct1ResTime": 886.2,
        "pct2ResTime": 917.3499999999999,
        "pct3ResTime": 952.0,
        "throughput": 12.78227524499361,
        "receivedKBytesPerSec": 346.37469375798895,
        "sentKBytesPerSec": 5.214435982104814,
        "memMaxMB": 3818.4,
        "memAvgMB": 3789.8,
        "memMinMB": 3734.4,
        "cpuMax%": 36.9,
        "cpuAvg%": 32.9,
        "cpuMin%": 28.0,
        "dashboard": "results/details/compare-webserver/20201029-225421/qgis310-caddy/somap310_lk/lk.txt/dashboard/index.html",
        "effective duration": 7.8
      }
    },
    "somap310_grundplanav_farbig": {
      "av_f.txt": {
        "transaction": "Total",
        "sampleCount": 22,
        "errorCount": 0,
        "errorPct": 0.0,
        "meanResTime": 4230.136363636363,
        "medianResTime": 4325.5,
        "minResTime": 2900.0,
        "maxResTime": 5585.0,
        "pct1ResTime": 5376.599999999999,
        "pct2ResTime": 5578.4,
        "pct3ResTime": 5585.0,
        "throughput": 2.00382548501685,
        "receivedKBytesPerSec": 261.2658256671828,
        "sentKBytesPerSec": 0.8539029055469534,
        "memMaxMB": 4464.5,
        "memAvgMB": 4026.5,
        "memMinMB": 3800.5,
        "cpuMax%": 48.1,
        "cpuAvg%": 30.2,
        "cpuMin%": 24.9,
        "dashboard": "results/details/compare-webserver/20201029-225421/qgis310-caddy/somap310_grundplanav_farbig/av_f.txt/dashboard/index.html",
        "effective duration": 16.6
      }
    },
    "somap310_grundplanav_sw": {
      "av_sw.txt": {
        "transaction": "Total",
        "sampleCount": 20,
        "errorCount": 0,
        "errorPct": 0.0,
        "meanResTime": 3360.7,
        "medianResTime": 3418.0,
        "minResTime": 1990.0,
        "maxResTime": 5061.0,
        "pct1ResTime": 4570.900000000001,
        "pct2ResTime": 5038.15,
        "pct3ResTime": 5061.0,
        "throughput": 2.0048115477145148,
        "receivedKBytesPerSec": 623.7746959891239,
        "sentKBytesPerSec": 0.839514835605453,
        "memMaxMB": 4093.9,
        "memAvgMB": 3963.6,
        "memMinMB": 3881.8,
        "cpuMax%": 55.2,
        "cpuAvg%": 29.6,
        "cpuMin%": 12.9,
        "dashboard": "results/details/compare-webserver/20201029-225421/qgis310-caddy/somap310_grundplanav_sw/av_sw.txt/dashboard/index.html",
        "effective duration": 15.6
      }
    }
  }
}