{
  "Total" : {
    "transaction" : "Total",
    "sampleCount" : 30,
    "errorCount" : 0,
    "errorPct" : 0.0,
    "meanResTime" : 495.03333333333325,
    "medianResTime" : 530.0,
    "minResTime" : 228.0,
    "maxResTime" : 698.0,
    "pct1ResTime" : 667.9000000000001,
    "pct2ResTime" : 697.45,
    "pct3ResTime" : 698.0,
    "throughput" : 14.03180542563143,
    "receivedKBytesPerSec" : 380.30668995556596,
    "sentKBytesPerSec" : 5.724172708138448
  },
  "HTTP Request" : {
    "transaction" : "HTTP Request",
    "sampleCount" : 30,
    "errorCount" : 0,
    "errorPct" : 0.0,
    "meanResTime" : 495.03333333333325,
    "medianResTime" : 530.0,
    "minResTime" : 228.0,
    "maxResTime" : 698.0,
    "pct1ResTime" : 667.9000000000001,
    "pct2ResTime" : 697.45,
    "pct3ResTime" : 698.0,
    "throughput" : 14.03180542563143,
    "receivedKBytesPerSec" : 380.30668995556596,
    "sentKBytesPerSec" : 5.724172708138448
  }
}