{
  "Total" : {
    "transaction" : "Total",
    "sampleCount" : 20,
    "errorCount" : 0,
    "errorPct" : 0.0,
    "meanResTime" : 735.6999999999999,
    "medianResTime" : 536.5,
    "minResTime" : 190.0,
    "maxResTime" : 2342.0,
    "pct1ResTime" : 1590.8000000000002,
    "pct2ResTime" : 2304.5999999999995,
    "pct3ResTime" : 2342.0,
    "throughput" : 1.3542795232936078,
    "receivedKBytesPerSec" : 421.3808995801733,
    "sentKBytesPerSec" : 0.5671045503791983
  },
  "HTTP Request" : {
    "transaction" : "HTTP Request",
    "sampleCount" : 20,
    "errorCount" : 0,
    "errorPct" : 0.0,
    "meanResTime" : 735.6999999999999,
    "medianResTime" : 536.5,
    "minResTime" : 190.0,
    "maxResTime" : 2342.0,
    "pct1ResTime" : 1590.8000000000002,
    "pct2ResTime" : 2304.5999999999995,
    "pct3ResTime" : 2342.0,
    "throughput" : 1.3542795232936078,
    "receivedKBytesPerSec" : 421.3808995801733,
    "sentKBytesPerSec" : 0.5671045503791983
  }
}