{
  "Total" : {
    "transaction" : "Total",
    "sampleCount" : 735,
    "errorCount" : 0,
    "errorPct" : 0.0,
    "meanResTime" : 472.46530612244874,
    "medianResTime" : 400.0,
    "minResTime" : 178.0,
    "maxResTime" : 2906.0,
    "pct1ResTime" : 714.0,
    "pct2ResTime" : 854.1999999999999,
    "pct3ResTime" : 1652.6799999999992,
    "throughput" : 2.109874211308926,
    "receivedKBytesPerSec" : 308.77520187333863,
    "sentKBytesPerSec" : 0.9289624998564711
  },
  "HTTP Request" : {
    "transaction" : "HTTP Request",
    "sampleCount" : 735,
    "errorCount" : 0,
    "errorPct" : 0.0,
    "meanResTime" : 472.46530612244874,
    "medianResTime" : 400.0,
    "minResTime" : 178.0,
    "maxResTime" : 2906.0,
    "pct1ResTime" : 714.0,
    "pct2ResTime" : 854.1999999999999,
    "pct3ResTime" : 1652.6799999999992,
    "throughput" : 2.109874211308926,
    "receivedKBytesPerSec" : 308.77520187333863,
    "sentKBytesPerSec" : 0.9289624998564711
  }
}