{
  "Total" : {
    "transaction" : "Total",
    "sampleCount" : 5191,
    "errorCount" : 1,
    "errorPct" : 0.019264111,
    "meanResTime" : 997.5906376420733,
    "medianResTime" : 834.0,
    "minResTime" : 179.0,
    "maxResTime" : 6224.0,
    "pct1ResTime" : 1822.0,
    "pct2ResTime" : 2281.199999999999,
    "pct3ResTime" : 3257.439999999995,
    "throughput" : 9.963742036780047,
    "receivedKBytesPerSec" : 2696.0498333758005,
    "sentKBytesPerSec" : 4.33940866253894
  },
  "HTTP Request" : {
    "transaction" : "HTTP Request",
    "sampleCount" : 5191,
    "errorCount" : 1,
    "errorPct" : 0.019264111,
    "meanResTime" : 997.5906376420733,
    "medianResTime" : 834.0,
    "minResTime" : 179.0,
    "maxResTime" : 6224.0,
    "pct1ResTime" : 1822.0,
    "pct2ResTime" : 2281.199999999999,
    "pct3ResTime" : 3257.439999999995,
    "throughput" : 9.963742036780047,
    "receivedKBytesPerSec" : 2696.0498333758005,
    "sentKBytesPerSec" : 4.33940866253894
  }
}