{
  "Total" : {
    "transaction" : "Total",
    "sampleCount" : 22,
    "errorCount" : 0,
    "errorPct" : 0.0,
    "meanResTime" : 1391.772727272727,
    "medianResTime" : 1065.5,
    "minResTime" : 460.0,
    "maxResTime" : 2885.0,
    "pct1ResTime" : 2738.6,
    "pct2ResTime" : 2863.3999999999996,
    "pct3ResTime" : 2885.0,
    "throughput" : 5.64681724845996,
    "receivedKBytesPerSec" : 736.2709750385011,
    "sentKBytesPerSec" : 2.4063141683778233
  },
  "HTTP Request" : {
    "transaction" : "HTTP Request",
    "sampleCount" : 22,
    "errorCount" : 0,
    "errorPct" : 0.0,
    "meanResTime" : 1391.772727272727,
    "medianResTime" : 1065.5,
    "minResTime" : 460.0,
    "maxResTime" : 2885.0,
    "pct1ResTime" : 2738.6,
    "pct2ResTime" : 2863.3999999999996,
    "pct3ResTime" : 2885.0,
    "throughput" : 5.64681724845996,
    "receivedKBytesPerSec" : 736.2709750385011,
    "sentKBytesPerSec" : 2.4063141683778233
  }
}