{
  "Total" : {
    "transaction" : "Total",
    "sampleCount" : 735,
    "errorCount" : 0,
    "errorPct" : 0.0,
    "meanResTime" : 26470.974149659847,
    "medianResTime" : 27441.0,
    "minResTime" : 3086.0,
    "maxResTime" : 44825.0,
    "pct1ResTime" : 30544.2,
    "pct2ResTime" : 32312.599999999995,
    "pct3ResTime" : 42951.36,
    "throughput" : 0.3761684251900802,
    "receivedKBytesPerSec" : 69.67654675354494,
    "sentKBytesPerSec" : 0.16011398303122146
  },
  "HTTP Request" : {
    "transaction" : "HTTP Request",
    "sampleCount" : 735,
    "errorCount" : 0,
    "errorPct" : 0.0,
    "meanResTime" : 26470.974149659847,
    "medianResTime" : 27441.0,
    "minResTime" : 3086.0,
    "maxResTime" : 44825.0,
    "pct1ResTime" : 30544.2,
    "pct2ResTime" : 32312.599999999995,
    "pct3ResTime" : 42951.36,
    "throughput" : 0.3761684251900802,
    "receivedKBytesPerSec" : 69.67654675354494,
    "sentKBytesPerSec" : 0.16011398303122146
  }
}