{
  "Total" : {
    "transaction" : "Total",
    "sampleCount" : 30,
    "errorCount" : 0,
    "errorPct" : 0.0,
    "meanResTime" : 338.4666666666667,
    "medianResTime" : 222.5,
    "minResTime" : 96.0,
    "maxResTime" : 942.0,
    "pct1ResTime" : 913.6,
    "pct2ResTime" : 928.8,
    "pct3ResTime" : 942.0,
    "throughput" : 21.156558533145272,
    "receivedKBytesPerSec" : 573.4873611600847,
    "sentKBytesPerSec" : 8.630663787023979
  },
  "HTTP Request" : {
    "transaction" : "HTTP Request",
    "sampleCount" : 30,
    "errorCount" : 0,
    "errorPct" : 0.0,
    "meanResTime" : 338.4666666666667,
    "medianResTime" : 222.5,
    "minResTime" : 96.0,
    "maxResTime" : 942.0,
    "pct1ResTime" : 913.6,
    "pct2ResTime" : 928.8,
    "pct3ResTime" : 942.0,
    "throughput" : 21.156558533145272,
    "receivedKBytesPerSec" : 573.4873611600847,
    "sentKBytesPerSec" : 8.630663787023979
  }
}