{
  "Total" : {
    "transaction" : "Total",
    "sampleCount" : 20,
    "errorCount" : 0,
    "errorPct" : 0.0,
    "meanResTime" : 3462.35,
    "medianResTime" : 3566.0,
    "minResTime" : 1808.0,
    "maxResTime" : 5519.0,
    "pct1ResTime" : 4966.000000000002,
    "pct2ResTime" : 5494.95,
    "pct3ResTime" : 5519.0,
    "throughput" : 1.9120458891013383,
    "receivedKBytesPerSec" : 594.9136591778203,
    "sentKBytesPerSec" : 0.8006692160611854
  },
  "HTTP Request" : {
    "transaction" : "HTTP Request",
    "sampleCount" : 20,
    "errorCount" : 0,
    "errorPct" : 0.0,
    "meanResTime" : 3462.35,
    "medianResTime" : 3566.0,
    "minResTime" : 1808.0,
    "maxResTime" : 5519.0,
    "pct1ResTime" : 4966.000000000002,
    "pct2ResTime" : 5494.95,
    "pct3ResTime" : 5519.0,
    "throughput" : 1.9120458891013383,
    "receivedKBytesPerSec" : 594.9136591778203,
    "sentKBytesPerSec" : 0.8006692160611854
  }
}