{
  "Total" : {
    "transaction" : "Total",
    "sampleCount" : 5190,
    "errorCount" : 0,
    "errorPct" : 0.0,
    "meanResTime" : 891.435260115605,
    "medianResTime" : 735.0,
    "minResTime" : 178.0,
    "maxResTime" : 5996.0,
    "pct1ResTime" : 1603.9000000000005,
    "pct2ResTime" : 2039.0,
    "pct3ResTime" : 2853.350000000002,
    "throughput" : 11.147817046923933,
    "receivedKBytesPerSec" : 3017.160857972461,
    "sentKBytesPerSec" : 4.855187117934883
  },
  "HTTP Request" : {
    "transaction" : "HTTP Request",
    "sampleCount" : 5190,
    "errorCount" : 0,
    "errorPct" : 0.0,
    "meanResTime" : 891.435260115605,
    "medianResTime" : 735.0,
    "minResTime" : 178.0,
    "maxResTime" : 5996.0,
    "pct1ResTime" : 1603.9000000000005,
    "pct2ResTime" : 2039.0,
    "pct3ResTime" : 2853.350000000002,
    "throughput" : 11.147817046923933,
    "receivedKBytesPerSec" : 3017.160857972461,
    "sentKBytesPerSec" : 4.855187117934883
  }
}