{
  "Total" : {
    "transaction" : "Total",
    "sampleCount" : 20,
    "errorCount" : 0,
    "errorPct" : 0.0,
    "meanResTime" : 18255.199999999997,
    "medianResTime" : 19197.0,
    "minResTime" : 4569.0,
    "maxResTime" : 25999.0,
    "pct1ResTime" : 25939.4,
    "pct2ResTime" : 25996.6,
    "pct3ResTime" : 25999.0,
    "throughput" : 0.418025248725023,
    "receivedKBytesPerSec" : 203.57862271131177,
    "sentKBytesPerSec" : 0.17055756730206503
  },
  "HTTP Request" : {
    "transaction" : "HTTP Request",
    "sampleCount" : 20,
    "errorCount" : 0,
    "errorPct" : 0.0,
    "meanResTime" : 18255.199999999997,
    "medianResTime" : 19197.0,
    "minResTime" : 4569.0,
    "maxResTime" : 25999.0,
    "pct1ResTime" : 25939.4,
    "pct2ResTime" : 25996.6,
    "pct3ResTime" : 25999.0,
    "throughput" : 0.418025248725023,
    "receivedKBytesPerSec" : 203.57862271131177,
    "sentKBytesPerSec" : 0.17055756730206503
  }
}