{
  "Total" : {
    "transaction" : "Total",
    "sampleCount" : 30,
    "errorCount" : 0,
    "errorPct" : 0.0,
    "meanResTime" : 98.70000000000002,
    "medianResTime" : 95.0,
    "minResTime" : 57.0,
    "maxResTime" : 262.0,
    "pct1ResTime" : 104.9,
    "pct2ResTime" : 180.0499999999999,
    "pct3ResTime" : 262.0,
    "throughput" : 9.9601593625498,
    "receivedKBytesPerSec" : 269.98840575199205,
    "sentKBytesPerSec" : 4.063174385790172
  },
  "HTTP Request" : {
    "transaction" : "HTTP Request",
    "sampleCount" : 30,
    "errorCount" : 0,
    "errorPct" : 0.0,
    "meanResTime" : 98.70000000000002,
    "medianResTime" : 95.0,
    "minResTime" : 57.0,
    "maxResTime" : 262.0,
    "pct1ResTime" : 104.9,
    "pct2ResTime" : 180.0499999999999,
    "pct3ResTime" : 262.0,
    "throughput" : 9.9601593625498,
    "receivedKBytesPerSec" : 269.98840575199205,
    "sentKBytesPerSec" : 4.063174385790172
  }
}