{
  "Total" : {
    "transaction" : "Total",
    "sampleCount" : 30,
    "errorCount" : 0,
    "errorPct" : 0.0,
    "meanResTime" : 220.33333333333334,
    "medianResTime" : 221.5,
    "minResTime" : 123.0,
    "maxResTime" : 319.0,
    "pct1ResTime" : 286.6,
    "pct2ResTime" : 310.75,
    "pct3ResTime" : 319.0,
    "throughput" : 26.666666666666668,
    "receivedKBytesPerSec" : 722.6996527777778,
    "sentKBytesPerSec" : 10.878472222222221
  },
  "HTTP Request" : {
    "transaction" : "HTTP Request",
    "sampleCount" : 30,
    "errorCount" : 0,
    "errorPct" : 0.0,
    "meanResTime" : 220.33333333333334,
    "medianResTime" : 221.5,
    "minResTime" : 123.0,
    "maxResTime" : 319.0,
    "pct1ResTime" : 286.6,
    "pct2ResTime" : 310.75,
    "pct3ResTime" : 319.0,
    "throughput" : 26.666666666666668,
    "receivedKBytesPerSec" : 722.6996527777778,
    "sentKBytesPerSec" : 10.878472222222221
  }
}