{
  "Total" : {
    "transaction" : "Total",
    "sampleCount" : 735,
    "errorCount" : 0,
    "errorPct" : 0.0,
    "meanResTime" : 844.9306122448979,
    "medianResTime" : 776.0,
    "minResTime" : 209.0,
    "maxResTime" : 3441.0,
    "pct1ResTime" : 1338.4,
    "pct2ResTime" : 1617.0,
    "pct3ResTime" : 2928.7599999999993,
    "throughput" : 11.666666666666668,
    "receivedKBytesPerSec" : 1707.3916635664682,
    "sentKBytesPerSec" : 5.136749751984127
  },
  "HTTP Request" : {
    "transaction" : "HTTP Request",
    "sampleCount" : 735,
    "errorCount" : 0,
    "errorPct" : 0.0,
    "meanResTime" : 844.9306122448979,
    "medianResTime" : 776.0,
    "minResTime" : 209.0,
    "maxResTime" : 3441.0,
    "pct1ResTime" : 1338.4,
    "pct2ResTime" : 1617.0,
    "pct3ResTime" : 2928.7599999999993,
    "throughput" : 11.666666666666668,
    "receivedKBytesPerSec" : 1707.3916635664682,
    "sentKBytesPerSec" : 5.136749751984127
  }
}