{
  "Total" : {
    "transaction" : "Total",
    "sampleCount" : 5190,
    "errorCount" : 0,
    "errorPct" : 0.0,
    "meanResTime" : 1009.9984585741826,
    "medianResTime" : 605.0,
    "minResTime" : 212.0,
    "maxResTime" : 17133.0,
    "pct1ResTime" : 2302.0,
    "pct2ResTime" : 2843.8999999999996,
    "pct3ResTime" : 5492.8000000000175,
    "throughput" : 9.799756422239216,
    "receivedKBytesPerSec" : 3051.471390676778,
    "sentKBytesPerSec" : 4.268068890965909
  },
  "HTTP Request" : {
    "transaction" : "HTTP Request",
    "sampleCount" : 5190,
    "errorCount" : 0,
    "errorPct" : 0.0,
    "meanResTime" : 1009.9984585741826,
    "medianResTime" : 605.0,
    "minResTime" : 212.0,
    "maxResTime" : 17133.0,
    "pct1ResTime" : 2302.0,
    "pct2ResTime" : 2843.8999999999996,
    "pct3ResTime" : 5492.8000000000175,
    "throughput" : 9.799756422239216,
    "receivedKBytesPerSec" : 3051.471390676778,
    "sentKBytesPerSec" : 4.268068890965909
  }
}