{
  "Total" : {
    "transaction" : "Total",
    "sampleCount" : 735,
    "errorCount" : 0,
    "errorPct" : 0.0,
    "meanResTime" : 851.8095238095239,
    "medianResTime" : 778.0,
    "minResTime" : 188.0,
    "maxResTime" : 3742.0,
    "pct1ResTime" : 1322.0,
    "pct2ResTime" : 1514.1999999999998,
    "pct3ResTime" : 2962.519999999998,
    "throughput" : 11.569883671509752,
    "receivedKBytesPerSec" : 1693.2170111970106,
    "sentKBytesPerSec" : 5.0941368925811075
  },
  "HTTP Request" : {
    "transaction" : "HTTP Request",
    "sampleCount" : 735,
    "errorCount" : 0,
    "errorPct" : 0.0,
    "meanResTime" : 851.8095238095239,
    "medianResTime" : 778.0,
    "minResTime" : 188.0,
    "maxResTime" : 3742.0,
    "pct1ResTime" : 1322.0,
    "pct2ResTime" : 1514.1999999999998,
    "pct3ResTime" : 2962.519999999998,
    "throughput" : 11.569883671509752,
    "receivedKBytesPerSec" : 1693.2170111970106,
    "sentKBytesPerSec" : 5.0941368925811075
  }
}