{
  "Total" : {
    "transaction" : "Total",
    "sampleCount" : 735,
    "errorCount" : 0,
    "errorPct" : 0.0,
    "meanResTime" : 861.5768707482997,
    "medianResTime" : 809.0,
    "minResTime" : 182.0,
    "maxResTime" : 3740.0,
    "pct1ResTime" : 1349.6,
    "pct2ResTime" : 1538.7999999999997,
    "pct3ResTime" : 2807.68,
    "throughput" : 11.453236513229657,
    "receivedKBytesPerSec" : 1676.1476245247295,
    "sentKBytesPerSec" : 5.042777984464113
  },
  "HTTP Request" : {
    "transaction" : "HTTP Request",
    "sampleCount" : 735,
    "errorCount" : 0,
    "errorPct" : 0.0,
    "meanResTime" : 861.5768707482997,
    "medianResTime" : 809.0,
    "minResTime" : 182.0,
    "maxResTime" : 3740.0,
    "pct1ResTime" : 1349.6,
    "pct2ResTime" : 1538.7999999999997,
    "pct3ResTime" : 2807.68,
    "throughput" : 11.453236513229657,
    "receivedKBytesPerSec" : 1676.1476245247295,
    "sentKBytesPerSec" : 5.042777984464113
  }
}