{
  "Total" : {
    "transaction" : "Total",
    "sampleCount" : 20,
    "errorCount" : 0,
    "errorPct" : 0.0,
    "meanResTime" : 4853.55,
    "medianResTime" : 4514.5,
    "minResTime" : 2572.0,
    "maxResTime" : 8542.0,
    "pct1ResTime" : 7857.200000000002,
    "pct2ResTime" : 8512.0,
    "pct3ResTime" : 8542.0,
    "throughput" : 2.1528525296017222,
    "receivedKBytesPerSec" : 669.8520754843919,
    "sentKBytesPerSec" : 0.9015069967707213
  },
  "HTTP Request" : {
    "transaction" : "HTTP Request",
    "sampleCount" : 20,
    "errorCount" : 0,
    "errorPct" : 0.0,
    "meanResTime" : 4853.55,
    "medianResTime" : 4514.5,
    "minResTime" : 2572.0,
    "maxResTime" : 8542.0,
    "pct1ResTime" : 7857.200000000002,
    "pct2ResTime" : 8512.0,
    "pct3ResTime" : 8542.0,
    "throughput" : 2.1528525296017222,
    "receivedKBytesPerSec" : 669.8520754843919,
    "sentKBytesPerSec" : 0.9015069967707213
  }
}