{
  "Total" : {
    "transaction" : "Total",
    "sampleCount" : 20,
    "errorCount" : 0,
    "errorPct" : 0.0,
    "meanResTime" : 2053.2500000000005,
    "medianResTime" : 2221.5,
    "minResTime" : 377.0,
    "maxResTime" : 3951.0,
    "pct1ResTime" : 3778.700000000002,
    "pct2ResTime" : 3946.95,
    "pct3ResTime" : 3951.0,
    "throughput" : 3.911597887737141,
    "receivedKBytesPerSec" : 1217.0847059578525,
    "sentKBytesPerSec" : 1.6379816154899276
  },
  "HTTP Request" : {
    "transaction" : "HTTP Request",
    "sampleCount" : 20,
    "errorCount" : 0,
    "errorPct" : 0.0,
    "meanResTime" : 2053.2500000000005,
    "medianResTime" : 2221.5,
    "minResTime" : 377.0,
    "maxResTime" : 3951.0,
    "pct1ResTime" : 3778.700000000002,
    "pct2ResTime" : 3946.95,
    "pct3ResTime" : 3951.0,
    "throughput" : 3.911597887737141,
    "receivedKBytesPerSec" : 1217.0847059578525,
    "sentKBytesPerSec" : 1.6379816154899276
  }
}