{
  "Total" : {
    "transaction" : "Total",
    "sampleCount" : 30,
    "errorCount" : 0,
    "errorPct" : 0.0,
    "meanResTime" : 13734.800000000001,
    "medianResTime" : 16081.0,
    "minResTime" : 1921.0,
    "maxResTime" : 16273.0,
    "pct1ResTime" : 16216.4,
    "pct2ResTime" : 16254.3,
    "pct3ResTime" : 16273.0,
    "throughput" : 0.6161682550115017,
    "receivedKBytesPerSec" : 16.701770071680905,
    "sentKBytesPerSec" : 0.2519630735499507
  },
  "HTTP Request" : {
    "transaction" : "HTTP Request",
    "sampleCount" : 30,
    "errorCount" : 0,
    "errorPct" : 0.0,
    "meanResTime" : 13734.800000000001,
    "medianResTime" : 16081.0,
    "minResTime" : 1921.0,
    "maxResTime" : 16273.0,
    "pct1ResTime" : 16216.4,
    "pct2ResTime" : 16254.3,
    "pct3ResTime" : 16273.0,
    "throughput" : 0.6161682550115017,
    "receivedKBytesPerSec" : 16.701770071680905,
    "sentKBytesPerSec" : 0.2519630735499507
  }
}