{
  "Total" : {
    "transaction" : "Total",
    "sampleCount" : 5191,
    "errorCount" : 1,
    "errorPct" : 0.019264111,
    "meanResTime" : 868.1982277017943,
    "medianResTime" : 719.0,
    "minResTime" : 184.0,
    "maxResTime" : 8296.0,
    "pct1ResTime" : 1581.8000000000002,
    "pct2ResTime" : 1952.0,
    "pct3ResTime" : 2842.24,
    "throughput" : 11.446249374326092,
    "receivedKBytesPerSec" : 3097.299444035674,
    "sentKBytesPerSec" : 4.985070218114886
  },
  "HTTP Request" : {
    "transaction" : "HTTP Request",
    "sampleCount" : 5191,
    "errorCount" : 1,
    "errorPct" : 0.019264111,
    "meanResTime" : 868.1982277017943,
    "medianResTime" : 719.0,
    "minResTime" : 184.0,
    "maxResTime" : 8296.0,
    "pct1ResTime" : 1581.8000000000002,
    "pct2ResTime" : 1952.0,
    "pct3ResTime" : 2842.24,
    "throughput" : 11.446249374326092,
    "receivedKBytesPerSec" : 3097.299444035674,
    "sentKBytesPerSec" : 4.985070218114886
  }
}