{
  "Total" : {
    "transaction" : "Total",
    "sampleCount" : 735,
    "errorCount" : 0,
    "errorPct" : 0.0,
    "meanResTime" : 475.6013605442175,
    "medianResTime" : 418.0,
    "minResTime" : 175.0,
    "maxResTime" : 2986.0,
    "pct1ResTime" : 706.0,
    "pct2ResTime" : 850.0,
    "pct3ResTime" : 1281.0,
    "throughput" : 2.095820335445312,
    "receivedKBytesPerSec" : 306.71572912716215,
    "sentKBytesPerSec" : 0.922774678997314
  },
  "HTTP Request" : {
    "transaction" : "HTTP Request",
    "sampleCount" : 735,
    "errorCount" : 0,
    "errorPct" : 0.0,
    "meanResTime" : 475.6013605442175,
    "medianResTime" : 418.0,
    "minResTime" : 175.0,
    "maxResTime" : 2986.0,
    "pct1ResTime" : 706.0,
    "pct2ResTime" : 850.0,
    "pct3ResTime" : 1281.0,
    "throughput" : 2.095820335445312,
    "receivedKBytesPerSec" : 306.71572912716215,
    "sentKBytesPerSec" : 0.922774678997314
  }
}