{
  "Total" : {
    "transaction" : "Total",
    "sampleCount" : 5190,
    "errorCount" : 0,
    "errorPct" : 0.0,
    "meanResTime" : 249.66358381502835,
    "medianResTime" : 152.0,
    "minResTime" : 28.0,
    "maxResTime" : 2111.0,
    "pct1ResTime" : 592.0,
    "pct2ResTime" : 699.4499999999998,
    "pct3ResTime" : 966.8100000000013,
    "throughput" : 39.634053211962,
    "receivedKBytesPerSec" : 7573.460726061107,
    "sentKBytesPerSec" : 17.79479915214436
  },
  "HTTP Request" : {
    "transaction" : "HTTP Request",
    "sampleCount" : 5190,
    "errorCount" : 0,
    "errorPct" : 0.0,
    "meanResTime" : 249.66358381502835,
    "medianResTime" : 152.0,
    "minResTime" : 28.0,
    "maxResTime" : 2111.0,
    "pct1ResTime" : 592.0,
    "pct2ResTime" : 699.4499999999998,
    "pct3ResTime" : 966.8100000000013,
    "throughput" : 39.634053211962,
    "receivedKBytesPerSec" : 7573.460726061107,
    "sentKBytesPerSec" : 17.79479915214436
  }
}