{
  "Total" : {
    "transaction" : "Total",
    "sampleCount" : 5190,
    "errorCount" : 0,
    "errorPct" : 0.0,
    "meanResTime" : 880.4996146435474,
    "medianResTime" : 726.0,
    "minResTime" : 184.0,
    "maxResTime" : 8470.0,
    "pct1ResTime" : 1584.9000000000005,
    "pct2ResTime" : 1968.8999999999996,
    "pct3ResTime" : 2862.2700000000004,
    "throughput" : 11.287319924838192,
    "receivedKBytesPerSec" : 3054.832178679063,
    "sentKBytesPerSec" : 4.915944535545271
  },
  "HTTP Request" : {
    "transaction" : "HTTP Request",
    "sampleCount" : 5190,
    "errorCount" : 0,
    "errorPct" : 0.0,
    "meanResTime" : 880.4996146435474,
    "medianResTime" : 726.0,
    "minResTime" : 184.0,
    "maxResTime" : 8470.0,
    "pct1ResTime" : 1584.9000000000005,
    "pct2ResTime" : 1968.8999999999996,
    "pct3ResTime" : 2862.2700000000004,
    "throughput" : 11.287319924838192,
    "receivedKBytesPerSec" : 3054.832178679063,
    "sentKBytesPerSec" : 4.915944535545271
  }
}