{
  "Total" : {
    "transaction" : "Total",
    "sampleCount" : 5272,
    "errorCount" : 10,
    "errorPct" : 0.18968134,
    "meanResTime" : 443.983877086494,
    "medianResTime" : 134.5,
    "minResTime" : 5.0,
    "maxResTime" : 90094.0,
    "pct1ResTime" : 733.0,
    "pct2ResTime" : 1029.3499999999995,
    "pct3ResTime" : 2064.2699999999995,
    "throughput" : 17.66282497989815,
    "receivedKBytesPerSec" : 897.5043540919827,
    "sentKBytesPerSec" : 8.947590316981037
  },
  "HTTP Request" : {
    "transaction" : "HTTP Request",
    "sampleCount" : 5272,
    "errorCount" : 10,
    "errorPct" : 0.18968134,
    "meanResTime" : 443.983877086494,
    "medianResTime" : 134.5,
    "minResTime" : 5.0,
    "maxResTime" : 90094.0,
    "pct1ResTime" : 733.0,
    "pct2ResTime" : 1029.3499999999995,
    "pct3ResTime" : 2064.2699999999995,
    "throughput" : 17.66282497989815,
    "receivedKBytesPerSec" : 897.5043540919827,
    "sentKBytesPerSec" : 8.947590316981037
  }
}