{
  "Total" : {
    "transaction" : "Total",
    "sampleCount" : 5262,
    "errorCount" : 0,
    "errorPct" : 0.0,
    "meanResTime" : 377.5539718738111,
    "medianResTime" : 207.0,
    "minResTime" : 37.0,
    "maxResTime" : 4582.0,
    "pct1ResTime" : 893.0,
    "pct2ResTime" : 1209.8499999999995,
    "pct3ResTime" : 1974.37,
    "throughput" : 26.132430137217607,
    "receivedKBytesPerSec" : 1236.3257291702878,
    "sentKBytesPerSec" : 13.237478094162665
  },
  "HTTP Request" : {
    "transaction" : "HTTP Request",
    "sampleCount" : 5262,
    "errorCount" : 0,
    "errorPct" : 0.0,
    "meanResTime" : 377.5539718738111,
    "medianResTime" : 207.0,
    "minResTime" : 37.0,
    "maxResTime" : 4582.0,
    "pct1ResTime" : 893.0,
    "pct2ResTime" : 1209.8499999999995,
    "pct3ResTime" : 1974.37,
    "throughput" : 26.132430137217607,
    "receivedKBytesPerSec" : 1236.3257291702878,
    "sentKBytesPerSec" : 13.237478094162665
  }
}