{
  "Total" : {
    "transaction" : "Total",
    "sampleCount" : 735,
    "errorCount" : 0,
    "errorPct" : 0.0,
    "meanResTime" : 880.0299319727893,
    "medianResTime" : 898.0,
    "minResTime" : 138.0,
    "maxResTime" : 3238.0,
    "pct1ResTime" : 1301.4,
    "pct2ResTime" : 1419.9999999999993,
    "pct3ResTime" : 2265.7599999999993,
    "throughput" : 11.253157773865116,
    "receivedKBytesPerSec" : 1558.115030285922,
    "sentKBytesPerSec" : 5.086557691571615
  },
  "HTTP Request" : {
    "transaction" : "HTTP Request",
    "sampleCount" : 735,
    "errorCount" : 0,
    "errorPct" : 0.0,
    "meanResTime" : 880.0299319727893,
    "medianResTime" : 898.0,
    "minResTime" : 138.0,
    "maxResTime" : 3238.0,
    "pct1ResTime" : 1301.4,
    "pct2ResTime" : 1419.9999999999993,
    "pct3ResTime" : 2265.7599999999993,
    "throughput" : 11.253157773865116,
    "receivedKBytesPerSec" : 1558.115030285922,
    "sentKBytesPerSec" : 5.086557691571615
  }
}