{
  "Total" : {
    "transaction" : "Total",
    "sampleCount" : 30,
    "errorCount" : 0,
    "errorPct" : 0.0,
    "meanResTime" : 14154.966666666669,
    "medianResTime" : 16601.0,
    "minResTime" : 1937.0,
    "maxResTime" : 17087.0,
    "pct1ResTime" : 17053.9,
    "pct2ResTime" : 17071.6,
    "pct3ResTime" : 17087.0,
    "throughput" : 0.5972526378658173,
    "receivedKBytesPerSec" : 16.189629267867808,
    "sentKBytesPerSec" : 0.2442281131793749
  },
  "HTTP Request" : {
    "transaction" : "HTTP Request",
    "sampleCount" : 30,
    "errorCount" : 0,
    "errorPct" : 0.0,
    "meanResTime" : 14154.966666666669,
    "medianResTime" : 16601.0,
    "minResTime" : 1937.0,
    "maxResTime" : 17087.0,
    "pct1ResTime" : 17053.9,
    "pct2ResTime" : 17071.6,
    "pct3ResTime" : 17087.0,
    "throughput" : 0.5972526378658173,
    "receivedKBytesPerSec" : 16.189629267867808,
    "sentKBytesPerSec" : 0.2442281131793749
  }
}