{
  "Total" : {
    "transaction" : "Total",
    "sampleCount" : 22,
    "errorCount" : 0,
    "errorPct" : 0.0,
    "meanResTime" : 22361.363636363636,
    "medianResTime" : 25664.0,
    "minResTime" : 3301.0,
    "maxResTime" : 29886.0,
    "pct1ResTime" : 29412.4,
    "pct2ResTime" : 29829.899999999998,
    "pct3ResTime" : 29886.0,
    "throughput" : 0.3670826937195488,
    "receivedKBytesPerSec" : 48.12280089309551,
    "sentKBytesPerSec" : 0.1510500963592071
  },
  "HTTP Request" : {
    "transaction" : "HTTP Request",
    "sampleCount" : 22,
    "errorCount" : 0,
    "errorPct" : 0.0,
    "meanResTime" : 22361.363636363636,
    "medianResTime" : 25664.0,
    "minResTime" : 3301.0,
    "maxResTime" : 29886.0,
    "pct1ResTime" : 29412.4,
    "pct2ResTime" : 29829.899999999998,
    "pct3ResTime" : 29886.0,
    "throughput" : 0.3670826937195488,
    "receivedKBytesPerSec" : 48.12280089309551,
    "sentKBytesPerSec" : 0.1510500963592071
  }
}