{
  "qgis218": {
    "somap218_lk": {
      "featureinfo_lk.txt": {
        "transaction": "Total",
        "sampleCount": 198,
        "errorCount": 0,
        "errorPct": 0.0,
        "meanResTime": 161.04040404040398,
        "medianResTime": 66.0,
        "minResTime": 21.0,
        "maxResTime": 3058.0,
        "pct1ResTime": 166.39999999999992,
        "pct2ResTime": 1118.3999999999924,
        "pct3ResTime": 2096.709999999991,
        "throughput": 45.52770751896988,
        "receivedKBytesPerSec": 49.71464345251782,
        "sentKBytesPerSec": 21.407130231087606,
        "memMaxMB": 3964.1,
        "memAvgMB": 3865.7,
        "memMinMB": 3751.0,
        "cpuMax%": 91.1,
        "cpuAvg%": 59.0,
        "cpuMin%": 25.8,
        "dashboard": "results/details/compare-featureinfo/20201029-220745/qgis218/somap218_lk/featureinfo_lk.txt/dashboard/index.html",
        "effective duration": 9.9
      }
    }
  },
  "qgis310": {
    "somap310_lk": {
      "featureinfo_lk.txt": {
        "transaction": "Total",
        "sampleCount": 198,
        "errorCount": 0,
        "errorPct": 0.0,
        "meanResTime": 463.85858585858585,
        "medianResTime": 466.0,
        "minResTime": 187.0,
        "maxResTime": 573.0,
        "pct1ResTime": 545.1,
        "pct2ResTime": 556.05,
        "pct3ResTime": 566.0699999999999,
        "throughput": 20.25368248772504,
        "receivedKBytesPerSec": 18.770058689648117,
        "sentKBytesPerSec": 9.523282464709492,
        "memMaxMB": 3771.6,
        "memAvgMB": 3756.7,
        "memMinMB": 3715.0,
        "cpuMax%": 35.0,
        "cpuAvg%": 18.5,
        "cpuMin%": 13.7,
        "dashboard": "results/details/compare-featureinfo/20201029-220745/qgis310/somap310_lk/featureinfo_lk.txt/dashboard/index.html",
        "effective duration": 15.5
      }
    }
  },
  "qgis316": {
    "somap316_lk": {
      "featureinfo_lk.txt": {
        "transaction": "Total",
        "sampleCount": 198,
        "errorCount": 0,
        "errorPct": 0.0,
        "meanResTime": 117.36868686868691,
        "medianResTime": 119.0,
        "minResTime": 37.0,
        "maxResTime": 169.0,
        "pct1ResTime": 152.1,
        "pct2ResTime": 157.04999999999998,
        "pct3ResTime": 165.03999999999996,
        "throughput": 72.42136064374542,
        "receivedKBytesPerSec": 66.97489941477689,
        "sentKBytesPerSec": 34.0525272037308,
        "memMaxMB": 3781.0,
        "memAvgMB": 3779.9,
        "memMinMB": 3778.8,
        "cpuMax%": 34.9,
        "cpuAvg%": 29.0,
        "cpuMin%": 23.0,
        "dashboard": "results/details/compare-featureinfo/20201029-220745/qgis316/somap316_lk/featureinfo_lk.txt/dashboard/index.html",
        "effective duration": 8.3
      }
    }
  },
  "qgis316-standalone": {
    "somap316_lk": {
      "featureinfo_lk.txt": {
        "transaction": "Total",
        "sampleCount": 198,
        "errorCount": 0,
        "errorPct": 0.0,
        "meanResTime": 111.89393939393938,
        "medianResTime": 111.0,
        "minResTime": 33.0,
        "maxResTime": 219.0,
        "pct1ResTime": 146.0,
        "pct2ResTime": 155.09999999999997,
        "pct3ResTime": 210.08999999999992,
        "throughput": 75.80398162327718,
        "receivedKBytesPerSec": 62.40428790199081,
        "sentKBytesPerSec": 36.67941830972435,
        "memMaxMB": 3777.7,
        "memAvgMB": 3770.4,
        "memMinMB": 3757.1,
        "cpuMax%": 36.2,
        "cpuAvg%": 29.4,
        "cpuMin%": 21.4,
        "dashboard": "results/details/compare-featureinfo/20201029-220745/qgis316-standalone/somap316_lk/featureinfo_lk.txt/dashboard/index.html",
        "effective duration": 8.3
      }
    }
  }
}