{
  "Total" : {
    "transaction" : "Total",
    "sampleCount" : 20,
    "errorCount" : 0,
    "errorPct" : 0.0,
    "meanResTime" : 1591.4999999999998,
    "medianResTime" : 1227.5,
    "minResTime" : 228.0,
    "maxResTime" : 3360.0,
    "pct1ResTime" : 3055.2000000000007,
    "pct2ResTime" : 3346.1499999999996,
    "pct3ResTime" : 3360.0,
    "throughput" : 4.643603436266543,
    "receivedKBytesPerSec" : 1444.8141288890176,
    "sentKBytesPerSec" : 1.9445089389366146
  },
  "HTTP Request" : {
    "transaction" : "HTTP Request",
    "sampleCount" : 20,
    "errorCount" : 0,
    "errorPct" : 0.0,
    "meanResTime" : 1591.4999999999998,
    "medianResTime" : 1227.5,
    "minResTime" : 228.0,
    "maxResTime" : 3360.0,
    "pct1ResTime" : 3055.2000000000007,
    "pct2ResTime" : 3346.1499999999996,
    "pct3ResTime" : 3360.0,
    "throughput" : 4.643603436266543,
    "receivedKBytesPerSec" : 1444.8141288890176,
    "sentKBytesPerSec" : 1.9445089389366146
  }
}