{
  "Total" : {
    "transaction" : "Total",
    "sampleCount" : 20,
    "errorCount" : 0,
    "errorPct" : 0.0,
    "meanResTime" : 1227.1499999999999,
    "medianResTime" : 1182.5,
    "minResTime" : 279.0,
    "maxResTime" : 2410.0,
    "pct1ResTime" : 2316.2000000000003,
    "pct2ResTime" : 2406.15,
    "pct3ResTime" : 2410.0,
    "throughput" : 5.403944879762227,
    "receivedKBytesPerSec" : 1937.3543467981626,
    "sentKBytesPerSec" : 2.2629019184004324
  },
  "HTTP Request" : {
    "transaction" : "HTTP Request",
    "sampleCount" : 20,
    "errorCount" : 0,
    "errorPct" : 0.0,
    "meanResTime" : 1227.1499999999999,
    "medianResTime" : 1182.5,
    "minResTime" : 279.0,
    "maxResTime" : 2410.0,
    "pct1ResTime" : 2316.2000000000003,
    "pct2ResTime" : 2406.15,
    "pct3ResTime" : 2410.0,
    "throughput" : 5.403944879762227,
    "receivedKBytesPerSec" : 1937.3543467981626,
    "sentKBytesPerSec" : 2.2629019184004324
  }
}