{
  "Total" : {
    "transaction" : "Total",
    "sampleCount" : 18,
    "errorCount" : 18,
    "errorPct" : 100.0,
    "meanResTime" : 3.888888888888889,
    "medianResTime" : 3.0,
    "minResTime" : 2.0,
    "maxResTime" : 23.0,
    "pct1ResTime" : 5.900000000000027,
    "pct2ResTime" : 23.0,
    "pct3ResTime" : 23.0,
    "throughput" : 352.94117647058823,
    "receivedKBytesPerSec" : 155.1011029411765,
    "sentKBytesPerSec" : 136.4889705882353
  },
  "HTTP Request" : {
    "transaction" : "HTTP Request",
    "sampleCount" : 18,
    "errorCount" : 18,
    "errorPct" : 100.0,
    "meanResTime" : 3.888888888888889,
    "medianResTime" : 3.0,
    "minResTime" : 2.0,
    "maxResTime" : 23.0,
    "pct1ResTime" : 5.900000000000027,
    "pct2ResTime" : 23.0,
    "pct3ResTime" : 23.0,
    "throughput" : 352.94117647058823,
    "receivedKBytesPerSec" : 155.1011029411765,
    "sentKBytesPerSec" : 136.4889705882353
  }
}