{
  "Total" : {
    "transaction" : "Total",
    "sampleCount" : 5272,
    "errorCount" : 0,
    "errorPct" : 0.0,
    "meanResTime" : 315.49146433990796,
    "medianResTime" : 169.0,
    "minResTime" : 28.0,
    "maxResTime" : 3282.0,
    "pct1ResTime" : 786.6999999999998,
    "pct2ResTime" : 1020.3499999999995,
    "pct3ResTime" : 1642.3499999999976,
    "throughput" : 31.327248526335804,
    "receivedKBytesPerSec" : 1494.2253592984941,
    "sentKBytesPerSec" : 15.869680296946305
  },
  "HTTP Request" : {
    "transaction" : "HTTP Request",
    "sampleCount" : 5272,
    "errorCount" : 0,
    "errorPct" : 0.0,
    "meanResTime" : 315.49146433990796,
    "medianResTime" : 169.0,
    "minResTime" : 28.0,
    "maxResTime" : 3282.0,
    "pct1ResTime" : 786.6999999999998,
    "pct2ResTime" : 1020.3499999999995,
    "pct3ResTime" : 1642.3499999999976,
    "throughput" : 31.327248526335804,
    "receivedKBytesPerSec" : 1494.2253592984941,
    "sentKBytesPerSec" : 15.869680296946305
  }
}