{
  "Total" : {
    "transaction" : "Total",
    "sampleCount" : 5190,
    "errorCount" : 0,
    "errorPct" : 0.0,
    "meanResTime" : 653.0443159922918,
    "medianResTime" : 353.0,
    "minResTime" : 21.0,
    "maxResTime" : 21273.0,
    "pct1ResTime" : 1105.9000000000005,
    "pct2ResTime" : 1922.0,
    "pct3ResTime" : 8389.900000000001,
    "throughput" : 15.201708215073417,
    "receivedKBytesPerSec" : 4057.5949479766205,
    "sentKBytesPerSec" : 6.854916180080197
  },
  "HTTP Request" : {
    "transaction" : "HTTP Request",
    "sampleCount" : 5190,
    "errorCount" : 0,
    "errorPct" : 0.0,
    "meanResTime" : 653.0443159922918,
    "medianResTime" : 353.0,
    "minResTime" : 21.0,
    "maxResTime" : 21273.0,
    "pct1ResTime" : 1105.9000000000005,
    "pct2ResTime" : 1922.0,
    "pct3ResTime" : 8389.900000000001,
    "throughput" : 15.201708215073417,
    "receivedKBytesPerSec" : 4057.5949479766205,
    "sentKBytesPerSec" : 6.854916180080197
  }
}