{
  "Total" : {
    "transaction" : "Total",
    "sampleCount" : 5262,
    "errorCount" : 0,
    "errorPct" : 0.0,
    "meanResTime" : 314.58114785252724,
    "medianResTime" : 172.0,
    "minResTime" : 30.0,
    "maxResTime" : 2457.0,
    "pct1ResTime" : 758.0,
    "pct2ResTime" : 989.0,
    "pct3ResTime" : 1601.0,
    "throughput" : 31.39112434154402,
    "receivedKBytesPerSec" : 1485.8674609866698,
    "sentKBytesPerSec" : 15.901288882832121
  },
  "HTTP Request" : {
    "transaction" : "HTTP Request",
    "sampleCount" : 5262,
    "errorCount" : 0,
    "errorPct" : 0.0,
    "meanResTime" : 314.58114785252724,
    "medianResTime" : 172.0,
    "minResTime" : 30.0,
    "maxResTime" : 2457.0,
    "pct1ResTime" : 758.0,
    "pct2ResTime" : 989.0,
    "pct3ResTime" : 1601.0,
    "throughput" : 31.39112434154402,
    "receivedKBytesPerSec" : 1485.8674609866698,
    "sentKBytesPerSec" : 15.901288882832121
  }
}