{
  "Total" : {
    "transaction" : "Total",
    "sampleCount" : 18,
    "errorCount" : 0,
    "errorPct" : 0.0,
    "meanResTime" : 2832.388888888889,
    "medianResTime" : 2933.0,
    "minResTime" : 76.0,
    "maxResTime" : 6504.0,
    "pct1ResTime" : 6295.200000000001,
    "pct2ResTime" : 6504.0,
    "pct3ResTime" : 6504.0,
    "throughput" : 2.7039206849932405,
    "receivedKBytesPerSec" : 418.37876835473935,
    "sentKBytesPerSec" : 1.0271729945921586
  },
  "HTTP Request" : {
    "transaction" : "HTTP Request",
    "sampleCount" : 18,
    "errorCount" : 0,
    "errorPct" : 0.0,
    "meanResTime" : 2832.388888888889,
    "medianResTime" : 2933.0,
    "minResTime" : 76.0,
    "maxResTime" : 6504.0,
    "pct1ResTime" : 6295.200000000001,
    "pct2ResTime" : 6504.0,
    "pct3ResTime" : 6504.0,
    "throughput" : 2.7039206849932405,
    "receivedKBytesPerSec" : 418.37876835473935,
    "sentKBytesPerSec" : 1.0271729945921586
  }
}