{
  "Total" : {
    "transaction" : "Total",
    "sampleCount" : 735,
    "errorCount" : 0,
    "errorPct" : 0.0,
    "meanResTime" : 829.7387755102035,
    "medianResTime" : 774.0,
    "minResTime" : 171.0,
    "maxResTime" : 3283.0,
    "pct1ResTime" : 1311.4,
    "pct2ResTime" : 1541.7999999999993,
    "pct3ResTime" : 3089.5199999999995,
    "throughput" : 11.88435792128836,
    "receivedKBytesPerSec" : 1739.2201685941695,
    "sentKBytesPerSec" : 5.232597651828736
  },
  "HTTP Request" : {
    "transaction" : "HTTP Request",
    "sampleCount" : 735,
    "errorCount" : 0,
    "errorPct" : 0.0,
    "meanResTime" : 829.7387755102035,
    "medianResTime" : 774.0,
    "minResTime" : 171.0,
    "maxResTime" : 3283.0,
    "pct1ResTime" : 1311.4,
    "pct2ResTime" : 1541.7999999999993,
    "pct3ResTime" : 3089.5199999999995,
    "throughput" : 11.88435792128836,
    "receivedKBytesPerSec" : 1739.2201685941695,
    "sentKBytesPerSec" : 5.232597651828736
  }
}