{
  "Total" : {
    "transaction" : "Total",
    "sampleCount" : 20,
    "errorCount" : 0,
    "errorPct" : 0.0,
    "meanResTime" : 2955.85,
    "medianResTime" : 2960.5,
    "minResTime" : 1690.0,
    "maxResTime" : 4181.0,
    "pct1ResTime" : 4056.1,
    "pct2ResTime" : 4174.8,
    "pct3ResTime" : 4181.0,
    "throughput" : 2.476780185758514,
    "receivedKBytesPerSec" : 770.3628095975233,
    "sentKBytesPerSec" : 1.0371517027863777
  },
  "HTTP Request" : {
    "transaction" : "HTTP Request",
    "sampleCount" : 20,
    "errorCount" : 0,
    "errorPct" : 0.0,
    "meanResTime" : 2955.85,
    "medianResTime" : 2960.5,
    "minResTime" : 1690.0,
    "maxResTime" : 4181.0,
    "pct1ResTime" : 4056.1,
    "pct2ResTime" : 4174.8,
    "pct3ResTime" : 4181.0,
    "throughput" : 2.476780185758514,
    "receivedKBytesPerSec" : 770.3628095975233,
    "sentKBytesPerSec" : 1.0371517027863777
  }
}