{
  "Total" : {
    "transaction" : "Total",
    "sampleCount" : 5272,
    "errorCount" : 0,
    "errorPct" : 0.0,
    "meanResTime" : 312.1265174506827,
    "medianResTime" : 182.0,
    "minResTime" : 27.0,
    "maxResTime" : 3417.0,
    "pct1ResTime" : 751.6999999999998,
    "pct2ResTime" : 1012.3499999999995,
    "pct3ResTime" : 1627.079999999998,
    "throughput" : 31.68478685490026,
    "receivedKBytesPerSec" : 1511.3027268272692,
    "sentKBytesPerSec" : 16.050801181643617
  },
  "HTTP Request" : {
    "transaction" : "HTTP Request",
    "sampleCount" : 5272,
    "errorCount" : 0,
    "errorPct" : 0.0,
    "meanResTime" : 312.1265174506827,
    "medianResTime" : 182.0,
    "minResTime" : 27.0,
    "maxResTime" : 3417.0,
    "pct1ResTime" : 751.6999999999998,
    "pct2ResTime" : 1012.3499999999995,
    "pct3ResTime" : 1627.079999999998,
    "throughput" : 31.68478685490026,
    "receivedKBytesPerSec" : 1511.3027268272692,
    "sentKBytesPerSec" : 16.050801181643617
  }
}