{
  "Total" : {
    "transaction" : "Total",
    "sampleCount" : 30,
    "errorCount" : 0,
    "errorPct" : 0.0,
    "meanResTime" : 224.16666666666669,
    "medianResTime" : 217.5,
    "minResTime" : 128.0,
    "maxResTime" : 329.0,
    "pct1ResTime" : 310.70000000000005,
    "pct2ResTime" : 327.35,
    "pct3ResTime" : 329.0,
    "throughput" : 26.761819803746654,
    "receivedKBytesPerSec" : 725.2784204950937,
    "sentKBytesPerSec" : 10.917289250669045
  },
  "HTTP Request" : {
    "transaction" : "HTTP Request",
    "sampleCount" : 30,
    "errorCount" : 0,
    "errorPct" : 0.0,
    "meanResTime" : 224.16666666666669,
    "medianResTime" : 217.5,
    "minResTime" : 128.0,
    "maxResTime" : 329.0,
    "pct1ResTime" : 310.70000000000005,
    "pct2ResTime" : 327.35,
    "pct3ResTime" : 329.0,
    "throughput" : 26.761819803746654,
    "receivedKBytesPerSec" : 725.2784204950937,
    "sentKBytesPerSec" : 10.917289250669045
  }
}