{
  "Total" : {
    "transaction" : "Total",
    "sampleCount" : 5190,
    "errorCount" : 0,
    "errorPct" : 0.0,
    "meanResTime" : 1452.272254335258,
    "medianResTime" : 904.5,
    "minResTime" : 4.0,
    "maxResTime" : 11279.0,
    "pct1ResTime" : 3465.4000000000033,
    "pct2ResTime" : 4121.9,
    "pct3ResTime" : 6301.630000000016,
    "throughput" : 6.855947170898023,
    "receivedKBytesPerSec" : 2702.333905257399,
    "sentKBytesPerSec" : 2.720192915157984
  },
  "HTTP Request" : {
    "transaction" : "HTTP Request",
    "sampleCount" : 5190,
    "errorCount" : 0,
    "errorPct" : 0.0,
    "meanResTime" : 1452.272254335258,
    "medianResTime" : 904.5,
    "minResTime" : 4.0,
    "maxResTime" : 11279.0,
    "pct1ResTime" : 3465.4000000000033,
    "pct2ResTime" : 4121.9,
    "pct3ResTime" : 6301.630000000016,
    "throughput" : 6.855947170898023,
    "receivedKBytesPerSec" : 2702.333905257399,
    "sentKBytesPerSec" : 2.720192915157984
  }
}