{
  "Total" : {
    "transaction" : "Total",
    "sampleCount" : 735,
    "errorCount" : 0,
    "errorPct" : 0.0,
    "meanResTime" : 457.7428571428569,
    "medianResTime" : 386.0,
    "minResTime" : 177.0,
    "maxResTime" : 2800.0,
    "pct1ResTime" : 697.0,
    "pct2ResTime" : 835.1999999999999,
    "pct3ResTime" : 1608.7199999999993,
    "throughput" : 2.177642280035909,
    "receivedKBytesPerSec" : 318.6860329153593,
    "sentKBytesPerSec" : 0.9588002950186802
  },
  "HTTP Request" : {
    "transaction" : "HTTP Request",
    "sampleCount" : 735,
    "errorCount" : 0,
    "errorPct" : 0.0,
    "meanResTime" : 457.7428571428569,
    "medianResTime" : 386.0,
    "minResTime" : 177.0,
    "maxResTime" : 2800.0,
    "pct1ResTime" : 697.0,
    "pct2ResTime" : 835.1999999999999,
    "pct3ResTime" : 1608.7199999999993,
    "throughput" : 2.177642280035909,
    "receivedKBytesPerSec" : 318.6860329153593,
    "sentKBytesPerSec" : 0.9588002950186802
  }
}