{
  "Total" : {
    "transaction" : "Total",
    "sampleCount" : 5191,
    "errorCount" : 1,
    "errorPct" : 0.019264111,
    "meanResTime" : 884.8882681564235,
    "medianResTime" : 732.0,
    "minResTime" : 180.0,
    "maxResTime" : 5738.0,
    "pct1ResTime" : 1602.0,
    "pct2ResTime" : 1977.0,
    "pct3ResTime" : 2771.5599999999995,
    "throughput" : 11.245106937912539,
    "receivedKBytesPerSec" : 3042.783129865307,
    "sentKBytesPerSec" : 4.897468669644927
  },
  "HTTP Request" : {
    "transaction" : "HTTP Request",
    "sampleCount" : 5191,
    "errorCount" : 1,
    "errorPct" : 0.019264111,
    "meanResTime" : 884.8882681564235,
    "medianResTime" : 732.0,
    "minResTime" : 180.0,
    "maxResTime" : 5738.0,
    "pct1ResTime" : 1602.0,
    "pct2ResTime" : 1977.0,
    "pct3ResTime" : 2771.5599999999995,
    "throughput" : 11.245106937912539,
    "receivedKBytesPerSec" : 3042.783129865307,
    "sentKBytesPerSec" : 4.897468669644927
  }
}