{
  "Total" : {
    "transaction" : "Total",
    "sampleCount" : 30,
    "errorCount" : 0,
    "errorPct" : 0.0,
    "meanResTime" : 473.4333333333332,
    "medianResTime" : 510.5,
    "minResTime" : 288.0,
    "maxResTime" : 615.0,
    "pct1ResTime" : 568.3000000000001,
    "pct2ResTime" : 599.05,
    "pct3ResTime" : 615.0,
    "throughput" : 14.932802389248382,
    "receivedKBytesPerSec" : 404.75185882279743,
    "sentKBytesPerSec" : 6.1063106645097065
  },
  "HTTP Request" : {
    "transaction" : "HTTP Request",
    "sampleCount" : 30,
    "errorCount" : 0,
    "errorPct" : 0.0,
    "meanResTime" : 473.4333333333332,
    "medianResTime" : 510.5,
    "minResTime" : 288.0,
    "maxResTime" : 615.0,
    "pct1ResTime" : 568.3000000000001,
    "pct2ResTime" : 599.05,
    "pct3ResTime" : 615.0,
    "throughput" : 14.932802389248382,
    "receivedKBytesPerSec" : 404.75185882279743,
    "sentKBytesPerSec" : 6.1063106645097065
  }
}