{
  "Total" : {
    "transaction" : "Total",
    "sampleCount" : 30,
    "errorCount" : 0,
    "errorPct" : 0.0,
    "meanResTime" : 116.56666666666665,
    "medianResTime" : 111.5,
    "minResTime" : 62.0,
    "maxResTime" : 282.0,
    "pct1ResTime" : 127.9,
    "pct2ResTime" : 207.1999999999999,
    "pct3ResTime" : 282.0,
    "throughput" : 8.46979107848673,
    "receivedKBytesPerSec" : 229.58096590909093,
    "sentKBytesPerSec" : 3.4551895115753815
  },
  "HTTP Request" : {
    "transaction" : "HTTP Request",
    "sampleCount" : 30,
    "errorCount" : 0,
    "errorPct" : 0.0,
    "meanResTime" : 116.56666666666665,
    "medianResTime" : 111.5,
    "minResTime" : 62.0,
    "maxResTime" : 282.0,
    "pct1ResTime" : 127.9,
    "pct2ResTime" : 207.1999999999999,
    "pct3ResTime" : 282.0,
    "throughput" : 8.46979107848673,
    "receivedKBytesPerSec" : 229.58096590909093,
    "sentKBytesPerSec" : 3.4551895115753815
  }
}