{
  "Total" : {
    "transaction" : "Total",
    "sampleCount" : 22,
    "errorCount" : 0,
    "errorPct" : 0.0,
    "meanResTime" : 4944.000000000001,
    "medianResTime" : 5093.5,
    "minResTime" : 2838.0,
    "maxResTime" : 6448.0,
    "pct1ResTime" : 5964.599999999999,
    "pct2ResTime" : 6392.499999999999,
    "pct3ResTime" : 6448.0,
    "throughput" : 1.6698292220113853,
    "receivedKBytesPerSec" : 217.73126185958253,
    "sentKBytesPerSec" : 0.7115749525616698
  },
  "HTTP Request" : {
    "transaction" : "HTTP Request",
    "sampleCount" : 22,
    "errorCount" : 0,
    "errorPct" : 0.0,
    "meanResTime" : 4944.000000000001,
    "medianResTime" : 5093.5,
    "minResTime" : 2838.0,
    "maxResTime" : 6448.0,
    "pct1ResTime" : 5964.599999999999,
    "pct2ResTime" : 6392.499999999999,
    "pct3ResTime" : 6448.0,
    "throughput" : 1.6698292220113853,
    "receivedKBytesPerSec" : 217.73126185958253,
    "sentKBytesPerSec" : 0.7115749525616698
  }
}