{
  "Total" : {
    "transaction" : "Total",
    "sampleCount" : 20,
    "errorCount" : 0,
    "errorPct" : 0.0,
    "meanResTime" : 1456.7,
    "medianResTime" : 1344.0,
    "minResTime" : 412.0,
    "maxResTime" : 2369.0,
    "pct1ResTime" : 2333.6,
    "pct2ResTime" : 2367.4,
    "pct3ResTime" : 2369.0,
    "throughput" : 2.4588148512417014,
    "receivedKBytesPerSec" : 765.0518368115318,
    "sentKBytesPerSec" : 1.0296287189574624
  },
  "HTTP Request" : {
    "transaction" : "HTTP Request",
    "sampleCount" : 20,
    "errorCount" : 0,
    "errorPct" : 0.0,
    "meanResTime" : 1456.7,
    "medianResTime" : 1344.0,
    "minResTime" : 412.0,
    "maxResTime" : 2369.0,
    "pct1ResTime" : 2333.6,
    "pct2ResTime" : 2367.4,
    "pct3ResTime" : 2369.0,
    "throughput" : 2.4588148512417014,
    "receivedKBytesPerSec" : 765.0518368115318,
    "sentKBytesPerSec" : 1.0296287189574624
  }
}