{
  "Total" : {
    "transaction" : "Total",
    "sampleCount" : 20,
    "errorCount" : 0,
    "errorPct" : 0.0,
    "meanResTime" : 19130.9,
    "medianResTime" : 20317.0,
    "minResTime" : 4608.0,
    "maxResTime" : 27137.0,
    "pct1ResTime" : 26942.6,
    "pct2ResTime" : 27127.6,
    "pct3ResTime" : 27137.0,
    "throughput" : 0.400729327375824,
    "receivedKBytesPerSec" : 195.15563246984513,
    "sentKBytesPerSec" : 0.1635006962672063
  },
  "HTTP Request" : {
    "transaction" : "HTTP Request",
    "sampleCount" : 20,
    "errorCount" : 0,
    "errorPct" : 0.0,
    "meanResTime" : 19130.9,
    "medianResTime" : 20317.0,
    "minResTime" : 4608.0,
    "maxResTime" : 27137.0,
    "pct1ResTime" : 26942.6,
    "pct2ResTime" : 27127.6,
    "pct3ResTime" : 27137.0,
    "throughput" : 0.400729327375824,
    "receivedKBytesPerSec" : 195.15563246984513,
    "sentKBytesPerSec" : 0.1635006962672063
  }
}