{
  "qgis310-stock": {
    "somap310_lk": {
      "lk_big.txt": {
        "transaction": "Total",
        "sampleCount": 5262,
        "errorCount": 0,
        "errorPct": 0.0,
        "meanResTime": 312.49258836944114,
        "medianResTime": 172.0,
        "minResTime": 29.0,
        "maxResTime": 2368.0,
        "pct1ResTime": 754.6999999999998,
        "pct2ResTime": 1004.6999999999989,
        "pct3ResTime": 1583.329999999999,
        "throughput": 31.702805776634396,
        "receivedKBytesPerSec": 1500.606498506588,
        "sentKBytesPerSec": 16.059172254095397,
        "memMaxMB": 5400.1,
        "memAvgMB": 3872.0,
        "memMinMB": 2380.6,
        "cpuMax%": 99.4,
        "cpuAvg%": 81.5,
        "cpuMin%": 0.2,
        "dashboard": "results/details/compare-310/20201011-231144/qgis310-stock/somap310_lk/lk_big.txt/dashboard/index.html"
      }
    },
    "somap310_grundplanav_farbig": {
      "av_f_big.txt": {
        "transaction": "Total",
        "sampleCount": 735,
        "errorCount": 0,
        "errorPct": 0.0,
        "meanResTime": 855.8326530612252,
        "medianResTime": 784.0,
        "minResTime": 193.0,
        "maxResTime": 3342.0,
        "pct1ResTime": 1353.9999999999998,
        "pct2ResTime": 1560.1999999999994,
        "pct3ResTime": 2816.399999999999,
        "throughput": 11.505768538376042,
        "receivedKBytesPerSec": 1683.8300291753417,
        "sentKBytesPerSec": 5.065907458790564,
        "memMaxMB": 5096.2,
        "memAvgMB": 4299.1,
        "memMinMB": 3044.8,
        "cpuMax%": 98.6,
        "cpuAvg%": 87.2,
        "cpuMin%": 25.9,
        "dashboard": "results/details/compare-310/20201011-231144/qgis310-stock/somap310_grundplanav_farbig/av_f_big.txt/dashboard/index.html"
      }
    },
    "somap310_grundplanav_sw": {
      "av_sw_big.txt": {
        "transaction": "Total",
        "sampleCount": 5190,
        "errorCount": 0,
        "errorPct": 0.0,
        "meanResTime": 868.1131021194631,
        "medianResTime": 712.0,
        "minResTime": 175.0,
        "maxResTime": 6283.0,
        "pct1ResTime": 1566.0,
        "pct2ResTime": 1956.1499999999987,
        "pct3ResTime": 2991.09,
        "throughput": 11.44520525288611,
        "receivedKBytesPerSec": 3097.6211922536745,
        "sentKBytesPerSec": 4.984708025977749,
        "memMaxMB": 9511.3,
        "memAvgMB": 7246.9,
        "memMinMB": 3769.4,
        "cpuMax%": 98.9,
        "cpuAvg%": 84.2,
        "cpuMin%": 12.6,
        "dashboard": "results/details/compare-310/20201011-231144/qgis310-stock/somap310_grundplanav_sw/av_sw_big.txt/dashboard/index.html"
      }
    }
  },
  "qgis310-maxcache20": {
    "somap310_lk": {
      "lk_big.txt": {
        "transaction": "Total",
        "sampleCount": 5262,
        "errorCount": 0,
        "errorPct": 0.0,
        "meanResTime": 313.51539338654555,
        "medianResTime": 180.0,
        "minResTime": 30.0,
        "maxResTime": 3595.0,
        "pct1ResTime": 763.0,
        "pct2ResTime": 992.8499999999995,
        "pct3ResTime": 1569.5099999999975,
        "throughput": 31.460754771129285,
        "receivedKBytesPerSec": 1489.1579468748505,
        "sentKBytesPerSec": 15.93656043168855,
        "memMaxMB": 5420.6,
        "memAvgMB": 3912.5,
        "memMinMB": 2509.7,
        "cpuMax%": 96.9,
        "cpuAvg%": 81.7,
        "cpuMin%": 14.6,
        "dashboard": "results/details/compare-310/20201011-231144/qgis310-maxcache20/somap310_lk/lk_big.txt/dashboard/index.html"
      }
    },
    "somap310_grundplanav_farbig": {
      "av_f_big.txt": {
        "transaction": "Total",
        "sampleCount": 735,
        "errorCount": 0,
        "errorPct": 0.0,
        "meanResTime": 844.1999999999988,
        "medianResTime": 756.0,
        "minResTime": 178.0,
        "maxResTime": 3313.0,
        "pct1ResTime": 1338.7999999999997,
        "pct2ResTime": 1524.7999999999988,
        "pct3ResTime": 2953.6399999999994,
        "throughput": 11.647254575707155,
        "receivedKBytesPerSec": 1704.537823864987,
        "sentKBytesPerSec": 5.128202747405119,
        "memMaxMB": 5077.8,
        "memAvgMB": 4359.4,
        "memMinMB": 3067.0,
        "cpuMax%": 98.0,
        "cpuAvg%": 87.9,
        "cpuMin%": 24.7,
        "dashboard": "results/details/compare-310/20201011-231144/qgis310-maxcache20/somap310_grundplanav_farbig/av_f_big.txt/dashboard/index.html"
      }
    },
    "somap310_grundplanav_sw": {
      "av_sw_big.txt": {
        "transaction": "Total",
        "sampleCount": 5190,
        "errorCount": 0,
        "errorPct": 0.0,
        "meanResTime": 880.4996146435474,
        "medianResTime": 726.0,
        "minResTime": 184.0,
        "maxResTime": 8470.0,
        "pct1ResTime": 1584.9000000000005,
        "pct2ResTime": 1968.8999999999996,
        "pct3ResTime": 2862.2700000000004,
        "throughput": 11.287319924838192,
        "receivedKBytesPerSec": 3054.832178679063,
        "sentKBytesPerSec": 4.915944535545271,
        "memMaxMB": 9659.9,
        "memAvgMB": 7245.0,
        "memMinMB": 3968.7,
        "cpuMax%": 97.6,
        "cpuAvg%": 84.4,
        "cpuMin%": 24.0,
        "dashboard": "results/details/compare-310/20201011-231144/qgis310-maxcache20/somap310_grundplanav_sw/av_sw_big.txt/dashboard/index.html"
      }
    }
  },
  "qgis310-maxcache200": {
    "somap310_lk": {
      "lk_big.txt": {
        "transaction": "Total",
        "sampleCount": 5262,
        "errorCount": 0,
        "errorPct": 0.0,
        "meanResTime": 317.27746104142886,
        "medianResTime": 169.0,
        "minResTime": 30.0,
        "maxResTime": 3801.0,
        "pct1ResTime": 770.0,
        "pct2ResTime": 1016.8499999999995,
        "pct3ResTime": 1622.5499999999984,
        "throughput": 31.059273512849874,
        "receivedKBytesPerSec": 1470.225542140962,
        "sentKBytesPerSec": 15.73318863144707,
        "memMaxMB": 5678.1,
        "memAvgMB": 3894.7,
        "memMinMB": 2434.0,
        "cpuMax%": 99.6,
        "cpuAvg%": 80.9,
        "cpuMin%": 14.5,
        "dashboard": "results/details/compare-310/20201011-231144/qgis310-maxcache200/somap310_lk/lk_big.txt/dashboard/index.html"
      }
    },
    "somap310_grundplanav_farbig": {
      "av_f_big.txt": {
        "transaction": "Total",
        "sampleCount": 735,
        "errorCount": 0,
        "errorPct": 0.0,
        "meanResTime": 837.8095238095236,
        "medianResTime": 756.0,
        "minResTime": 181.0,
        "maxResTime": 3439.0,
        "pct1ResTime": 1307.1999999999998,
        "pct2ResTime": 1574.3999999999987,
        "pct3ResTime": 2970.72,
        "throughput": 11.741964342769506,
        "receivedKBytesPerSec": 1718.3654812458064,
        "sentKBytesPerSec": 5.169902779330948,
        "memMaxMB": 5517.1,
        "memAvgMB": 4513.9,
        "memMinMB": 3091.0,
        "cpuMax%": 98.0,
        "cpuAvg%": 86.9,
        "cpuMin%": 25.1,
        "dashboard": "results/details/compare-310/20201011-231144/qgis310-maxcache200/somap310_grundplanav_farbig/av_f_big.txt/dashboard/index.html"
      }
    },
    "somap310_grundplanav_sw": {
      "av_sw_big.txt": {
        "transaction": "Total",
        "sampleCount": 5190,
        "errorCount": 0,
        "errorPct": 0.0,
        "meanResTime": 860.370327552987,
        "medianResTime": 699.0,
        "minResTime": 177.0,
        "maxResTime": 6873.0,
        "pct1ResTime": 1563.0,
        "pct2ResTime": 1930.0,
        "pct3ResTime": 2910.3600000000006,
        "throughput": 11.550170915823957,
        "receivedKBytesPerSec": 3125.9548794151865,
        "sentKBytesPerSec": 5.0304235173942455,
        "memMaxMB": 9682.4,
        "memAvgMB": 7700.6,
        "memMinMB": 4192.1,
        "cpuMax%": 99.1,
        "cpuAvg%": 82.9,
        "cpuMin%": 26.0,
        "dashboard": "results/details/compare-310/20201011-231144/qgis310-maxcache200/somap310_grundplanav_sw/av_sw_big.txt/dashboard/index.html"
      }
    }
  },