{
  "Total" : {
    "transaction" : "Total",
    "sampleCount" : 5191,
    "errorCount" : 1,
    "errorPct" : 0.019264111,
    "meanResTime" : 5923.24773646697,
    "medianResTime" : 5794.0,
    "minResTime" : 2142.0,
    "maxResTime" : 23411.0,
    "pct1ResTime" : 8458.8,
    "pct2ResTime" : 9686.199999999997,
    "pct3ResTime" : 13136.32,
    "throughput" : 2.0233793670654174,
    "receivedKBytesPerSec" : 547.5090284954307,
    "sentKBytesPerSec" : 0.8812221272524761
  },
  "HTTP Request" : {
    "transaction" : "HTTP Request",
    "sampleCount" : 5191,
    "errorCount" : 1,
    "errorPct" : 0.019264111,
    "meanResTime" : 5923.24773646697,
    "medianResTime" : 5794.0,
    "minResTime" : 2142.0,
    "maxResTime" : 23411.0,
    "pct1ResTime" : 8458.8,
    "pct2ResTime" : 9686.199999999997,
    "pct3ResTime" : 13136.32,
    "throughput" : 2.0233793670654174,
    "receivedKBytesPerSec" : 547.5090284954307,
    "sentKBytesPerSec" : 0.8812221272524761
  }
}