{
  "Total" : {
    "transaction" : "Total",
    "sampleCount" : 20,
    "errorCount" : 0,
    "errorPct" : 0.0,
    "meanResTime" : 19063.4,
    "medianResTime" : 20318.0,
    "minResTime" : 4574.0,
    "maxResTime" : 27076.0,
    "pct1ResTime" : 26758.8,
    "pct2ResTime" : 27060.45,
    "pct3ResTime" : 27076.0,
    "throughput" : 0.4035512510088781,
    "receivedKBytesPerSec" : 196.5297745157385,
    "sentKBytesPerSec" : 0.16465206315577077
  },
  "HTTP Request" : {
    "transaction" : "HTTP Request",
    "sampleCount" : 20,
    "errorCount" : 0,
    "errorPct" : 0.0,
    "meanResTime" : 19063.4,
    "medianResTime" : 20318.0,
    "minResTime" : 4574.0,
    "maxResTime" : 27076.0,
    "pct1ResTime" : 26758.8,
    "pct2ResTime" : 27060.45,
    "pct3ResTime" : 27076.0,
    "throughput" : 0.4035512510088781,
    "receivedKBytesPerSec" : 196.5297745157385,
    "sentKBytesPerSec" : 0.16465206315577077
  }
}