{
  "Total" : {
    "transaction" : "Total",
    "sampleCount" : 735,
    "errorCount" : 0,
    "errorPct" : 0.0,
    "meanResTime" : 873.4163265306127,
    "medianResTime" : 882.0,
    "minResTime" : 146.0,
    "maxResTime" : 2967.0,
    "pct1ResTime" : 1295.3999999999999,
    "pct2ResTime" : 1405.9999999999993,
    "pct3ResTime" : 2221.3599999999988,
    "throughput" : 11.343467860174396,
    "receivedKBytesPerSec" : 1570.6193873466316,
    "sentKBytesPerSec" : 5.1273788969056255
  },
  "HTTP Request" : {
    "transaction" : "HTTP Request",
    "sampleCount" : 735,
    "errorCount" : 0,
    "errorPct" : 0.0,
    "meanResTime" : 873.4163265306127,
    "medianResTime" : 882.0,
    "minResTime" : 146.0,
    "maxResTime" : 2967.0,
    "pct1ResTime" : 1295.3999999999999,
    "pct2ResTime" : 1405.9999999999993,
    "pct3ResTime" : 2221.3599999999988,
    "throughput" : 11.343467860174396,
    "receivedKBytesPerSec" : 1570.6193873466316,
    "sentKBytesPerSec" : 5.1273788969056255
  }
}