{
  "qgis310-singlethread-multiinstance": {
    "somap310_lk": {
      "lk_big.txt": {
        "transaction": "Total",
        "sampleCount": 5262,
        "errorCount": 0,
        "errorPct": 0.0,
        "meanResTime": 419.94241733181326,
        "medianResTime": 252.5,
        "minResTime": 33.0,
        "maxResTime": 3957.0,
        "pct1ResTime": 1014.0,
        "pct2ResTime": 1322.0999999999967,
        "pct3ResTime": 2074.5899999999992,
        "throughput": 28.06235367525105,
        "receivedKBytesPerSec": 1328.4093895658123,
        "sentKBytesPerSec": 14.215087923175174,
        "memMaxMB": 6923.0,
        "memAvgMB": 5274.7,
        "memMinMB": 4004.0,
        "cpuMax%": 99.0,
        "cpuAvg%": 74.1,
        "cpuMin%": 19.8,
        "dashboard": "results/details/compare-deployment/20201030-005319/qgis310-singlethread-multiinstance/somap310_lk/lk_big.txt/dashboard/index.html",
        "effective duration": 193.8
      }
    },
    "somap310_grundplanav_farbig": {
      "av_f_big.txt": {
        "transaction": "Total",
        "sampleCount": 735,
        "errorCount": 0,
        "errorPct": 0.0,
        "meanResTime": 1231.8408163265285,
        "medianResTime": 1179.0,
        "minResTime": 374.0,
        "maxResTime": 3879.0,
        "pct1ResTime": 1815.1999999999998,
        "pct2ResTime": 2097.9999999999977,
        "pct3ResTime": 3244.5599999999995,
        "throughput": 9.618278655273041,
        "receivedKBytesPerSec": 1407.6149664423492,
        "sentKBytesPerSec": 4.2348591854561155,
        "memMaxMB": 6749.7,
        "memAvgMB": 5976.7,
        "memMinMB": 4382.7,
        "cpuMax%": 97.6,
        "cpuAvg%": 74.0,
        "cpuMin%": 38.5,
        "dashboard": "results/details/compare-deployment/20201030-005319/qgis310-singlethread-multiinstance/somap310_grundplanav_farbig/av_f_big.txt/dashboard/index.html",
        "effective duration": 82.0
      }
    },
    "somap310_grundplanav_sw": {
      "av_sw_big.txt": {
        "transaction": "Total",
        "sampleCount": 5190,
        "errorCount": 0,
        "errorPct": 0.0,
        "meanResTime": 1193.9142581888273,
        "medianResTime": 1059.0,
        "minResTime": 223.0,
        "maxResTime": 6121.0,
        "pct1ResTime": 2087.800000000001,
        "pct2ResTime": 2500.0,
        "pct3ResTime": 3560.170000000002,
        "throughput": 9.99549336137464,
        "receivedKBytesPerSec": 2705.1631153565877,
        "sentKBytesPerSec": 4.353317820096526,
        "memMaxMB": 10425.4,
        "memAvgMB": 8814.5,
        "memMinMB": 5611.6,
        "cpuMax%": 96.8,
        "cpuAvg%": 74.2,
        "cpuMin%": 21.8,
        "dashboard": "results/details/compare-deployment/20201030-005319/qgis310-singlethread-multiinstance/somap310_grundplanav_sw/av_sw_big.txt/dashboard/index.html",
        "effective duration": 525.5
      }
    }
  },
  "qgis310-multithread-singleinstance": {
    "somap310_lk": {
      "lk_big.txt": {
        "transaction": "Total",
        "sampleCount": 5262,
        "errorCount": 0,
        "errorPct": 0.0,
        "meanResTime": 2071.0271759787174,
        "medianResTime": 1545.5,
        "minResTime": 134.0,
        "maxResTime": 12501.0,
        "pct1ResTime": 4076.499999999999,
        "pct2ResTime": 4996.0,
        "pct3ResTime": 7758.989999999997,
        "throughput": 5.755405126051247,
        "receivedKBytesPerSec": 272.44308580278715,
        "sentKBytesPerSec": 2.915421523336626,
        "memMaxMB": 6041.7,
        "memAvgMB": 4612.9,
        "memMinMB": 3773.2,
        "cpuMax%": 37.1,
        "cpuAvg%": 16.0,
        "cpuMin%": 12.8,
        "dashboard": "results/details/compare-deployment/20201030-005319/qgis310-multithread-singleinstance/somap310_lk/lk_big.txt/dashboard/index.html",
        "effective duration": 920.3
      }
    },
    "somap310_grundplanav_farbig": {
      "av_f_big.txt": {
        "transaction": "Total",
        "sampleCount": 735,
        "errorCount": 0,
        "errorPct": 0.0,
        "meanResTime": 5191.258503401362,
        "medianResTime": 5375.0,
        "minResTime": 2383.0,
        "maxResTime": 8724.0,
        "pct1ResTime": 6441.599999999999,
        "pct2ResTime": 7409.999999999999,
        "pct3ResTime": 8054.439999999999,
        "throughput": 2.294874156594719,
        "receivedKBytesPerSec": 335.85045126182956,
        "sentKBytesPerSec": 1.0104166504048033,
        "memMaxMB": 4749.8,
        "memAvgMB": 4382.4,
        "memMinMB": 3859.7,
        "cpuMax%": 32.9,
        "cpuAvg%": 17.7,
        "cpuMin%": 12.5,
        "dashboard": "results/details/compare-deployment/20201030-005319/qgis310-multithread-singleinstance/somap310_grundplanav_farbig/av_f_big.txt/dashboard/index.html",
        "effective duration": 326.0
      }
    },
    "somap310_grundplanav_sw": {
      "av_sw_big.txt": {
        "transaction": "Total",
        "sampleCount": 5190,
        "errorCount": 0,
        "errorPct": 0.0,
        "meanResTime": 5842.219845857417,
        "medianResTime": 5725.5,
        "minResTime": 2088.0,
        "maxResTime": 22468.0,
        "pct1ResTime": 8320.7,
        "pct2ResTime": 9481.8,
        "pct3ResTime": 12938.960000000006,
        "throughput": 2.0509650996081428,
        "receivedKBytesPerSec": 555.089229145854,
        "sentKBytesPerSec": 0.8932528484309129,
        "memMaxMB": 8888.9,
        "memAvgMB": 7330.4,
        "memMinMB": 4079.4,
        "cpuMax%": 34.3,
        "cpuAvg%": 15.2,
        "cpuMin%": 12.4,
        "dashboard": "results/details/compare-deployment/20201030-005319/qgis310-multithread-singleinstance/somap310_grundplanav_sw/av_sw_big.txt/dashboard/index.html",
        "effective duration": 2536.9
      }
    }
  },
  "qgis310-balanced": {
    "somap310_lk": {
      "lk_big.txt": {
        "transaction": "Total",
        "sampleCount": 5262,
        "errorCount": 0,
        "errorPct": 0.0,
        "meanResTime": 743.904599011779,
        "medianResTime": 564.0,
        "minResTime": 74.0,
        "maxResTime": 4859.0,
        "pct1ResTime": 1598.0,
        "pct2ResTime": 2017.8499999999995,
        "pct3ResTime": 3055.5099999999975,
        "throughput": 15.991636453151068,
        "receivedKBytesPerSec": 756.983873005794,
        "sentKBytesPerSec": 8.100621952373064,
        "memMaxMB": 6346.8,
        "memAvgMB": 4906.2,
        "memMinMB": 3836.8,
        "cpuMax%": 67.9,
        "cpuAvg%": 42.8,
        "cpuMin%": 32.5,
        "dashboard": "results/details/compare-deployment/20201030-005319/qgis310-balanced/somap310_lk/lk_big.txt/dashboard/index.html",
        "effective duration": 335.2
      }
    },
    "somap310_grundplanav_farbig": {
      "av_f_big.txt": {
        "transaction": "Total",
        "sampleCount": 735,
        "errorCount": 0,
        "errorPct": 0.0,
        "meanResTime": 1980.4421768707473,
        "medianResTime": 1955.0,
        "minResTime": 779.0,
        "maxResTime": 4409.0,
        "pct1ResTime": 2733.4,
        "pct2ResTime": 3034.6,
        "pct3ResTime": 4169.96,
        "throughput": 5.980763910361776,
        "receivedKBytesPerSec": 875.2692790000935,
        "sentKBytesPerSec": 2.6332875028479825,
        "memMaxMB": 5660.3,
        "memAvgMB": 5010.4,
        "memMinMB": 4106.0,
        "cpuMax%": 73.9,
        "cpuAvg%": 45.8,
        "cpuMin%": 34.4,
        "dashboard": "results/details/compare-deployment/20201030-005319/qgis310-balanced/somap310_grundplanav_farbig/av_f_big.txt/dashboard/index.html",
        "effective duration": 128.5
      }
    },
    "somap310_grundplanav_sw": {
      "av_sw_big.txt": {
        "transaction": "Total",
        "sampleCount": 5190,
        "errorCount": 0,
        "errorPct": 0.0,
        "meanResTime": 2080.472254335258,
        "medianResTime": 1949.0,
        "minResTime": 568.0,
        "maxResTime": 10970.0,
        "pct1ResTime": 3260.800000000001,
        "pct2ResTime": 3765.3499999999995,
        "pct3ResTime": 5285.0,
        "throughput": 5.748055739527796,