{
  "Total" : {
    "transaction" : "Total",
    "sampleCount" : 20,
    "errorCount" : 0,
    "errorPct" : 0.0,
    "meanResTime" : 673.2,
    "medianResTime" : 764.5,
    "minResTime" : 217.0,
    "maxResTime" : 1262.0,
    "pct1ResTime" : 1217.8000000000002,
    "pct2ResTime" : 1260.3,
    "pct3ResTime" : 1262.0,
    "throughput" : 10.240655401945725,
    "receivedKBytesPerSec" : 173.95163290450589,
    "sentKBytesPerSec" : 4.178267409114183
  },
  "HTTP Request" : {
    "transaction" : "HTTP Request",
    "sampleCount" : 20,
    "errorCount" : 0,
    "errorPct" : 0.0,
    "meanResTime" : 673.2,
    "medianResTime" : 764.5,
    "minResTime" : 217.0,
    "maxResTime" : 1262.0,
    "pct1ResTime" : 1217.8000000000002,
    "pct2ResTime" : 1260.3,
    "pct3ResTime" : 1262.0,
    "throughput" : 10.240655401945725,
    "receivedKBytesPerSec" : 173.95163290450589,
    "sentKBytesPerSec" : 4.178267409114183
  }
}