{
  "Total" : {
    "transaction" : "Total",
    "sampleCount" : 735,
    "errorCount" : 0,
    "errorPct" : 0.0,
    "meanResTime" : 2043.3863945578235,
    "medianResTime" : 2080.0,
    "minResTime" : 538.0,
    "maxResTime" : 5204.0,
    "pct1ResTime" : 2725.6,
    "pct2ResTime" : 3004.399999999999,
    "pct3ResTime" : 4106.6799999999985,
    "throughput" : 5.799457139250095,
    "receivedKBytesPerSec" : 848.733053170074,
    "sentKBytesPerSec" : 2.5534594304301854
  },
  "HTTP Request" : {
    "transaction" : "HTTP Request",
    "sampleCount" : 735,
    "errorCount" : 0,
    "errorPct" : 0.0,
    "meanResTime" : 2043.3863945578235,
    "medianResTime" : 2080.0,
    "minResTime" : 538.0,
    "maxResTime" : 5204.0,
    "pct1ResTime" : 2725.6,
    "pct2ResTime" : 3004.399999999999,
    "pct3ResTime" : 4106.6799999999985,
    "throughput" : 5.799457139250095,
    "receivedKBytesPerSec" : 848.733053170074,
    "sentKBytesPerSec" : 2.5534594304301854
  }
}