{
  "Total" : {
    "transaction" : "Total",
    "sampleCount" : 735,
    "errorCount" : 0,
    "errorPct" : 0.0,
    "meanResTime" : 26227.266666666677,
    "medianResTime" : 27196.0,
    "minResTime" : 3206.0,
    "maxResTime" : 45194.0,
    "pct1ResTime" : 29792.6,
    "pct2ResTime" : 32037.59999999999,
    "pct3ResTime" : 43087.23999999999,
    "throughput" : 0.37961640665955637,
    "receivedKBytesPerSec" : 70.31368579689102,
    "sentKBytesPerSec" : 0.16158159702943706
  },
  "HTTP Request" : {
    "transaction" : "HTTP Request",
    "sampleCount" : 735,
    "errorCount" : 0,
    "errorPct" : 0.0,
    "meanResTime" : 26227.266666666677,
    "medianResTime" : 27196.0,
    "minResTime" : 3206.0,
    "maxResTime" : 45194.0,
    "pct1ResTime" : 29792.6,
    "pct2ResTime" : 32037.59999999999,
    "pct3ResTime" : 43087.23999999999,
    "throughput" : 0.37961640665955637,
    "receivedKBytesPerSec" : 70.31368579689102,
    "sentKBytesPerSec" : 0.16158159702943706
  }
}