{
  "Total" : {
    "transaction" : "Total",
    "sampleCount" : 20,
    "errorCount" : 0,
    "errorPct" : 0.0,
    "meanResTime" : 18737.75,
    "medianResTime" : 19937.0,
    "minResTime" : 2441.0,
    "maxResTime" : 26658.0,
    "pct1ResTime" : 26451.4,
    "pct2ResTime" : 26647.85,
    "pct3ResTime" : 26658.0,
    "throughput" : 0.40945010850427876,
    "receivedKBytesPerSec" : 199.402262819627,
    "sentKBytesPerSec" : 0.16705884309871843
  },
  "HTTP Request" : {
    "transaction" : "HTTP Request",
    "sampleCount" : 20,
    "errorCount" : 0,
    "errorPct" : 0.0,
    "meanResTime" : 18737.75,
    "medianResTime" : 19937.0,
    "minResTime" : 2441.0,
    "maxResTime" : 26658.0,
    "pct1ResTime" : 26451.4,
    "pct2ResTime" : 26647.85,
    "pct3ResTime" : 26658.0,
    "throughput" : 0.40945010850427876,
    "receivedKBytesPerSec" : 199.402262819627,
    "sentKBytesPerSec" : 0.16705884309871843
  }
}