{
  "Total" : {
    "transaction" : "Total",
    "sampleCount" : 20,
    "errorCount" : 0,
    "errorPct" : 0.0,
    "meanResTime" : 19780.05,
    "medianResTime" : 21772.0,
    "minResTime" : 2064.0,
    "maxResTime" : 28320.0,
    "pct1ResTime" : 28219.2,
    "pct2ResTime" : 28315.15,
    "pct3ResTime" : 28320.0,
    "throughput" : 0.38674994682188235,
    "receivedKBytesPerSec" : 188.34765844057586,
    "sentKBytesPerSec" : 0.15779699978728753
  },
  "HTTP Request" : {
    "transaction" : "HTTP Request",
    "sampleCount" : 20,
    "errorCount" : 0,
    "errorPct" : 0.0,
    "meanResTime" : 19780.05,
    "medianResTime" : 21772.0,
    "minResTime" : 2064.0,
    "maxResTime" : 28320.0,
    "pct1ResTime" : 28219.2,
    "pct2ResTime" : 28315.15,
    "pct3ResTime" : 28320.0,
    "throughput" : 0.38674994682188235,
    "receivedKBytesPerSec" : 188.34765844057586,
    "sentKBytesPerSec" : 0.15779699978728753
  }
}