{
  "qgis310-stock": {
    "somap310_lk": {
      "lk_big.txt": {
        "transaction": "Total",
        "sampleCount": 5272,
        "errorCount": 0,
        "errorPct": 0.0,
        "meanResTime": 307.8463581183609,
        "medianResTime": 174.5,
        "minResTime": 27.0,
        "maxResTime": 2713.0,
        "pct1ResTime": 750.6999999999998,
        "pct2ResTime": 977.3499999999995,
        "pct3ResTime": 1608.539999999999,
        "throughput": 32.1001485666967,
        "receivedKBytesPerSec": 1531.1737116291497,
        "sentKBytesPerSec": 16.26121409321038,
        "memMaxMB": 5172.8,
        "memAvgMB": 3705.7,
        "memMinMB": 2303.9,
        "cpuMax%": 96.4,
        "cpuAvg%": 80.9,
        "cpuMin%": 3.6,
        "dashboard": "results/details/compare-310/20201010-061137/qgis310-stock/somap310_lk/lk_big.txt/dashboard/index.html"
      }
    },
    "somap310_grundplanav_farbig": {
      "av_f_big.txt": {
        "transaction": "Total",
        "sampleCount": 735,
        "errorCount": 0,
        "errorPct": 0.0,
        "meanResTime": 839.9034013605435,
        "medianResTime": 721.0,
        "minResTime": 178.0,
        "maxResTime": 4863.0,
        "pct1ResTime": 1308.1999999999998,
        "pct2ResTime": 1607.0,
        "pct3ResTime": 4156.479999999999,
        "throughput": 11.726041384151497,
        "receivedKBytesPerSec": 1716.0668952712945,
        "sentKBytesPerSec": 5.162892014725355,
        "memMaxMB": 5180.2,
        "memAvgMB": 4248.3,
        "memMinMB": 2857.2,
        "cpuMax%": 94.1,
        "cpuAvg%": 86.5,
        "cpuMin%": 24.4,
        "dashboard": "results/details/compare-310/20201010-061137/qgis310-stock/somap310_grundplanav_farbig/av_f_big.txt/dashboard/index.html"
      }
    },
    "somap310_grundplanav_sw": {
      "av_sw_big.txt": {
        "transaction": "Total",
        "sampleCount": 5191,
        "errorCount": 1,
        "errorPct": 0.019264111,
        "meanResTime": 862.3768060104021,
        "medianResTime": 709.0,
        "minResTime": 171.0,
        "maxResTime": 6255.0,
        "pct1ResTime": 1573.8000000000002,
        "pct2ResTime": 1955.7999999999993,
        "pct3ResTime": 2985.199999999997,
        "throughput": 11.53794006316861,
        "receivedKBytesPerSec": 3122.1520242655706,
        "sentKBytesPerSec": 5.025003344441185,
        "memMaxMB": 9851.4,
        "memAvgMB": 7331.2,
        "memMinMB": 3619.6,
        "cpuMax%": 99.0,
        "cpuAvg%": 83.0,
        "cpuMin%": 27.5,
        "dashboard": "results/details/compare-310/20201010-061137/qgis310-stock/somap310_grundplanav_sw/av_sw_big.txt/dashboard/index.html"
      }
    }
  },
  "qgis310-maxcache20": {
    "somap310_lk": {
      "lk_big.txt": {
        "transaction": "Total",
        "sampleCount": 5272,
        "errorCount": 0,
        "errorPct": 0.0,
        "meanResTime": 312.1265174506827,
        "medianResTime": 182.0,
        "minResTime": 27.0,
        "maxResTime": 3417.0,
        "pct1ResTime": 751.6999999999998,
        "pct2ResTime": 1012.3499999999995,
        "pct3ResTime": 1627.079999999998,
        "throughput": 31.68478685490026,
        "receivedKBytesPerSec": 1511.3027268272692,
        "sentKBytesPerSec": 16.050801181643617,
        "memMaxMB": 5446.3,
        "memAvgMB": 3737.1,
        "memMinMB": 2347.0,
        "cpuMax%": 97.4,
        "cpuAvg%": 80.5,
        "cpuMin%": 15.4,
        "dashboard": "results/details/compare-310/20201010-061137/qgis310-maxcache20/somap310_lk/lk_big.txt/dashboard/index.html"
      }
    },
    "somap310_grundplanav_farbig": {
      "av_f_big.txt": {
        "transaction": "Total",
        "sampleCount": 735,
        "errorCount": 0,
        "errorPct": 0.0,
        "meanResTime": 858.951020408164,
        "medianResTime": 797.0,
        "minResTime": 174.0,
        "maxResTime": 3510.0,
        "pct1ResTime": 1311.0,
        "pct2ResTime": 1555.3999999999999,
        "pct3ResTime": 2983.2799999999975,
        "throughput": 11.468605667207589,
        "receivedKBytesPerSec": 1678.3969313921875,
        "sentKBytesPerSec": 5.049544912854201,
        "memMaxMB": 5138.5,
        "memAvgMB": 4313.6,
        "memMinMB": 2865.5,
        "cpuMax%": 98.1,
        "cpuAvg%": 84.6,
        "cpuMin%": 26.5,
        "dashboard": "results/details/compare-310/20201010-061137/qgis310-maxcache20/somap310_grundplanav_farbig/av_f_big.txt/dashboard/index.html"
      }
    },
    "somap310_grundplanav_sw": {
      "av_sw_big.txt": {
        "transaction": "Total",
        "sampleCount": 5191,
        "errorCount": 1,
        "errorPct": 0.019264111,
        "meanResTime": 868.8541706800229,
        "medianResTime": 700.0,
        "minResTime": 181.0,
        "maxResTime": 8830.0,
        "pct1ResTime": 1578.8000000000002,
        "pct2ResTime": 1974.3999999999996,
        "pct3ResTime": 3018.0399999999972,
        "throughput": 11.426697220039314,
        "receivedKBytesPerSec": 3092.0570010326624,
        "sentKBytesPerSec": 4.976554864408403,
        "memMaxMB": 10233.0,
        "memAvgMB": 7512.0,
        "memMinMB": 3990.1,
        "cpuMax%": 99.4,
        "cpuAvg%": 82.7,
        "cpuMin%": 12.8,
        "dashboard": "results/details/compare-310/20201010-061137/qgis310-maxcache20/somap310_grundplanav_sw/av_sw_big.txt/dashboard/index.html"
      }
    }
  },
  "qgis310-maxcache200": {
    "somap310_lk": {
      "lk_big.txt": {
        "transaction": "Total",
        "sampleCount": 5272,
        "errorCount": 0,
        "errorPct": 0.0,
        "meanResTime": 306.07454476479546,
        "medianResTime": 168.0,
        "minResTime": 28.0,
        "maxResTime": 3415.0,
        "pct1ResTime": 750.0,
        "pct2ResTime": 965.0,
        "pct3ResTime": 1513.66999999999,
        "throughput": 32.21568375833349,
        "receivedKBytesPerSec": 1536.44319380091,
        "sentKBytesPerSec": 16.3197416256485,
        "memMaxMB": 4939.8,
        "memAvgMB": 3702.9,
        "memMinMB": 2251.5,
        "cpuMax%": 92.0,
        "cpuAvg%": 80.8,
        "cpuMin%": 14.6,
        "dashboard": "results/details/compare-310/20201010-061137/qgis310-maxcache200/somap310_lk/lk_big.txt/dashboard/index.html"
      }
    },
    "somap310_grundplanav_farbig": {
      "av_f_big.txt": {
        "transaction": "Total",
        "sampleCount": 735,
        "errorCount": 0,
        "errorPct": 0.0,
        "meanResTime": 832.8748299319719,
        "medianResTime": 803.0,
        "minResTime": 166.0,
        "maxResTime": 3537.0,
        "pct1ResTime": 1291.7999999999997,
        "pct2ResTime": 1524.3999999999996,
        "pct3ResTime": 2789.4799999999987,
        "throughput": 11.837655016910935,
        "receivedKBytesPerSec": 1732.4008778839184,
        "sentKBytesPerSec": 5.212034697616363,
        "memMaxMB": 4989.4,
        "memAvgMB": 4225.8,
        "memMinMB": 2891.5,
        "cpuMax%": 96.5,
        "cpuAvg%": 87.9,
        "cpuMin%": 25.3,
        "dashboard": "results/details/compare-310/20201010-061137/qgis310-maxcache200/somap310_grundplanav_farbig/av_f_big.txt/dashboard/index.html"
      }
    },
    "somap310_grundplanav_sw": {
      "av_sw_big.txt": {
        "transaction": "Total",
        "sampleCount": 5191,
        "errorCount": 1,
        "errorPct": 0.019264111,
        "meanResTime": 868.1982277017943,
        "medianResTime": 719.0,
        "minResTime": 184.0,
        "maxResTime": 8296.0,
        "pct1ResTime": 1581.8000000000002,
        "pct2ResTime": 1952.0,
        "pct3ResTime": 2842.24,
        "throughput": 11.446249374326092,
        "receivedKBytesPerSec": 3097.299444035674,
        "sentKBytesPerSec": 4.985070218114886,
        "memMaxMB": 9826.7,
        "memAvgMB": 7482.4,
        "memMinMB": 3829.6,
        "cpuMax%": 99.0,
        "cpuAvg%": 82.6,
        "cpuMin%": 20.0,
        "dashboard": "results/details/compare-310/20201010-061137/qgis310-maxcache200/somap310_grundplanav_sw/av_sw_big.txt/dashboard/index.html"
      }
    }
  },