{
  "Total" : {
    "transaction" : "Total",
    "sampleCount" : 735,
    "errorCount" : 0,
    "errorPct" : 0.0,
    "meanResTime" : 860.7061224489794,
    "medianResTime" : 670.0,
    "minResTime" : 227.0,
    "maxResTime" : 9230.0,
    "pct1ResTime" : 1457.6,
    "pct2ResTime" : 1903.3999999999999,
    "pct3ResTime" : 3210.5599999999968,
    "throughput" : 11.190450815304272,
    "receivedKBytesPerSec" : 1958.7840697366819,
    "sentKBytesPerSec" : 4.927075324294697
  },
  "HTTP Request" : {
    "transaction" : "HTTP Request",
    "sampleCount" : 735,
    "errorCount" : 0,
    "errorPct" : 0.0,
    "meanResTime" : 860.7061224489794,
    "medianResTime" : 670.0,
    "minResTime" : 227.0,
    "maxResTime" : 9230.0,
    "pct1ResTime" : 1457.6,
    "pct2ResTime" : 1903.3999999999999,
    "pct3ResTime" : 3210.5599999999968,
    "throughput" : 11.190450815304272,
    "receivedKBytesPerSec" : 1958.7840697366819,
    "sentKBytesPerSec" : 4.927075324294697
  }
}