{
  "Total" : {
    "transaction" : "Total",
    "sampleCount" : 5272,
    "errorCount" : 0,
    "errorPct" : 0.0,
    "meanResTime" : 354.6382776934748,
    "medianResTime" : 193.0,
    "minResTime" : 27.0,
    "maxResTime" : 3093.0,
    "pct1ResTime" : 877.0,
    "pct2ResTime" : 1155.3499999999995,
    "pct3ResTime" : 1828.2399999999943,
    "throughput" : 27.824838629658366,
    "receivedKBytesPerSec" : 1327.2519019648785,
    "sentKBytesPerSec" : 14.095438129383917
  },
  "HTTP Request" : {
    "transaction" : "HTTP Request",
    "sampleCount" : 5272,
    "errorCount" : 0,
    "errorPct" : 0.0,
    "meanResTime" : 354.6382776934748,
    "medianResTime" : 193.0,
    "minResTime" : 27.0,
    "maxResTime" : 3093.0,
    "pct1ResTime" : 877.0,
    "pct2ResTime" : 1155.3499999999995,
    "pct3ResTime" : 1828.2399999999943,
    "throughput" : 27.824838629658366,
    "receivedKBytesPerSec" : 1327.2519019648785,
    "sentKBytesPerSec" : 14.095438129383917
  }
}