{
  "qgis310-bigfile": {
    "somap310_fix": {
      "lk.txt": {
        "transaction": "Total",
        "sampleCount": 30,
        "errorCount": 0,
        "errorPct": 0.0,
        "meanResTime": 14772.300000000001,
        "medianResTime": 17361.0,
        "minResTime": 2069.0,
        "maxResTime": 17642.0,
        "pct1ResTime": 17600.7,
        "pct2ResTime": 17640.9,
        "pct3ResTime": 17642.0,
        "throughput": 0.5725518636563162,
        "receivedKBytesPerSec": 15.520069433841632,
        "sentKBytesPerSec": 0.23412749060060692,
        "responseSizeMB": 0.8,
        "memMaxMB": 2801.7,
        "memAvgMB": 2778.5,
        "memMinMB": 2723.3,
        "cpuMax%": 37.6,
        "cpuAvg%": 14.3,
        "cpuMin%": 12.4,
        "dashboard": "results/details/compare-bigfile-settings/20201103-023108/qgis310-bigfile/somap310_fix/lk.txt/dashboard/index.html",
        "effective duration": 57.7
      },
      "av_f.txt": {
        "transaction": "Total",
        "sampleCount": 22,
        "errorCount": 0,
        "errorPct": 0.0,
        "meanResTime": 23256.772727272728,
        "medianResTime": 26491.0,
        "minResTime": 3571.0,
        "maxResTime": 30924.0,
        "pct1ResTime": 30793.3,
        "pct2ResTime": 30906.15,
        "pct3ResTime": 30924.0,
        "throughput": 0.35490167610382484,
        "receivedKBytesPerSec": 46.526273814709064,
        "sentKBytesPerSec": 0.14603775468228233,
        "responseSizeMB": 2.8,
        "memMaxMB": 3798.0,
        "memAvgMB": 3045.2,
        "memMinMB": 2771.5,
        "cpuMax%": 26.4,
        "cpuAvg%": 15.1,
        "cpuMin%": 12.5,
        "dashboard": "results/details/compare-bigfile-settings/20201103-023108/qgis310-bigfile/somap310_fix/av_f.txt/dashboard/index.html",
        "effective duration": 67.4
      },
      "av_sw.txt": {
        "transaction": "Total",
        "sampleCount": 20,
        "errorCount": 0,
        "errorPct": 0.0,
        "meanResTime": 19562.050000000003,
        "medianResTime": 20831.0,
        "minResTime": 2618.0,
        "maxResTime": 27891.0,
        "pct1ResTime": 27791.6,
        "pct2ResTime": 27886.5,
        "pct3ResTime": 27891.0,
        "throughput": 0.39197240514267795,
        "receivedKBytesPerSec": 190.89125031847757,
        "sentKBytesPerSec": 0.1599278035826278,
        "responseSizeMB": 9.5,
        "memMaxMB": 4927.4,
        "memAvgMB": 3130.0,
        "memMinMB": 2835.8,
        "cpuMax%": 36.1,
        "cpuAvg%": 14.8,
        "cpuMin%": 12.4,
        "dashboard": "results/details/compare-bigfile-settings/20201103-023108/qgis310-bigfile/somap310_fix/av_sw.txt/dashboard/index.html",
        "effective duration": 56.2
      }
    }
  },
  "qgis310-bigfile-bigcache": {
    "somap310_fix": {
      "lk.txt": {
        "transaction": "Total",
        "sampleCount": 30,
        "errorCount": 0,
        "errorPct": 0.0,
        "meanResTime": 14338.333333333332,
        "medianResTime": 16799.0,
        "minResTime": 2032.0,
        "maxResTime": 16980.0,
        "pct1ResTime": 16904.3,
        "pct2ResTime": 16949.2,
        "pct3ResTime": 16980.0,
        "throughput": 0.5882468283691837,
        "receivedKBytesPerSec": 15.945510267358182,
        "sentKBytesPerSec": 0.24054546412674757,
        "responseSizeMB": 0.8,
        "memMaxMB": 2801.3,
        "memAvgMB": 2778.5,
        "memMinMB": 2766.1,
        "cpuMax%": 41.0,
        "cpuAvg%": 13.7,
        "cpuMin%": 12.5,
        "dashboard": "results/details/compare-bigfile-settings/20201103-023108/qgis310-bigfile-bigcache/somap310_fix/lk.txt/dashboard/index.html",
        "effective duration": 56.2
      },
      "av_f.txt": {
        "transaction": "Total",
        "sampleCount": 22,
        "errorCount": 0,
        "errorPct": 0.0,
        "meanResTime": 23422.772727272724,
        "medianResTime": 26814.0,
        "minResTime": 3175.0,
        "maxResTime": 31351.0,
        "pct1ResTime": 30991.4,
        "pct2ResTime": 31306.6,
        "pct3ResTime": 31351.0,
        "throughput": 0.35087159694422737,
        "receivedKBytesPerSec": 45.99794560692812,
        "sentKBytesPerSec": 0.14437942576673418,
        "responseSizeMB": 2.8,
        "memMaxMB": 3841.1,
        "memAvgMB": 3045.5,
        "memMinMB": 2774.3,
        "cpuMax%": 39.1,
        "cpuAvg%": 15.1,
        "cpuMin%": 12.5,
        "dashboard": "results/details/compare-bigfile-settings/20201103-023108/qgis310-bigfile-bigcache/somap310_fix/av_f.txt/dashboard/index.html",
        "effective duration": 67.9
      },
      "av_sw.txt": {
        "transaction": "Total",
        "sampleCount": 20,
        "errorCount": 0,
        "errorPct": 0.0,
        "meanResTime": 19564.55,
        "medianResTime": 20773.5,
        "minResTime": 2649.0,
        "maxResTime": 28242.0,
        "pct1ResTime": 27842.4,
        "pct2ResTime": 28222.25,
        "pct3ResTime": 28242.0,
        "throughput": 0.39206461224809847,
        "receivedKBytesPerSec": 190.93579160908217,
        "sentKBytesPerSec": 0.15996542480200737,
        "responseSizeMB": 9.5,
        "memMaxMB": 4731.8,
        "memAvgMB": 3117.3,
        "memMinMB": 2838.1,
        "cpuMax%": 37.6,
        "cpuAvg%": 14.6,
        "cpuMin%": 12.4,
        "dashboard": "results/details/compare-bigfile-settings/20201103-023108/qgis310-bigfile-bigcache/somap310_fix/av_sw.txt/dashboard/index.html",
        "effective duration": 56.4
      }
    }
  },
  "qgis310-bigfile-hugecache": {
    "somap310_fix": {
      "lk.txt": {
        "transaction": "Total",
        "sampleCount": 30,
        "errorCount": 0,
        "errorPct": 0.0,
        "meanResTime": 14553.633333333331,
        "medianResTime": 17078.0,
        "minResTime": 1992.0,
        "maxResTime": 17286.0,
        "pct1ResTime": 17247.1,
        "pct2ResTime": 17281.05,
        "pct3ResTime": 17286.0,
        "throughput": 0.581192607230036,
        "receivedKBytesPerSec": 15.754292652272463,
        "sentKBytesPerSec": 0.23766085716223023,
        "responseSizeMB": 0.8,
        "memMaxMB": 2804.6,
        "memAvgMB": 2780.7,
        "memMinMB": 2752.4,
        "cpuMax%": 27.8,
        "cpuAvg%": 13.9,
        "cpuMin%": 12.4,
        "dashboard": "results/details/compare-bigfile-settings/20201103-023108/qgis310-bigfile-hugecache/somap310_fix/lk.txt/dashboard/index.html",
        "effective duration": 56.9
      },
      "av_f.txt": {
        "transaction": "Total",
        "sampleCount": 22,
        "errorCount": 0,
        "errorPct": 0.0,
        "meanResTime": 23117.0,
        "medianResTime": 26435.0,
        "minResTime": 3350.0,
        "maxResTime": 31125.0,
        "pct1ResTime": 30783.1,
        "pct2ResTime": 31079.25,
        "pct3ResTime": 31125.0,
        "throughput": 0.3567432583631971,
        "receivedKBytesPerSec": 46.76769831682045,
        "sentKBytesPerSec": 0.14679554354700095,
        "responseSizeMB": 2.8,
        "memMaxMB": 3787.6,
        "memAvgMB": 3042.9,
        "memMinMB": 2776.0,
        "cpuMax%": 38.0,
        "cpuAvg%": 15.0,
        "cpuMin%": 12.4,
        "dashboard": "results/details/compare-bigfile-settings/20201103-023108/qgis310-bigfile-hugecache/somap310_fix/av_f.txt/dashboard/index.html",
        "effective duration": 66.7
      },
      "av_sw.txt": {
        "transaction": "Total",
        "sampleCount": 20,
        "errorCount": 0,
        "errorPct": 0.0,
        "meanResTime": 19334.85,
        "medianResTime": 20390.5,
        "minResTime": 2530.0,
        "maxResTime": 27703.0,
        "pct1ResTime": 27554.9,
        "pct2ResTime": 27695.8,
        "pct3ResTime": 27703.0,
        "throughput": 0.39546011784711516,
        "receivedKBytesPerSec": 192.59021665653302,
        "sentKBytesPerSec": 0.16135081761379366,
        "responseSizeMB": 9.5,
        "memMaxMB": 4796.5,
        "memAvgMB": 3138.1,
        "memMinMB": 2868.3,
        "cpuMax%": 39.7,
        "cpuAvg%": 14.6,
        "cpuMin%": 12.4,