{
  "Total" : {
    "transaction" : "Total",
    "sampleCount" : 347,
    "errorCount" : 0,
    "errorPct" : 0.0,
    "meanResTime" : 289.20461095100876,
    "medianResTime" : 74.0,
    "minResTime" : 21.0,
    "maxResTime" : 6814.0,
    "pct1ResTime" : 534.5999999999999,
    "pct2ResTime" : 905.5999999999972,
    "pct3ResTime" : 4841.519999999999,
    "throughput" : 32.14153390144498,
    "receivedKBytesPerSec" : 2077.2248727827437,
    "sentKBytesPerSec" : 14.982853168997778
  },
  "HTTP Request" : {
    "transaction" : "HTTP Request",
    "sampleCount" : 347,
    "errorCount" : 0,
    "errorPct" : 0.0,
    "meanResTime" : 289.20461095100876,
    "medianResTime" : 74.0,
    "minResTime" : 21.0,
    "maxResTime" : 6814.0,
    "pct1ResTime" : 534.5999999999999,
    "pct2ResTime" : 905.5999999999972,
    "pct3ResTime" : 4841.519999999999,
    "throughput" : 32.14153390144498,
    "receivedKBytesPerSec" : 2077.2248727827437,
    "sentKBytesPerSec" : 14.982853168997778
  }
}