{
  "Total" : {
    "transaction" : "Total",
    "sampleCount" : 5262,
    "errorCount" : 0,
    "errorPct" : 0.0,
    "meanResTime" : 702.3080577727108,
    "medianResTime" : 535.5,
    "minResTime" : 68.0,
    "maxResTime" : 4924.0,
    "pct1ResTime" : 1483.0,
    "pct2ResTime" : 1861.0,
    "pct3ResTime" : 2937.37,
    "throughput" : 16.94538639152151,
    "receivedKBytesPerSec" : 802.1028094225704,
    "sentKBytesPerSec" : 8.583747473045822
  },
  "HTTP Request" : {
    "transaction" : "HTTP Request",
    "sampleCount" : 5262,
    "errorCount" : 0,
    "errorPct" : 0.0,
    "meanResTime" : 702.3080577727108,
    "medianResTime" : 535.5,
    "minResTime" : 68.0,
    "maxResTime" : 4924.0,
    "pct1ResTime" : 1483.0,
    "pct2ResTime" : 1861.0,
    "pct3ResTime" : 2937.37,
    "throughput" : 16.94538639152151,
    "receivedKBytesPerSec" : 802.1028094225704,
    "sentKBytesPerSec" : 8.583747473045822
  }
}