{
  "Total" : {
    "transaction" : "Total",
    "sampleCount" : 5191,
    "errorCount" : 1,
    "errorPct" : 0.019264111,
    "meanResTime" : 1509.4579079175458,
    "medianResTime" : 1030.0,
    "minResTime" : 5.0,
    "maxResTime" : 12890.0,
    "pct1ResTime" : 3578.0,
    "pct2ResTime" : 4221.799999999999,
    "pct3ResTime" : 6430.119999999997,
    "throughput" : 6.606090685806641,
    "receivedKBytesPerSec" : 2602.2158495053545,
    "sentKBytesPerSec" : 2.621003822586187
  },
  "HTTP Request" : {
    "transaction" : "HTTP Request",
    "sampleCount" : 5191,
    "errorCount" : 1,
    "errorPct" : 0.019264111,
    "meanResTime" : 1509.4579079175458,
    "medianResTime" : 1030.0,
    "minResTime" : 5.0,
    "maxResTime" : 12890.0,
    "pct1ResTime" : 3578.0,
    "pct2ResTime" : 4221.799999999999,
    "pct3ResTime" : 6430.119999999997,
    "throughput" : 6.606090685806641,
    "receivedKBytesPerSec" : 2602.2158495053545,
    "sentKBytesPerSec" : 2.621003822586187
  }
}