{
  "Total" : {
    "transaction" : "Total",
    "sampleCount" : 5191,
    "errorCount" : 73,
    "errorPct" : 1.40628,
    "meanResTime" : 1187.701598921214,
    "medianResTime" : 1034.0,
    "minResTime" : 223.0,
    "maxResTime" : 7059.0,
    "pct1ResTime" : 1960.2000000000007,
    "pct2ResTime" : 2387.0,
    "pct3ResTime" : 3845.119999999999,
    "throughput" : 33.193720625379676,
    "receivedKBytesPerSec" : 8792.038191502543,
    "sentKBytesPerSec" : 14.456528309540557
  },
  "HTTP Request" : {
    "transaction" : "HTTP Request",
    "sampleCount" : 5191,
    "errorCount" : 73,
    "errorPct" : 1.40628,
    "meanResTime" : 1187.701598921214,
    "medianResTime" : 1034.0,
    "minResTime" : 223.0,
    "maxResTime" : 7059.0,
    "pct1ResTime" : 1960.2000000000007,
    "pct2ResTime" : 2387.0,
    "pct3ResTime" : 3845.119999999999,
    "throughput" : 33.193720625379676,
    "receivedKBytesPerSec" : 8792.038191502543,
    "sentKBytesPerSec" : 14.456528309540557
  }
}