{
  "Total" : {
    "transaction" : "Total",
    "sampleCount" : 198,
    "errorCount" : 0,
    "errorPct" : 0.0,
    "meanResTime" : 337.74242424242425,
    "medianResTime" : 301.5,
    "minResTime" : 107.0,
    "maxResTime" : 484.0,
    "pct1ResTime" : 460.1,
    "pct2ResTime" : 473.0,
    "pct3ResTime" : 483.01,
    "throughput" : 27.545909849749584,
    "receivedKBytesPerSec" : 25.339813317334446,
    "sentKBytesPerSec" : 12.95208811560935
  },
  "HTTP Request" : {
    "transaction" : "HTTP Request",
    "sampleCount" : 198,
    "errorCount" : 0,
    "errorPct" : 0.0,
    "meanResTime" : 337.74242424242425,
    "medianResTime" : 301.5,
    "minResTime" : 107.0,
    "maxResTime" : 484.0,
    "pct1ResTime" : 460.1,
    "pct2ResTime" : 473.0,
    "pct3ResTime" : 483.01,
    "throughput" : 27.545909849749584,
    "receivedKBytesPerSec" : 25.339813317334446,
    "sentKBytesPerSec" : 12.95208811560935
  }
}