{
  "Total" : {
    "transaction" : "Total",
    "sampleCount" : 63,
    "errorCount" : 0,
    "errorPct" : 0.0,
    "meanResTime" : 1175.126984126984,
    "medianResTime" : 376.0,
    "minResTime" : 102.0,
    "maxResTime" : 7414.0,
    "pct1ResTime" : 4698.6,
    "pct2ResTime" : 5157.6,
    "pct3ResTime" : 7414.0,
    "throughput" : 7.73955773955774,
    "receivedKBytesPerSec" : 2319.045608108108,
    "sentKBytesPerSec" : 6.39792402487715
  },
  "HTTP Request" : {
    "transaction" : "HTTP Request",
    "sampleCount" : 63,
    "errorCount" : 0,
    "errorPct" : 0.0,
    "meanResTime" : 1175.126984126984,
    "medianResTime" : 376.0,
    "minResTime" : 102.0,
    "maxResTime" : 7414.0,
    "pct1ResTime" : 4698.6,
    "pct2ResTime" : 5157.6,
    "pct3ResTime" : 7414.0,
    "throughput" : 7.73955773955774,
    "receivedKBytesPerSec" : 2319.045608108108,
    "sentKBytesPerSec" : 6.39792402487715
  }
}