{
  "Total" : {
    "transaction" : "Total",
    "sampleCount" : 5191,
    "errorCount" : 1,
    "errorPct" : 0.019264111,
    "meanResTime" : 875.0244654209203,
    "medianResTime" : 722.0,
    "minResTime" : 181.0,
    "maxResTime" : 8734.0,
    "pct1ResTime" : 1585.0,
    "pct2ResTime" : 1945.199999999999,
    "pct3ResTime" : 2821.7999999999993,
    "throughput" : 11.374368121092868,
    "receivedKBytesPerSec" : 3077.7541935416057,
    "sentKBytesPerSec" : 4.9537644966497
  },
  "HTTP Request" : {
    "transaction" : "HTTP Request",
    "sampleCount" : 5191,
    "errorCount" : 1,
    "errorPct" : 0.019264111,
    "meanResTime" : 875.0244654209203,
    "medianResTime" : 722.0,
    "minResTime" : 181.0,
    "maxResTime" : 8734.0,
    "pct1ResTime" : 1585.0,
    "pct2ResTime" : 1945.199999999999,
    "pct3ResTime" : 2821.7999999999993,
    "throughput" : 11.374368121092868,
    "receivedKBytesPerSec" : 3077.7541935416057,
    "sentKBytesPerSec" : 4.9537644966497
  }
}