{
  "Total" : {
    "transaction" : "Total",
    "sampleCount" : 5190,
    "errorCount" : 0,
    "errorPct" : 0.0,
    "meanResTime" : 244.47707129094434,
    "medianResTime" : 150.0,
    "minResTime" : 29.0,
    "maxResTime" : 2376.0,
    "pct1ResTime" : 570.9000000000005,
    "pct2ResTime" : 675.0,
    "pct3ResTime" : 936.4500000000007,
    "throughput" : 40.44418468731736,
    "receivedKBytesPerSec" : 7728.264446960842,
    "sentKBytesPerSec" : 18.15852997759595
  },
  "HTTP Request" : {
    "transaction" : "HTTP Request",
    "sampleCount" : 5190,
    "errorCount" : 0,
    "errorPct" : 0.0,
    "meanResTime" : 244.47707129094434,
    "medianResTime" : 150.0,
    "minResTime" : 29.0,
    "maxResTime" : 2376.0,
    "pct1ResTime" : 570.9000000000005,
    "pct2ResTime" : 675.0,
    "pct3ResTime" : 936.4500000000007,
    "throughput" : 40.44418468731736,
    "receivedKBytesPerSec" : 7728.264446960842,
    "sentKBytesPerSec" : 18.15852997759595
  }
}