{
  "Total" : {
    "transaction" : "Total",
    "sampleCount" : 5190,
    "errorCount" : 0,
    "errorPct" : 0.0,
    "meanResTime" : 858.1468208092473,
    "medianResTime" : 704.0,
    "minResTime" : 182.0,
    "maxResTime" : 5748.0,
    "pct1ResTime" : 1535.0,
    "pct2ResTime" : 1944.4499999999998,
    "pct3ResTime" : 2976.350000000002,
    "throughput" : 11.571390350486045,
    "receivedKBytesPerSec" : 3131.7049315491786,
    "sentKBytesPerSec" : 5.039665176580755
  },
  "HTTP Request" : {
    "transaction" : "HTTP Request",
    "sampleCount" : 5190,
    "errorCount" : 0,
    "errorPct" : 0.0,
    "meanResTime" : 858.1468208092473,
    "medianResTime" : 704.0,
    "minResTime" : 182.0,
    "maxResTime" : 5748.0,
    "pct1ResTime" : 1535.0,
    "pct2ResTime" : 1944.4499999999998,
    "pct3ResTime" : 2976.350000000002,
    "throughput" : 11.571390350486045,
    "receivedKBytesPerSec" : 3131.7049315491786,
    "sentKBytesPerSec" : 5.039665176580755
  }
}