{
  "Total" : {
    "transaction" : "Total",
    "sampleCount" : 30,
    "errorCount" : 0,
    "errorPct" : 0.0,
    "meanResTime" : 80.76666666666667,
    "medianResTime" : 76.5,
    "minResTime" : 52.0,
    "maxResTime" : 236.0,
    "pct1ResTime" : 85.30000000000001,
    "pct2ResTime" : 156.2499999999999,
    "pct3ResTime" : 236.0,
    "throughput" : 12.126111560226354,
    "receivedKBytesPerSec" : 328.6886747170574,
    "sentKBytesPerSec" : 4.946758791430881
  },
  "HTTP Request" : {
    "transaction" : "HTTP Request",
    "sampleCount" : 30,
    "errorCount" : 0,
    "errorPct" : 0.0,
    "meanResTime" : 80.76666666666667,
    "medianResTime" : 76.5,
    "minResTime" : 52.0,
    "maxResTime" : 236.0,
    "pct1ResTime" : 85.30000000000001,
    "pct2ResTime" : 156.2499999999999,
    "pct3ResTime" : 236.0,
    "throughput" : 12.126111560226354,
    "receivedKBytesPerSec" : 328.6886747170574,
    "sentKBytesPerSec" : 4.946758791430881
  }
}