{
  "Total" : {
    "transaction" : "Total",
    "sampleCount" : 20,
    "errorCount" : 0,
    "errorPct" : 0.0,
    "meanResTime" : 3371.8999999999996,
    "medianResTime" : 3279.0,
    "minResTime" : 2266.0,
    "maxResTime" : 4332.0,
    "pct1ResTime" : 4296.2,
    "pct2ResTime" : 4330.45,
    "pct3ResTime" : 4332.0,
    "throughput" : 2.2316447221602322,
    "receivedKBytesPerSec" : 694.3741849266347,
    "sentKBytesPerSec" : 0.9345012274045972
  },
  "HTTP Request" : {
    "transaction" : "HTTP Request",
    "sampleCount" : 20,
    "errorCount" : 0,
    "errorPct" : 0.0,
    "meanResTime" : 3371.8999999999996,
    "medianResTime" : 3279.0,
    "minResTime" : 2266.0,
    "maxResTime" : 4332.0,
    "pct1ResTime" : 4296.2,
    "pct2ResTime" : 4330.45,
    "pct3ResTime" : 4332.0,
    "throughput" : 2.2316447221602322,
    "receivedKBytesPerSec" : 694.3741849266347,
    "sentKBytesPerSec" : 0.9345012274045972
  }
}