{
  "Total" : {
    "transaction" : "Total",
    "sampleCount" : 20,
    "errorCount" : 0,
    "errorPct" : 0.0,
    "meanResTime" : 1463.1,
    "medianResTime" : 1455.0,
    "minResTime" : 237.0,
    "maxResTime" : 3199.0,
    "pct1ResTime" : 2842.8,
    "pct2ResTime" : 3181.45,
    "pct3ResTime" : 3199.0,
    "throughput" : 4.962779156327543,
    "receivedKBytesPerSec" : 1543.842567462779,
    "sentKBytesPerSec" : 2.0781637717121586
  },
  "HTTP Request" : {
    "transaction" : "HTTP Request",
    "sampleCount" : 20,
    "errorCount" : 0,
    "errorPct" : 0.0,
    "meanResTime" : 1463.1,
    "medianResTime" : 1455.0,
    "minResTime" : 237.0,
    "maxResTime" : 3199.0,
    "pct1ResTime" : 2842.8,
    "pct2ResTime" : 3181.45,
    "pct3ResTime" : 3199.0,
    "throughput" : 4.962779156327543,
    "receivedKBytesPerSec" : 1543.842567462779,
    "sentKBytesPerSec" : 2.0781637717121586
  }
}