{
  "Total" : {
    "transaction" : "Total",
    "sampleCount" : 20,
    "errorCount" : 0,
    "errorPct" : 0.0,
    "meanResTime" : 19874.95,
    "medianResTime" : 21940.0,
    "minResTime" : 2499.0,
    "maxResTime" : 28591.0,
    "pct1ResTime" : 28437.6,
    "pct2ResTime" : 28583.7,
    "pct3ResTime" : 28591.0,
    "throughput" : 0.3828850387671102,
    "receivedKBytesPerSec" : 186.465761701924,
    "sentKBytesPerSec" : 0.15622008710634633
  },
  "HTTP Request" : {
    "transaction" : "HTTP Request",
    "sampleCount" : 20,
    "errorCount" : 0,
    "errorPct" : 0.0,
    "meanResTime" : 19874.95,
    "medianResTime" : 21940.0,
    "minResTime" : 2499.0,
    "maxResTime" : 28591.0,
    "pct1ResTime" : 28437.6,
    "pct2ResTime" : 28583.7,
    "pct3ResTime" : 28591.0,
    "throughput" : 0.3828850387671102,
    "receivedKBytesPerSec" : 186.465761701924,
    "sentKBytesPerSec" : 0.15622008710634633
  }
}