{
  "Total" : {
    "transaction" : "Total",
    "sampleCount" : 22,
    "errorCount" : 0,
    "errorPct" : 0.0,
    "meanResTime" : 19924.863636363636,
    "medianResTime" : 2691.0,
    "minResTime" : 381.0,
    "maxResTime" : 100203.0,
    "pct1ResTime" : 100042.4,
    "pct2ResTime" : 100180.35,
    "pct3ResTime" : 100203.0,
    "throughput" : 0.2113982069588446,
    "receivedKBytesPerSec" : 25.688016334114867,
    "sentKBytesPerSec" : 0.09297467305345491
  },
  "HTTP Request" : {
    "transaction" : "HTTP Request",
    "sampleCount" : 22,
    "errorCount" : 0,
    "errorPct" : 0.0,
    "meanResTime" : 19924.863636363636,
    "medianResTime" : 2691.0,
    "minResTime" : 381.0,
    "maxResTime" : 100203.0,
    "pct1ResTime" : 100042.4,
    "pct2ResTime" : 100180.35,
    "pct3ResTime" : 100203.0,
    "throughput" : 0.2113982069588446,
    "receivedKBytesPerSec" : 25.688016334114867,
    "sentKBytesPerSec" : 0.09297467305345491
  }
}