{
  "Total" : {
    "transaction" : "Total",
    "sampleCount" : 20,
    "errorCount" : 0,
    "errorPct" : 0.0,
    "meanResTime" : 19215.449999999997,
    "medianResTime" : 20415.5,
    "minResTime" : 2516.0,
    "maxResTime" : 27572.0,
    "pct1ResTime" : 27447.7,
    "pct2ResTime" : 27566.05,
    "pct3ResTime" : 27572.0,
    "throughput" : 0.3977724741447892,
    "receivedKBytesPerSec" : 193.71550566825775,
    "sentKBytesPerSec" : 0.16229427704852825
  },
  "HTTP Request" : {
    "transaction" : "HTTP Request",
    "sampleCount" : 20,
    "errorCount" : 0,
    "errorPct" : 0.0,
    "meanResTime" : 19215.449999999997,
    "medianResTime" : 20415.5,
    "minResTime" : 2516.0,
    "maxResTime" : 27572.0,
    "pct1ResTime" : 27447.7,
    "pct2ResTime" : 27566.05,
    "pct3ResTime" : 27572.0,
    "throughput" : 0.3977724741447892,
    "receivedKBytesPerSec" : 193.71550566825775,
    "sentKBytesPerSec" : 0.16229427704852825
  }
}