{
  "Total" : {
    "transaction" : "Total",
    "sampleCount" : 735,
    "errorCount" : 0,
    "errorPct" : 0.0,
    "meanResTime" : 1075.6108843537393,
    "medianResTime" : 1004.0,
    "minResTime" : 191.0,
    "maxResTime" : 3714.0,
    "pct1ResTime" : 1723.7999999999997,
    "pct2ResTime" : 2087.2,
    "pct3ResTime" : 3412.5999999999985,
    "throughput" : 9.18772969324233,
    "receivedKBytesPerSec" : 1344.5916103957286,
    "sentKBytesPerSec" : 4.0452915619765495
  },
  "HTTP Request" : {
    "transaction" : "HTTP Request",
    "sampleCount" : 735,
    "errorCount" : 0,
    "errorPct" : 0.0,
    "meanResTime" : 1075.6108843537393,
    "medianResTime" : 1004.0,
    "minResTime" : 191.0,
    "maxResTime" : 3714.0,
    "pct1ResTime" : 1723.7999999999997,
    "pct2ResTime" : 2087.2,
    "pct3ResTime" : 3412.5999999999985,
    "throughput" : 9.18772969324233,
    "receivedKBytesPerSec" : 1344.5916103957286,
    "sentKBytesPerSec" : 4.0452915619765495
  }
}