{
  "Total" : {
    "transaction" : "Total",
    "sampleCount" : 22,
    "errorCount" : 0,
    "errorPct" : 0.0,
    "meanResTime" : 4361.954545454545,
    "medianResTime" : 4356.0,
    "minResTime" : 3320.0,
    "maxResTime" : 5915.0,
    "pct1ResTime" : 5525.099999999999,
    "pct2ResTime" : 5876.45,
    "pct3ResTime" : 5915.0,
    "throughput" : 1.946558131304194,
    "receivedKBytesPerSec" : 253.81621477393384,
    "sentKBytesPerSec" : 0.8294992036807645
  },
  "HTTP Request" : {
    "transaction" : "HTTP Request",
    "sampleCount" : 22,
    "errorCount" : 0,
    "errorPct" : 0.0,
    "meanResTime" : 4361.954545454545,
    "medianResTime" : 4356.0,
    "minResTime" : 3320.0,
    "maxResTime" : 5915.0,
    "pct1ResTime" : 5525.099999999999,
    "pct2ResTime" : 5876.45,
    "pct3ResTime" : 5915.0,
    "throughput" : 1.946558131304194,
    "receivedKBytesPerSec" : 253.81621477393384,
    "sentKBytesPerSec" : 0.8294992036807645
  }
}