{
  "Total" : {
    "transaction" : "Total",
    "sampleCount" : 5262,
    "errorCount" : 0,
    "errorPct" : 0.0,
    "meanResTime" : 308.9158114785267,
    "medianResTime" : 175.0,
    "minResTime" : 31.0,
    "maxResTime" : 3395.0,
    "pct1ResTime" : 762.0,
    "pct2ResTime" : 1009.8499999999995,
    "pct3ResTime" : 1556.7399999999998,
    "throughput" : 31.804170444242974,
    "receivedKBytesPerSec" : 1505.390105583258,
    "sentKBytesPerSec" : 16.110518897325477
  },
  "HTTP Request" : {
    "transaction" : "HTTP Request",
    "sampleCount" : 5262,
    "errorCount" : 0,
    "errorPct" : 0.0,
    "meanResTime" : 308.9158114785267,
    "medianResTime" : 175.0,
    "minResTime" : 31.0,
    "maxResTime" : 3395.0,
    "pct1ResTime" : 762.0,
    "pct2ResTime" : 1009.8499999999995,
    "pct3ResTime" : 1556.7399999999998,
    "throughput" : 31.804170444242974,
    "receivedKBytesPerSec" : 1505.390105583258,
    "sentKBytesPerSec" : 16.110518897325477
  }
}