{
  "Total" : {
    "transaction" : "Total",
    "sampleCount" : 30,
    "errorCount" : 0,
    "errorPct" : 0.0,
    "meanResTime" : 13788.966666666664,
    "medianResTime" : 16172.0,
    "minResTime" : 1929.0,
    "maxResTime" : 16400.0,
    "pct1ResTime" : 16358.0,
    "pct2ResTime" : 16390.65,
    "pct3ResTime" : 16400.0,
    "throughput" : 0.6126700159294204,
    "receivedKBytesPerSec" : 16.60694729506188,
    "sentKBytesPerSec" : 0.25053257617530533
  },
  "HTTP Request" : {
    "transaction" : "HTTP Request",
    "sampleCount" : 30,
    "errorCount" : 0,
    "errorPct" : 0.0,
    "meanResTime" : 13788.966666666664,
    "medianResTime" : 16172.0,
    "minResTime" : 1929.0,
    "maxResTime" : 16400.0,
    "pct1ResTime" : 16358.0,
    "pct2ResTime" : 16390.65,
    "pct3ResTime" : 16400.0,
    "throughput" : 0.6126700159294204,
    "receivedKBytesPerSec" : 16.60694729506188,
    "sentKBytesPerSec" : 0.25053257617530533
  }
}