{
  "Total" : {
    "transaction" : "Total",
    "sampleCount" : 5262,
    "errorCount" : 1,
    "errorPct" : 0.019004181,
    "meanResTime" : 308.6244773850247,
    "medianResTime" : 138.0,
    "minResTime" : 7.0,
    "maxResTime" : 64065.0,
    "pct1ResTime" : 657.6999999999998,
    "pct2ResTime" : 925.0,
    "pct3ResTime" : 1906.4999999999945,
    "throughput" : 32.230994922178866,
    "receivedKBytesPerSec" : 1640.6001880064807,
    "sentKBytesPerSec" : 16.232301655268625
  },
  "HTTP Request" : {
    "transaction" : "HTTP Request",
    "sampleCount" : 5262,
    "errorCount" : 1,
    "errorPct" : 0.019004181,
    "meanResTime" : 308.6244773850247,
    "medianResTime" : 138.0,
    "minResTime" : 7.0,
    "maxResTime" : 64065.0,
    "pct1ResTime" : 657.6999999999998,
    "pct2ResTime" : 925.0,
    "pct3ResTime" : 1906.4999999999945,
    "throughput" : 32.230994922178866,
    "receivedKBytesPerSec" : 1640.6001880064807,
    "sentKBytesPerSec" : 16.232301655268625
  }
}