{
  "qgis218-stock": {
    "somap218_avbobe_farbig_rulebased": {
      "bodenbedeckung_big.txt": {
        "transaction": "Total",
        "sampleCount": 5190,
        "errorCount": 0,
        "errorPct": 0.0,
        "meanResTime": 250.32408477841952,
        "medianResTime": 157.0,
        "minResTime": 28.0,
        "maxResTime": 2484.0,
        "pct1ResTime": 581.9000000000005,
        "pct2ResTime": 705.0,
        "pct3ResTime": 961.7200000000012,
        "throughput": 39.53623011761838,
        "receivedKBytesPerSec": 7554.76811148798,
        "sentKBytesPerSec": 17.75087878127095,
        "memMaxMB": 7157.7,
        "memAvgMB": 5527.6,
        "memMinMB": 2447.9,
        "cpuMax%": 99.7,
        "cpuAvg%": 98.4,
        "cpuMin%": 14.0,
        "dashboard": "results/details/compare-rulebased/20201012-091120/qgis218-stock/somap218_avbobe_farbig_rulebased/bodenbedeckung_big.txt/dashboard/index.html"
      }
    }
  },
  "qgis310-stock": {
    "somap310_avbobe_farbig_rulebased": {
      "bodenbedeckung_big.txt": {
        "transaction": "Total",
        "sampleCount": 5190,
        "errorCount": 0,
        "errorPct": 0.0,
        "meanResTime": 357.9720616570329,
        "medianResTime": 276.0,
        "minResTime": 27.0,
        "maxResTime": 2061.0,
        "pct1ResTime": 733.9000000000005,
        "pct2ResTime": 910.3499999999995,
        "pct3ResTime": 1288.7200000000012,
        "throughput": 27.695066115967087,
        "receivedKBytesPerSec": 5287.800005911549,
        "sentKBytesPerSec": 12.434462264138357,
        "memMaxMB": 6733.5,
        "memAvgMB": 5264.7,
        "memMinMB": 2617.1,
        "cpuMax%": 93.0,
        "cpuAvg%": 74.4,
        "cpuMin%": 16.5,
        "dashboard": "results/details/compare-rulebased/20201012-091120/qgis310-stock/somap310_avbobe_farbig_rulebased/bodenbedeckung_big.txt/dashboard/index.html"
      }
    }
  },
  "qgis314-stock": {
    "somap314_avbobe_farbig_rulebased": {
      "bodenbedeckung_big.txt": {
        "transaction": "Total",
        "sampleCount": 5190,
        "errorCount": 0,
        "errorPct": 0.0,
        "meanResTime": 357.8568400770719,
        "medianResTime": 273.0,
        "minResTime": 30.0,
        "maxResTime": 2027.0,
        "pct1ResTime": 738.9000000000005,
        "pct2ResTime": 901.4499999999998,
        "pct3ResTime": 1232.3600000000006,
        "throughput": 27.68531558059147,
        "receivedKBytesPerSec": 5285.776098177516,
        "sentKBytesPerSec": 12.430084492889302,
        "memMaxMB": 6722.3,
        "memAvgMB": 5261.4,
        "memMinMB": 2567.7,
        "cpuMax%": 87.7,
        "cpuAvg%": 74.6,
        "cpuMin%": 15.5,
        "dashboard": "results/details/compare-rulebased/20201012-091120/qgis314-stock/somap314_avbobe_farbig_rulebased/bodenbedeckung_big.txt/dashboard/index.html"
      }
    }
  }
}