{
  "Total" : {
    "transaction" : "Total",
    "sampleCount" : 5190,
    "errorCount" : 0,
    "errorPct" : 0.0,
    "meanResTime" : 907.4364161849709,
    "medianResTime" : 753.5,
    "minResTime" : 189.0,
    "maxResTime" : 9012.0,
    "pct1ResTime" : 1638.800000000001,
    "pct2ResTime" : 2029.7999999999993,
    "pct3ResTime" : 3125.1800000000003,
    "throughput" : 10.959332219803239,
    "receivedKBytesPerSec" : 2966.0823044991857,
    "sentKBytesPerSec" : 4.773096687072
  },
  "HTTP Request" : {
    "transaction" : "HTTP Request",
    "sampleCount" : 5190,
    "errorCount" : 0,
    "errorPct" : 0.0,
    "meanResTime" : 907.4364161849709,
    "medianResTime" : 753.5,
    "minResTime" : 189.0,
    "maxResTime" : 9012.0,
    "pct1ResTime" : 1638.800000000001,
    "pct2ResTime" : 2029.7999999999993,
    "pct3ResTime" : 3125.1800000000003,
    "throughput" : 10.959332219803239,
    "receivedKBytesPerSec" : 2966.0823044991857,
    "sentKBytesPerSec" : 4.773096687072
  }
}