{
  "Total" : {
    "transaction" : "Total",
    "sampleCount" : 5262,
    "errorCount" : 0,
    "errorPct" : 0.0,
    "meanResTime" : 302.8386545039909,
    "medianResTime" : 116.0,
    "minResTime" : 3.0,
    "maxResTime" : 4148.0,
    "pct1ResTime" : 837.0,
    "pct2ResTime" : 1181.8499999999995,
    "pct3ResTime" : 2007.0,
    "throughput" : 32.34113691818836,
    "receivedKBytesPerSec" : 1530.4309690720977,
    "sentKBytesPerSec" : 16.382521229249
  },
  "HTTP Request" : {
    "transaction" : "HTTP Request",
    "sampleCount" : 5262,
    "errorCount" : 0,
    "errorPct" : 0.0,
    "meanResTime" : 302.8386545039909,
    "medianResTime" : 116.0,
    "minResTime" : 3.0,
    "maxResTime" : 4148.0,
    "pct1ResTime" : 837.0,
    "pct2ResTime" : 1181.8499999999995,
    "pct3ResTime" : 2007.0,
    "throughput" : 32.34113691818836,
    "receivedKBytesPerSec" : 1530.4309690720977,
    "sentKBytesPerSec" : 16.382521229249
  }
}