{
  "Total" : {
    "transaction" : "Total",
    "sampleCount" : 22,
    "errorCount" : 0,
    "errorPct" : 0.0,
    "meanResTime" : 1915.0454545454545,
    "medianResTime" : 1607.0,
    "minResTime" : 366.0,
    "maxResTime" : 3511.0,
    "pct1ResTime" : 3141.0,
    "pct2ResTime" : 3461.7999999999993,
    "pct3ResTime" : 3511.0,
    "throughput" : 4.260263361735089,
    "receivedKBytesPerSec" : 555.5403847550349,
    "sentKBytesPerSec" : 1.815453137103021
  },
  "HTTP Request" : {
    "transaction" : "HTTP Request",
    "sampleCount" : 22,
    "errorCount" : 0,
    "errorPct" : 0.0,
    "meanResTime" : 1915.0454545454545,
    "medianResTime" : 1607.0,
    "minResTime" : 366.0,
    "maxResTime" : 3511.0,
    "pct1ResTime" : 3141.0,
    "pct2ResTime" : 3461.7999999999993,
    "pct3ResTime" : 3511.0,
    "throughput" : 4.260263361735089,
    "receivedKBytesPerSec" : 555.5403847550349,
    "sentKBytesPerSec" : 1.815453137103021
  }
}