{
  "Total" : {
    "transaction" : "Total",
    "sampleCount" : 20,
    "errorCount" : 0,
    "errorPct" : 0.0,
    "meanResTime" : 19604.000000000004,
    "medianResTime" : 21025.5,
    "minResTime" : 2054.0,
    "maxResTime" : 28255.0,
    "pct1ResTime" : 27938.0,
    "pct2ResTime" : 28239.55,
    "pct3ResTime" : 28255.0,
    "throughput" : 0.3900079951639009,
    "receivedKBytesPerSec" : 189.93419833856595,
    "sentKBytesPerSec" : 0.15912630896433377
  },
  "HTTP Request" : {
    "transaction" : "HTTP Request",
    "sampleCount" : 20,
    "errorCount" : 0,
    "errorPct" : 0.0,
    "meanResTime" : 19604.000000000004,
    "medianResTime" : 21025.5,
    "minResTime" : 2054.0,
    "maxResTime" : 28255.0,
    "pct1ResTime" : 27938.0,
    "pct2ResTime" : 28239.55,
    "pct3ResTime" : 28255.0,
    "throughput" : 0.3900079951639009,
    "receivedKBytesPerSec" : 189.93419833856595,
    "sentKBytesPerSec" : 0.15912630896433377
  }
}