{
  "qgis218-bigfile": {
    "somap218": {
      "lk_big.txt": {
        "transaction": "Total",
        "sampleCount": 5262,
        "errorCount": 5262,
        "errorPct": 100.0,
        "meanResTime": 7.346066134549602,
        "medianResTime": 2.0,
        "minResTime": 1.0,
        "maxResTime": 1291.0,
        "pct1ResTime": 3.0,
        "pct2ResTime": 3.0,
        "pct3ResTime": 7.0,
        "throughput": 1039.715471250741,
        "receivedKBytesPerSec": 505.24576726437465,
        "sentKBytesPerSec": 523.6256344472437,
        "memMaxMB": 4192.1,
        "memAvgMB": 4027.2,
        "memMinMB": 3928.0,
        "cpuMax%": 68.2,
        "cpuAvg%": 52.5,
        "cpuMin%": 32.8,
        "dashboard": "results/details/compare-filesize218/20201030-093426/qgis218-bigfile/somap218/lk_big.txt/dashboard/index.html",
        "effective duration": 12.0
      },
      "av_f_big.txt": {
        "transaction": "Total",
        "sampleCount": 735,
        "errorCount": 735,
        "errorPct": 100.0,
        "meanResTime": 7.129251700680272,
        "medianResTime": 2.0,
        "minResTime": 1.0,
        "maxResTime": 1004.0,
        "pct1ResTime": 4.0,
        "pct2ResTime": 6.0,
        "pct3ResTime": 21.399999999999864,
        "throughput": 461.10414052697615,
        "receivedKBytesPerSec": 224.1449870608532,
        "sentKBytesPerSec": 194.46520643820577,
        "memMaxMB": 3976.0,
        "memAvgMB": 3942.4,
        "memMinMB": 3908.7,
        "cpuMax%": 60.7,
        "cpuAvg%": 48.0,
        "cpuMin%": 35.4,
        "dashboard": "results/details/compare-filesize218/20201030-093426/qgis218-bigfile/somap218/av_f_big.txt/dashboard/index.html",
        "effective duration": 7.4
      },
      "av_sw_big.txt": {
        "transaction": "Total",
        "sampleCount": 5190,
        "errorCount": 5190,
        "errorPct": 100.0,
        "meanResTime": 4.671483622350678,
        "medianResTime": 2.0,
        "minResTime": 1.0,
        "maxResTime": 1006.0,
        "pct1ResTime": 3.0,
        "pct2ResTime": 4.0,
        "pct3ResTime": 7.0,
        "throughput": 1441.6666666666667,
        "receivedKBytesPerSec": 700.5528428819445,
        "sentKBytesPerSec": 606.7681206597222,
        "memMaxMB": 4118.1,
        "memAvgMB": 4032.4,
        "memMinMB": 3970.6,
        "cpuMax%": 82.4,
        "cpuAvg%": 68.4,
        "cpuMin%": 49.1,
        "dashboard": "results/details/compare-filesize218/20201030-093426/qgis218-bigfile/somap218/av_sw_big.txt/dashboard/index.html",
        "effective duration": 9.9
      }
    }
  },
  "qgis218-smallfile": {
    "somap218_lk": {
      "lk_big.txt": {
        "transaction": "Total",
        "sampleCount": 5262,
        "errorCount": 0,
        "errorPct": 0.0,
        "meanResTime": 293.1613454960088,
        "medianResTime": 139.0,
        "minResTime": 6.0,
        "maxResTime": 52295.0,
        "pct1ResTime": 631.6999999999998,
        "pct2ResTime": 893.6999999999989,
        "pct3ResTime": 1799.9199999999983,
        "throughput": 33.79662932894872,
        "receivedKBytesPerSec": 1720.5918303938445,
        "sentKBytesPerSec": 17.11980623498677,
        "memMaxMB": 6419.1,
        "memAvgMB": 5237.5,
        "memMinMB": 3876.8,
        "cpuMax%": 99.5,
        "cpuAvg%": 96.6,
        "cpuMin%": 28.6,
        "dashboard": "results/details/compare-filesize218/20201030-093426/qgis218-smallfile/somap218_lk/lk_big.txt/dashboard/index.html",
        "effective duration": 162.0
      }
    },
    "somap218_grundplanav_farbig": {
      "av_f_big.txt": {
        "transaction": "Total",
        "sampleCount": 735,
        "errorCount": 0,
        "errorPct": 0.0,
        "meanResTime": 968.5319727891164,
        "medianResTime": 594.0,
        "minResTime": 215.0,
        "maxResTime": 51030.0,
        "pct1ResTime": 1339.1999999999998,
        "pct2ResTime": 1648.799999999999,
        "pct3ResTime": 7190.279999999987,
        "throughput": 9.803006255251612,
        "receivedKBytesPerSec": 1715.5918309739986,
        "sentKBytesPerSec": 4.31619342431679,
        "memMaxMB": 5451.2,
        "memAvgMB": 5064.5,
        "memMinMB": 4555.9,
        "cpuMax%": 98.8,
        "cpuAvg%": 93.7,
        "cpuMin%": 15.4,
        "dashboard": "results/details/compare-filesize218/20201030-093426/qgis218-smallfile/somap218_grundplanav_farbig/av_f_big.txt/dashboard/index.html",
        "effective duration": 80.9
      }
    },
    "somap218_grundplanav_sw": {
      "av_sw_big.txt": {
        "transaction": "Total",
        "sampleCount": 5190,
        "errorCount": 4,
        "errorPct": 0.077071294,
        "meanResTime": 1039.64894026975,
        "medianResTime": 503.0,
        "minResTime": 217.0,
        "maxResTime": 64067.0,
        "pct1ResTime": 1844.0,
        "pct2ResTime": 2407.3499999999995,
        "pct3ResTime": 6030.440000000002,
        "throughput": 9.524316368794743,
        "receivedKBytesPerSec": 2964.0213508299826,
        "sentKBytesPerSec": 4.148107019182596,
        "memMaxMB": 9545.5,
        "memAvgMB": 8316.1,
        "memMinMB": 4785.0,
        "cpuMax%": 99.9,
        "cpuAvg%": 97.6,
        "cpuMin%": 12.9,
        "dashboard": "results/details/compare-filesize218/20201030-093426/qgis218-smallfile/somap218_grundplanav_sw/av_sw_big.txt/dashboard/index.html",
        "effective duration": 551.3
      }
    }
  }
}