{
  "Total" : {
    "transaction" : "Total",
    "sampleCount" : 20,
    "errorCount" : 0,
    "errorPct" : 0.0,
    "meanResTime" : 702.1499999999999,
    "medianResTime" : 490.5,
    "minResTime" : 230.0,
    "maxResTime" : 2564.0,
    "pct1ResTime" : 1429.8000000000004,
    "pct2ResTime" : 2508.2999999999993,
    "pct3ResTime" : 2564.0,
    "throughput" : 1.4187415762218911,
    "receivedKBytesPerSec" : 441.43887828527346,
    "sentKBytesPerSec" : 0.5940980350429169
  },
  "HTTP Request" : {
    "transaction" : "HTTP Request",
    "sampleCount" : 20,
    "errorCount" : 0,
    "errorPct" : 0.0,
    "meanResTime" : 702.1499999999999,
    "medianResTime" : 490.5,
    "minResTime" : 230.0,
    "maxResTime" : 2564.0,
    "pct1ResTime" : 1429.8000000000004,
    "pct2ResTime" : 2508.2999999999993,
    "pct3ResTime" : 2564.0,
    "throughput" : 1.4187415762218911,
    "receivedKBytesPerSec" : 441.43887828527346,
    "sentKBytesPerSec" : 0.5940980350429169
  }
}