{
  "Total" : {
    "transaction" : "Total",
    "sampleCount" : 5190,
    "errorCount" : 0,
    "errorPct" : 0.0,
    "meanResTime" : 726.6643545279394,
    "medianResTime" : 546.5,
    "minResTime" : 5.0,
    "maxResTime" : 9979.0,
    "pct1ResTime" : 1574.800000000001,
    "pct2ResTime" : 2051.45,
    "pct3ResTime" : 3168.0,
    "throughput" : 13.641166359149043,
    "receivedKBytesPerSec" : 3692.262470254405,
    "sentKBytesPerSec" : 5.941110703715969
  },
  "HTTP Request" : {
    "transaction" : "HTTP Request",
    "sampleCount" : 5190,
    "errorCount" : 0,
    "errorPct" : 0.0,
    "meanResTime" : 726.6643545279394,
    "medianResTime" : 546.5,
    "minResTime" : 5.0,
    "maxResTime" : 9979.0,
    "pct1ResTime" : 1574.800000000001,
    "pct2ResTime" : 2051.45,
    "pct3ResTime" : 3168.0,
    "throughput" : 13.641166359149043,
    "receivedKBytesPerSec" : 3692.262470254405,
    "sentKBytesPerSec" : 5.941110703715969
  }
}