{
  "Total" : {
    "transaction" : "Total",
    "sampleCount" : 22,
    "errorCount" : 22,
    "errorPct" : 100.0,
    "meanResTime" : 5466.272727272727,
    "medianResTime" : 3.0,
    "minResTime" : 2.0,
    "maxResTime" : 120075.0,
    "pct1ResTime" : 63.0,
    "pct2ResTime" : 102073.19999999975,
    "pct3ResTime" : 120075.0,
    "throughput" : 0.18316543168761967,
    "receivedKBytesPerSec" : 0.06117439222379485,
    "sentKBytesPerSec" : 0.07537036362501041
  },
  "HTTP Request" : {
    "transaction" : "HTTP Request",
    "sampleCount" : 22,
    "errorCount" : 22,
    "errorPct" : 100.0,
    "meanResTime" : 5466.272727272727,
    "medianResTime" : 3.0,
    "minResTime" : 2.0,
    "maxResTime" : 120075.0,
    "pct1ResTime" : 63.0,
    "pct2ResTime" : 102073.19999999975,
    "pct3ResTime" : 120075.0,
    "throughput" : 0.18316543168761967,
    "receivedKBytesPerSec" : 0.06117439222379485,
    "sentKBytesPerSec" : 0.07537036362501041
  }
}