{
  "Total" : {
    "transaction" : "Total",
    "sampleCount" : 5190,
    "errorCount" : 0,
    "errorPct" : 0.0,
    "meanResTime" : 5920.020616570349,
    "medianResTime" : 724.0,
    "minResTime" : 191.0,
    "maxResTime" : 363374.0,
    "pct1ResTime" : 3201.5000000000027,
    "pct2ResTime" : 50595.14999999981,
    "pct3ResTime" : 136176.7600000001,
    "throughput" : 1.666915579879462,
    "receivedKBytesPerSec" : 434.7623238261534,
    "sentKBytesPerSec" : 0.7487783680768002
  },
  "HTTP Request" : {
    "transaction" : "HTTP Request",
    "sampleCount" : 5190,
    "errorCount" : 0,
    "errorPct" : 0.0,
    "meanResTime" : 5920.020616570349,
    "medianResTime" : 724.0,
    "minResTime" : 191.0,
    "maxResTime" : 363374.0,
    "pct1ResTime" : 3201.5000000000027,
    "pct2ResTime" : 50595.14999999981,
    "pct3ResTime" : 136176.7600000001,
    "throughput" : 1.666915579879462,
    "receivedKBytesPerSec" : 434.7623238261534,
    "sentKBytesPerSec" : 0.7487783680768002
  }
}