{
  "Total" : {
    "transaction" : "Total",
    "sampleCount" : 5190,
    "errorCount" : 0,
    "errorPct" : 0.0,
    "meanResTime" : 2063.9710982659085,
    "medianResTime" : 1934.0,
    "minResTime" : 401.0,
    "maxResTime" : 10346.0,
    "pct1ResTime" : 3213.0,
    "pct2ResTime" : 3707.0,
    "pct3ResTime" : 5313.260000000002,
    "throughput" : 5.793742757821553,
    "receivedKBytesPerSec" : 1568.0351699947896,
    "sentKBytesPerSec" : 2.523337536308571
  },
  "HTTP Request" : {
    "transaction" : "HTTP Request",
    "sampleCount" : 5190,
    "errorCount" : 0,
    "errorPct" : 0.0,
    "meanResTime" : 2063.9710982659085,
    "medianResTime" : 1934.0,
    "minResTime" : 401.0,
    "maxResTime" : 10346.0,
    "pct1ResTime" : 3213.0,
    "pct2ResTime" : 3707.0,
    "pct3ResTime" : 5313.260000000002,
    "throughput" : 5.793742757821553,
    "receivedKBytesPerSec" : 1568.0351699947896,
    "sentKBytesPerSec" : 2.523337536308571
  }
}