{
  "Total" : {
    "transaction" : "Total",
    "sampleCount" : 735,
    "errorCount" : 0,
    "errorPct" : 0.0,
    "meanResTime" : 896.2625850340131,
    "medianResTime" : 844.0,
    "minResTime" : 181.0,
    "maxResTime" : 3677.0,
    "pct1ResTime" : 1355.0,
    "pct2ResTime" : 1547.9999999999993,
    "pct3ResTime" : 3046.359999999999,
    "throughput" : 10.99640933572711,
    "receivedKBytesPerSec" : 1609.2832317614825,
    "sentKBytesPerSec" : 4.841640250972471
  },
  "HTTP Request" : {
    "transaction" : "HTTP Request",
    "sampleCount" : 735,
    "errorCount" : 0,
    "errorPct" : 0.0,
    "meanResTime" : 896.2625850340131,
    "medianResTime" : 844.0,
    "minResTime" : 181.0,
    "maxResTime" : 3677.0,
    "pct1ResTime" : 1355.0,
    "pct2ResTime" : 1547.9999999999993,
    "pct3ResTime" : 3046.359999999999,
    "throughput" : 10.99640933572711,
    "receivedKBytesPerSec" : 1609.2832317614825,
    "sentKBytesPerSec" : 4.841640250972471
  }
}