{
  "Total" : {
    "transaction" : "Total",
    "sampleCount" : 5190,
    "errorCount" : 0,
    "errorPct" : 0.0,
    "meanResTime" : 870.7811175337213,
    "medianResTime" : 725.0,
    "minResTime" : 179.0,
    "maxResTime" : 8417.0,
    "pct1ResTime" : 1569.800000000001,
    "pct2ResTime" : 1963.3499999999995,
    "pct3ResTime" : 2802.7900000000045,
    "throughput" : 11.423037559563767,
    "receivedKBytesPerSec" : 3091.5293173586424,
    "sentKBytesPerSec" : 4.97505337353773
  },
  "HTTP Request" : {
    "transaction" : "HTTP Request",
    "sampleCount" : 5190,
    "errorCount" : 0,
    "errorPct" : 0.0,
    "meanResTime" : 870.7811175337213,
    "medianResTime" : 725.0,
    "minResTime" : 179.0,
    "maxResTime" : 8417.0,
    "pct1ResTime" : 1569.800000000001,
    "pct2ResTime" : 1963.3499999999995,
    "pct3ResTime" : 2802.7900000000045,
    "throughput" : 11.423037559563767,
    "receivedKBytesPerSec" : 3091.5293173586424,
    "sentKBytesPerSec" : 4.97505337353773
  }
}