{
  "Total" : {
    "transaction" : "Total",
    "sampleCount" : 30,
    "errorCount" : 0,
    "errorPct" : 0.0,
    "meanResTime" : 113.39999999999999,
    "medianResTime" : 108.0,
    "minResTime" : 60.0,
    "maxResTime" : 289.0,
    "pct1ResTime" : 127.60000000000001,
    "pct2ResTime" : 206.4999999999999,
    "pct3ResTime" : 289.0,
    "throughput" : 8.683068017366137,
    "receivedKBytesPerSec" : 235.37050018089724,
    "sentKBytesPerSec" : 3.5421942836468885
  },
  "HTTP Request" : {
    "transaction" : "HTTP Request",
    "sampleCount" : 30,
    "errorCount" : 0,
    "errorPct" : 0.0,
    "meanResTime" : 113.39999999999999,
    "medianResTime" : 108.0,
    "minResTime" : 60.0,
    "maxResTime" : 289.0,
    "pct1ResTime" : 127.60000000000001,
    "pct2ResTime" : 206.4999999999999,
    "pct3ResTime" : 289.0,
    "throughput" : 8.683068017366137,
    "receivedKBytesPerSec" : 235.37050018089724,
    "sentKBytesPerSec" : 3.5421942836468885
  }
}