{
  "Total" : {
    "transaction" : "Total",
    "sampleCount" : 735,
    "errorCount" : 0,
    "errorPct" : 0.0,
    "meanResTime" : 858.7959183673465,
    "medianResTime" : 803.0,
    "minResTime" : 178.0,
    "maxResTime" : 3648.0,
    "pct1ResTime" : 1347.0,
    "pct2ResTime" : 1602.7999999999952,
    "pct3ResTime" : 3040.2799999999997,
    "throughput" : 11.45627133438284,
    "receivedKBytesPerSec" : 1676.58559702663,
    "sentKBytesPerSec" : 5.044114194476051
  },
  "HTTP Request" : {
    "transaction" : "HTTP Request",
    "sampleCount" : 735,
    "errorCount" : 0,
    "errorPct" : 0.0,
    "meanResTime" : 858.7959183673465,
    "medianResTime" : 803.0,
    "minResTime" : 178.0,
    "maxResTime" : 3648.0,
    "pct1ResTime" : 1347.0,
    "pct2ResTime" : 1602.7999999999952,
    "pct3ResTime" : 3040.2799999999997,
    "throughput" : 11.45627133438284,
    "receivedKBytesPerSec" : 1676.58559702663,
    "sentKBytesPerSec" : 5.044114194476051
  }
}