{
  "Total" : {
    "transaction" : "Total",
    "sampleCount" : 20,
    "errorCount" : 0,
    "errorPct" : 0.0,
    "meanResTime" : 1516.85,
    "medianResTime" : 1344.5,
    "minResTime" : 327.0,
    "maxResTime" : 3508.0,
    "pct1ResTime" : 3103.300000000001,
    "pct2ResTime" : 3490.1,
    "pct3ResTime" : 3508.0,
    "throughput" : 4.867364322219518,
    "receivedKBytesPerSec" : 1514.4709022876611,
    "sentKBytesPerSec" : 2.038208809929423
  },
  "HTTP Request" : {
    "transaction" : "HTTP Request",
    "sampleCount" : 20,
    "errorCount" : 0,
    "errorPct" : 0.0,
    "meanResTime" : 1516.85,
    "medianResTime" : 1344.5,
    "minResTime" : 327.0,
    "maxResTime" : 3508.0,
    "pct1ResTime" : 3103.300000000001,
    "pct2ResTime" : 3490.1,
    "pct3ResTime" : 3508.0,
    "throughput" : 4.867364322219518,
    "receivedKBytesPerSec" : 1514.4709022876611,
    "sentKBytesPerSec" : 2.038208809929423
  }
}