{
  "Total" : {
    "transaction" : "Total",
    "sampleCount" : 22,
    "errorCount" : 0,
    "errorPct" : 0.0,
    "meanResTime" : 25902.454545454544,
    "medianResTime" : 29482.0,
    "minResTime" : 3853.0,
    "maxResTime" : 34861.0,
    "pct1ResTime" : 34468.5,
    "pct2ResTime" : 34818.55,
    "pct3ResTime" : 34861.0,
    "throughput" : 0.3191921536765132,
    "receivedKBytesPerSec" : 41.844889842435144,
    "sentKBytesPerSec" : 0.13134371735534792
  },
  "HTTP Request" : {
    "transaction" : "HTTP Request",
    "sampleCount" : 22,
    "errorCount" : 0,
    "errorPct" : 0.0,
    "meanResTime" : 25902.454545454544,
    "medianResTime" : 29482.0,
    "minResTime" : 3853.0,
    "maxResTime" : 34861.0,
    "pct1ResTime" : 34468.5,
    "pct2ResTime" : 34818.55,
    "pct3ResTime" : 34861.0,
    "throughput" : 0.3191921536765132,
    "receivedKBytesPerSec" : 41.844889842435144,
    "sentKBytesPerSec" : 0.13134371735534792
  }
}