{
  "Total" : {
    "transaction" : "Total",
    "sampleCount" : 20,
    "errorCount" : 0,
    "errorPct" : 0.0,
    "meanResTime" : 3360.7,
    "medianResTime" : 3418.0,
    "minResTime" : 1990.0,
    "maxResTime" : 5061.0,
    "pct1ResTime" : 4570.900000000001,
    "pct2ResTime" : 5038.15,
    "pct3ResTime" : 5061.0,
    "throughput" : 2.0048115477145148,
    "receivedKBytesPerSec" : 623.7746959891239,
    "sentKBytesPerSec" : 0.839514835605453
  },
  "HTTP Request" : {
    "transaction" : "HTTP Request",
    "sampleCount" : 20,
    "errorCount" : 0,
    "errorPct" : 0.0,
    "meanResTime" : 3360.7,
    "medianResTime" : 3418.0,
    "minResTime" : 1990.0,
    "maxResTime" : 5061.0,
    "pct1ResTime" : 4570.900000000001,
    "pct2ResTime" : 5038.15,
    "pct3ResTime" : 5061.0,
    "throughput" : 2.0048115477145148,
    "receivedKBytesPerSec" : 623.7746959891239,
    "sentKBytesPerSec" : 0.839514835605453
  }
}