{
  "Total" : {
    "transaction" : "Total",
    "sampleCount" : 5190,
    "errorCount" : 0,
    "errorPct" : 0.0,
    "meanResTime" : 6062.783622350665,
    "medianResTime" : 762.0,
    "minResTime" : 191.0,
    "maxResTime" : 308578.0,
    "pct1ResTime" : 3288.600000000002,
    "pct2ResTime" : 31064.949999999506,
    "pct3ResTime" : 141561.48000000004,
    "throughput" : 1.6275327105851718,
    "receivedKBytesPerSec" : 424.49128296400517,
    "sentKBytesPerSec" : 0.7310875857982562
  },
  "HTTP Request" : {
    "transaction" : "HTTP Request",
    "sampleCount" : 5190,
    "errorCount" : 0,
    "errorPct" : 0.0,
    "meanResTime" : 6062.783622350665,
    "medianResTime" : 762.0,
    "minResTime" : 191.0,
    "maxResTime" : 308578.0,
    "pct1ResTime" : 3288.600000000002,
    "pct2ResTime" : 31064.949999999506,
    "pct3ResTime" : 141561.48000000004,
    "throughput" : 1.6275327105851718,
    "receivedKBytesPerSec" : 424.49128296400517,
    "sentKBytesPerSec" : 0.7310875857982562
  }
}