{
  "Total" : {
    "transaction" : "Total",
    "sampleCount" : 5262,
    "errorCount" : 0,
    "errorPct" : 0.0,
    "meanResTime" : 357.81946028125924,
    "medianResTime" : 196.0,
    "minResTime" : 34.0,
    "maxResTime" : 4198.0,
    "pct1ResTime" : 850.6999999999998,
    "pct2ResTime" : 1164.0,
    "pct3ResTime" : 1910.4399999999987,
    "throughput" : 27.584977667805994,
    "receivedKBytesPerSec" : 1305.1909552484587,
    "sentKBytesPerSec" : 13.973271360075174
  },
  "HTTP Request" : {
    "transaction" : "HTTP Request",
    "sampleCount" : 5262,
    "errorCount" : 0,
    "errorPct" : 0.0,
    "meanResTime" : 357.81946028125924,
    "medianResTime" : 196.0,
    "minResTime" : 34.0,
    "maxResTime" : 4198.0,
    "pct1ResTime" : 850.6999999999998,
    "pct2ResTime" : 1164.0,
    "pct3ResTime" : 1910.4399999999987,
    "throughput" : 27.584977667805994,
    "receivedKBytesPerSec" : 1305.1909552484587,
    "sentKBytesPerSec" : 13.973271360075174
  }
}