{
  "Total" : {
    "transaction" : "Total",
    "sampleCount" : 30,
    "errorCount" : 0,
    "errorPct" : 0.0,
    "meanResTime" : 85.59999999999998,
    "medianResTime" : 78.5,
    "minResTime" : 53.0,
    "maxResTime" : 271.0,
    "pct1ResTime" : 93.0,
    "pct2ResTime" : 174.19999999999987,
    "pct3ResTime" : 271.0,
    "throughput" : 11.441647597254004,
    "receivedKBytesPerSec" : 310.1468642734554,
    "sentKBytesPerSec" : 4.667536708619375
  },
  "HTTP Request" : {
    "transaction" : "HTTP Request",
    "sampleCount" : 30,
    "errorCount" : 0,
    "errorPct" : 0.0,
    "meanResTime" : 85.59999999999998,
    "medianResTime" : 78.5,
    "minResTime" : 53.0,
    "maxResTime" : 271.0,
    "pct1ResTime" : 93.0,
    "pct2ResTime" : 174.19999999999987,
    "pct3ResTime" : 271.0,
    "throughput" : 11.441647597254004,
    "receivedKBytesPerSec" : 310.1468642734554,
    "sentKBytesPerSec" : 4.667536708619375
  }
}