{
  "Total" : {
    "transaction" : "Total",
    "sampleCount" : 30,
    "errorCount" : 0,
    "errorPct" : 0.0,
    "meanResTime" : 404.6,
    "medianResTime" : 88.5,
    "minResTime" : 64.0,
    "maxResTime" : 1584.0,
    "pct1ResTime" : 1094.4,
    "pct2ResTime" : 1570.8,
    "pct3ResTime" : 1584.0,
    "throughput" : 16.15508885298869,
    "receivedKBytesPerSec" : 438.4550013462574,
    "sentKBytesPerSec" : 6.59035070005385
  },
  "HTTP Request" : {
    "transaction" : "HTTP Request",
    "sampleCount" : 30,
    "errorCount" : 0,
    "errorPct" : 0.0,
    "meanResTime" : 404.6,
    "medianResTime" : 88.5,
    "minResTime" : 64.0,
    "maxResTime" : 1584.0,
    "pct1ResTime" : 1094.4,
    "pct2ResTime" : 1570.8,
    "pct3ResTime" : 1584.0,
    "throughput" : 16.15508885298869,
    "receivedKBytesPerSec" : 438.4550013462574,
    "sentKBytesPerSec" : 6.59035070005385
  }
}