{
  "Total" : {
    "transaction" : "Total",
    "sampleCount" : 30,
    "errorCount" : 0,
    "errorPct" : 0.0,
    "meanResTime" : 273.3666666666666,
    "medianResTime" : 217.0,
    "minResTime" : 27.0,
    "maxResTime" : 724.0,
    "pct1ResTime" : 707.6,
    "pct2ResTime" : 724.0,
    "pct3ResTime" : 724.0,
    "throughput" : 24.01921537229784,
    "receivedKBytesPerSec" : 648.6110763610889,
    "sentKBytesPerSec" : 10.126851481184946
  },
  "HTTP Request" : {
    "transaction" : "HTTP Request",
    "sampleCount" : 30,
    "errorCount" : 0,
    "errorPct" : 0.0,
    "meanResTime" : 273.3666666666666,
    "medianResTime" : 217.0,
    "minResTime" : 27.0,
    "maxResTime" : 724.0,
    "pct1ResTime" : 707.6,
    "pct2ResTime" : 724.0,
    "pct3ResTime" : 724.0,
    "throughput" : 24.01921537229784,
    "receivedKBytesPerSec" : 648.6110763610889,
    "sentKBytesPerSec" : 10.126851481184946
  }
}