{
  "Total" : {
    "transaction" : "Total",
    "sampleCount" : 735,
    "errorCount" : 0,
    "errorPct" : 0.0,
    "meanResTime" : 26006.292517006816,
    "medianResTime" : 27111.0,
    "minResTime" : 2949.0,
    "maxResTime" : 44261.0,
    "pct1ResTime" : 29928.4,
    "pct2ResTime" : 32011.199999999993,
    "pct3ResTime" : 42431.35999999999,
    "throughput" : 0.38289446334606003,
    "receivedKBytesPerSec" : 70.92066393753429,
    "sentKBytesPerSec" : 0.16297688349563372
  },
  "HTTP Request" : {
    "transaction" : "HTTP Request",
    "sampleCount" : 735,
    "errorCount" : 0,
    "errorPct" : 0.0,
    "meanResTime" : 26006.292517006816,
    "medianResTime" : 27111.0,
    "minResTime" : 2949.0,
    "maxResTime" : 44261.0,
    "pct1ResTime" : 29928.4,
    "pct2ResTime" : 32011.199999999993,
    "pct3ResTime" : 42431.35999999999,
    "throughput" : 0.38289446334606003,
    "receivedKBytesPerSec" : 70.92066393753429,
    "sentKBytesPerSec" : 0.16297688349563372
  }
}