{
  "Total" : {
    "transaction" : "Total",
    "sampleCount" : 735,
    "errorCount" : 0,
    "errorPct" : 0.0,
    "meanResTime" : 1822.0993197278913,
    "medianResTime" : 1838.0,
    "minResTime" : 558.0,
    "maxResTime" : 4097.0,
    "pct1ResTime" : 2413.8,
    "pct2ResTime" : 2725.1999999999985,
    "pct3ResTime" : 3622.5599999999995,
    "throughput" : 6.524170498322356,
    "receivedKBytesPerSec" : 954.7974774871735,
    "sentKBytesPerSec" : 2.8725455304993877
  },
  "HTTP Request" : {
    "transaction" : "HTTP Request",
    "sampleCount" : 735,
    "errorCount" : 0,
    "errorPct" : 0.0,
    "meanResTime" : 1822.0993197278913,
    "medianResTime" : 1838.0,
    "minResTime" : 558.0,
    "maxResTime" : 4097.0,
    "pct1ResTime" : 2413.8,
    "pct2ResTime" : 2725.1999999999985,
    "pct3ResTime" : 3622.5599999999995,
    "throughput" : 6.524170498322356,
    "receivedKBytesPerSec" : 954.7974774871735,
    "sentKBytesPerSec" : 2.8725455304993877
  }
}