{
  "Total" : {
    "transaction" : "Total",
    "sampleCount" : 5272,
    "errorCount" : 0,
    "errorPct" : 0.0,
    "meanResTime" : 695.5108118361162,
    "medianResTime" : 527.0,
    "minResTime" : 33.0,
    "maxResTime" : 5098.0,
    "pct1ResTime" : 1477.6999999999998,
    "pct2ResTime" : 1885.699999999999,
    "pct3ResTime" : 2887.0,
    "throughput" : 17.116549677603683,
    "receivedKBytesPerSec" : 816.4042810600687,
    "sentKBytesPerSec" : 8.670859521608346
  },
  "HTTP Request" : {
    "transaction" : "HTTP Request",
    "sampleCount" : 5272,
    "errorCount" : 0,
    "errorPct" : 0.0,
    "meanResTime" : 695.5108118361162,
    "medianResTime" : 527.0,
    "minResTime" : 33.0,
    "maxResTime" : 5098.0,
    "pct1ResTime" : 1477.6999999999998,
    "pct2ResTime" : 1885.699999999999,
    "pct3ResTime" : 2887.0,
    "throughput" : 17.116549677603683,
    "receivedKBytesPerSec" : 816.4042810600687,
    "sentKBytesPerSec" : 8.670859521608346
  }
}