{
  "qgis218-stock": {
    "somap218_avbobe_farbig_categorized": {
      "bodenbedeckung_big.txt": {
        "transaction": "Total",
        "sampleCount": 5191,
        "errorCount": 1,
        "errorPct": 0.019264111,
        "meanResTime": 441.50221537275945,
        "medianResTime": 232.0,
        "minResTime": 17.0,
        "maxResTime": 21805.0,
        "pct1ResTime": 686.0,
        "pct2ResTime": 996.5999999999985,
        "pct3ResTime": 4718.919999999995,
        "throughput": 22.242980242268946,
        "receivedKBytesPerSec": 5765.092323458931,
        "sentKBytesPerSec": 10.02988776609306,
        "dashboard": "results/details/compare-categorized/20201009-101838/qgis218-stock/somap218_avbobe_farbig_categorized/bodenbedeckung_big.txt/dashboard/index.html"
      }
    }
  },
  "qgis310-stock": {
    "somap310_avbobe_farbig_categorized": {
      "bodenbedeckung_big.txt": {
        "transaction": "Total",
        "sampleCount": 5191,
        "errorCount": 1,
        "errorPct": 0.019264111,
        "meanResTime": 623.900597187436,
        "medianResTime": 348.0,
        "minResTime": 20.0,
        "maxResTime": 20760.0,
        "pct1ResTime": 1041.0,
        "pct2ResTime": 1716.599999999995,
        "pct3ResTime": 7960.599999999997,
        "throughput": 15.933479029564875,
        "receivedKBytesPerSec": 4252.083318545652,
        "sentKBytesPerSec": 7.184783902574343,
        "dashboard": "results/details/compare-categorized/20201009-101838/qgis310-stock/somap310_avbobe_farbig_categorized/bodenbedeckung_big.txt/dashboard/index.html"
      }
    }
  },
  "qgis314-stock": {
    "somap314_avbobe_farbig_categorized": {
      "bodenbedeckung_big.txt": {
        "transaction": "Total",
        "sampleCount": 5191,
        "errorCount": 1,
        "errorPct": 0.019264111,
        "meanResTime": 631.4816027740337,
        "medianResTime": 352.0,
        "minResTime": 16.0,
        "maxResTime": 21262.0,
        "pct1ResTime": 1066.0,
        "pct2ResTime": 1782.7999999999956,
        "pct3ResTime": 8048.559999999998,
        "throughput": 15.754698942908565,
        "receivedKBytesPerSec": 4204.280968503501,
        "sentKBytesPerSec": 7.104167717852493,
        "dashboard": "results/details/compare-categorized/20201009-101838/qgis314-stock/somap314_avbobe_farbig_categorized/bodenbedeckung_big.txt/dashboard/index.html"
      }
    }
  }
}