{
  "Total" : {
    "transaction" : "Total",
    "sampleCount" : 20,
    "errorCount" : 0,
    "errorPct" : 0.0,
    "meanResTime" : 2540.7,
    "medianResTime" : 2098.5,
    "minResTime" : 1319.0,
    "maxResTime" : 4237.0,
    "pct1ResTime" : 4131.2,
    "pct2ResTime" : 4231.75,
    "pct3ResTime" : 4237.0,
    "throughput" : 2.760143527463428,
    "receivedKBytesPerSec" : 858.497495385385,
    "sentKBytesPerSec" : 1.1558101021253104
  },
  "HTTP Request" : {
    "transaction" : "HTTP Request",
    "sampleCount" : 20,
    "errorCount" : 0,
    "errorPct" : 0.0,
    "meanResTime" : 2540.7,
    "medianResTime" : 2098.5,
    "minResTime" : 1319.0,
    "maxResTime" : 4237.0,
    "pct1ResTime" : 4131.2,
    "pct2ResTime" : 4231.75,
    "pct3ResTime" : 4237.0,
    "throughput" : 2.760143527463428,
    "receivedKBytesPerSec" : 858.497495385385,
    "sentKBytesPerSec" : 1.1558101021253104
  }
}