{
  "Total" : {
    "transaction" : "Total",
    "sampleCount" : 30,
    "errorCount" : 0,
    "errorPct" : 0.0,
    "meanResTime" : 13663.333333333332,
    "medianResTime" : 15995.5,
    "minResTime" : 2013.0,
    "maxResTime" : 16158.0,
    "pct1ResTime" : 16135.8,
    "pct2ResTime" : 16147.55,
    "pct3ResTime" : 16158.0,
    "throughput" : 0.6189140122132365,
    "receivedKBytesPerSec" : 16.77619618026902,
    "sentKBytesPerSec" : 0.25308586658276944
  },
  "HTTP Request" : {
    "transaction" : "HTTP Request",
    "sampleCount" : 30,
    "errorCount" : 0,
    "errorPct" : 0.0,
    "meanResTime" : 13663.333333333332,
    "medianResTime" : 15995.5,
    "minResTime" : 2013.0,
    "maxResTime" : 16158.0,
    "pct1ResTime" : 16135.8,
    "pct2ResTime" : 16147.55,
    "pct3ResTime" : 16158.0,
    "throughput" : 0.6189140122132365,
    "receivedKBytesPerSec" : 16.77619618026902,
    "sentKBytesPerSec" : 0.25308586658276944
  }
}