{
  "Total" : {
    "transaction" : "Total",
    "sampleCount" : 20,
    "errorCount" : 0,
    "errorPct" : 0.0,
    "meanResTime" : 19422.2,
    "medianResTime" : 20789.5,
    "minResTime" : 2010.0,
    "maxResTime" : 27955.0,
    "pct1ResTime" : 27646.9,
    "pct2ResTime" : 27939.8,
    "pct3ResTime" : 27955.0,
    "throughput" : 0.3947186642720401,
    "receivedKBytesPerSec" : 192.22806659397267,
    "sentKBytesPerSec" : 0.161048298762557
  },
  "HTTP Request" : {
    "transaction" : "HTTP Request",
    "sampleCount" : 20,
    "errorCount" : 0,
    "errorPct" : 0.0,
    "meanResTime" : 19422.2,
    "medianResTime" : 20789.5,
    "minResTime" : 2010.0,
    "maxResTime" : 27955.0,
    "pct1ResTime" : 27646.9,
    "pct2ResTime" : 27939.8,
    "pct3ResTime" : 27955.0,
    "throughput" : 0.3947186642720401,
    "receivedKBytesPerSec" : 192.22806659397267,
    "sentKBytesPerSec" : 0.161048298762557
  }
}