{
  "Total" : {
    "transaction" : "Total",
    "sampleCount" : 20,
    "errorCount" : 0,
    "errorPct" : 0.0,
    "meanResTime" : 681.5500000000001,
    "medianResTime" : 493.0,
    "minResTime" : 195.0,
    "maxResTime" : 2354.0,
    "pct1ResTime" : 1429.7000000000003,
    "pct2ResTime" : 2308.3499999999995,
    "pct3ResTime" : 2354.0,
    "throughput" : 1.461240593263681,
    "receivedKBytesPerSec" : 454.6602301682253,
    "sentKBytesPerSec" : 0.6118944984291664
  },
  "HTTP Request" : {
    "transaction" : "HTTP Request",
    "sampleCount" : 20,
    "errorCount" : 0,
    "errorPct" : 0.0,
    "meanResTime" : 681.5500000000001,
    "medianResTime" : 493.0,
    "minResTime" : 195.0,
    "maxResTime" : 2354.0,
    "pct1ResTime" : 1429.7000000000003,
    "pct2ResTime" : 2308.3499999999995,
    "pct3ResTime" : 2354.0,
    "throughput" : 1.461240593263681,
    "receivedKBytesPerSec" : 454.6602301682253,
    "sentKBytesPerSec" : 0.6118944984291664
  }
}