{
  "Total" : {
    "transaction" : "Total",
    "sampleCount" : 30,
    "errorCount" : 0,
    "errorPct" : 0.0,
    "meanResTime" : 14664.66666666667,
    "medianResTime" : 17268.5,
    "minResTime" : 1970.0,
    "maxResTime" : 17412.0,
    "pct1ResTime" : 17399.9,
    "pct2ResTime" : 17410.35,
    "pct3ResTime" : 17412.0,
    "throughput" : 0.5747676980553693,
    "receivedKBytesPerSec" : 15.580133693361432,
    "sentKBytesPerSec" : 0.2350335879873551
  },
  "HTTP Request" : {
    "transaction" : "HTTP Request",
    "sampleCount" : 30,
    "errorCount" : 0,
    "errorPct" : 0.0,
    "meanResTime" : 14664.66666666667,
    "medianResTime" : 17268.5,
    "minResTime" : 1970.0,
    "maxResTime" : 17412.0,
    "pct1ResTime" : 17399.9,
    "pct2ResTime" : 17410.35,
    "pct3ResTime" : 17412.0,
    "throughput" : 0.5747676980553693,
    "receivedKBytesPerSec" : 15.580133693361432,
    "sentKBytesPerSec" : 0.2350335879873551
  }
}