{
  "Total" : {
    "transaction" : "Total",
    "sampleCount" : 1,
    "errorCount" : 0,
    "errorPct" : 0.0,
    "meanResTime" : 298.0,
    "medianResTime" : 298.0,
    "minResTime" : 298.0,
    "maxResTime" : 298.0,
    "pct1ResTime" : 298.0,
    "pct2ResTime" : 298.0,
    "pct3ResTime" : 298.0,
    "throughput" : 3.3557046979865772,
    "receivedKBytesPerSec" : 574.9233169043624,
    "sentKBytesPerSec" : 1.2747745385906042
  },
  "HTTP Request" : {
    "transaction" : "HTTP Request",
    "sampleCount" : 1,
    "errorCount" : 0,
    "errorPct" : 0.0,
    "meanResTime" : 298.0,
    "medianResTime" : 298.0,
    "minResTime" : 298.0,
    "maxResTime" : 298.0,
    "pct1ResTime" : 298.0,
    "pct2ResTime" : 298.0,
    "pct3ResTime" : 298.0,
    "throughput" : 3.3557046979865772,
    "receivedKBytesPerSec" : 574.9233169043624,
    "sentKBytesPerSec" : 1.2747745385906042
  }
}