{
  "Total" : {
    "transaction" : "Total",
    "sampleCount" : 735,
    "errorCount" : 0,
    "errorPct" : 0.0,
    "meanResTime" : 25735.731972789108,
    "medianResTime" : 26678.0,
    "minResTime" : 3082.0,
    "maxResTime" : 44053.0,
    "pct1ResTime" : 29531.4,
    "pct2ResTime" : 31169.199999999997,
    "pct3ResTime" : 42355.59999999999,
    "throughput" : 0.3868787569348675,
    "receivedKBytesPerSec" : 71.6585747884997,
    "sentKBytesPerSec" : 0.1646727757432283
  },
  "HTTP Request" : {
    "transaction" : "HTTP Request",
    "sampleCount" : 735,
    "errorCount" : 0,
    "errorPct" : 0.0,
    "meanResTime" : 25735.731972789108,
    "medianResTime" : 26678.0,
    "minResTime" : 3082.0,
    "maxResTime" : 44053.0,
    "pct1ResTime" : 29531.4,
    "pct2ResTime" : 31169.199999999997,
    "pct3ResTime" : 42355.59999999999,
    "throughput" : 0.3868787569348675,
    "receivedKBytesPerSec" : 71.6585747884997,
    "sentKBytesPerSec" : 0.1646727757432283
  }
}