{
  "Total" : {
    "transaction" : "Total",
    "sampleCount" : 30,
    "errorCount" : 0,
    "errorPct" : 0.0,
    "meanResTime" : 15261.066666666668,
    "medianResTime" : 17960.5,
    "minResTime" : 2082.0,
    "maxResTime" : 18507.0,
    "pct1ResTime" : 18371.5,
    "pct2ResTime" : 18487.2,
    "pct3ResTime" : 18507.0,
    "throughput" : 0.551298307514196,
    "receivedKBytesPerSec" : 14.943952774408732,
    "sentKBytesPerSec" : 0.22543650192035578
  },
  "HTTP Request" : {
    "transaction" : "HTTP Request",
    "sampleCount" : 30,
    "errorCount" : 0,
    "errorPct" : 0.0,
    "meanResTime" : 15261.066666666668,
    "medianResTime" : 17960.5,
    "minResTime" : 2082.0,
    "maxResTime" : 18507.0,
    "pct1ResTime" : 18371.5,
    "pct2ResTime" : 18487.2,
    "pct3ResTime" : 18507.0,
    "throughput" : 0.551298307514196,
    "receivedKBytesPerSec" : 14.943952774408732,
    "sentKBytesPerSec" : 0.22543650192035578
  }
}