{
  "Total" : {
    "transaction" : "Total",
    "sampleCount" : 735,
    "errorCount" : 0,
    "errorPct" : 0.0,
    "meanResTime" : 842.1741496598646,
    "medianResTime" : 818.0,
    "minResTime" : 130.0,
    "maxResTime" : 2567.0,
    "pct1ResTime" : 1258.0,
    "pct2ResTime" : 1352.3999999999999,
    "pct3ResTime" : 2067.7599999999998,
    "throughput" : 11.662408961807595,
    "receivedKBytesPerSec" : 1614.7800517767323,
    "sentKBytesPerSec" : 5.271543970058549
  },
  "HTTP Request" : {
    "transaction" : "HTTP Request",
    "sampleCount" : 735,
    "errorCount" : 0,
    "errorPct" : 0.0,
    "meanResTime" : 842.1741496598646,
    "medianResTime" : 818.0,
    "minResTime" : 130.0,
    "maxResTime" : 2567.0,
    "pct1ResTime" : 1258.0,
    "pct2ResTime" : 1352.3999999999999,
    "pct3ResTime" : 2067.7599999999998,
    "throughput" : 11.662408961807595,
    "receivedKBytesPerSec" : 1614.7800517767323,
    "sentKBytesPerSec" : 5.271543970058549
  }
}