{
  "Total" : {
    "transaction" : "Total",
    "sampleCount" : 735,
    "errorCount" : 0,
    "errorPct" : 0.0,
    "meanResTime" : 796.6204081632653,
    "medianResTime" : 731.0,
    "minResTime" : 8.0,
    "maxResTime" : 4793.0,
    "pct1ResTime" : 1474.4,
    "pct2ResTime" : 1729.5999999999995,
    "pct3ResTime" : 2988.039999999999,
    "throughput" : 12.390842577295256,
    "receivedKBytesPerSec" : 1813.1295682012628,
    "sentKBytesPerSec" : 5.455599217353923
  },
  "HTTP Request" : {
    "transaction" : "HTTP Request",
    "sampleCount" : 735,
    "errorCount" : 0,
    "errorPct" : 0.0,
    "meanResTime" : 796.6204081632653,
    "medianResTime" : 731.0,
    "minResTime" : 8.0,
    "maxResTime" : 4793.0,
    "pct1ResTime" : 1474.4,
    "pct2ResTime" : 1729.5999999999995,
    "pct3ResTime" : 2988.039999999999,
    "throughput" : 12.390842577295256,
    "receivedKBytesPerSec" : 1813.1295682012628,
    "sentKBytesPerSec" : 5.455599217353923
  }
}