{
  "Total" : {
    "transaction" : "Total",
    "sampleCount" : 5190,
    "errorCount" : 0,
    "errorPct" : 0.0,
    "meanResTime" : 1034.5163776493239,
    "medianResTime" : 861.5,
    "minResTime" : 194.0,
    "maxResTime" : 6883.0,
    "pct1ResTime" : 1896.9000000000005,
    "pct2ResTime" : 2330.0,
    "pct3ResTime" : 3367.4400000000023,
    "throughput" : 9.61043482125332,
    "receivedKBytesPerSec" : 2600.9075276444664,
    "sentKBytesPerSec" : 4.185614021605887
  },
  "HTTP Request" : {
    "transaction" : "HTTP Request",
    "sampleCount" : 5190,
    "errorCount" : 0,
    "errorPct" : 0.0,
    "meanResTime" : 1034.5163776493239,
    "medianResTime" : 861.5,
    "minResTime" : 194.0,
    "maxResTime" : 6883.0,
    "pct1ResTime" : 1896.9000000000005,
    "pct2ResTime" : 2330.0,
    "pct3ResTime" : 3367.4400000000023,
    "throughput" : 9.61043482125332,
    "receivedKBytesPerSec" : 2600.9075276444664,
    "sentKBytesPerSec" : 4.185614021605887
  }
}