{
  "qgis310-singlethread-multiinstance": {
    "somap310_lk": {
      "lk.txt": {
        "transaction": "Total",
        "sampleCount": 30,
        "errorCount": 0,
        "errorPct": 0.0,
        "meanResTime": 113.39999999999999,
        "medianResTime": 108.0,
        "minResTime": 60.0,
        "maxResTime": 289.0,
        "pct1ResTime": 127.60000000000001,
        "pct2ResTime": 206.4999999999999,
        "pct3ResTime": 289.0,
        "throughput": 8.683068017366137,
        "receivedKBytesPerSec": 235.37050018089724,
        "sentKBytesPerSec": 3.5421942836468885,
        "memMaxMB": 4863.1,
        "memAvgMB": 4853.0,
        "memMinMB": 4847.6,
        "cpuMax%": 30.1,
        "cpuAvg%": 20.5,
        "cpuMin%": 14.4,
        "dashboard": "results/details/compare-deployment-sequential/20201101-093242/qgis310-singlethread-multiinstance/somap310_lk/lk.txt/dashboard/index.html",
        "effective duration": 9.3
      }
    },
    "somap310_grundplanav_farbig": {
      "av_f_big.txt": {
        "transaction": "Total",
        "sampleCount": 735,
        "errorCount": 0,
        "errorPct": 0.0,
        "meanResTime": 725.6285714285706,
        "medianResTime": 716.0,
        "minResTime": 171.0,
        "maxResTime": 3329.0,
        "pct1ResTime": 1058.6,
        "pct2ResTime": 1263.9999999999993,
        "pct3ResTime": 2725.199999999994,
        "throughput": 1.375224994293284,
        "receivedKBytesPerSec": 201.2589722175316,
        "sentKBytesPerSec": 0.6055017127164343,
        "memMaxMB": 6167.6,
        "memAvgMB": 5481.9,
        "memMinMB": 4877.9,
        "cpuMax%": 34.7,
        "cpuAvg%": 13.0,
        "cpuMin%": 11.9,
        "dashboard": "results/details/compare-deployment-sequential/20201101-093242/qgis310-singlethread-multiinstance/somap310_grundplanav_farbig/av_f_big.txt/dashboard/index.html",
        "effective duration": 540.1
      }
    },
    "somap310_grundplanav_sw": {
      "av_sw.txt": {
        "transaction": "Total",
        "sampleCount": 20,
        "errorCount": 0,
        "errorPct": 0.0,
        "meanResTime": 762.5500000000001,
        "medianResTime": 566.0,
        "minResTime": 207.0,
        "maxResTime": 2444.0,
        "pct1ResTime": 1661.1000000000004,
        "pct2ResTime": 2405.4499999999994,
        "pct3ResTime": 2444.0,
        "throughput": 1.3062504082032527,
        "receivedKBytesPerSec": 406.4374545873882,
        "sentKBytesPerSec": 0.546992358435112,
        "memMaxMB": 5473.6,
        "memAvgMB": 5279.7,
        "memMinMB": 5227.5,
        "cpuMax%": 34.7,
        "cpuAvg%": 16.2,
        "cpuMin%": 12.5,
        "dashboard": "results/details/compare-deployment-sequential/20201101-093242/qgis310-singlethread-multiinstance/somap310_grundplanav_sw/av_sw.txt/dashboard/index.html",
        "effective duration": 21.2
      }
    }
  },
  "qgis310-multithread-singleinstance": {
    "somap310_lk": {
      "lk.txt": {
        "transaction": "Total",
        "sampleCount": 30,
        "errorCount": 0,
        "errorPct": 0.0,
        "meanResTime": 84.46666666666665,
        "medianResTime": 79.5,
        "minResTime": 54.0,
        "maxResTime": 250.0,
        "pct1ResTime": 92.0,
        "pct2ResTime": 164.19999999999987,
        "pct3ResTime": 250.0,
        "throughput": 11.578541103820918,
        "receivedKBytesPerSec": 313.85761409687376,
        "sentKBytesPerSec": 4.723381416441528,
        "memMaxMB": 4609.1,
        "memAvgMB": 4582.7,
        "memMinMB": 4552.1,
        "cpuMax%": 36.2,
        "cpuAvg%": 28.6,
        "cpuMin%": 20.1,
        "dashboard": "results/details/compare-deployment-sequential/20201101-093242/qgis310-multithread-singleinstance/somap310_lk/lk.txt/dashboard/index.html",
        "effective duration": 8.6
      }
    },
    "somap310_grundplanav_farbig": {
      "av_f_big.txt": {
        "transaction": "Total",
        "sampleCount": 735,
        "errorCount": 0,
        "errorPct": 0.0,
        "meanResTime": 475.6013605442175,
        "medianResTime": 418.0,
        "minResTime": 175.0,
        "maxResTime": 2986.0,
        "pct1ResTime": 706.0,
        "pct2ResTime": 850.0,
        "pct3ResTime": 1281.0,
        "throughput": 2.095820335445312,
        "receivedKBytesPerSec": 306.71572912716215,
        "sentKBytesPerSec": 0.922774678997314,
        "memMaxMB": 5588.7,
        "memAvgMB": 5019.1,
        "memMinMB": 4608.3,
        "cpuMax%": 45.3,
        "cpuAvg%": 19.8,
        "cpuMin%": 12.5,
        "dashboard": "results/details/compare-deployment-sequential/20201101-093242/qgis310-multithread-singleinstance/somap310_grundplanav_farbig/av_f_big.txt/dashboard/index.html",
        "effective duration": 356.4
      }
    },
    "somap310_grundplanav_sw": {
      "av_sw.txt": {
        "transaction": "Total",
        "sampleCount": 20,
        "errorCount": 0,
        "errorPct": 0.0,
        "meanResTime": 621.3,
        "medianResTime": 392.0,
        "minResTime": 214.0,
        "maxResTime": 2328.0,
        "pct1ResTime": 1283.6000000000004,
        "pct2ResTime": 2276.7999999999993,
        "pct3ResTime": 2328.0,
        "throughput": 1.6023073225444642,
        "receivedKBytesPerSec": 498.55401152659834,
        "sentKBytesPerSec": 0.6709661913154944,
        "memMaxMB": 4915.1,
        "memAvgMB": 4741.6,
        "memMinMB": 4668.7,
        "cpuMax%": 34.7,
        "cpuAvg%": 19.3,
        "cpuMin%": 13.0,
        "dashboard": "results/details/compare-deployment-sequential/20201101-093242/qgis310-multithread-singleinstance/somap310_grundplanav_sw/av_sw.txt/dashboard/index.html",
        "effective duration": 18.5
      }
    }
  },
  "qgis310-balanced": {
    "somap310_lk": {
      "lk.txt": {
        "transaction": "Total",
        "sampleCount": 30,
        "errorCount": 0,
        "errorPct": 0.0,
        "meanResTime": 99.00000000000001,
        "medianResTime": 94.5,
        "minResTime": 56.0,
        "maxResTime": 249.0,
        "pct1ResTime": 112.60000000000001,
        "pct2ResTime": 174.1999999999999,
        "pct3ResTime": 249.0,
        "throughput": 9.927200529450696,
        "receivedKBytesPerSec": 269.09499607048315,
        "sentKBytesPerSec": 4.0497290701522175,
        "memMaxMB": 4699.2,
        "memAvgMB": 4694.9,
        "memMinMB": 4690.5,
        "cpuMax%": 31.7,
        "cpuAvg%": 25.3,
        "cpuMin%": 18.9,
        "dashboard": "results/details/compare-deployment-sequential/20201101-093242/qgis310-balanced/somap310_lk/lk.txt/dashboard/index.html",
        "effective duration": 8.6
      }
    },
    "somap310_grundplanav_farbig": {
      "av_f_big.txt": {
        "transaction": "Total",
        "sampleCount": 735,
        "errorCount": 0,
        "errorPct": 0.0,
        "meanResTime": 575.1455782312923,
        "medianResTime": 543.0,
        "minResTime": 172.0,
        "maxResTime": 2984.0,
        "pct1ResTime": 811.0,
        "pct2ResTime": 985.5999999999995,
        "pct3ResTime": 1772.2799999999988,
        "throughput": 1.7340999549369942,
        "receivedKBytesPerSec": 253.7800240938148,
        "sentKBytesPerSec": 0.7635117868661393,
        "memMaxMB": 5818.8,
        "memAvgMB": 5208.6,
        "memMinMB": 4671.5,
        "cpuMax%": 32.1,
        "cpuAvg%": 16.5,
        "cpuMin%": 12.4,
        "dashboard": "results/details/compare-deployment-sequential/20201101-093242/qgis310-balanced/somap310_grundplanav_farbig/av_f_big.txt/dashboard/index.html",
        "effective duration": 429.4
      }
    },
    "somap310_grundplanav_sw": {
      "av_sw.txt": {
        "transaction": "Total",
        "sampleCount": 20,
        "errorCount": 0,
        "errorPct": 0.0,
        "meanResTime": 701.55,
        "medianResTime": 469.5,
        "minResTime": 228.0,
        "maxResTime": 2646.0,
        "pct1ResTime": 1392.9,
        "pct2ResTime": 2583.749999999999,
        "pct3ResTime": 2646.0,
        "throughput": 1.4194464158978,
        "receivedKBytesPerSec": 441.6584651126686,