{
  "Total" : {
    "transaction" : "Total",
    "sampleCount" : 5190,
    "errorCount" : 0,
    "errorPct" : 0.0,
    "meanResTime" : 311.58863198458675,
    "medianResTime" : 229.0,
    "minResTime" : 4.0,
    "maxResTime" : 1885.0,
    "pct1ResTime" : 688.0,
    "pct2ResTime" : 845.4499999999998,
    "pct3ResTime" : 1220.5400000000009,
    "throughput" : 31.7625458996328,
    "receivedKBytesPerSec" : 6064.389851638999,
    "sentKBytesPerSec" : 14.260669274020808
  },
  "HTTP Request" : {
    "transaction" : "HTTP Request",
    "sampleCount" : 5190,
    "errorCount" : 0,
    "errorPct" : 0.0,
    "meanResTime" : 311.58863198458675,
    "medianResTime" : 229.0,
    "minResTime" : 4.0,
    "maxResTime" : 1885.0,
    "pct1ResTime" : 688.0,
    "pct2ResTime" : 845.4499999999998,
    "pct3ResTime" : 1220.5400000000009,
    "throughput" : 31.7625458996328,
    "receivedKBytesPerSec" : 6064.389851638999,
    "sentKBytesPerSec" : 14.260669274020808
  }
}