{
  "Total" : {
    "transaction" : "Total",
    "sampleCount" : 30,
    "errorCount" : 0,
    "errorPct" : 0.0,
    "meanResTime" : 256.20000000000005,
    "medianResTime" : 177.5,
    "minResTime" : 61.0,
    "maxResTime" : 866.0,
    "pct1ResTime" : 825.4000000000001,
    "pct2ResTime" : 850.05,
    "pct3ResTime" : 866.0,
    "throughput" : 26.064291920069504,
    "receivedKBytesPerSec" : 706.5204849044309,
    "sentKBytesPerSec" : 10.63273783666377
  },
  "HTTP Request" : {
    "transaction" : "HTTP Request",
    "sampleCount" : 30,
    "errorCount" : 0,
    "errorPct" : 0.0,
    "meanResTime" : 256.20000000000005,
    "medianResTime" : 177.5,
    "minResTime" : 61.0,
    "maxResTime" : 866.0,
    "pct1ResTime" : 825.4000000000001,
    "pct2ResTime" : 850.05,
    "pct3ResTime" : 866.0,
    "throughput" : 26.064291920069504,
    "receivedKBytesPerSec" : 706.5204849044309,
    "sentKBytesPerSec" : 10.63273783666377
  }
}