{
  "Total" : {
    "transaction" : "Total",
    "sampleCount" : 30,
    "errorCount" : 0,
    "errorPct" : 0.0,
    "meanResTime" : 492.9,
    "medianResTime" : 540.5,
    "minResTime" : 274.0,
    "maxResTime" : 603.0,
    "pct1ResTime" : 596.1,
    "pct2ResTime" : 600.25,
    "pct3ResTime" : 603.0,
    "throughput" : 14.591439688715953,
    "receivedKBytesPerSec" : 395.4992628283074,
    "sentKBytesPerSec" : 5.966720877918288
  },
  "HTTP Request" : {
    "transaction" : "HTTP Request",
    "sampleCount" : 30,
    "errorCount" : 0,
    "errorPct" : 0.0,
    "meanResTime" : 492.9,
    "medianResTime" : 540.5,
    "minResTime" : 274.0,
    "maxResTime" : 603.0,
    "pct1ResTime" : 596.1,
    "pct2ResTime" : 600.25,
    "pct3ResTime" : 603.0,
    "throughput" : 14.591439688715953,
    "receivedKBytesPerSec" : 395.4992628283074,
    "sentKBytesPerSec" : 5.966720877918288
  }
}