{
  "Total" : {
    "transaction" : "Total",
    "sampleCount" : 22,
    "errorCount" : 0,
    "errorPct" : 0.0,
    "meanResTime" : 2658.0,
    "medianResTime" : 3011.0,
    "minResTime" : 307.0,
    "maxResTime" : 4120.0,
    "pct1ResTime" : 4055.3,
    "pct2ResTime" : 4112.95,
    "pct3ResTime" : 4120.0,
    "throughput" : 2.9641606036108863,
    "receivedKBytesPerSec" : 386.52796373955806,
    "sentKBytesPerSec" : 1.263136620856912
  },
  "HTTP Request" : {
    "transaction" : "HTTP Request",
    "sampleCount" : 22,
    "errorCount" : 0,
    "errorPct" : 0.0,
    "meanResTime" : 2658.0,
    "medianResTime" : 3011.0,
    "minResTime" : 307.0,
    "maxResTime" : 4120.0,
    "pct1ResTime" : 4055.3,
    "pct2ResTime" : 4112.95,
    "pct3ResTime" : 4120.0,
    "throughput" : 2.9641606036108863,
    "receivedKBytesPerSec" : 386.52796373955806,
    "sentKBytesPerSec" : 1.263136620856912
  }
}