{
  "Total" : {
    "transaction" : "Total",
    "sampleCount" : 20,
    "errorCount" : 0,
    "errorPct" : 0.0,
    "meanResTime" : 1486.6000000000001,
    "medianResTime" : 1159.0,
    "minResTime" : 242.0,
    "maxResTime" : 3184.0,
    "pct1ResTime" : 2839.7,
    "pct2ResTime" : 3166.7999999999997,
    "pct3ResTime" : 3184.0,
    "throughput" : 5.188067444876784,
    "receivedKBytesPerSec" : 1614.2529993514916,
    "sentKBytesPerSec" : 2.172503242542153
  },
  "HTTP Request" : {
    "transaction" : "HTTP Request",
    "sampleCount" : 20,
    "errorCount" : 0,
    "errorPct" : 0.0,
    "meanResTime" : 1486.6000000000001,
    "medianResTime" : 1159.0,
    "minResTime" : 242.0,
    "maxResTime" : 3184.0,
    "pct1ResTime" : 2839.7,
    "pct2ResTime" : 3166.7999999999997,
    "pct3ResTime" : 3184.0,
    "throughput" : 5.188067444876784,
    "receivedKBytesPerSec" : 1614.2529993514916,
    "sentKBytesPerSec" : 2.172503242542153
  }
}