{
  "Total" : {
    "transaction" : "Total",
    "sampleCount" : 22,
    "errorCount" : 0,
    "errorPct" : 0.0,
    "meanResTime" : 23240.5,
    "medianResTime" : 26565.5,
    "minResTime" : 3328.0,
    "maxResTime" : 31035.0,
    "pct1ResTime" : 30661.8,
    "pct2ResTime" : 30988.2,
    "pct3ResTime" : 31035.0,
    "throughput" : 0.3533058183044533,
    "receivedKBytesPerSec" : 46.317062864346624,
    "sentKBytesPerSec" : 0.14538107846601037
  },
  "HTTP Request" : {
    "transaction" : "HTTP Request",
    "sampleCount" : 22,
    "errorCount" : 0,
    "errorPct" : 0.0,
    "meanResTime" : 23240.5,
    "medianResTime" : 26565.5,
    "minResTime" : 3328.0,
    "maxResTime" : 31035.0,
    "pct1ResTime" : 30661.8,
    "pct2ResTime" : 30988.2,
    "pct3ResTime" : 31035.0,
    "throughput" : 0.3533058183044533,
    "receivedKBytesPerSec" : 46.317062864346624,
    "sentKBytesPerSec" : 0.14538107846601037
  }
}