{
  "Total" : {
    "transaction" : "Total",
    "sampleCount" : 20,
    "errorCount" : 0,
    "errorPct" : 0.0,
    "meanResTime" : 18984.8,
    "medianResTime" : 20181.5,
    "minResTime" : 2624.0,
    "maxResTime" : 26789.0,
    "pct1ResTime" : 26487.2,
    "pct2ResTime" : 26774.4,
    "pct3ResTime" : 26789.0,
    "throughput" : 0.4052602784138113,
    "receivedKBytesPerSec" : 197.36221071381533,
    "sentKBytesPerSec" : 0.1653493596887601
  },
  "HTTP Request" : {
    "transaction" : "HTTP Request",
    "sampleCount" : 20,
    "errorCount" : 0,
    "errorPct" : 0.0,
    "meanResTime" : 18984.8,
    "medianResTime" : 20181.5,
    "minResTime" : 2624.0,
    "maxResTime" : 26789.0,
    "pct1ResTime" : 26487.2,
    "pct2ResTime" : 26774.4,
    "pct3ResTime" : 26789.0,
    "throughput" : 0.4052602784138113,
    "receivedKBytesPerSec" : 197.36221071381533,
    "sentKBytesPerSec" : 0.1653493596887601
  }
}