{
  "Total" : {
    "transaction" : "Total",
    "sampleCount" : 22,
    "errorCount" : 0,
    "errorPct" : 0.0,
    "meanResTime" : 1980.0,
    "medianResTime" : 1973.5,
    "minResTime" : 20.0,
    "maxResTime" : 3156.0,
    "pct1ResTime" : 3079.7999999999997,
    "pct2ResTime" : 3153.75,
    "pct3ResTime" : 3156.0,
    "throughput" : 4.064289673009422,
    "receivedKBytesPerSec" : 529.9853217947533,
    "sentKBytesPerSec" : 1.7319416220210604
  },
  "HTTP Request" : {
    "transaction" : "HTTP Request",
    "sampleCount" : 22,
    "errorCount" : 0,
    "errorPct" : 0.0,
    "meanResTime" : 1980.0,
    "medianResTime" : 1973.5,
    "minResTime" : 20.0,
    "maxResTime" : 3156.0,
    "pct1ResTime" : 3079.7999999999997,
    "pct2ResTime" : 3153.75,
    "pct3ResTime" : 3156.0,
    "throughput" : 4.064289673009422,
    "receivedKBytesPerSec" : 529.9853217947533,
    "sentKBytesPerSec" : 1.7319416220210604
  }
}