{
  "Total" : {
    "transaction" : "Total",
    "sampleCount" : 20,
    "errorCount" : 0,
    "errorPct" : 0.0,
    "meanResTime" : 19562.050000000003,
    "medianResTime" : 20831.0,
    "minResTime" : 2618.0,
    "maxResTime" : 27891.0,
    "pct1ResTime" : 27791.6,
    "pct2ResTime" : 27886.5,
    "pct3ResTime" : 27891.0,
    "throughput" : 0.39197240514267795,
    "receivedKBytesPerSec" : 190.89125031847757,
    "sentKBytesPerSec" : 0.1599278035826278
  },
  "HTTP Request" : {
    "transaction" : "HTTP Request",
    "sampleCount" : 20,
    "errorCount" : 0,
    "errorPct" : 0.0,
    "meanResTime" : 19562.050000000003,
    "medianResTime" : 20831.0,
    "minResTime" : 2618.0,
    "maxResTime" : 27891.0,
    "pct1ResTime" : 27791.6,
    "pct2ResTime" : 27886.5,
    "pct3ResTime" : 27891.0,
    "throughput" : 0.39197240514267795,
    "receivedKBytesPerSec" : 190.89125031847757,
    "sentKBytesPerSec" : 0.1599278035826278
  }
}