{
  "Total" : {
    "transaction" : "Total",
    "sampleCount" : 30,
    "errorCount" : 0,
    "errorPct" : 0.0,
    "meanResTime" : 14309.633333333333,
    "medianResTime" : 16694.5,
    "minResTime" : 1955.0,
    "maxResTime" : 17227.0,
    "pct1ResTime" : 17189.5,
    "pct2ResTime" : 17211.05,
    "pct3ResTime" : 17227.0,
    "throughput" : 0.5898545025560362,
    "receivedKBytesPerSec" : 15.988513197994495,
    "sentKBytesPerSec" : 0.24120287308297286
  },
  "HTTP Request" : {
    "transaction" : "HTTP Request",
    "sampleCount" : 30,
    "errorCount" : 0,
    "errorPct" : 0.0,
    "meanResTime" : 14309.633333333333,
    "medianResTime" : 16694.5,
    "minResTime" : 1955.0,
    "maxResTime" : 17227.0,
    "pct1ResTime" : 17189.5,
    "pct2ResTime" : 17211.05,
    "pct3ResTime" : 17227.0,
    "throughput" : 0.5898545025560362,
    "receivedKBytesPerSec" : 15.988513197994495,
    "sentKBytesPerSec" : 0.24120287308297286
  }
}