{
  "Total" : {
    "transaction" : "Total",
    "sampleCount" : 30,
    "errorCount" : 0,
    "errorPct" : 0.0,
    "meanResTime" : 108.9,
    "medianResTime" : 103.0,
    "minResTime" : 63.0,
    "maxResTime" : 259.0,
    "pct1ResTime" : 119.80000000000001,
    "pct2ResTime" : 182.5499999999999,
    "pct3ResTime" : 259.0,
    "throughput" : 9.04977375565611,
    "receivedKBytesPerSec" : 245.30189479638008,
    "sentKBytesPerSec" : 3.6917892156862746
  },
  "HTTP Request" : {
    "transaction" : "HTTP Request",
    "sampleCount" : 30,
    "errorCount" : 0,
    "errorPct" : 0.0,
    "meanResTime" : 108.9,
    "medianResTime" : 103.0,
    "minResTime" : 63.0,
    "maxResTime" : 259.0,
    "pct1ResTime" : 119.80000000000001,
    "pct2ResTime" : 182.5499999999999,
    "pct3ResTime" : 259.0,
    "throughput" : 9.04977375565611,
    "receivedKBytesPerSec" : 245.30189479638008,
    "sentKBytesPerSec" : 3.6917892156862746
  }
}