{
  "Total" : {
    "transaction" : "Total",
    "sampleCount" : 735,
    "errorCount" : 0,
    "errorPct" : 0.0,
    "meanResTime" : 26081.507482993165,
    "medianResTime" : 27118.0,
    "minResTime" : 3150.0,
    "maxResTime" : 44955.0,
    "pct1ResTime" : 29905.0,
    "pct2ResTime" : 32232.199999999997,
    "pct3ResTime" : 43002.6,
    "throughput" : 0.38175948010072214,
    "receivedKBytesPerSec" : 70.71117094218889,
    "sentKBytesPerSec" : 0.16249378423499555
  },
  "HTTP Request" : {
    "transaction" : "HTTP Request",
    "sampleCount" : 735,
    "errorCount" : 0,
    "errorPct" : 0.0,
    "meanResTime" : 26081.507482993165,
    "medianResTime" : 27118.0,
    "minResTime" : 3150.0,
    "maxResTime" : 44955.0,
    "pct1ResTime" : 29905.0,
    "pct2ResTime" : 32232.199999999997,
    "pct3ResTime" : 43002.6,
    "throughput" : 0.38175948010072214,
    "receivedKBytesPerSec" : 70.71117094218889,
    "sentKBytesPerSec" : 0.16249378423499555
  }
}