{
  "Total" : {
    "transaction" : "Total",
    "sampleCount" : 5191,
    "errorCount" : 1,
    "errorPct" : 0.019264111,
    "meanResTime" : 989.7466769408591,
    "medianResTime" : 584.0,
    "minResTime" : 221.0,
    "maxResTime" : 90091.0,
    "pct1ResTime" : 2193.0,
    "pct2ResTime" : 2688.3999999999996,
    "pct3ResTime" : 5564.319999999996,
    "throughput" : 10.000404562696623,
    "receivedKBytesPerSec" : 3113.0488935992885,
    "sentKBytesPerSec" : 4.355375924835141
  },
  "HTTP Request" : {
    "transaction" : "HTTP Request",
    "sampleCount" : 5191,
    "errorCount" : 1,
    "errorPct" : 0.019264111,
    "meanResTime" : 989.7466769408591,
    "medianResTime" : 584.0,
    "minResTime" : 221.0,
    "maxResTime" : 90091.0,
    "pct1ResTime" : 2193.0,
    "pct2ResTime" : 2688.3999999999996,
    "pct3ResTime" : 5564.319999999996,
    "throughput" : 10.000404562696623,
    "receivedKBytesPerSec" : 3113.0488935992885,
    "sentKBytesPerSec" : 4.355375924835141
  }
}