{
  "Total" : {
    "transaction" : "Total",
    "sampleCount" : 30,
    "errorCount" : 0,
    "errorPct" : 0.0,
    "meanResTime" : 270.5666666666667,
    "medianResTime" : 186.5,
    "minResTime" : 76.0,
    "maxResTime" : 931.0,
    "pct1ResTime" : 885.0000000000001,
    "pct2ResTime" : 910.65,
    "pct3ResTime" : 931.0,
    "throughput" : 24.630541871921185,
    "receivedKBytesPerSec" : 667.6560575738916,
    "sentKBytesPerSec" : 10.047849958949097
  },
  "HTTP Request" : {
    "transaction" : "HTTP Request",
    "sampleCount" : 30,
    "errorCount" : 0,
    "errorPct" : 0.0,
    "meanResTime" : 270.5666666666667,
    "medianResTime" : 186.5,
    "minResTime" : 76.0,
    "maxResTime" : 931.0,
    "pct1ResTime" : 885.0000000000001,
    "pct2ResTime" : 910.65,
    "pct3ResTime" : 931.0,
    "throughput" : 24.630541871921185,
    "receivedKBytesPerSec" : 667.6560575738916,
    "sentKBytesPerSec" : 10.047849958949097
  }
}