{
  "Total" : {
    "transaction" : "Total",
    "sampleCount" : 5190,
    "errorCount" : 0,
    "errorPct" : 0.0,
    "meanResTime" : 649.6368015414255,
    "medianResTime" : 355.0,
    "minResTime" : 22.0,
    "maxResTime" : 21822.0,
    "pct1ResTime" : 1157.6000000000022,
    "pct2ResTime" : 1814.3999999999978,
    "pct3ResTime" : 8370.630000000001,
    "throughput" : 15.281920516346355,
    "receivedKBytesPerSec" : 4078.9005260659433,
    "sentKBytesPerSec" : 6.891086365302678
  },
  "HTTP Request" : {
    "transaction" : "HTTP Request",
    "sampleCount" : 5190,
    "errorCount" : 0,
    "errorPct" : 0.0,
    "meanResTime" : 649.6368015414255,
    "medianResTime" : 355.0,
    "minResTime" : 22.0,
    "maxResTime" : 21822.0,
    "pct1ResTime" : 1157.6000000000022,
    "pct2ResTime" : 1814.3999999999978,
    "pct3ResTime" : 8370.630000000001,
    "throughput" : 15.281920516346355,
    "receivedKBytesPerSec" : 4078.9005260659433,
    "sentKBytesPerSec" : 6.891086365302678
  }
}