{
  "Total" : {
    "transaction" : "Total",
    "sampleCount" : 18,
    "errorCount" : 18,
    "errorPct" : 100.0,
    "meanResTime" : 2.7777777777777777,
    "medianResTime" : 1.0,
    "minResTime" : 1.0,
    "maxResTime" : 25.0,
    "pct1ResTime" : 5.200000000000031,
    "pct2ResTime" : 25.0,
    "pct3ResTime" : 25.0,
    "throughput" : 391.304347826087,
    "receivedKBytesPerSec" : 168.5631793478261,
    "sentKBytesPerSec" : 151.32472826086956
  },
  "HTTP Request" : {
    "transaction" : "HTTP Request",
    "sampleCount" : 18,
    "errorCount" : 18,
    "errorPct" : 100.0,
    "meanResTime" : 2.7777777777777777,
    "medianResTime" : 1.0,
    "minResTime" : 1.0,
    "maxResTime" : 25.0,
    "pct1ResTime" : 5.200000000000031,
    "pct2ResTime" : 25.0,
    "pct3ResTime" : 25.0,
    "throughput" : 391.304347826087,
    "receivedKBytesPerSec" : 168.5631793478261,
    "sentKBytesPerSec" : 151.32472826086956
  }
}