{
  "Total" : {
    "transaction" : "Total",
    "sampleCount" : 735,
    "errorCount" : 0,
    "errorPct" : 0.0,
    "meanResTime" : 901.0938775510207,
    "medianResTime" : 553.0,
    "minResTime" : 216.0,
    "maxResTime" : 40515.0,
    "pct1ResTime" : 1281.1999999999998,
    "pct2ResTime" : 1621.7999999999984,
    "pct3ResTime" : 7167.879999999999,
    "throughput" : 10.88582473081651,
    "receivedKBytesPerSec" : 1905.0487466953746,
    "sentKBytesPerSec" : 4.792950641671233
  },
  "HTTP Request" : {
    "transaction" : "HTTP Request",
    "sampleCount" : 735,
    "errorCount" : 0,
    "errorPct" : 0.0,
    "meanResTime" : 901.0938775510207,
    "medianResTime" : 553.0,
    "minResTime" : 216.0,
    "maxResTime" : 40515.0,
    "pct1ResTime" : 1281.1999999999998,
    "pct2ResTime" : 1621.7999999999984,
    "pct3ResTime" : 7167.879999999999,
    "throughput" : 10.88582473081651,
    "receivedKBytesPerSec" : 1905.0487466953746,
    "sentKBytesPerSec" : 4.792950641671233
  }
}