{
  "Total" : {
    "transaction" : "Total",
    "sampleCount" : 735,
    "errorCount" : 0,
    "errorPct" : 0.0,
    "meanResTime" : 762.3170068027213,
    "medianResTime" : 675.0,
    "minResTime" : 8.0,
    "maxResTime" : 4734.0,
    "pct1ResTime" : 1383.1999999999998,
    "pct2ResTime" : 1613.6,
    "pct3ResTime" : 2939.079999999999,
    "throughput" : 12.943331102736591,
    "receivedKBytesPerSec" : 1893.963242342963,
    "sentKBytesPerSec" : 5.698855957014053
  },
  "HTTP Request" : {
    "transaction" : "HTTP Request",
    "sampleCount" : 735,
    "errorCount" : 0,
    "errorPct" : 0.0,
    "meanResTime" : 762.3170068027213,
    "medianResTime" : 675.0,
    "minResTime" : 8.0,
    "maxResTime" : 4734.0,
    "pct1ResTime" : 1383.1999999999998,
    "pct2ResTime" : 1613.6,
    "pct3ResTime" : 2939.079999999999,
    "throughput" : 12.943331102736591,
    "receivedKBytesPerSec" : 1893.963242342963,
    "sentKBytesPerSec" : 5.698855957014053
  }
}