{
  "Total" : {
    "transaction" : "Total",
    "sampleCount" : 30,
    "errorCount" : 0,
    "errorPct" : 0.0,
    "meanResTime" : 222.76666666666665,
    "medianResTime" : 219.5,
    "minResTime" : 142.0,
    "maxResTime" : 319.0,
    "pct1ResTime" : 298.6,
    "pct2ResTime" : 314.05,
    "pct3ResTime" : 319.0,
    "throughput" : 26.408450704225352,
    "receivedKBytesPerSec" : 715.7016807878522,
    "sentKBytesPerSec" : 10.773134903169016
  },
  "HTTP Request" : {
    "transaction" : "HTTP Request",
    "sampleCount" : 30,
    "errorCount" : 0,
    "errorPct" : 0.0,
    "meanResTime" : 222.76666666666665,
    "medianResTime" : 219.5,
    "minResTime" : 142.0,
    "maxResTime" : 319.0,
    "pct1ResTime" : 298.6,
    "pct2ResTime" : 314.05,
    "pct3ResTime" : 319.0,
    "throughput" : 26.408450704225352,
    "receivedKBytesPerSec" : 715.7016807878522,
    "sentKBytesPerSec" : 10.773134903169016
  }
}