{
  "Total" : {
    "transaction" : "Total",
    "sampleCount" : 5190,
    "errorCount" : 0,
    "errorPct" : 0.0,
    "meanResTime" : 344.7447013487492,
    "medianResTime" : 254.0,
    "minResTime" : 30.0,
    "maxResTime" : 1986.0,
    "pct1ResTime" : 735.9000000000005,
    "pct2ResTime" : 901.4499999999998,
    "pct3ResTime" : 1246.3600000000006,
    "throughput" : 28.790148111166584,
    "receivedKBytesPerSec" : 5496.714623160745,
    "sentKBytesPerSec" : 12.926129468990958
  },
  "HTTP Request" : {
    "transaction" : "HTTP Request",
    "sampleCount" : 5190,
    "errorCount" : 0,
    "errorPct" : 0.0,
    "meanResTime" : 344.7447013487492,
    "medianResTime" : 254.0,
    "minResTime" : 30.0,
    "maxResTime" : 1986.0,
    "pct1ResTime" : 735.9000000000005,
    "pct2ResTime" : 901.4499999999998,
    "pct3ResTime" : 1246.3600000000006,
    "throughput" : 28.790148111166584,
    "receivedKBytesPerSec" : 5496.714623160745,
    "sentKBytesPerSec" : 12.926129468990958
  }
}