{
  "Total" : {
    "transaction" : "Total",
    "sampleCount" : 735,
    "errorCount" : 0,
    "errorPct" : 0.0,
    "meanResTime" : 1114.5374149659876,
    "medianResTime" : 1011.0,
    "minResTime" : 208.0,
    "maxResTime" : 4250.0,
    "pct1ResTime" : 1883.9999999999995,
    "pct2ResTime" : 2159.5999999999985,
    "pct3ResTime" : 3505.4399999999955,
    "throughput" : 8.848172581499494,
    "receivedKBytesPerSec" : 1294.8502445850088,
    "sentKBytesPerSec" : 3.8957869983025954
  },
  "HTTP Request" : {
    "transaction" : "HTTP Request",
    "sampleCount" : 735,
    "errorCount" : 0,
    "errorPct" : 0.0,
    "meanResTime" : 1114.5374149659876,
    "medianResTime" : 1011.0,
    "minResTime" : 208.0,
    "maxResTime" : 4250.0,
    "pct1ResTime" : 1883.9999999999995,
    "pct2ResTime" : 2159.5999999999985,
    "pct3ResTime" : 3505.4399999999955,
    "throughput" : 8.848172581499494,
    "receivedKBytesPerSec" : 1294.8502445850088,
    "sentKBytesPerSec" : 3.8957869983025954
  }
}