{
  "Total" : {
    "transaction" : "Total",
    "sampleCount" : 5262,
    "errorCount" : 0,
    "errorPct" : 0.0,
    "meanResTime" : 171.51026225769618,
    "medianResTime" : 64.0,
    "minResTime" : 3.0,
    "maxResTime" : 38194.0,
    "pct1ResTime" : 347.0,
    "pct2ResTime" : 575.8499999999995,
    "pct3ResTime" : 991.7399999999998,
    "throughput" : 57.68029201881022,
    "receivedKBytesPerSec" : 359.0292257740307,
    "sentKBytesPerSec" : 29.27449136152126
  },
  "HTTP Request" : {
    "transaction" : "HTTP Request",
    "sampleCount" : 5262,
    "errorCount" : 0,
    "errorPct" : 0.0,
    "meanResTime" : 171.51026225769618,
    "medianResTime" : 64.0,
    "minResTime" : 3.0,
    "maxResTime" : 38194.0,
    "pct1ResTime" : 347.0,
    "pct2ResTime" : 575.8499999999995,
    "pct3ResTime" : 991.7399999999998,
    "throughput" : 57.68029201881022,
    "receivedKBytesPerSec" : 359.0292257740307,
    "sentKBytesPerSec" : 29.27449136152126
  }
}