{
  "Total" : {
    "transaction" : "Total",
    "sampleCount" : 30,
    "errorCount" : 0,
    "errorPct" : 0.0,
    "meanResTime" : 1569.9999999999998,
    "medianResTime" : 1710.5,
    "minResTime" : 928.0,
    "maxResTime" : 1833.0,
    "pct1ResTime" : 1824.8000000000002,
    "pct2ResTime" : 1831.35,
    "pct3ResTime" : 1833.0,
    "throughput" : 8.588605782994561,
    "receivedKBytesPerSec" : 232.80154058116233,
    "sentKBytesPerSec" : 3.5036591039221303
  },
  "HTTP Request" : {
    "transaction" : "HTTP Request",
    "sampleCount" : 30,
    "errorCount" : 0,
    "errorPct" : 0.0,
    "meanResTime" : 1569.9999999999998,
    "medianResTime" : 1710.5,
    "minResTime" : 928.0,
    "maxResTime" : 1833.0,
    "pct1ResTime" : 1824.8000000000002,
    "pct2ResTime" : 1831.35,
    "pct3ResTime" : 1833.0,
    "throughput" : 8.588605782994561,
    "receivedKBytesPerSec" : 232.80154058116233,
    "sentKBytesPerSec" : 3.5036591039221303
  }
}