{
  "Total" : {
    "transaction" : "Total",
    "sampleCount" : 735,
    "errorCount" : 0,
    "errorPct" : 0.0,
    "meanResTime" : 5292.38911564626,
    "medianResTime" : 5440.0,
    "minResTime" : 2347.0,
    "maxResTime" : 8768.0,
    "pct1ResTime" : 6608.0,
    "pct2ResTime" : 7698.199999999999,
    "pct3ResTime" : 8289.48,
    "throughput" : 2.2514657501516293,
    "receivedKBytesPerSec" : 329.49590404582267,
    "sentKBytesPerSec" : 0.9913042400307547
  },
  "HTTP Request" : {
    "transaction" : "HTTP Request",
    "sampleCount" : 735,
    "errorCount" : 0,
    "errorPct" : 0.0,
    "meanResTime" : 5292.38911564626,
    "medianResTime" : 5440.0,
    "minResTime" : 2347.0,
    "maxResTime" : 8768.0,
    "pct1ResTime" : 6608.0,
    "pct2ResTime" : 7698.199999999999,
    "pct3ResTime" : 8289.48,
    "throughput" : 2.2514657501516293,
    "receivedKBytesPerSec" : 329.49590404582267,
    "sentKBytesPerSec" : 0.9913042400307547
  }
}