{
  "Total" : {
    "transaction" : "Total",
    "sampleCount" : 22,
    "errorCount" : 0,
    "errorPct" : 0.0,
    "meanResTime" : 13799.681818181818,
    "medianResTime" : 4081.0,
    "minResTime" : 455.0,
    "maxResTime" : 62206.0,
    "pct1ResTime" : 61820.0,
    "pct2ResTime" : 62200.3,
    "pct3ResTime" : 62206.0,
    "throughput" : 0.3276930409914204,
    "receivedKBytesPerSec" : 39.81240620717648,
    "sentKBytesPerSec" : 0.14412209917183033
  },
  "HTTP Request" : {
    "transaction" : "HTTP Request",
    "sampleCount" : 22,
    "errorCount" : 0,
    "errorPct" : 0.0,
    "meanResTime" : 13799.681818181818,
    "medianResTime" : 4081.0,
    "minResTime" : 455.0,
    "maxResTime" : 62206.0,
    "pct1ResTime" : 61820.0,
    "pct2ResTime" : 62200.3,
    "pct3ResTime" : 62206.0,
    "throughput" : 0.3276930409914204,
    "receivedKBytesPerSec" : 39.81240620717648,
    "sentKBytesPerSec" : 0.14412209917183033
  }
}