{
  "Total" : {
    "transaction" : "Total",
    "sampleCount" : 735,
    "errorCount" : 0,
    "errorPct" : 0.0,
    "meanResTime" : 26244.80952380954,
    "medianResTime" : 27144.0,
    "minResTime" : 3161.0,
    "maxResTime" : 44762.0,
    "pct1ResTime" : 30070.8,
    "pct2ResTime" : 32272.799999999996,
    "pct3ResTime" : 43279.079999999994,
    "throughput" : 0.3793851895248394,
    "receivedKBytesPerSec" : 70.26998752642147,
    "sentKBytesPerSec" : 0.1614831807512343
  },
  "HTTP Request" : {
    "transaction" : "HTTP Request",
    "sampleCount" : 735,
    "errorCount" : 0,
    "errorPct" : 0.0,
    "meanResTime" : 26244.80952380954,
    "medianResTime" : 27144.0,
    "minResTime" : 3161.0,
    "maxResTime" : 44762.0,
    "pct1ResTime" : 30070.8,
    "pct2ResTime" : 32272.799999999996,
    "pct3ResTime" : 43279.079999999994,
    "throughput" : 0.3793851895248394,
    "receivedKBytesPerSec" : 70.26998752642147,
    "sentKBytesPerSec" : 0.1614831807512343
  }
}