{
  "Total" : {
    "transaction" : "Total",
    "sampleCount" : 30,
    "errorCount" : 0,
    "errorPct" : 0.0,
    "meanResTime" : 14156.066666666668,
    "medianResTime" : 16434.0,
    "minResTime" : 1935.0,
    "maxResTime" : 17013.0,
    "pct1ResTime" : 16965.6,
    "pct2ResTime" : 17003.65,
    "pct3ResTime" : 17013.0,
    "throughput" : 0.5979311581926534,
    "receivedKBytesPerSec" : 16.20743788990094,
    "sentKBytesPerSec" : 0.24450557321667032
  },
  "HTTP Request" : {
    "transaction" : "HTTP Request",
    "sampleCount" : 30,
    "errorCount" : 0,
    "errorPct" : 0.0,
    "meanResTime" : 14156.066666666668,
    "medianResTime" : 16434.0,
    "minResTime" : 1935.0,
    "maxResTime" : 17013.0,
    "pct1ResTime" : 16965.6,
    "pct2ResTime" : 17003.65,
    "pct3ResTime" : 17013.0,
    "throughput" : 0.5979311581926534,
    "receivedKBytesPerSec" : 16.20743788990094,
    "sentKBytesPerSec" : 0.24450557321667032
  }
}