{
  "Total" : {
    "transaction" : "Total",
    "sampleCount" : 735,
    "errorCount" : 0,
    "errorPct" : 0.0,
    "meanResTime" : 1053.3251700680264,
    "medianResTime" : 673.0,
    "minResTime" : 255.0,
    "maxResTime" : 53567.0,
    "pct1ResTime" : 1448.1999999999998,
    "pct2ResTime" : 2157.9999999999995,
    "pct3ResTime" : 8233.719999999998,
    "throughput" : 9.329187027987562,
    "receivedKBytesPerSec" : 1979.8454779026783,
    "sentKBytesPerSec" : 3.934474063114806
  },
  "HTTP Request" : {
    "transaction" : "HTTP Request",
    "sampleCount" : 735,
    "errorCount" : 0,
    "errorPct" : 0.0,
    "meanResTime" : 1053.3251700680264,
    "medianResTime" : 673.0,
    "minResTime" : 255.0,
    "maxResTime" : 53567.0,
    "pct1ResTime" : 1448.1999999999998,
    "pct2ResTime" : 2157.9999999999995,
    "pct3ResTime" : 8233.719999999998,
    "throughput" : 9.329187027987562,
    "receivedKBytesPerSec" : 1979.8454779026783,
    "sentKBytesPerSec" : 3.934474063114806
  }
}