{
  "Total" : {
    "transaction" : "Total",
    "sampleCount" : 20,
    "errorCount" : 0,
    "errorPct" : 0.0,
    "meanResTime" : 668.35,
    "medianResTime" : 462.5,
    "minResTime" : 188.0,
    "maxResTime" : 2251.0,
    "pct1ResTime" : 1405.3000000000002,
    "pct2ResTime" : 2209.3499999999995,
    "pct3ResTime" : 2251.0,
    "throughput" : 1.4898688915375446,
    "receivedKBytesPerSec" : 463.56761327659416,
    "sentKBytesPerSec" : 0.6238825983313468
  },
  "HTTP Request" : {
    "transaction" : "HTTP Request",
    "sampleCount" : 20,
    "errorCount" : 0,
    "errorPct" : 0.0,
    "meanResTime" : 668.35,
    "medianResTime" : 462.5,
    "minResTime" : 188.0,
    "maxResTime" : 2251.0,
    "pct1ResTime" : 1405.3000000000002,
    "pct2ResTime" : 2209.3499999999995,
    "pct3ResTime" : 2251.0,
    "throughput" : 1.4898688915375446,
    "receivedKBytesPerSec" : 463.56761327659416,
    "sentKBytesPerSec" : 0.6238825983313468
  }
}