{
  "Total" : {
    "transaction" : "Total",
    "sampleCount" : 20,
    "errorCount" : 0,
    "errorPct" : 0.0,
    "meanResTime" : 760.4499999999999,
    "medianResTime" : 545.0,
    "minResTime" : 212.0,
    "maxResTime" : 2545.0,
    "pct1ResTime" : 1642.6000000000004,
    "pct2ResTime" : 2500.5499999999993,
    "pct3ResTime" : 2545.0,
    "throughput" : 1.3098434737048923,
    "receivedKBytesPerSec" : 407.55415128282795,
    "sentKBytesPerSec" : 0.5484969546139237
  },
  "HTTP Request" : {
    "transaction" : "HTTP Request",
    "sampleCount" : 20,
    "errorCount" : 0,
    "errorPct" : 0.0,
    "meanResTime" : 760.4499999999999,
    "medianResTime" : 545.0,
    "minResTime" : 212.0,
    "maxResTime" : 2545.0,
    "pct1ResTime" : 1642.6000000000004,
    "pct2ResTime" : 2500.5499999999993,
    "pct3ResTime" : 2545.0,
    "throughput" : 1.3098434737048923,
    "receivedKBytesPerSec" : 407.55415128282795,
    "sentKBytesPerSec" : 0.5484969546139237
  }
}