{
  "Total" : {
    "transaction" : "Total",
    "sampleCount" : 5191,
    "errorCount" : 5191,
    "errorPct" : 100.0,
    "meanResTime" : 12.522250048160267,
    "medianResTime" : 11.0,
    "minResTime" : 6.0,
    "maxResTime" : 82.0,
    "pct1ResTime" : 19.0,
    "pct2ResTime" : 23.0,
    "pct3ResTime" : 32.07999999999993,
    "throughput" : 745.4049396898334,
    "receivedKBytesPerSec" : 195.08644905944857,
    "sentKBytesPerSec" : 324.63873918545374
  },
  "HTTP Request" : {
    "transaction" : "HTTP Request",
    "sampleCount" : 5191,
    "errorCount" : 5191,
    "errorPct" : 100.0,
    "meanResTime" : 12.522250048160267,
    "medianResTime" : 11.0,
    "minResTime" : 6.0,
    "maxResTime" : 82.0,
    "pct1ResTime" : 19.0,
    "pct2ResTime" : 23.0,
    "pct3ResTime" : 32.07999999999993,
    "throughput" : 745.4049396898334,
    "receivedKBytesPerSec" : 195.08644905944857,
    "sentKBytesPerSec" : 324.63873918545374
  }
}