{
  "Total" : {
    "transaction" : "Total",
    "sampleCount" : 30,
    "errorCount" : 0,
    "errorPct" : 0.0,
    "meanResTime" : 472.0666666666668,
    "medianResTime" : 466.5,
    "minResTime" : 221.0,
    "maxResTime" : 885.0,
    "pct1ResTime" : 737.6000000000001,
    "pct2ResTime" : 860.25,
    "pct3ResTime" : 885.0,
    "throughput" : 15.212981744421906,
    "receivedKBytesPerSec" : 412.3758002662272,
    "sentKBytesPerSec" : 6.206024974645031
  },
  "HTTP Request" : {
    "transaction" : "HTTP Request",
    "sampleCount" : 30,
    "errorCount" : 0,
    "errorPct" : 0.0,
    "meanResTime" : 472.0666666666668,
    "medianResTime" : 466.5,
    "minResTime" : 221.0,
    "maxResTime" : 885.0,
    "pct1ResTime" : 737.6000000000001,
    "pct2ResTime" : 860.25,
    "pct3ResTime" : 885.0,
    "throughput" : 15.212981744421906,
    "receivedKBytesPerSec" : 412.3758002662272,
    "sentKBytesPerSec" : 6.206024974645031
  }
}