{
  "Total" : {
    "transaction" : "Total",
    "sampleCount" : 20,
    "errorCount" : 0,
    "errorPct" : 0.0,
    "meanResTime" : 1655.1000000000001,
    "medianResTime" : 1078.0,
    "minResTime" : 525.0,
    "maxResTime" : 3415.0,
    "pct1ResTime" : 3277.9,
    "pct2ResTime" : 3408.15,
    "pct3ResTime" : 3415.0,
    "throughput" : 3.8424591738712777,
    "receivedKBytesPerSec" : 1195.1353866474544,
    "sentKBytesPerSec" : 1.6090297790585975
  },
  "HTTP Request" : {
    "transaction" : "HTTP Request",
    "sampleCount" : 20,
    "errorCount" : 0,
    "errorPct" : 0.0,
    "meanResTime" : 1655.1000000000001,
    "medianResTime" : 1078.0,
    "minResTime" : 525.0,
    "maxResTime" : 3415.0,
    "pct1ResTime" : 3277.9,
    "pct2ResTime" : 3408.15,
    "pct3ResTime" : 3415.0,
    "throughput" : 3.8424591738712777,
    "receivedKBytesPerSec" : 1195.1353866474544,
    "sentKBytesPerSec" : 1.6090297790585975
  }
}