{
  "Total" : {
    "transaction" : "Total",
    "sampleCount" : 30,
    "errorCount" : 0,
    "errorPct" : 0.0,
    "meanResTime" : 95.0,
    "medianResTime" : 92.5,
    "minResTime" : 53.0,
    "maxResTime" : 239.0,
    "pct1ResTime" : 102.7,
    "pct2ResTime" : 164.7499999999999,
    "pct3ResTime" : 239.0,
    "throughput" : 10.337698139214336,
    "receivedKBytesPerSec" : 280.222287431082,
    "sentKBytesPerSec" : 4.217188576843556
  },
  "HTTP Request" : {
    "transaction" : "HTTP Request",
    "sampleCount" : 30,
    "errorCount" : 0,
    "errorPct" : 0.0,
    "meanResTime" : 95.0,
    "medianResTime" : 92.5,
    "minResTime" : 53.0,
    "maxResTime" : 239.0,
    "pct1ResTime" : 102.7,
    "pct2ResTime" : 164.7499999999999,
    "pct3ResTime" : 239.0,
    "throughput" : 10.337698139214336,
    "receivedKBytesPerSec" : 280.222287431082,
    "sentKBytesPerSec" : 4.217188576843556
  }
}