{
  "qgis310-singlethread-multiinstance": {
    "somap310_lk": {
      "lk.txt": {
        "transaction": "Total",
        "sampleCount": 30,
        "errorCount": 0,
        "errorPct": 0.0,
        "meanResTime": 111.1,
        "medianResTime": 105.5,
        "minResTime": 66.0,
        "maxResTime": 270.0,
        "pct1ResTime": 121.60000000000001,
        "pct2ResTime": 195.7499999999999,
        "pct3ResTime": 270.0,
        "throughput": 8.860011813349086,
        "receivedKBytesPerSec": 240.1668866287655,
        "sentKBytesPerSec": 3.6143772150029534,
        "memMaxMB": 4038.4,
        "memAvgMB": 4030.5,
        "memMinMB": 4015.5,
        "cpuMax%": 29.5,
        "cpuAvg%": 20.1,
        "cpuMin%": 14.2,
        "dashboard": "results/details/compare-deployment-sequential/20201029-231102/qgis310-singlethread-multiinstance/somap310_lk/lk.txt/dashboard/index.html",
        "effective duration": 9.2
      }
    },
    "somap310_grundplanav_farbig": {
      "av_f_big.txt": {
        "transaction": "Total",
        "sampleCount": 735,
        "errorCount": 0,
        "errorPct": 0.0,
        "meanResTime": 717.2108843537424,
        "medianResTime": 708.0,
        "minResTime": 166.0,
        "maxResTime": 3420.0,
        "pct1ResTime": 1057.4,
        "pct2ResTime": 1244.1999999999985,
        "pct3ResTime": 2435.999999999998,
        "throughput": 1.3912786702783126,
        "receivedKBytesPerSec": 203.6087033619965,
        "sentKBytesPerSec": 0.6125700312422508,
        "memMaxMB": 5311.4,
        "memAvgMB": 4636.2,
        "memMinMB": 4046.1,
        "cpuMax%": 39.5,
        "cpuAvg%": 13.1,
        "cpuMin%": 12.1,
        "dashboard": "results/details/compare-deployment-sequential/20201029-231102/qgis310-singlethread-multiinstance/somap310_grundplanav_farbig/av_f_big.txt/dashboard/index.html",
        "effective duration": 533.8
      }
    },
    "somap310_grundplanav_sw": {
      "av_sw.txt": {
        "transaction": "Total",
        "sampleCount": 20,
        "errorCount": 0,
        "errorPct": 0.0,
        "meanResTime": 772.7500000000001,
        "medianResTime": 591.0,
        "minResTime": 201.0,
        "maxResTime": 2518.0,
        "pct1ResTime": 1591.7,
        "pct2ResTime": 2471.749999999999,
        "pct3ResTime": 2518.0,
        "throughput": 1.2887428313680005,
        "receivedKBytesPerSec": 400.99025539258326,
        "sentKBytesPerSec": 0.5396610606353502,
        "memMaxMB": 4621.1,
        "memAvgMB": 4423.8,
        "memMinMB": 4315.2,
        "cpuMax%": 36.7,
        "cpuAvg%": 16.6,
        "cpuMin%": 12.7,
        "dashboard": "results/details/compare-deployment-sequential/20201029-231102/qgis310-singlethread-multiinstance/somap310_grundplanav_sw/av_sw.txt/dashboard/index.html",
        "effective duration": 21.2
      }
    }
  },
  "qgis310-multithread-singleinstance": {
    "somap310_lk": {
      "lk.txt": {
        "transaction": "Total",
        "sampleCount": 30,
        "errorCount": 0,
        "errorPct": 0.0,
        "meanResTime": 82.83333333333336,
        "medianResTime": 77.5,
        "minResTime": 52.0,
        "maxResTime": 248.0,
        "pct1ResTime": 89.60000000000001,
        "pct2ResTime": 164.94999999999987,
        "pct3ResTime": 248.0,
        "throughput": 11.829652996845425,
        "receivedKBytesPerSec": 320.66446298304413,
        "sentKBytesPerSec": 4.825820682176656,
        "memMaxMB": 3773.6,
        "memAvgMB": 3763.0,
        "memMinMB": 3752.4,
        "cpuMax%": 30.8,
        "cpuAvg%": 25.5,
        "cpuMin%": 20.2,
        "dashboard": "results/details/compare-deployment-sequential/20201029-231102/qgis310-multithread-singleinstance/somap310_lk/lk.txt/dashboard/index.html",
        "effective duration": 8.1
      }
    },
    "somap310_grundplanav_farbig": {
      "av_f_big.txt": {
        "transaction": "Total",
        "sampleCount": 735,
        "errorCount": 0,
        "errorPct": 0.0,
        "meanResTime": 468.87755102040853,
        "medianResTime": 412.0,
        "minResTime": 172.0,
        "maxResTime": 2778.0,
        "pct1ResTime": 705.1999999999999,
        "pct2ResTime": 842.3999999999999,
        "pct3ResTime": 1294.0,
        "throughput": 2.1256843402136094,
        "receivedKBytesPerSec": 311.08634817643036,
        "sentKBytesPerSec": 0.9359235863476115,
        "memMaxMB": 4768.1,
        "memAvgMB": 4187.3,
        "memMinMB": 3766.5,
        "cpuMax%": 44.6,
        "cpuAvg%": 19.8,
        "cpuMin%": 12.6,
        "dashboard": "results/details/compare-deployment-sequential/20201029-231102/qgis310-multithread-singleinstance/somap310_grundplanav_farbig/av_f_big.txt/dashboard/index.html",
        "effective duration": 351.3
      }
    },
    "somap310_grundplanav_sw": {
      "av_sw.txt": {
        "transaction": "Total",
        "sampleCount": 20,
        "errorCount": 0,
        "errorPct": 0.0,
        "meanResTime": 635.9000000000001,
        "medianResTime": 406.0,
        "minResTime": 204.0,
        "maxResTime": 2554.0,
        "pct1ResTime": 1301.3000000000004,
        "pct2ResTime": 2492.3499999999995,
        "pct3ResTime": 2554.0,
        "throughput": 1.5655577299412917,
        "receivedKBytesPerSec": 487.11946550880623,
        "sentKBytesPerSec": 0.6555772994129159,
        "memMaxMB": 4086.2,
        "memAvgMB": 3884.4,
        "memMinMB": 3831.6,
        "cpuMax%": 33.6,
        "cpuAvg%": 19.8,
        "cpuMin%": 13.2,
        "dashboard": "results/details/compare-deployment-sequential/20201029-231102/qgis310-multithread-singleinstance/somap310_grundplanav_sw/av_sw.txt/dashboard/index.html",
        "effective duration": 18.6
      }
    }
  },
  "qgis310-balanced": {
    "somap310_lk": {
      "lk.txt": {
        "transaction": "Total",
        "sampleCount": 30,
        "errorCount": 0,
        "errorPct": 0.0,
        "meanResTime": 95.0,
        "medianResTime": 92.5,
        "minResTime": 53.0,
        "maxResTime": 239.0,
        "pct1ResTime": 102.7,
        "pct2ResTime": 164.7499999999999,
        "pct3ResTime": 239.0,
        "throughput": 10.337698139214336,
        "receivedKBytesPerSec": 280.222287431082,
        "sentKBytesPerSec": 4.217188576843556,
        "memMaxMB": 3880.6,
        "memAvgMB": 3871.0,
        "memMinMB": 3861.4,
        "cpuMax%": 33.0,
        "cpuAvg%": 25.9,
        "cpuMin%": 18.7,
        "dashboard": "results/details/compare-deployment-sequential/20201029-231102/qgis310-balanced/somap310_lk/lk.txt/dashboard/index.html",
        "effective duration": 8.5
      }
    },
    "somap310_grundplanav_farbig": {
      "av_f_big.txt": {
        "transaction": "Total",
        "sampleCount": 735,
        "errorCount": 0,
        "errorPct": 0.0,
        "meanResTime": 567.2367346938777,
        "medianResTime": 540.0,
        "minResTime": 180.0,
        "maxResTime": 3111.0,
        "pct1ResTime": 799.0,
        "pct2ResTime": 986.9999999999993,
        "pct3ResTime": 1768.9599999999987,
        "throughput": 1.7580115095937199,
        "receivedKBytesPerSec": 257.2814854105973,
        "sentKBytesPerSec": 0.7740398730763527,
        "memMaxMB": 4892.8,
        "memAvgMB": 4383.8,
        "memMinMB": 3848.0,
        "cpuMax%": 34.8,
        "cpuAvg%": 16.5,
        "cpuMin%": 12.2,
        "dashboard": "results/details/compare-deployment-sequential/20201029-231102/qgis310-balanced/somap310_grundplanav_farbig/av_f_big.txt/dashboard/index.html",
        "effective duration": 423.5
      }
    },
    "somap310_grundplanav_sw": {
      "av_sw.txt": {
        "transaction": "Total",
        "sampleCount": 20,
        "errorCount": 0,
        "errorPct": 0.0,
        "meanResTime": 681.8,
        "medianResTime": 464.5,
        "minResTime": 199.0,
        "maxResTime": 2441.0,
        "pct1ResTime": 1399.0000000000002,
        "pct2ResTime": 2389.249999999999,
        "pct3ResTime": 2441.0,
        "throughput": 1.4604936468526362,
        "receivedKBytesPerSec": 454.4299596310428,