{
  "Total" : {
    "transaction" : "Total",
    "sampleCount" : 20,
    "errorCount" : 0,
    "errorPct" : 0.0,
    "meanResTime" : 636.5499999999998,
    "medianResTime" : 388.0,
    "minResTime" : 213.0,
    "maxResTime" : 2475.0,
    "pct1ResTime" : 1207.1000000000001,
    "pct2ResTime" : 2411.699999999999,
    "pct3ResTime" : 2475.0,
    "throughput" : 1.563966218329684,
    "receivedKBytesPerSec" : 486.6237359976149,
    "sentKBytesPerSec" : 0.6549108539255551
  },
  "HTTP Request" : {
    "transaction" : "HTTP Request",
    "sampleCount" : 20,
    "errorCount" : 0,
    "errorPct" : 0.0,
    "meanResTime" : 636.5499999999998,
    "medianResTime" : 388.0,
    "minResTime" : 213.0,
    "maxResTime" : 2475.0,
    "pct1ResTime" : 1207.1000000000001,
    "pct2ResTime" : 2411.699999999999,
    "pct3ResTime" : 2475.0,
    "throughput" : 1.563966218329684,
    "receivedKBytesPerSec" : 486.6237359976149,
    "sentKBytesPerSec" : 0.6549108539255551
  }
}