{
  "Total" : {
    "transaction" : "Total",
    "sampleCount" : 20,
    "errorCount" : 0,
    "errorPct" : 0.0,
    "meanResTime" : 3533.1,
    "medianResTime" : 3588.0,
    "minResTime" : 2119.0,
    "maxResTime" : 5300.0,
    "pct1ResTime" : 4759.400000000001,
    "pct2ResTime" : 5274.299999999999,
    "pct3ResTime" : 5300.0,
    "throughput" : 1.9127773527161438,
    "receivedKBytesPerSec" : 595.2160579153118,
    "sentKBytesPerSec" : 0.8009755164498853
  },
  "HTTP Request" : {
    "transaction" : "HTTP Request",
    "sampleCount" : 20,
    "errorCount" : 0,
    "errorPct" : 0.0,
    "meanResTime" : 3533.1,
    "medianResTime" : 3588.0,
    "minResTime" : 2119.0,
    "maxResTime" : 5300.0,
    "pct1ResTime" : 4759.400000000001,
    "pct2ResTime" : 5274.299999999999,
    "pct3ResTime" : 5300.0,
    "throughput" : 1.9127773527161438,
    "receivedKBytesPerSec" : 595.2160579153118,
    "sentKBytesPerSec" : 0.8009755164498853
  }
}