{
  "Total" : {
    "transaction" : "Total",
    "sampleCount" : 735,
    "errorCount" : 0,
    "errorPct" : 0.0,
    "meanResTime" : 837.8095238095236,
    "medianResTime" : 756.0,
    "minResTime" : 181.0,
    "maxResTime" : 3439.0,
    "pct1ResTime" : 1307.1999999999998,
    "pct2ResTime" : 1574.3999999999987,
    "pct3ResTime" : 2970.72,
    "throughput" : 11.741964342769506,
    "receivedKBytesPerSec" : 1718.3654812458064,
    "sentKBytesPerSec" : 5.169902779330948
  },
  "HTTP Request" : {
    "transaction" : "HTTP Request",
    "sampleCount" : 735,
    "errorCount" : 0,
    "errorPct" : 0.0,
    "meanResTime" : 837.8095238095236,
    "medianResTime" : 756.0,
    "minResTime" : 181.0,
    "maxResTime" : 3439.0,
    "pct1ResTime" : 1307.1999999999998,
    "pct2ResTime" : 1574.3999999999987,
    "pct3ResTime" : 2970.72,
    "throughput" : 11.741964342769506,
    "receivedKBytesPerSec" : 1718.3654812458064,
    "sentKBytesPerSec" : 5.169902779330948
  }
}