{
  "Total" : {
    "transaction" : "Total",
    "sampleCount" : 5190,
    "errorCount" : 0,
    "errorPct" : 0.0,
    "meanResTime" : 716.2784200385349,
    "medianResTime" : 536.0,
    "minResTime" : 5.0,
    "maxResTime" : 6329.0,
    "pct1ResTime" : 1571.0,
    "pct2ResTime" : 2022.7999999999993,
    "pct3ResTime" : 3042.09,
    "throughput" : 13.836974314949797,
    "receivedKBytesPerSec" : 3745.2805918730774,
    "sentKBytesPerSec" : 6.026390562596979
  },
  "HTTP Request" : {
    "transaction" : "HTTP Request",
    "sampleCount" : 5190,
    "errorCount" : 0,
    "errorPct" : 0.0,
    "meanResTime" : 716.2784200385349,
    "medianResTime" : 536.0,
    "minResTime" : 5.0,
    "maxResTime" : 6329.0,
    "pct1ResTime" : 1571.0,
    "pct2ResTime" : 2022.7999999999993,
    "pct3ResTime" : 3042.09,
    "throughput" : 13.836974314949797,
    "receivedKBytesPerSec" : 3745.2805918730774,
    "sentKBytesPerSec" : 6.026390562596979
  }
}