{
  "Total" : {
    "transaction" : "Total",
    "sampleCount" : 735,
    "errorCount" : 0,
    "errorPct" : 0.0,
    "meanResTime" : 27115.89795918366,
    "medianResTime" : 28079.0,
    "minResTime" : 3300.0,
    "maxResTime" : 46322.0,
    "pct1ResTime" : 31001.4,
    "pct2ResTime" : 33301.19999999999,
    "pct3ResTime" : 44576.759999999995,
    "throughput" : 0.3671913756487672,
    "receivedKBytesPerSec" : 68.01244686653368,
    "sentKBytesPerSec" : 0.15629295217994277
  },
  "HTTP Request" : {
    "transaction" : "HTTP Request",
    "sampleCount" : 735,
    "errorCount" : 0,
    "errorPct" : 0.0,
    "meanResTime" : 27115.89795918366,
    "medianResTime" : 28079.0,
    "minResTime" : 3300.0,
    "maxResTime" : 46322.0,
    "pct1ResTime" : 31001.4,
    "pct2ResTime" : 33301.19999999999,
    "pct3ResTime" : 44576.759999999995,
    "throughput" : 0.3671913756487672,
    "receivedKBytesPerSec" : 68.01244686653368,
    "sentKBytesPerSec" : 0.15629295217994277
  }
}