{
  "Total" : {
    "transaction" : "Total",
    "sampleCount" : 30,
    "errorCount" : 0,
    "errorPct" : 0.0,
    "meanResTime" : 515.7666666666667,
    "medianResTime" : 154.0,
    "minResTime" : 119.0,
    "maxResTime" : 2090.0,
    "pct1ResTime" : 1176.8,
    "pct2ResTime" : 2076.8,
    "pct3ResTime" : 2090.0,
    "throughput" : 11.560693641618496,
    "receivedKBytesPerSec" : 313.76144026974947,
    "sentKBytesPerSec" : 4.716100674373795
  },
  "HTTP Request" : {
    "transaction" : "HTTP Request",
    "sampleCount" : 30,
    "errorCount" : 0,
    "errorPct" : 0.0,
    "meanResTime" : 515.7666666666667,
    "medianResTime" : 154.0,
    "minResTime" : 119.0,
    "maxResTime" : 2090.0,
    "pct1ResTime" : 1176.8,
    "pct2ResTime" : 2076.8,
    "pct3ResTime" : 2090.0,
    "throughput" : 11.560693641618496,
    "receivedKBytesPerSec" : 313.76144026974947,
    "sentKBytesPerSec" : 4.716100674373795
  }
}