{
  "Total" : {
    "transaction" : "Total",
    "sampleCount" : 30,
    "errorCount" : 0,
    "errorPct" : 0.0,
    "meanResTime" : 262.16666666666663,
    "medianResTime" : 180.0,
    "minResTime" : 57.0,
    "maxResTime" : 892.0,
    "pct1ResTime" : 874.1000000000001,
    "pct2ResTime" : 889.8,
    "pct3ResTime" : 892.0,
    "throughput" : 24.54991816693944,
    "receivedKBytesPerSec" : 665.4706040302782,
    "sentKBytesPerSec" : 10.01496010638298
  },
  "HTTP Request" : {
    "transaction" : "HTTP Request",
    "sampleCount" : 30,
    "errorCount" : 0,
    "errorPct" : 0.0,
    "meanResTime" : 262.16666666666663,
    "medianResTime" : 180.0,
    "minResTime" : 57.0,
    "maxResTime" : 892.0,
    "pct1ResTime" : 874.1000000000001,
    "pct2ResTime" : 889.8,
    "pct3ResTime" : 892.0,
    "throughput" : 24.54991816693944,
    "receivedKBytesPerSec" : 665.4706040302782,
    "sentKBytesPerSec" : 10.01496010638298
  }
}