{
  "Total" : {
    "transaction" : "Total",
    "sampleCount" : 735,
    "errorCount" : 0,
    "errorPct" : 0.0,
    "meanResTime" : 469.6326530612243,
    "medianResTime" : 398.0,
    "minResTime" : 188.0,
    "maxResTime" : 2906.0,
    "pct1ResTime" : 696.4,
    "pct2ResTime" : 841.3999999999995,
    "pct3ResTime" : 1615.7599999999998,
    "throughput" : 2.1227436823104693,
    "receivedKBytesPerSec" : 310.6549469765343,
    "sentKBytesPerSec" : 0.9346288357400722
  },
  "HTTP Request" : {
    "transaction" : "HTTP Request",
    "sampleCount" : 735,
    "errorCount" : 0,
    "errorPct" : 0.0,
    "meanResTime" : 469.6326530612243,
    "medianResTime" : 398.0,
    "minResTime" : 188.0,
    "maxResTime" : 2906.0,
    "pct1ResTime" : 696.4,
    "pct2ResTime" : 841.3999999999995,
    "pct3ResTime" : 1615.7599999999998,
    "throughput" : 2.1227436823104693,
    "receivedKBytesPerSec" : 310.6549469765343,
    "sentKBytesPerSec" : 0.9346288357400722
  }
}