{
  "qgis218-bigfile": {
    "somap218": {
      "lk_big.txt": {
        "transaction": "Total",
        "sampleCount": 5262,
        "errorCount": 0,
        "errorPct": 0.0,
        "meanResTime": 293.02793614595134,
        "medianResTime": 134.0,
        "minResTime": 7.0,
        "maxResTime": 36180.0,
        "pct1ResTime": 623.6999999999998,
        "pct2ResTime": 892.8499999999995,
        "pct3ResTime": 1770.7399999999998,
        "throughput": 33.93787730251277,
        "receivedKBytesPerSec": 1727.7209681135034,
        "sentKBytesPerSec": 17.091928537856017,
        "memMaxMB": 8267.0,
        "memAvgMB": 7326.2,
        "memMinMB": 2951.4,
        "cpuMax%": 99.9,
        "cpuAvg%": 97.1,
        "cpuMin%": 10.9,
        "dashboard": "results/details/compare-filesize218/20201028-061748/qgis218-bigfile/somap218/lk_big.txt/dashboard/index.html"
      },
      "av_f_big.txt": {
        "transaction": "Total",
        "sampleCount": 735,
        "errorCount": 0,
        "errorPct": 0.0,
        "meanResTime": 1065.1428571428582,
        "medianResTime": 701.0,
        "minResTime": 255.0,
        "maxResTime": 33285.0,
        "pct1ResTime": 1466.6,
        "pct2ResTime": 2112.199999999998,
        "pct3ResTime": 8142.84,
        "throughput": 9.165959994014067,
        "receivedKBytesPerSec": 1945.093069372911,
        "sentKBytesPerSec": 3.8656349960405545,
        "memMaxMB": 8021.7,
        "memAvgMB": 7629.7,
        "memMinMB": 6738.3,
        "cpuMax%": 99.9,
        "cpuAvg%": 96.5,
        "cpuMin%": 31.2,
        "dashboard": "results/details/compare-filesize218/20201028-061748/qgis218-bigfile/somap218/av_f_big.txt/dashboard/index.html"
      },
      "av_sw_big.txt": {
        "transaction": "Total",
        "sampleCount": 5190,
        "errorCount": 6,
        "errorPct": 0.115606934,
        "meanResTime": 1276.0780346820832,
        "medianResTime": 771.0,
        "minResTime": 269.0,
        "maxResTime": 64070.0,
        "pct1ResTime": 1904.9000000000005,
        "pct2ResTime": 2510.2499999999955,
        "pct3ResTime": 7149.250000000004,
        "throughput": 7.771857788479681,
        "receivedKBytesPerSec": 4235.879010429302,
        "sentKBytesPerSec": 3.271016562555219,
        "memMaxMB": 8724.6,
        "memAvgMB": 8485.3,
        "memMinMB": 7346.4,
        "cpuMax%": 99.9,
        "cpuAvg%": 98.3,
        "cpuMin%": 13.4,
        "dashboard": "results/details/compare-filesize218/20201028-061748/qgis218-bigfile/somap218/av_sw_big.txt/dashboard/index.html"
      }
    }
  },
  "qgis218-smallfile": {
    "somap218_lk": {
      "lk_big.txt": {
        "transaction": "Total",
        "sampleCount": 5262,
        "errorCount": 0,
        "errorPct": 0.0,
        "meanResTime": 274.8215507411623,
        "medianResTime": 131.0,
        "minResTime": 5.0,
        "maxResTime": 39052.0,
        "pct1ResTime": 597.0,
        "pct2ResTime": 858.6999999999989,
        "pct3ResTime": 1685.4799999999996,
        "throughput": 36.028017226623206,
        "receivedKBytesPerSec": 1834.1493274273723,
        "sentKBytesPerSec": 18.25012393831349,
        "memMaxMB": 4614.3,
        "memAvgMB": 3675.0,
        "memMinMB": 2350.0,
        "cpuMax%": 99.6,
        "cpuAvg%": 96.1,
        "cpuMin%": 9.0,
        "dashboard": "results/details/compare-filesize218/20201028-061748/qgis218-smallfile/somap218_lk/lk_big.txt/dashboard/index.html"
      }
    },
    "somap218_grundplanav_farbig": {
      "av_f_big.txt": {
        "transaction": "Total",
        "sampleCount": 735,
        "errorCount": 0,
        "errorPct": 0.0,
        "meanResTime": 901.0938775510207,
        "medianResTime": 553.0,
        "minResTime": 216.0,
        "maxResTime": 40515.0,
        "pct1ResTime": 1281.1999999999998,
        "pct2ResTime": 1621.7999999999984,
        "pct3ResTime": 7167.879999999999,
        "throughput": 10.88582473081651,
        "receivedKBytesPerSec": 1905.0487466953746,
        "sentKBytesPerSec": 4.792950641671233,
        "memMaxMB": 3911.5,
        "memAvgMB": 3489.7,
        "memMinMB": 2988.9,
        "cpuMax%": 99.0,
        "cpuAvg%": 95.0,
        "cpuMin%": 25.4,
        "dashboard": "results/details/compare-filesize218/20201028-061748/qgis218-smallfile/somap218_grundplanav_farbig/av_f_big.txt/dashboard/index.html"
      }
    },
    "somap218_grundplanav_sw": {
      "av_sw_big.txt": {
        "transaction": "Total",
        "sampleCount": 5190,
        "errorCount": 7,
        "errorPct": 0.13487476,
        "meanResTime": 982.8321772639671,
        "medianResTime": 475.0,
        "minResTime": 217.0,
        "maxResTime": 64066.0,
        "pct1ResTime": 1775.9000000000005,
        "pct2ResTime": 2257.0499999999984,
        "pct3ResTime": 5860.490000000009,
        "throughput": 10.079294332873065,
        "receivedKBytesPerSec": 3133.620897882571,
        "sentKBytesPerSec": 4.389815494536013,
        "memMaxMB": 7085.0,
        "memAvgMB": 6118.4,
        "memMinMB": 3243.6,
        "cpuMax%": 99.8,
        "cpuAvg%": 97.7,
        "cpuMin%": 13.4,
        "dashboard": "results/details/compare-filesize218/20201028-061748/qgis218-smallfile/somap218_grundplanav_sw/av_sw_big.txt/dashboard/index.html"
      }
    }
  }
}