{
  "Total" : {
    "transaction" : "Total",
    "sampleCount" : 20,
    "errorCount" : 0,
    "errorPct" : 0.0,
    "meanResTime" : 747.4499999999999,
    "medianResTime" : 535.5,
    "minResTime" : 199.0,
    "maxResTime" : 2357.0,
    "pct1ResTime" : 1622.4,
    "pct2ResTime" : 2320.5499999999993,
    "pct3ResTime" : 2357.0,
    "throughput" : 1.3327114013460386,
    "receivedKBytesPerSec" : 414.67002898647297,
    "sentKBytesPerSec" : 0.5580728993136537
  },
  "HTTP Request" : {
    "transaction" : "HTTP Request",
    "sampleCount" : 20,
    "errorCount" : 0,
    "errorPct" : 0.0,
    "meanResTime" : 747.4499999999999,
    "medianResTime" : 535.5,
    "minResTime" : 199.0,
    "maxResTime" : 2357.0,
    "pct1ResTime" : 1622.4,
    "pct2ResTime" : 2320.5499999999993,
    "pct3ResTime" : 2357.0,
    "throughput" : 1.3327114013460386,
    "receivedKBytesPerSec" : 414.67002898647297,
    "sentKBytesPerSec" : 0.5580728993136537
  }
}