{
  "Total" : {
    "transaction" : "Total",
    "sampleCount" : 22,
    "errorCount" : 0,
    "errorPct" : 0.0,
    "meanResTime" : 7654.772727272728,
    "medianResTime" : 8010.0,
    "minResTime" : 2715.0,
    "maxResTime" : 11530.0,
    "pct1ResTime" : 11327.9,
    "pct2ResTime" : 11506.3,
    "pct3ResTime" : 11530.0,
    "throughput" : 1.6206261510128914,
    "receivedKBytesPerSec" : 211.31560773480663,
    "sentKBytesPerSec" : 0.6906077348066298
  },
  "HTTP Request" : {
    "transaction" : "HTTP Request",
    "sampleCount" : 22,
    "errorCount" : 0,
    "errorPct" : 0.0,
    "meanResTime" : 7654.772727272728,
    "medianResTime" : 8010.0,
    "minResTime" : 2715.0,
    "maxResTime" : 11530.0,
    "pct1ResTime" : 11327.9,
    "pct2ResTime" : 11506.3,
    "pct3ResTime" : 11530.0,
    "throughput" : 1.6206261510128914,
    "receivedKBytesPerSec" : 211.31560773480663,
    "sentKBytesPerSec" : 0.6906077348066298
  }
}