{
  "Total" : {
    "transaction" : "Total",
    "sampleCount" : 20,
    "errorCount" : 0,
    "errorPct" : 0.0,
    "meanResTime" : 3205.100000000001,
    "medianResTime" : 3278.5,
    "minResTime" : 1639.0,
    "maxResTime" : 4723.0,
    "pct1ResTime" : 4307.7,
    "pct2ResTime" : 4702.4,
    "pct3ResTime" : 4723.0,
    "throughput" : 2.398369109005876,
    "receivedKBytesPerSec" : 746.2486837075788,
    "sentKBytesPerSec" : 1.0043170643962105
  },
  "HTTP Request" : {
    "transaction" : "HTTP Request",
    "sampleCount" : 20,
    "errorCount" : 0,
    "errorPct" : 0.0,
    "meanResTime" : 3205.100000000001,
    "medianResTime" : 3278.5,
    "minResTime" : 1639.0,
    "maxResTime" : 4723.0,
    "pct1ResTime" : 4307.7,
    "pct2ResTime" : 4702.4,
    "pct3ResTime" : 4723.0,
    "throughput" : 2.398369109005876,
    "receivedKBytesPerSec" : 746.2486837075788,
    "sentKBytesPerSec" : 1.0043170643962105
  }
}