{
  "Total" : {
    "transaction" : "Total",
    "sampleCount" : 5190,
    "errorCount" : 0,
    "errorPct" : 0.0,
    "meanResTime" : 1226.8146435452725,
    "medianResTime" : 1112.0,
    "minResTime" : 199.0,
    "maxResTime" : 8939.0,
    "pct1ResTime" : 2121.9000000000005,
    "pct2ResTime" : 2564.8999999999996,
    "pct3ResTime" : 3519.4500000000007,
    "throughput" : 9.733427854482441,
    "receivedKBytesPerSec" : 2634.354384303253,
    "sentKBytesPerSec" : 4.239180938610014
  },
  "HTTP Request" : {
    "transaction" : "HTTP Request",
    "sampleCount" : 5190,
    "errorCount" : 0,
    "errorPct" : 0.0,
    "meanResTime" : 1226.8146435452725,
    "medianResTime" : 1112.0,
    "minResTime" : 199.0,
    "maxResTime" : 8939.0,
    "pct1ResTime" : 2121.9000000000005,
    "pct2ResTime" : 2564.8999999999996,
    "pct3ResTime" : 3519.4500000000007,
    "throughput" : 9.733427854482441,
    "receivedKBytesPerSec" : 2634.354384303253,
    "sentKBytesPerSec" : 4.239180938610014
  }
}