{
  "Total" : {
    "transaction" : "Total",
    "sampleCount" : 30,
    "errorCount" : 0,
    "errorPct" : 0.0,
    "meanResTime" : 115.19999999999999,
    "medianResTime" : 118.5,
    "minResTime" : 73.0,
    "maxResTime" : 175.0,
    "pct1ResTime" : 155.8,
    "pct2ResTime" : 164.54999999999998,
    "pct3ResTime" : 175.0,
    "throughput" : 38.16793893129771,
    "receivedKBytesPerSec" : 1034.5375119274809,
    "sentKBytesPerSec" : 15.57033237913486
  },
  "HTTP Request" : {
    "transaction" : "HTTP Request",
    "sampleCount" : 30,
    "errorCount" : 0,
    "errorPct" : 0.0,
    "meanResTime" : 115.19999999999999,
    "medianResTime" : 118.5,
    "minResTime" : 73.0,
    "maxResTime" : 175.0,
    "pct1ResTime" : 155.8,
    "pct2ResTime" : 164.54999999999998,
    "pct3ResTime" : 175.0,
    "throughput" : 38.16793893129771,
    "receivedKBytesPerSec" : 1034.5375119274809,
    "sentKBytesPerSec" : 15.57033237913486
  }
}