{
  "Total" : {
    "transaction" : "Total",
    "sampleCount" : 198,
    "errorCount" : 0,
    "errorPct" : 0.0,
    "meanResTime" : 126.31313131313135,
    "medianResTime" : 126.5,
    "minResTime" : 49.0,
    "maxResTime" : 192.0,
    "pct1ResTime" : 165.1,
    "pct2ResTime" : 171.04999999999998,
    "pct3ResTime" : 182.0999999999999,
    "throughput" : 68.15834767641996,
    "receivedKBytesPerSec" : 63.03248709122204,
    "sentKBytesPerSec" : 32.048058304647164
  },
  "HTTP Request" : {
    "transaction" : "HTTP Request",
    "sampleCount" : 198,
    "errorCount" : 0,
    "errorPct" : 0.0,
    "meanResTime" : 126.31313131313135,
    "medianResTime" : 126.5,
    "minResTime" : 49.0,
    "maxResTime" : 192.0,
    "pct1ResTime" : 165.1,
    "pct2ResTime" : 171.04999999999998,
    "pct3ResTime" : 182.0999999999999,
    "throughput" : 68.15834767641996,
    "receivedKBytesPerSec" : 63.03248709122204,
    "sentKBytesPerSec" : 32.048058304647164
  }
}