{
  "Total" : {
    "transaction" : "Total",
    "sampleCount" : 735,
    "errorCount" : 0,
    "errorPct" : 0.0,
    "meanResTime" : 1333.7891156462565,
    "medianResTime" : 1254.0,
    "minResTime" : 275.0,
    "maxResTime" : 5746.0,
    "pct1ResTime" : 1964.1999999999998,
    "pct2ResTime" : 2401.6,
    "pct3ResTime" : 3453.3999999999996,
    "throughput" : 14.590570719602978,
    "receivedKBytesPerSec" : 2135.2778768610424,
    "sentKBytesPerSec" : 6.4241237593052105
  },
  "HTTP Request" : {
    "transaction" : "HTTP Request",
    "sampleCount" : 735,
    "errorCount" : 0,
    "errorPct" : 0.0,
    "meanResTime" : 1333.7891156462565,
    "medianResTime" : 1254.0,
    "minResTime" : 275.0,
    "maxResTime" : 5746.0,
    "pct1ResTime" : 1964.1999999999998,
    "pct2ResTime" : 2401.6,
    "pct3ResTime" : 3453.3999999999996,
    "throughput" : 14.590570719602978,
    "receivedKBytesPerSec" : 2135.2778768610424,
    "sentKBytesPerSec" : 6.4241237593052105
  }
}