{
  "Total" : {
    "transaction" : "Total",
    "sampleCount" : 735,
    "errorCount" : 0,
    "errorPct" : 0.0,
    "meanResTime" : 818.5265306122449,
    "medianResTime" : 829.0,
    "minResTime" : 146.0,
    "maxResTime" : 3241.0,
    "pct1ResTime" : 1225.1999999999998,
    "pct2ResTime" : 1325.9999999999995,
    "pct3ResTime" : 2183.4399999999996,
    "throughput" : 12.024146449195937,
    "receivedKBytesPerSec" : 1664.9367684288447,
    "sentKBytesPerSec" : 5.435053505406776
  },
  "HTTP Request" : {
    "transaction" : "HTTP Request",
    "sampleCount" : 735,
    "errorCount" : 0,
    "errorPct" : 0.0,
    "meanResTime" : 818.5265306122449,
    "medianResTime" : 829.0,
    "minResTime" : 146.0,
    "maxResTime" : 3241.0,
    "pct1ResTime" : 1225.1999999999998,
    "pct2ResTime" : 1325.9999999999995,
    "pct3ResTime" : 2183.4399999999996,
    "throughput" : 12.024146449195937,
    "receivedKBytesPerSec" : 1664.9367684288447,
    "sentKBytesPerSec" : 5.435053505406776
  }
}