{
  "Total" : {
    "transaction" : "Total",
    "sampleCount" : 5272,
    "errorCount" : 0,
    "errorPct" : 0.0,
    "meanResTime" : 355.4944992412758,
    "medianResTime" : 184.0,
    "minResTime" : 28.0,
    "maxResTime" : 3528.0,
    "pct1ResTime" : 896.6999999999998,
    "pct2ResTime" : 1191.3499999999995,
    "pct3ResTime" : 1819.6199999999972,
    "throughput" : 27.795205432507526,
    "receivedKBytesPerSec" : 1325.8267755146358,
    "sentKBytesPerSec" : 14.080426617454778
  },
  "HTTP Request" : {
    "transaction" : "HTTP Request",
    "sampleCount" : 5272,
    "errorCount" : 0,
    "errorPct" : 0.0,
    "meanResTime" : 355.4944992412758,
    "medianResTime" : 184.0,
    "minResTime" : 28.0,
    "maxResTime" : 3528.0,
    "pct1ResTime" : 896.6999999999998,
    "pct2ResTime" : 1191.3499999999995,
    "pct3ResTime" : 1819.6199999999972,
    "throughput" : 27.795205432507526,
    "receivedKBytesPerSec" : 1325.8267755146358,
    "sentKBytesPerSec" : 14.080426617454778
  }
}