{
  "Total" : {
    "transaction" : "Total",
    "sampleCount" : 5190,
    "errorCount" : 0,
    "errorPct" : 0.0,
    "meanResTime" : 893.9691714836229,
    "medianResTime" : 734.0,
    "minResTime" : 181.0,
    "maxResTime" : 8648.0,
    "pct1ResTime" : 1609.0,
    "pct2ResTime" : 2040.0,
    "pct3ResTime" : 3009.0800000000017,
    "throughput" : 11.139538277943286,
    "receivedKBytesPerSec" : 3014.7909431690377,
    "sentKBytesPerSec" : 4.851581481751762
  },
  "HTTP Request" : {
    "transaction" : "HTTP Request",
    "sampleCount" : 5190,
    "errorCount" : 0,
    "errorPct" : 0.0,
    "meanResTime" : 893.9691714836229,
    "medianResTime" : 734.0,
    "minResTime" : 181.0,
    "maxResTime" : 8648.0,
    "pct1ResTime" : 1609.0,
    "pct2ResTime" : 2040.0,
    "pct3ResTime" : 3009.0800000000017,
    "throughput" : 11.139538277943286,
    "receivedKBytesPerSec" : 3014.7909431690377,
    "sentKBytesPerSec" : 4.851581481751762
  }
}