{
  "Total" : {
    "transaction" : "Total",
    "sampleCount" : 5191,
    "errorCount" : 44,
    "errorPct" : 0.8476209,
    "meanResTime" : 1181.6310922750868,
    "medianResTime" : 1034.0,
    "minResTime" : 202.0,
    "maxResTime" : 6830.0,
    "pct1ResTime" : 1966.0,
    "pct2ResTime" : 2378.0,
    "pct3ResTime" : 3707.599999999993,
    "throughput" : 33.389937349645585,
    "receivedKBytesPerSec" : 8928.753940773224,
    "sentKBytesPerSec" : 14.541984611989117
  },
  "HTTP Request" : {
    "transaction" : "HTTP Request",
    "sampleCount" : 5191,
    "errorCount" : 44,
    "errorPct" : 0.8476209,
    "meanResTime" : 1181.6310922750868,
    "medianResTime" : 1034.0,
    "minResTime" : 202.0,
    "maxResTime" : 6830.0,
    "pct1ResTime" : 1966.0,
    "pct2ResTime" : 2378.0,
    "pct3ResTime" : 3707.599999999993,
    "throughput" : 33.389937349645585,
    "receivedKBytesPerSec" : 8928.753940773224,
    "sentKBytesPerSec" : 14.541984611989117
  }
}