{
  "Total" : {
    "transaction" : "Total",
    "sampleCount" : 20,
    "errorCount" : 0,
    "errorPct" : 0.0,
    "meanResTime" : 1571.2,
    "medianResTime" : 1412.0,
    "minResTime" : 278.0,
    "maxResTime" : 3061.0,
    "pct1ResTime" : 2683.7000000000003,
    "pct2ResTime" : 3042.5499999999997,
    "pct3ResTime" : 3061.0,
    "throughput" : 5.011275369581559,
    "receivedKBytesPerSec" : 1796.5948285987222,
    "sentKBytesPerSec" : 2.0984715610122775
  },
  "HTTP Request" : {
    "transaction" : "HTTP Request",
    "sampleCount" : 20,
    "errorCount" : 0,
    "errorPct" : 0.0,
    "meanResTime" : 1571.2,
    "medianResTime" : 1412.0,
    "minResTime" : 278.0,
    "maxResTime" : 3061.0,
    "pct1ResTime" : 2683.7000000000003,
    "pct2ResTime" : 3042.5499999999997,
    "pct3ResTime" : 3061.0,
    "throughput" : 5.011275369581559,
    "receivedKBytesPerSec" : 1796.5948285987222,
    "sentKBytesPerSec" : 2.0984715610122775
  }
}