{
  "Total" : {
    "transaction" : "Total",
    "sampleCount" : 30,
    "errorCount" : 0,
    "errorPct" : 0.0,
    "meanResTime" : 14432.2,
    "medianResTime" : 16822.0,
    "minResTime" : 2040.0,
    "maxResTime" : 17219.0,
    "pct1ResTime" : 17187.6,
    "pct2ResTime" : 17208.55,
    "pct3ResTime" : 17219.0,
    "throughput" : 0.5880853899986278,
    "receivedKBytesPerSec" : 15.941134183933508,
    "sentKBytesPerSec" : 0.24047944886597536
  },
  "HTTP Request" : {
    "transaction" : "HTTP Request",
    "sampleCount" : 30,
    "errorCount" : 0,
    "errorPct" : 0.0,
    "meanResTime" : 14432.2,
    "medianResTime" : 16822.0,
    "minResTime" : 2040.0,
    "maxResTime" : 17219.0,
    "pct1ResTime" : 17187.6,
    "pct2ResTime" : 17208.55,
    "pct3ResTime" : 17219.0,
    "throughput" : 0.5880853899986278,
    "receivedKBytesPerSec" : 15.941134183933508,
    "sentKBytesPerSec" : 0.24047944886597536
  }
}