{
  "Total" : {
    "transaction" : "Total",
    "sampleCount" : 18,
    "errorCount" : 0,
    "errorPct" : 0.0,
    "meanResTime" : 302.61111111111114,
    "medianResTime" : 242.5,
    "minResTime" : 102.0,
    "maxResTime" : 1170.0,
    "pct1ResTime" : 1094.4,
    "pct2ResTime" : 1170.0,
    "pct3ResTime" : 1170.0,
    "throughput" : 10.514018691588785,
    "receivedKBytesPerSec" : 8950.344192647488,
    "sentKBytesPerSec" : 4.050566771320094
  },
  "HTTP Request" : {
    "transaction" : "HTTP Request",
    "sampleCount" : 18,
    "errorCount" : 0,
    "errorPct" : 0.0,
    "meanResTime" : 302.61111111111114,
    "medianResTime" : 242.5,
    "minResTime" : 102.0,
    "maxResTime" : 1170.0,
    "pct1ResTime" : 1094.4,
    "pct2ResTime" : 1170.0,
    "pct3ResTime" : 1170.0,
    "throughput" : 10.514018691588785,
    "receivedKBytesPerSec" : 8950.344192647488,
    "sentKBytesPerSec" : 4.050566771320094
  }
}