{
  "Total" : {
    "transaction" : "Total",
    "sampleCount" : 20,
    "errorCount" : 0,
    "errorPct" : 0.0,
    "meanResTime" : 1545.15,
    "medianResTime" : 1321.5,
    "minResTime" : 253.0,
    "maxResTime" : 2803.0,
    "pct1ResTime" : 2723.7000000000003,
    "pct2ResTime" : 2799.2,
    "pct3ResTime" : 2803.0,
    "throughput" : 4.679457182966776,
    "receivedKBytesPerSec" : 1456.0055623391436,
    "sentKBytesPerSec" : 1.9595226953673375
  },
  "HTTP Request" : {
    "transaction" : "HTTP Request",
    "sampleCount" : 20,
    "errorCount" : 0,
    "errorPct" : 0.0,
    "meanResTime" : 1545.15,
    "medianResTime" : 1321.5,
    "minResTime" : 253.0,
    "maxResTime" : 2803.0,
    "pct1ResTime" : 2723.7000000000003,
    "pct2ResTime" : 2799.2,
    "pct3ResTime" : 2803.0,
    "throughput" : 4.679457182966776,
    "receivedKBytesPerSec" : 1456.0055623391436,
    "sentKBytesPerSec" : 1.9595226953673375
  }
}