{
  "Total" : {
    "transaction" : "Total",
    "sampleCount" : 20,
    "errorCount" : 0,
    "errorPct" : 0.0,
    "meanResTime" : 4691.2,
    "medianResTime" : 4700.0,
    "minResTime" : 2528.0,
    "maxResTime" : 6147.0,
    "pct1ResTime" : 6036.3,
    "pct2ResTime" : 6141.5,
    "pct3ResTime" : 6147.0,
    "throughput" : 1.6100466913540492,
    "receivedKBytesPerSec" : 500.96209723675736,
    "sentKBytesPerSec" : 0.6742070520045081
  },
  "HTTP Request" : {
    "transaction" : "HTTP Request",
    "sampleCount" : 20,
    "errorCount" : 0,
    "errorPct" : 0.0,
    "meanResTime" : 4691.2,
    "medianResTime" : 4700.0,
    "minResTime" : 2528.0,
    "maxResTime" : 6147.0,
    "pct1ResTime" : 6036.3,
    "pct2ResTime" : 6141.5,
    "pct3ResTime" : 6147.0,
    "throughput" : 1.6100466913540492,
    "receivedKBytesPerSec" : 500.96209723675736,
    "sentKBytesPerSec" : 0.6742070520045081
  }
}