{
  "Total" : {
    "transaction" : "Total",
    "sampleCount" : 22,
    "errorCount" : 0,
    "errorPct" : 0.0,
    "meanResTime" : 3434.6818181818185,
    "medianResTime" : 3850.5,
    "minResTime" : 1085.0,
    "maxResTime" : 4747.0,
    "pct1ResTime" : 4690.7,
    "pct2ResTime" : 4740.85,
    "pct3ResTime" : 4747.0,
    "throughput" : 2.3481694951435585,
    "receivedKBytesPerSec" : 306.25537844220304,
    "sentKBytesPerSec" : 1.0006404098623118
  },
  "HTTP Request" : {
    "transaction" : "HTTP Request",
    "sampleCount" : 22,
    "errorCount" : 0,
    "errorPct" : 0.0,
    "meanResTime" : 3434.6818181818185,
    "medianResTime" : 3850.5,
    "minResTime" : 1085.0,
    "maxResTime" : 4747.0,
    "pct1ResTime" : 4690.7,
    "pct2ResTime" : 4740.85,
    "pct3ResTime" : 4747.0,
    "throughput" : 2.3481694951435585,
    "receivedKBytesPerSec" : 306.25537844220304,
    "sentKBytesPerSec" : 1.0006404098623118
  }
}