{
  "Total" : {
    "transaction" : "Total",
    "sampleCount" : 5262,
    "errorCount" : 0,
    "errorPct" : 0.0,
    "meanResTime" : 259.8042569365262,
    "medianResTime" : 133.0,
    "minResTime" : 5.0,
    "maxResTime" : 2787.0,
    "pct1ResTime" : 698.0,
    "pct2ResTime" : 978.8499999999995,
    "pct3ResTime" : 1697.2199999999993,
    "throughput" : 38.19714138459193,
    "receivedKBytesPerSec" : 1944.654811289553,
    "sentKBytesPerSec" : 19.348901716494023
  },
  "HTTP Request" : {
    "transaction" : "HTTP Request",
    "sampleCount" : 5262,
    "errorCount" : 0,
    "errorPct" : 0.0,
    "meanResTime" : 259.8042569365262,
    "medianResTime" : 133.0,
    "minResTime" : 5.0,
    "maxResTime" : 2787.0,
    "pct1ResTime" : 698.0,
    "pct2ResTime" : 978.8499999999995,
    "pct3ResTime" : 1697.2199999999993,
    "throughput" : 38.19714138459193,
    "receivedKBytesPerSec" : 1944.654811289553,
    "sentKBytesPerSec" : 19.348901716494023
  }
}