{
  "Total" : {
    "transaction" : "Total",
    "sampleCount" : 735,
    "errorCount" : 0,
    "errorPct" : 0.0,
    "meanResTime" : 1803.5863945578244,
    "medianResTime" : 1787.0,
    "minResTime" : 621.0,
    "maxResTime" : 4649.0,
    "pct1ResTime" : 2395.6,
    "pct2ResTime" : 2716.9999999999986,
    "pct3ResTime" : 3818.9199999999964,
    "throughput" : 6.578594060469363,
    "receivedKBytesPerSec" : 963.0262630509013,
    "sentKBytesPerSec" : 2.8965078350160214
  },
  "HTTP Request" : {
    "transaction" : "HTTP Request",
    "sampleCount" : 735,
    "errorCount" : 0,
    "errorPct" : 0.0,
    "meanResTime" : 1803.5863945578244,
    "medianResTime" : 1787.0,
    "minResTime" : 621.0,
    "maxResTime" : 4649.0,
    "pct1ResTime" : 2395.6,
    "pct2ResTime" : 2716.9999999999986,
    "pct3ResTime" : 3818.9199999999964,
    "throughput" : 6.578594060469363,
    "receivedKBytesPerSec" : 963.0262630509013,
    "sentKBytesPerSec" : 2.8965078350160214
  }
}