{
  "Total" : {
    "transaction" : "Total",
    "sampleCount" : 735,
    "errorCount" : 0,
    "errorPct" : 0.0,
    "meanResTime" : 463.2435374149659,
    "medianResTime" : 403.0,
    "minResTime" : 185.0,
    "maxResTime" : 2869.0,
    "pct1ResTime" : 694.4,
    "pct2ResTime" : 827.3999999999999,
    "pct3ResTime" : 1273.3199999999997,
    "throughput" : 2.1521118512553987,
    "receivedKBytesPerSec" : 314.9559306602738,
    "sentKBytesPerSec" : 0.947559430129566
  },
  "HTTP Request" : {
    "transaction" : "HTTP Request",
    "sampleCount" : 735,
    "errorCount" : 0,
    "errorPct" : 0.0,
    "meanResTime" : 463.2435374149659,
    "medianResTime" : 403.0,
    "minResTime" : 185.0,
    "maxResTime" : 2869.0,
    "pct1ResTime" : 694.4,
    "pct2ResTime" : 827.3999999999999,
    "pct3ResTime" : 1273.3199999999997,
    "throughput" : 2.1521118512553987,
    "receivedKBytesPerSec" : 314.9559306602738,
    "sentKBytesPerSec" : 0.947559430129566
  }
}