{
  "Total" : {
    "transaction" : "Total",
    "sampleCount" : 5262,
    "errorCount" : 0,
    "errorPct" : 0.0,
    "meanResTime" : 355.42037248194623,
    "medianResTime" : 182.0,
    "minResTime" : 30.0,
    "maxResTime" : 3605.0,
    "pct1ResTime" : 896.0,
    "pct2ResTime" : 1193.5499999999984,
    "pct3ResTime" : 1909.37,
    "throughput" : 27.813456384884958,
    "receivedKBytesPerSec" : 1316.5920399458346,
    "sentKBytesPerSec" : 14.089008090124162
  },
  "HTTP Request" : {
    "transaction" : "HTTP Request",
    "sampleCount" : 5262,
    "errorCount" : 0,
    "errorPct" : 0.0,
    "meanResTime" : 355.42037248194623,
    "medianResTime" : 182.0,
    "minResTime" : 30.0,
    "maxResTime" : 3605.0,
    "pct1ResTime" : 896.0,
    "pct2ResTime" : 1193.5499999999984,
    "pct3ResTime" : 1909.37,
    "throughput" : 27.813456384884958,
    "receivedKBytesPerSec" : 1316.5920399458346,
    "sentKBytesPerSec" : 14.089008090124162
  }
}