{
  "Total" : {
    "transaction" : "Total",
    "sampleCount" : 22,
    "errorCount" : 0,
    "errorPct" : 0.0,
    "meanResTime" : 3442.818181818181,
    "medianResTime" : 3519.5,
    "minResTime" : 2072.0,
    "maxResTime" : 4271.0,
    "pct1ResTime" : 4064.2,
    "pct2ResTime" : 4240.7,
    "pct3ResTime" : 4271.0,
    "throughput" : 2.4205083067444164,
    "receivedKBytesPerSec" : 315.63544359940585,
    "sentKBytesPerSec" : 1.0314666079876773
  },
  "HTTP Request" : {
    "transaction" : "HTTP Request",
    "sampleCount" : 22,
    "errorCount" : 0,
    "errorPct" : 0.0,
    "meanResTime" : 3442.818181818181,
    "medianResTime" : 3519.5,
    "minResTime" : 2072.0,
    "maxResTime" : 4271.0,
    "pct1ResTime" : 4064.2,
    "pct2ResTime" : 4240.7,
    "pct3ResTime" : 4271.0,
    "throughput" : 2.4205083067444164,
    "receivedKBytesPerSec" : 315.63544359940585,
    "sentKBytesPerSec" : 1.0314666079876773
  }
}