{
  "Total" : {
    "transaction" : "Total",
    "sampleCount" : 735,
    "errorCount" : 0,
    "errorPct" : 0.0,
    "meanResTime" : 552.555102040816,
    "medianResTime" : 497.0,
    "minResTime" : 173.0,
    "maxResTime" : 2968.0,
    "pct1ResTime" : 821.1999999999998,
    "pct2ResTime" : 989.3999999999982,
    "pct3ResTime" : 1620.3199999999997,
    "throughput" : 17.80911535945337,
    "receivedKBytesPerSec" : 2887.800183353626,
    "sentKBytesPerSec" : 8.04992647682392
  },
  "HTTP Request" : {
    "transaction" : "HTTP Request",
    "sampleCount" : 735,
    "errorCount" : 0,
    "errorPct" : 0.0,
    "meanResTime" : 552.555102040816,
    "medianResTime" : 497.0,
    "minResTime" : 173.0,
    "maxResTime" : 2968.0,
    "pct1ResTime" : 821.1999999999998,
    "pct2ResTime" : 989.3999999999982,
    "pct3ResTime" : 1620.3199999999997,
    "throughput" : 17.80911535945337,
    "receivedKBytesPerSec" : 2887.800183353626,
    "sentKBytesPerSec" : 8.04992647682392
  }
}