{
  "Total" : {
    "transaction" : "Total",
    "sampleCount" : 735,
    "errorCount" : 0,
    "errorPct" : 0.0,
    "meanResTime" : 5146.646258503399,
    "medianResTime" : 5312.0,
    "minResTime" : 2295.0,
    "maxResTime" : 8390.0,
    "pct1ResTime" : 6538.399999999998,
    "pct2ResTime" : 7414.199999999999,
    "pct3ResTime" : 7936.28,
    "throughput" : 2.314552393908476,
    "receivedKBytesPerSec" : 338.7270332093001,
    "sentKBytesPerSec" : 1.0190808373168827
  },
  "HTTP Request" : {
    "transaction" : "HTTP Request",
    "sampleCount" : 735,
    "errorCount" : 0,
    "errorPct" : 0.0,
    "meanResTime" : 5146.646258503399,
    "medianResTime" : 5312.0,
    "minResTime" : 2295.0,
    "maxResTime" : 8390.0,
    "pct1ResTime" : 6538.399999999998,
    "pct2ResTime" : 7414.199999999999,
    "pct3ResTime" : 7936.28,
    "throughput" : 2.314552393908476,
    "receivedKBytesPerSec" : 338.7270332093001,
    "sentKBytesPerSec" : 1.0190808373168827
  }
}