{
  "Total" : {
    "transaction" : "Total",
    "sampleCount" : 735,
    "errorCount" : 0,
    "errorPct" : 0.0,
    "meanResTime" : 836.9523809523815,
    "medianResTime" : 646.0,
    "minResTime" : 219.0,
    "maxResTime" : 9076.0,
    "pct1ResTime" : 1467.4,
    "pct2ResTime" : 1724.6,
    "pct3ResTime" : 3005.2,
    "throughput" : 11.694696812996229,
    "receivedKBytesPerSec" : 2046.7796263166479,
    "sentKBytesPerSec" : 5.149091224601824
  },
  "HTTP Request" : {
    "transaction" : "HTTP Request",
    "sampleCount" : 735,
    "errorCount" : 0,
    "errorPct" : 0.0,
    "meanResTime" : 836.9523809523815,
    "medianResTime" : 646.0,
    "minResTime" : 219.0,
    "maxResTime" : 9076.0,
    "pct1ResTime" : 1467.4,
    "pct2ResTime" : 1724.6,
    "pct3ResTime" : 3005.2,
    "throughput" : 11.694696812996229,
    "receivedKBytesPerSec" : 2046.7796263166479,
    "sentKBytesPerSec" : 5.149091224601824
  }
}