{
  "Total" : {
    "transaction" : "Total",
    "sampleCount" : 30,
    "errorCount" : 0,
    "errorPct" : 0.0,
    "meanResTime" : 215.06666666666666,
    "medianResTime" : 216.0,
    "minResTime" : 124.0,
    "maxResTime" : 310.0,
    "pct1ResTime" : 286.20000000000005,
    "pct2ResTime" : 304.5,
    "pct3ResTime" : 310.0,
    "throughput" : 27.051397655545536,
    "receivedKBytesPerSec" : 733.1263384806132,
    "sentKBytesPerSec" : 11.03542042380523
  },
  "HTTP Request" : {
    "transaction" : "HTTP Request",
    "sampleCount" : 30,
    "errorCount" : 0,
    "errorPct" : 0.0,
    "meanResTime" : 215.06666666666666,
    "medianResTime" : 216.0,
    "minResTime" : 124.0,
    "maxResTime" : 310.0,
    "pct1ResTime" : 286.20000000000005,
    "pct2ResTime" : 304.5,
    "pct3ResTime" : 310.0,
    "throughput" : 27.051397655545536,
    "receivedKBytesPerSec" : 733.1263384806132,
    "sentKBytesPerSec" : 11.03542042380523
  }
}