{
  "Total" : {
    "transaction" : "Total",
    "sampleCount" : 20,
    "errorCount" : 0,
    "errorPct" : 0.0,
    "meanResTime" : 532.65,
    "medianResTime" : 401.5,
    "minResTime" : 219.0,
    "maxResTime" : 1342.0,
    "pct1ResTime" : 1108.7000000000005,
    "pct2ResTime" : 1331.2999999999997,
    "pct3ResTime" : 1342.0,
    "throughput" : 1.8677624206200971,
    "receivedKBytesPerSec" : 580.6048011708535,
    "sentKBytesPerSec" : 0.7821255136346656
  },
  "HTTP Request" : {
    "transaction" : "HTTP Request",
    "sampleCount" : 20,
    "errorCount" : 0,
    "errorPct" : 0.0,
    "meanResTime" : 532.65,
    "medianResTime" : 401.5,
    "minResTime" : 219.0,
    "maxResTime" : 1342.0,
    "pct1ResTime" : 1108.7000000000005,
    "pct2ResTime" : 1331.2999999999997,
    "pct3ResTime" : 1342.0,
    "throughput" : 1.8677624206200971,
    "receivedKBytesPerSec" : 580.6048011708535,
    "sentKBytesPerSec" : 0.7821255136346656
  }
}