{
  "Total" : {
    "transaction" : "Total",
    "sampleCount" : 20,
    "errorCount" : 0,
    "errorPct" : 0.0,
    "meanResTime" : 19424.25,
    "medianResTime" : 20579.5,
    "minResTime" : 2633.0,
    "maxResTime" : 27821.0,
    "pct1ResTime" : 27710.8,
    "pct2ResTime" : 27816.1,
    "pct3ResTime" : 27821.0,
    "throughput" : 0.3930508607813851,
    "receivedKBytesPerSec" : 191.4168055651089,
    "sentKBytesPerSec" : 0.16036782190865498
  },
  "HTTP Request" : {
    "transaction" : "HTTP Request",
    "sampleCount" : 20,
    "errorCount" : 0,
    "errorPct" : 0.0,
    "meanResTime" : 19424.25,
    "medianResTime" : 20579.5,
    "minResTime" : 2633.0,
    "maxResTime" : 27821.0,
    "pct1ResTime" : 27710.8,
    "pct2ResTime" : 27816.1,
    "pct3ResTime" : 27821.0,
    "throughput" : 0.3930508607813851,
    "receivedKBytesPerSec" : 191.4168055651089,
    "sentKBytesPerSec" : 0.16036782190865498
  }
}