{
  "Total" : {
    "transaction" : "Total",
    "sampleCount" : 22,
    "errorCount" : 0,
    "errorPct" : 0.0,
    "meanResTime" : 3052.818181818182,
    "medianResTime" : 2833.0,
    "minResTime" : 2401.0,
    "maxResTime" : 4190.0,
    "pct1ResTime" : 4092.2,
    "pct2ResTime" : 4186.4,
    "pct3ResTime" : 4190.0,
    "throughput" : 2.735637901019647,
    "receivedKBytesPerSec" : 356.6874494839592,
    "sentKBytesPerSec" : 1.1657547873663268
  },
  "HTTP Request" : {
    "transaction" : "HTTP Request",
    "sampleCount" : 22,
    "errorCount" : 0,
    "errorPct" : 0.0,
    "meanResTime" : 3052.818181818182,
    "medianResTime" : 2833.0,
    "minResTime" : 2401.0,
    "maxResTime" : 4190.0,
    "pct1ResTime" : 4092.2,
    "pct2ResTime" : 4186.4,
    "pct3ResTime" : 4190.0,
    "throughput" : 2.735637901019647,
    "receivedKBytesPerSec" : 356.6874494839592,
    "sentKBytesPerSec" : 1.1657547873663268
  }
}