{
  "Total" : {
    "transaction" : "Total",
    "sampleCount" : 30,
    "errorCount" : 0,
    "errorPct" : 0.0,
    "meanResTime" : 302.0333333333333,
    "medianResTime" : 318.0,
    "minResTime" : 171.0,
    "maxResTime" : 436.0,
    "pct1ResTime" : 382.0,
    "pct2ResTime" : 422.25,
    "pct3ResTime" : 436.0,
    "throughput" : 21.09704641350211,
    "receivedKBytesPerSec" : 571.8329707278481,
    "sentKBytesPerSec" : 8.606386251758087
  },
  "HTTP Request" : {
    "transaction" : "HTTP Request",
    "sampleCount" : 30,
    "errorCount" : 0,
    "errorPct" : 0.0,
    "meanResTime" : 302.0333333333333,
    "medianResTime" : 318.0,
    "minResTime" : 171.0,
    "maxResTime" : 436.0,
    "pct1ResTime" : 382.0,
    "pct2ResTime" : 422.25,
    "pct3ResTime" : 436.0,
    "throughput" : 21.09704641350211,
    "receivedKBytesPerSec" : 571.8329707278481,
    "sentKBytesPerSec" : 8.606386251758087
  }
}