{
  "Total" : {
    "transaction" : "Total",
    "sampleCount" : 735,
    "errorCount" : 0,
    "errorPct" : 0.0,
    "meanResTime" : 477.56462585034024,
    "medianResTime" : 403.0,
    "minResTime" : 183.0,
    "maxResTime" : 3049.0,
    "pct1ResTime" : 719.0,
    "pct2ResTime" : 853.3999999999999,
    "pct3ResTime" : 1712.719999999999,
    "throughput" : 2.087546295244371,
    "receivedKBytesPerSec" : 305.50382423925265,
    "sentKBytesPerSec" : 0.9191316783730203
  },
  "HTTP Request" : {
    "transaction" : "HTTP Request",
    "sampleCount" : 735,
    "errorCount" : 0,
    "errorPct" : 0.0,
    "meanResTime" : 477.56462585034024,
    "medianResTime" : 403.0,
    "minResTime" : 183.0,
    "maxResTime" : 3049.0,
    "pct1ResTime" : 719.0,
    "pct2ResTime" : 853.3999999999999,
    "pct3ResTime" : 1712.719999999999,
    "throughput" : 2.087546295244371,
    "receivedKBytesPerSec" : 305.50382423925265,
    "sentKBytesPerSec" : 0.9191316783730203
  }
}