{
  "Total" : {
    "transaction" : "Total",
    "sampleCount" : 22,
    "errorCount" : 0,
    "errorPct" : 0.0,
    "meanResTime" : 1339.6363636363635,
    "medianResTime" : 920.5,
    "minResTime" : 401.0,
    "maxResTime" : 2870.0,
    "pct1ResTime" : 2854.2,
    "pct2ResTime" : 2869.7,
    "pct3ResTime" : 2870.0,
    "throughput" : 5.572441742654508,
    "receivedKBytesPerSec" : 726.5733836752786,
    "sentKBytesPerSec" : 2.3746200607902734
  },
  "HTTP Request" : {
    "transaction" : "HTTP Request",
    "sampleCount" : 22,
    "errorCount" : 0,
    "errorPct" : 0.0,
    "meanResTime" : 1339.6363636363635,
    "medianResTime" : 920.5,
    "minResTime" : 401.0,
    "maxResTime" : 2870.0,
    "pct1ResTime" : 2854.2,
    "pct2ResTime" : 2869.7,
    "pct3ResTime" : 2870.0,
    "throughput" : 5.572441742654508,
    "receivedKBytesPerSec" : 726.5733836752786,
    "sentKBytesPerSec" : 2.3746200607902734
  }
}