{
  "qgis310-bigfile": {
    "somap310_fix": {
      "lk.txt": {
        "transaction": "Total",
        "sampleCount": 30,
        "errorCount": 0,
        "errorPct": 0.0,
        "meanResTime": 13788.966666666664,
        "medianResTime": 16172.0,
        "minResTime": 1929.0,
        "maxResTime": 16400.0,
        "pct1ResTime": 16358.0,
        "pct2ResTime": 16390.65,
        "pct3ResTime": 16400.0,
        "throughput": 0.6126700159294204,
        "receivedKBytesPerSec": 16.60694729506188,
        "sentKBytesPerSec": 0.25053257617530533,
        "memMaxMB": 2600.2,
        "memAvgMB": 2577.3,
        "memMinMB": 2452.4,
        "cpuMax%": 40.1,
        "cpuAvg%": 14.0,
        "cpuMin%": 12.5,
        "dashboard": "results/details/compare-filesize/20201010-095025/qgis310-bigfile/somap310_fix/lk.txt/dashboard/index.html"
      },
      "av_f.txt": {
        "transaction": "Total",
        "sampleCount": 22,
        "errorCount": 0,
        "errorPct": 0.0,
        "meanResTime": 22555.0,
        "medianResTime": 25846.0,
        "minResTime": 3294.0,
        "maxResTime": 30053.0,
        "pct1ResTime": 29698.5,
        "pct2ResTime": 30009.5,
        "pct3ResTime": 30053.0,
        "throughput": 0.3636664187122903,
        "receivedKBytesPerSec": 47.67494343540789,
        "sentKBytesPerSec": 0.1496443404413588,
        "memMaxMB": 3577.8,
        "memAvgMB": 2812.2,
        "memMinMB": 2571.0,
        "cpuMax%": 39.5,
        "cpuAvg%": 14.8,
        "cpuMin%": 12.4,
        "dashboard": "results/details/compare-filesize/20201010-095025/qgis310-bigfile/somap310_fix/av_f.txt/dashboard/index.html"
      },
      "av_sw.txt": {
        "transaction": "Total",
        "sampleCount": 20,
        "errorCount": 0,
        "errorPct": 0.0,
        "meanResTime": 19087.35,
        "medianResTime": 20265.5,
        "minResTime": 4427.0,
        "maxResTime": 27102.0,
        "pct1ResTime": 27020.4,
        "pct2ResTime": 27098.6,
        "pct3ResTime": 27102.0,
        "throughput": 0.4019696512913275,
        "receivedKBytesPerSec": 195.75953421766656,
        "sentKBytesPerSec": 0.1640067581147623,
        "memMaxMB": 4748.2,
        "memAvgMB": 2884.5,
        "memMinMB": 2596.5,
        "cpuMax%": 24.3,
        "cpuAvg%": 14.5,
        "cpuMin%": 12.5,
        "dashboard": "results/details/compare-filesize/20201010-095025/qgis310-bigfile/somap310_fix/av_sw.txt/dashboard/index.html"
      }
    }
  },
  "qgis310-bigfile-bigcache": {
    "somap310_fix": {
      "lk.txt": {
        "transaction": "Total",
        "sampleCount": 30,
        "errorCount": 0,
        "errorPct": 0.0,
        "meanResTime": 13938.533333333333,
        "medianResTime": 16363.0,
        "minResTime": 1901.0,
        "maxResTime": 16732.0,
        "pct1ResTime": 16612.6,
        "pct2ResTime": 16677.55,
        "pct3ResTime": 16732.0,
        "throughput": 0.6038768896314338,
        "receivedKBytesPerSec": 16.36860205016204,
        "sentKBytesPerSec": 0.2469368973811872,
        "memMaxMB": 2608.7,
        "memAvgMB": 2584.7,
        "memMinMB": 2564.6,
        "cpuMax%": 32.9,
        "cpuAvg%": 13.9,
        "cpuMin%": 12.5,
        "dashboard": "results/details/compare-filesize/20201010-095025/qgis310-bigfile-bigcache/somap310_fix/lk.txt/dashboard/index.html"
      },
      "av_f.txt": {
        "transaction": "Total",
        "sampleCount": 22,
        "errorCount": 0,
        "errorPct": 0.0,
        "meanResTime": 22899.40909090909,
        "medianResTime": 26177.5,
        "minResTime": 3444.0,
        "maxResTime": 30320.0,
        "pct1ResTime": 30047.7,
        "pct2ResTime": 30291.8,
        "pct3ResTime": 30320.0,
        "throughput": 0.36044301723572975,
        "receivedKBytesPerSec": 47.25237078322629,
        "sentKBytesPerSec": 0.148317949652664,
        "memMaxMB": 3571.0,
        "memAvgMB": 2816.3,
        "memMinMB": 2567.5,
        "cpuMax%": 36.3,
        "cpuAvg%": 14.8,
        "cpuMin%": 12.5,
        "dashboard": "results/details/compare-filesize/20201010-095025/qgis310-bigfile-bigcache/somap310_fix/av_f.txt/dashboard/index.html"
      },
      "av_sw.txt": {
        "transaction": "Total",
        "sampleCount": 20,
        "errorCount": 0,
        "errorPct": 0.0,
        "meanResTime": 19069.1,
        "medianResTime": 20186.0,
        "minResTime": 2601.0,
        "maxResTime": 26966.0,
        "pct1ResTime": 26770.4,
        "pct2ResTime": 26956.8,
        "pct3ResTime": 26966.0,
        "throughput": 0.40247927231747566,
        "receivedKBytesPerSec": 196.00807379709008,
        "sentKBytesPerSec": 0.16421468747484505,
        "memMaxMB": 4700.4,
        "memAvgMB": 2892.4,
        "memMinMB": 2590.1,
        "cpuMax%": 28.6,
        "cpuAvg%": 14.6,
        "cpuMin%": 12.5,
        "dashboard": "results/details/compare-filesize/20201010-095025/qgis310-bigfile-bigcache/somap310_fix/av_sw.txt/dashboard/index.html"
      }
    }
  },
  "qgis310-bigfile-hugecache": {
    "somap310_fix": {
      "lk.txt": {
        "transaction": "Total",
        "sampleCount": 30,
        "errorCount": 0,
        "errorPct": 0.0,
        "meanResTime": 14090.333333333332,
        "medianResTime": 16474.0,
        "minResTime": 1953.0,
        "maxResTime": 16902.0,
        "pct1ResTime": 16720.0,
        "pct2ResTime": 16842.05,
        "pct3ResTime": 16902.0,
        "throughput": 0.5988621618924045,
        "receivedKBytesPerSec": 16.232673545264,
        "sentKBytesPerSec": 0.24488627857071565,
        "memMaxMB": 2620.3,
        "memAvgMB": 2588.4,
        "memMinMB": 2581.0,
        "cpuMax%": 32.0,
        "cpuAvg%": 13.6,
        "cpuMin%": 12.6,
        "dashboard": "results/details/compare-filesize/20201010-095025/qgis310-bigfile-hugecache/somap310_fix/lk.txt/dashboard/index.html"
      },
      "av_f.txt": {
        "transaction": "Total",
        "sampleCount": 22,
        "errorCount": 0,
        "errorPct": 0.0,
        "meanResTime": 22418.5,
        "medianResTime": 25659.0,
        "minResTime": 3184.0,
        "maxResTime": 29749.0,
        "pct1ResTime": 29730.5,
        "pct2ResTime": 29748.25,
        "pct3ResTime": 29749.0,
        "throughput": 0.3668011604254893,
        "receivedKBytesPerSec": 48.08589321292807,
        "sentKBytesPerSec": 0.15093424880789622,
        "memMaxMB": 3571.1,
        "memAvgMB": 2849.0,
        "memMinMB": 2587.9,
        "cpuMax%": 29.8,
        "cpuAvg%": 14.8,
        "cpuMin%": 12.5,
        "dashboard": "results/details/compare-filesize/20201010-095025/qgis310-bigfile-hugecache/somap310_fix/av_f.txt/dashboard/index.html"
      },
      "av_sw.txt": {
        "transaction": "Total",
        "sampleCount": 20,
        "errorCount": 0,
        "errorPct": 0.0,
        "meanResTime": 18775.25,
        "medianResTime": 19794.0,
        "minResTime": 4332.0,
        "maxResTime": 26862.0,
        "pct1ResTime": 26825.2,
        "pct2ResTime": 26861.15,
        "pct3ResTime": 26862.0,
        "throughput": 0.40633063123463564,
        "receivedKBytesPerSec": 197.8833348570732,
        "sentKBytesPerSec": 0.16578607200178785,
        "memMaxMB": 4585.3,
        "memAvgMB": 2891.5,
        "memMinMB": 2621.1,
        "cpuMax%": 29.4,
        "cpuAvg%": 14.3,
        "cpuMin%": 12.4,
        "dashboard": "results/details/compare-filesize/20201010-095025/qgis310-bigfile-hugecache/somap310_fix/av_sw.txt/dashboard/index.html"
      }
    }
  },
  "qgis310-bigfile-maxlayer2000": {
    "somap310_fix": {
      "lk.txt": {
        "transaction": "Total",
        "sampleCount": 30,
        "errorCount": 0,
        "errorPct": 0.0,
        "meanResTime": 13991.133333333335,
        "medianResTime": 16213.0,
        "minResTime": 1925.0,
        "maxResTime": 16733.0,
        "pct1ResTime": 16357.6,
        "pct2ResTime": 16536.1,
        "pct3ResTime": 16733.0,
        "throughput": 0.60478993629546,
        "receivedKBytesPerSec": 16.39335096463995,
        "sentKBytesPerSec": 0.24731025975727763,