{
  "Total" : {
    "transaction" : "Total",
    "sampleCount" : 20,
    "errorCount" : 0,
    "errorPct" : 0.0,
    "meanResTime" : 19076.800000000007,
    "medianResTime" : 20108.5,
    "minResTime" : 2482.0,
    "maxResTime" : 27229.0,
    "pct1ResTime" : 27035.9,
    "pct2ResTime" : 27219.35,
    "pct3ResTime" : 27229.0,
    "throughput" : 0.40180813661476644,
    "receivedKBytesPerSec" : 195.6813473129081,
    "sentKBytesPerSec" : 0.16394085886489201
  },
  "HTTP Request" : {
    "transaction" : "HTTP Request",
    "sampleCount" : 20,
    "errorCount" : 0,
    "errorPct" : 0.0,
    "meanResTime" : 19076.800000000007,
    "medianResTime" : 20108.5,
    "minResTime" : 2482.0,
    "maxResTime" : 27229.0,
    "pct1ResTime" : 27035.9,
    "pct2ResTime" : 27219.35,
    "pct3ResTime" : 27229.0,
    "throughput" : 0.40180813661476644,
    "receivedKBytesPerSec" : 195.6813473129081,
    "sentKBytesPerSec" : 0.16394085886489201
  }
}