{
  "Total" : {
    "transaction" : "Total",
    "sampleCount" : 30,
    "errorCount" : 0,
    "errorPct" : 0.0,
    "meanResTime" : 575.9000000000001,
    "medianResTime" : 505.5,
    "minResTime" : 464.0,
    "maxResTime" : 920.0,
    "pct1ResTime" : 878.5000000000001,
    "pct2ResTime" : 900.75,
    "pct3ResTime" : 920.0,
    "throughput" : 13.003901170351105,
    "receivedKBytesPerSec" : 352.3803234720416,
    "sentKBytesPerSec" : 5.304846662332033
  },
  "HTTP Request" : {
    "transaction" : "HTTP Request",
    "sampleCount" : 30,
    "errorCount" : 0,
    "errorPct" : 0.0,
    "meanResTime" : 575.9000000000001,
    "medianResTime" : 505.5,
    "minResTime" : 464.0,
    "maxResTime" : 920.0,
    "pct1ResTime" : 878.5000000000001,
    "pct2ResTime" : 900.75,
    "pct3ResTime" : 920.0,
    "throughput" : 13.003901170351105,
    "receivedKBytesPerSec" : 352.3803234720416,
    "sentKBytesPerSec" : 5.304846662332033
  }
}