{
  "Total" : {
    "transaction" : "Total",
    "sampleCount" : 5190,
    "errorCount" : 0,
    "errorPct" : 0.0,
    "meanResTime" : 1023.1140655106004,
    "medianResTime" : 860.0,
    "minResTime" : 193.0,
    "maxResTime" : 6467.0,
    "pct1ResTime" : 1868.9000000000005,
    "pct2ResTime" : 2300.45,
    "pct3ResTime" : 3204.4500000000007,
    "throughput" : 9.715098648496875,
    "receivedKBytesPerSec" : 2629.3051796749232,
    "sentKBytesPerSec" : 4.231198055108382
  },
  "HTTP Request" : {
    "transaction" : "HTTP Request",
    "sampleCount" : 5190,
    "errorCount" : 0,
    "errorPct" : 0.0,
    "meanResTime" : 1023.1140655106004,
    "medianResTime" : 860.0,
    "minResTime" : 193.0,
    "maxResTime" : 6467.0,
    "pct1ResTime" : 1868.9000000000005,
    "pct2ResTime" : 2300.45,
    "pct3ResTime" : 3204.4500000000007,
    "throughput" : 9.715098648496875,
    "receivedKBytesPerSec" : 2629.3051796749232,
    "sentKBytesPerSec" : 4.231198055108382
  }
}