{
  "Total" : {
    "transaction" : "Total",
    "sampleCount" : 22,
    "errorCount" : 22,
    "errorPct" : 100.0,
    "meanResTime" : 10925.681818181818,
    "medianResTime" : 2.0,
    "minResTime" : 1.0,
    "maxResTime" : 120162.0,
    "pct1ResTime" : 84112.99999999991,
    "pct2ResTime" : 120160.5,
    "pct3ResTime" : 120162.0,
    "throughput" : 0.1830861670078727,
    "receivedKBytesPerSec" : 0.06114791905926998,
    "sentKBytesPerSec" : 0.07533774716632545
  },
  "HTTP Request" : {
    "transaction" : "HTTP Request",
    "sampleCount" : 22,
    "errorCount" : 22,
    "errorPct" : 100.0,
    "meanResTime" : 10925.681818181818,
    "medianResTime" : 2.0,
    "minResTime" : 1.0,
    "maxResTime" : 120162.0,
    "pct1ResTime" : 84112.99999999991,
    "pct2ResTime" : 120160.5,
    "pct3ResTime" : 120162.0,
    "throughput" : 0.1830861670078727,
    "receivedKBytesPerSec" : 0.06114791905926998,
    "sentKBytesPerSec" : 0.07533774716632545
  }
}