{
  "Total" : {
    "transaction" : "Total",
    "sampleCount" : 30,
    "errorCount" : 0,
    "errorPct" : 0.0,
    "meanResTime" : 459.8666666666667,
    "medianResTime" : 496.0,
    "minResTime" : 262.0,
    "maxResTime" : 616.0,
    "pct1ResTime" : 570.4000000000001,
    "pct2ResTime" : 601.6999999999999,
    "pct3ResTime" : 616.0,
    "throughput" : 15.105740181268883,
    "receivedKBytesPerSec" : 409.4393174093656,
    "sentKBytesPerSec" : 6.177028260322256
  },
  "HTTP Request" : {
    "transaction" : "HTTP Request",
    "sampleCount" : 30,
    "errorCount" : 0,
    "errorPct" : 0.0,
    "meanResTime" : 459.8666666666667,
    "medianResTime" : 496.0,
    "minResTime" : 262.0,
    "maxResTime" : 616.0,
    "pct1ResTime" : 570.4000000000001,
    "pct2ResTime" : 601.6999999999999,
    "pct3ResTime" : 616.0,
    "throughput" : 15.105740181268883,
    "receivedKBytesPerSec" : 409.4393174093656,
    "sentKBytesPerSec" : 6.177028260322256
  }
}