{
  "Total" : {
    "transaction" : "Total",
    "sampleCount" : 5272,
    "errorCount" : 13,
    "errorPct" : 0.24658574,
    "meanResTime" : 6692.004552352053,
    "medianResTime" : 5568.0,
    "minResTime" : 48.0,
    "maxResTime" : 130519.0,
    "pct1ResTime" : 12527.699999999997,
    "pct2ResTime" : 15469.699999999988,
    "pct3ResTime" : 20051.809999999998,
    "throughput" : 5.859385853673174,
    "receivedKBytesPerSec" : 279.038462066117,
    "sentKBytesPerSec" : 2.9611620668394547
  },
  "HTTP Request" : {
    "transaction" : "HTTP Request",
    "sampleCount" : 5272,
    "errorCount" : 13,
    "errorPct" : 0.24658574,
    "meanResTime" : 6692.004552352053,
    "medianResTime" : 5568.0,
    "minResTime" : 48.0,
    "maxResTime" : 130519.0,
    "pct1ResTime" : 12527.699999999997,
    "pct2ResTime" : 15469.699999999988,
    "pct3ResTime" : 20051.809999999998,
    "throughput" : 5.859385853673174,
    "receivedKBytesPerSec" : 279.038462066117,
    "sentKBytesPerSec" : 2.9611620668394547
  }
}