{
  "Total" : {
    "transaction" : "Total",
    "sampleCount" : 20,
    "errorCount" : 0,
    "errorPct" : 0.0,
    "meanResTime" : 19633.9,
    "medianResTime" : 21576.5,
    "minResTime" : 2017.0,
    "maxResTime" : 28104.0,
    "pct1ResTime" : 28070.8,
    "pct2ResTime" : 28102.6,
    "pct3ResTime" : 28104.0,
    "throughput" : 0.3897343960091198,
    "receivedKBytesPerSec" : 189.80141205643355,
    "sentKBytesPerSec" : 0.1590146783716897
  },
  "HTTP Request" : {
    "transaction" : "HTTP Request",
    "sampleCount" : 20,
    "errorCount" : 0,
    "errorPct" : 0.0,
    "meanResTime" : 19633.9,
    "medianResTime" : 21576.5,
    "minResTime" : 2017.0,
    "maxResTime" : 28104.0,
    "pct1ResTime" : 28070.8,
    "pct2ResTime" : 28102.6,
    "pct3ResTime" : 28104.0,
    "throughput" : 0.3897343960091198,
    "receivedKBytesPerSec" : 189.80141205643355,
    "sentKBytesPerSec" : 0.1590146783716897
  }
}