{
  "Total" : {
    "transaction" : "Total",
    "sampleCount" : 30,
    "errorCount" : 0,
    "errorPct" : 0.0,
    "meanResTime" : 95.69999999999999,
    "medianResTime" : 92.5,
    "minResTime" : 50.0,
    "maxResTime" : 252.0,
    "pct1ResTime" : 105.0,
    "pct2ResTime" : 178.2999999999999,
    "pct3ResTime" : 252.0,
    "throughput" : 10.291595197255575,
    "receivedKBytesPerSec" : 278.9725825471698,
    "sentKBytesPerSec" : 4.198381217838765
  },
  "HTTP Request" : {
    "transaction" : "HTTP Request",
    "sampleCount" : 30,
    "errorCount" : 0,
    "errorPct" : 0.0,
    "meanResTime" : 95.69999999999999,
    "medianResTime" : 92.5,
    "minResTime" : 50.0,
    "maxResTime" : 252.0,
    "pct1ResTime" : 105.0,
    "pct2ResTime" : 178.2999999999999,
    "pct3ResTime" : 252.0,
    "throughput" : 10.291595197255575,
    "receivedKBytesPerSec" : 278.9725825471698,
    "sentKBytesPerSec" : 4.198381217838765
  }
}