{
  "Total" : {
    "transaction" : "Total",
    "sampleCount" : 20,
    "errorCount" : 0,
    "errorPct" : 0.0,
    "meanResTime" : 4639.4,
    "medianResTime" : 4641.5,
    "minResTime" : 2283.0,
    "maxResTime" : 6129.0,
    "pct1ResTime" : 6054.9,
    "pct2ResTime" : 6125.35,
    "pct3ResTime" : 6129.0,
    "throughput" : 1.628531878511522,
    "receivedKBytesPerSec" : 506.71212772779086,
    "sentKBytesPerSec" : 0.6819477241266998
  },
  "HTTP Request" : {
    "transaction" : "HTTP Request",
    "sampleCount" : 20,
    "errorCount" : 0,
    "errorPct" : 0.0,
    "meanResTime" : 4639.4,
    "medianResTime" : 4641.5,
    "minResTime" : 2283.0,
    "maxResTime" : 6129.0,
    "pct1ResTime" : 6054.9,
    "pct2ResTime" : 6125.35,
    "pct3ResTime" : 6129.0,
    "throughput" : 1.628531878511522,
    "receivedKBytesPerSec" : 506.71212772779086,
    "sentKBytesPerSec" : 0.6819477241266998
  }
}