{
  "Total" : {
    "transaction" : "Total",
    "sampleCount" : 20,
    "errorCount" : 0,
    "errorPct" : 0.0,
    "meanResTime" : 19494.6,
    "medianResTime" : 20641.5,
    "minResTime" : 2771.0,
    "maxResTime" : 27739.0,
    "pct1ResTime" : 27477.9,
    "pct2ResTime" : 27725.95,
    "pct3ResTime" : 27739.0,
    "throughput" : 0.39356133653429887,
    "receivedKBytesPerSec" : 191.66469757885986,
    "sentKBytesPerSec" : 0.16057610000393563
  },
  "HTTP Request" : {
    "transaction" : "HTTP Request",
    "sampleCount" : 20,
    "errorCount" : 0,
    "errorPct" : 0.0,
    "meanResTime" : 19494.6,
    "medianResTime" : 20641.5,
    "minResTime" : 2771.0,
    "maxResTime" : 27739.0,
    "pct1ResTime" : 27477.9,
    "pct2ResTime" : 27725.95,
    "pct3ResTime" : 27739.0,
    "throughput" : 0.39356133653429887,
    "receivedKBytesPerSec" : 191.66469757885986,
    "sentKBytesPerSec" : 0.16057610000393563
  }
}