{
  "Total" : {
    "transaction" : "Total",
    "sampleCount" : 30,
    "errorCount" : 0,
    "errorPct" : 0.0,
    "meanResTime" : 308.8,
    "medianResTime" : 319.5,
    "minResTime" : 167.0,
    "maxResTime" : 448.0,
    "pct1ResTime" : 406.6000000000001,
    "pct2ResTime" : 430.4,
    "pct3ResTime" : 448.0,
    "throughput" : 20.70393374741201,
    "receivedKBytesPerSec" : 561.1776979813665,
    "sentKBytesPerSec" : 8.446018806073154
  },
  "HTTP Request" : {
    "transaction" : "HTTP Request",
    "sampleCount" : 30,
    "errorCount" : 0,
    "errorPct" : 0.0,
    "meanResTime" : 308.8,
    "medianResTime" : 319.5,
    "minResTime" : 167.0,
    "maxResTime" : 448.0,
    "pct1ResTime" : 406.6000000000001,
    "pct2ResTime" : 430.4,
    "pct3ResTime" : 448.0,
    "throughput" : 20.70393374741201,
    "receivedKBytesPerSec" : 561.1776979813665,
    "sentKBytesPerSec" : 8.446018806073154
  }
}