{
  "Total" : {
    "transaction" : "Total",
    "sampleCount" : 20,
    "errorCount" : 0,
    "errorPct" : 0.0,
    "meanResTime" : 18458.299999999996,
    "medianResTime" : 19489.5,
    "minResTime" : 2466.0,
    "maxResTime" : 26343.0,
    "pct1ResTime" : 26200.6,
    "pct2ResTime" : 26336.6,
    "pct3ResTime" : 26343.0,
    "throughput" : 0.4138558953772296,
    "receivedKBytesPerSec" : 201.547881672133,
    "sentKBytesPerSec" : 0.16885643856309232
  },
  "HTTP Request" : {
    "transaction" : "HTTP Request",
    "sampleCount" : 20,
    "errorCount" : 0,
    "errorPct" : 0.0,
    "meanResTime" : 18458.299999999996,
    "medianResTime" : 19489.5,
    "minResTime" : 2466.0,
    "maxResTime" : 26343.0,
    "pct1ResTime" : 26200.6,
    "pct2ResTime" : 26336.6,
    "pct3ResTime" : 26343.0,
    "throughput" : 0.4138558953772296,
    "receivedKBytesPerSec" : 201.547881672133,
    "sentKBytesPerSec" : 0.16885643856309232
  }
}