{
  "Total" : {
    "transaction" : "Total",
    "sampleCount" : 30,
    "errorCount" : 0,
    "errorPct" : 0.0,
    "meanResTime" : 83.83333333333333,
    "medianResTime" : 78.5,
    "minResTime" : 54.0,
    "maxResTime" : 234.0,
    "pct1ResTime" : 88.9,
    "pct2ResTime" : 156.9999999999999,
    "pct3ResTime" : 234.0,
    "throughput" : 11.705033164260632,
    "receivedKBytesPerSec" : 317.2749829301599,
    "sentKBytesPerSec" : 4.774982930159968
  },
  "HTTP Request" : {
    "transaction" : "HTTP Request",
    "sampleCount" : 30,
    "errorCount" : 0,
    "errorPct" : 0.0,
    "meanResTime" : 83.83333333333333,
    "medianResTime" : 78.5,
    "minResTime" : 54.0,
    "maxResTime" : 234.0,
    "pct1ResTime" : 88.9,
    "pct2ResTime" : 156.9999999999999,
    "pct3ResTime" : 234.0,
    "throughput" : 11.705033164260632,
    "receivedKBytesPerSec" : 317.2749829301599,
    "sentKBytesPerSec" : 4.774982930159968
  }
}