{
  "Total" : {
    "transaction" : "Total",
    "sampleCount" : 20,
    "errorCount" : 0,
    "errorPct" : 0.0,
    "meanResTime" : 772.7500000000001,
    "medianResTime" : 591.0,
    "minResTime" : 201.0,
    "maxResTime" : 2518.0,
    "pct1ResTime" : 1591.7,
    "pct2ResTime" : 2471.749999999999,
    "pct3ResTime" : 2518.0,
    "throughput" : 1.2887428313680005,
    "receivedKBytesPerSec" : 400.99025539258326,
    "sentKBytesPerSec" : 0.5396610606353502
  },
  "HTTP Request" : {
    "transaction" : "HTTP Request",
    "sampleCount" : 20,
    "errorCount" : 0,
    "errorPct" : 0.0,
    "meanResTime" : 772.7500000000001,
    "medianResTime" : 591.0,
    "minResTime" : 201.0,
    "maxResTime" : 2518.0,
    "pct1ResTime" : 1591.7,
    "pct2ResTime" : 2471.749999999999,
    "pct3ResTime" : 2518.0,
    "throughput" : 1.2887428313680005,
    "receivedKBytesPerSec" : 400.99025539258326,
    "sentKBytesPerSec" : 0.5396610606353502
  }
}