{
  "Total" : {
    "transaction" : "Total",
    "sampleCount" : 735,
    "errorCount" : 0,
    "errorPct" : 0.0,
    "meanResTime" : 837.1523809523806,
    "medianResTime" : 754.0,
    "minResTime" : 201.0,
    "maxResTime" : 3334.0,
    "pct1ResTime" : 1317.4,
    "pct2ResTime" : 1623.7999999999993,
    "pct3ResTime" : 2928.5599999999995,
    "throughput" : 11.795859412614348,
    "receivedKBytesPerSec" : 1726.3112361579201,
    "sentKBytesPerSec" : 5.193632392473118
  },
  "HTTP Request" : {
    "transaction" : "HTTP Request",
    "sampleCount" : 735,
    "errorCount" : 0,
    "errorPct" : 0.0,
    "meanResTime" : 837.1523809523806,
    "medianResTime" : 754.0,
    "minResTime" : 201.0,
    "maxResTime" : 3334.0,
    "pct1ResTime" : 1317.4,
    "pct2ResTime" : 1623.7999999999993,
    "pct3ResTime" : 2928.5599999999995,
    "throughput" : 11.795859412614348,
    "receivedKBytesPerSec" : 1726.3112361579201,
    "sentKBytesPerSec" : 5.193632392473118
  }
}