{
  "Total" : {
    "transaction" : "Total",
    "sampleCount" : 22,
    "errorCount" : 0,
    "errorPct" : 0.0,
    "meanResTime" : 2693.5454545454545,
    "medianResTime" : 3076.5,
    "minResTime" : 461.0,
    "maxResTime" : 4166.0,
    "pct1ResTime" : 4112.4,
    "pct2ResTime" : 4160.3,
    "pct3ResTime" : 4166.0,
    "throughput" : 2.9443254817987152,
    "receivedKBytesPerSec" : 383.9414543462259,
    "sentKBytesPerSec" : 1.2546841541755889
  },
  "HTTP Request" : {
    "transaction" : "HTTP Request",
    "sampleCount" : 22,
    "errorCount" : 0,
    "errorPct" : 0.0,
    "meanResTime" : 2693.5454545454545,
    "medianResTime" : 3076.5,
    "minResTime" : 461.0,
    "maxResTime" : 4166.0,
    "pct1ResTime" : 4112.4,
    "pct2ResTime" : 4160.3,
    "pct3ResTime" : 4166.0,
    "throughput" : 2.9443254817987152,
    "receivedKBytesPerSec" : 383.9414543462259,
    "sentKBytesPerSec" : 1.2546841541755889
  }
}