{
  "Total" : {
    "transaction" : "Total",
    "sampleCount" : 149,
    "errorCount" : 0,
    "errorPct" : 0.0,
    "meanResTime" : 277.91946308724835,
    "medianResTime" : 281.0,
    "minResTime" : 9.0,
    "maxResTime" : 498.0,
    "pct1ResTime" : 417.0,
    "pct2ResTime" : 426.0,
    "pct3ResTime" : 491.0,
    "throughput" : 32.582549748523945,
    "receivedKBytesPerSec" : 59.14513516837962,
    "sentKBytesPerSec" : 16.219522195495298
  },
  "HTTP Request" : {
    "transaction" : "HTTP Request",
    "sampleCount" : 149,
    "errorCount" : 0,
    "errorPct" : 0.0,
    "meanResTime" : 277.91946308724835,
    "medianResTime" : 281.0,
    "minResTime" : 9.0,
    "maxResTime" : 498.0,
    "pct1ResTime" : 417.0,
    "pct2ResTime" : 426.0,
    "pct3ResTime" : 491.0,
    "throughput" : 32.582549748523945,
    "receivedKBytesPerSec" : 59.14513516837962,
    "sentKBytesPerSec" : 16.219522195495298
  }
}