{
  "Total" : {
    "transaction" : "Total",
    "sampleCount" : 5272,
    "errorCount" : 0,
    "errorPct" : 0.0,
    "meanResTime" : 738.0830804248851,
    "medianResTime" : 577.0,
    "minResTime" : 59.0,
    "maxResTime" : 4894.0,
    "pct1ResTime" : 1580.6999999999998,
    "pct2ResTime" : 1952.7499999999973,
    "pct3ResTime" : 3049.619999999997,
    "throughput" : 16.110352245884556,
    "receivedKBytesPerSec" : 768.4090937630828,
    "sentKBytesPerSec" : 8.161142508204913
  },
  "HTTP Request" : {
    "transaction" : "HTTP Request",
    "sampleCount" : 5272,
    "errorCount" : 0,
    "errorPct" : 0.0,
    "meanResTime" : 738.0830804248851,
    "medianResTime" : 577.0,
    "minResTime" : 59.0,
    "maxResTime" : 4894.0,
    "pct1ResTime" : 1580.6999999999998,
    "pct2ResTime" : 1952.7499999999973,
    "pct3ResTime" : 3049.619999999997,
    "throughput" : 16.110352245884556,
    "receivedKBytesPerSec" : 768.4090937630828,
    "sentKBytesPerSec" : 8.161142508204913
  }
}