{
  "qgis218-stock": {
    "somap218_lk": {
      "lk_big.txt": {
        "transaction": "Total",
        "sampleCount": 5272,
        "errorCount": 10,
        "errorPct": 0.18968134,
        "meanResTime": 443.983877086494,
        "medianResTime": 134.5,
        "minResTime": 5.0,
        "maxResTime": 90094.0,
        "pct1ResTime": 733.0,
        "pct2ResTime": 1029.3499999999995,
        "pct3ResTime": 2064.2699999999995,
        "throughput": 17.66282497989815,
        "receivedKBytesPerSec": 897.5043540919827,
        "sentKBytesPerSec": 8.947590316981037,
        "memMaxMB": 5150.8,
        "memAvgMB": 4108.5,
        "memMinMB": 2281.8,
        "cpuMax%": 99.9,
        "cpuAvg%": 79.4,
        "cpuMin%": 0.3,
        "dashboard": "results/details/compare-major/20201010-154450/qgis218-stock/somap218_lk/lk_big.txt/dashboard/index.html"
      }
    },
    "somap218_grundplanav_farbig": {
      "av_f_big.txt": {
        "transaction": "Total",
        "sampleCount": 735,
        "errorCount": 0,
        "errorPct": 0.0,
        "meanResTime": 860.7061224489794,
        "medianResTime": 670.0,
        "minResTime": 227.0,
        "maxResTime": 9230.0,
        "pct1ResTime": 1457.6,
        "pct2ResTime": 1903.3999999999999,
        "pct3ResTime": 3210.5599999999968,
        "throughput": 11.190450815304272,
        "receivedKBytesPerSec": 1958.7840697366819,
        "sentKBytesPerSec": 4.927075324294697,
        "memMaxMB": 4168.4,
        "memAvgMB": 3704.4,
        "memMinMB": 3081.7,
        "cpuMax%": 99.1,
        "cpuAvg%": 94.9,
        "cpuMin%": 17.8,
        "dashboard": "results/details/compare-major/20201010-154450/qgis218-stock/somap218_grundplanav_farbig/av_f_big.txt/dashboard/index.html"
      }
    },
    "somap218_grundplanav_sw": {
      "av_sw_big.txt": {
        "transaction": "Total",
        "sampleCount": 5190,
        "errorCount": 0,
        "errorPct": 0.0,
        "meanResTime": 971.2069364161845,
        "medianResTime": 582.0,
        "minResTime": 209.0,
        "maxResTime": 16905.0,
        "pct1ResTime": 2202.7000000000016,
        "pct2ResTime": 2726.7999999999993,
        "pct3ResTime": 5383.540000000001,
        "throughput": 10.195902779414885,
        "receivedKBytesPerSec": 3174.6685921040935,
        "sentKBytesPerSec": 4.44060174489419,
        "memMaxMB": 9630.9,
        "memAvgMB": 7769.5,
        "memMinMB": 3505.0,
        "cpuMax%": 99.9,
        "cpuAvg%": 98.1,
        "cpuMin%": 13.2,
        "dashboard": "results/details/compare-major/20201010-154450/qgis218-stock/somap218_grundplanav_sw/av_sw_big.txt/dashboard/index.html"
      }
    }
  },
  "qgis310-stock": {
    "somap310_lk": {
      "lk_big.txt": {
        "transaction": "Total",
        "sampleCount": 5272,
        "errorCount": 0,
        "errorPct": 0.0,
        "meanResTime": 355.4944992412758,
        "medianResTime": 184.0,
        "minResTime": 28.0,
        "maxResTime": 3528.0,
        "pct1ResTime": 896.6999999999998,
        "pct2ResTime": 1191.3499999999995,
        "pct3ResTime": 1819.6199999999972,
        "throughput": 27.795205432507526,
        "receivedKBytesPerSec": 1325.8267755146358,
        "sentKBytesPerSec": 14.080426617454778,
        "memMaxMB": 5073.6,
        "memAvgMB": 3619.4,
        "memMinMB": 2472.2,
        "cpuMax%": 95.6,
        "cpuAvg%": 72.8,
        "cpuMin%": 14.2,
        "dashboard": "results/details/compare-major/20201010-154450/qgis310-stock/somap310_lk/lk_big.txt/dashboard/index.html"
      }
    },
    "somap310_grundplanav_farbig": {
      "av_f_big.txt": {
        "transaction": "Total",
        "sampleCount": 735,
        "errorCount": 0,
        "errorPct": 0.0,
        "meanResTime": 1035.6231292516995,
        "medianResTime": 865.0,
        "minResTime": 190.0,
        "maxResTime": 4464.0,
        "pct1ResTime": 1806.0,
        "pct2ResTime": 2018.0,
        "pct3ResTime": 3615.5199999999995,
        "throughput": 9.533197577141078,
        "receivedKBytesPerSec": 1395.1369292646466,
        "sentKBytesPerSec": 4.1973985962852955,
        "memMaxMB": 5030.3,
        "memAvgMB": 4277.8,
        "memMinMB": 2616.5,
        "cpuMax%": 95.6,
        "cpuAvg%": 72.9,
        "cpuMin%": 25.5,
        "dashboard": "results/details/compare-major/20201010-154450/qgis310-stock/somap310_grundplanav_farbig/av_f_big.txt/dashboard/index.html"
      }
    },
    "somap310_grundplanav_sw": {
      "av_sw_big.txt": {
        "transaction": "Total",
        "sampleCount": 5190,
        "errorCount": 0,
        "errorPct": 0.0,
        "meanResTime": 1015.5140655105982,
        "medianResTime": 837.0,
        "minResTime": 178.0,
        "maxResTime": 8909.0,
        "pct1ResTime": 1887.9000000000005,
        "pct2ResTime": 2317.45,
        "pct3ResTime": 3246.540000000001,
        "throughput": 9.803903049032739,
        "receivedKBytesPerSec": 2653.389936120559,
        "sentKBytesPerSec": 4.2698748632837225,
        "memMaxMB": 9516.6,
        "memAvgMB": 7479.0,
        "memMinMB": 3912.8,
        "cpuMax%": 94.5,
        "cpuAvg%": 73.6,
        "cpuMin%": 24.4,
        "dashboard": "results/details/compare-major/20201010-154450/qgis310-stock/somap310_grundplanav_sw/av_sw_big.txt/dashboard/index.html"
      }
    }
  },
  "qgis314-stock": {
    "somap314_lk": {
      "lk_big.txt": {
        "transaction": "Total",
        "sampleCount": 5272,
        "errorCount": 0,
        "errorPct": 0.0,
        "meanResTime": 361.078717754172,
        "medianResTime": 193.0,
        "minResTime": 32.0,
        "maxResTime": 3056.0,
        "pct1ResTime": 867.0,
        "pct2ResTime": 1137.3499999999995,
        "pct3ResTime": 1884.0699999999806,
        "throughput": 27.305875528300323,
        "receivedKBytesPerSec": 1301.7871186817613,
        "sentKBytesPerSec": 13.832543081402275,
        "memMaxMB": 5804.5,
        "memAvgMB": 3609.8,
        "memMinMB": 2380.4,
        "cpuMax%": 95.9,
        "cpuAvg%": 71.2,
        "cpuMin%": 12.9,
        "dashboard": "results/details/compare-major/20201010-154450/qgis314-stock/somap314_lk/lk_big.txt/dashboard/index.html"
      }
    },
    "somap314_grundplanav_farbig": {
      "av_f_big.txt": {
        "transaction": "Total",
        "sampleCount": 735,
        "errorCount": 0,
        "errorPct": 0.0,
        "meanResTime": 1048.225850340137,
        "medianResTime": 936.0,
        "minResTime": 177.0,
        "maxResTime": 3799.0,
        "pct1ResTime": 1809.6,
        "pct2ResTime": 2035.5999999999995,
        "pct3ResTime": 2697.6799999999994,
        "throughput": 9.399938612645796,
        "receivedKBytesPerSec": 1375.586322170107,
        "sentKBytesPerSec": 4.138725628900655,
        "memMaxMB": 5018.9,
        "memAvgMB": 4281.5,
        "memMinMB": 2748.7,
        "cpuMax%": 93.4,
        "cpuAvg%": 72.7,
        "cpuMin%": 29.0,
        "dashboard": "results/details/compare-major/20201010-154450/qgis314-stock/somap314_grundplanav_farbig/av_f_big.txt/dashboard/index.html"
      }
    },
    "somap314_grundplanav_sw": {
      "av_sw_big.txt": {
        "transaction": "Total",
        "sampleCount": 5190,
        "errorCount": 0,
        "errorPct": 0.0,
        "meanResTime": 1034.5163776493239,
        "medianResTime": 861.5,
        "minResTime": 194.0,
        "maxResTime": 6883.0,
        "pct1ResTime": 1896.9000000000005,
        "pct2ResTime": 2330.0,
        "pct3ResTime": 3367.4400000000023,
        "throughput": 9.61043482125332,
        "receivedKBytesPerSec": 2600.9075276444664,
        "sentKBytesPerSec": 4.185614021605887,
        "memMaxMB": 9566.9,
        "memAvgMB": 7496.2,
        "memMinMB": 3955.8,
        "cpuMax%": 99.1,
        "cpuAvg%": 73.3,
        "cpuMin%": 13.2,
        "dashboard": "results/details/compare-major/20201010-154450/qgis314-stock/somap314_grundplanav_sw/av_sw_big.txt/dashboard/index.html"
      }
    }
  },
  "qgis314-standalone": {
    "somap314_lk": {
      "lk_big.txt": {
        "transaction": "Total",