{
  "Total" : {
    "transaction" : "Total",
    "sampleCount" : 30,
    "errorCount" : 0,
    "errorPct" : 0.0,
    "meanResTime" : 13803.666666666664,
    "medianResTime" : 16223.5,
    "minResTime" : 1927.0,
    "maxResTime" : 16528.0,
    "pct1ResTime" : 16469.7,
    "pct2ResTime" : 16524.7,
    "pct3ResTime" : 16528.0,
    "throughput" : 0.6093102607847916,
    "receivedKBytesPerSec" : 16.515878244577138,
    "sentKBytesPerSec" : 0.24915870755138517
  },
  "HTTP Request" : {
    "transaction" : "HTTP Request",
    "sampleCount" : 30,
    "errorCount" : 0,
    "errorPct" : 0.0,
    "meanResTime" : 13803.666666666664,
    "medianResTime" : 16223.5,
    "minResTime" : 1927.0,
    "maxResTime" : 16528.0,
    "pct1ResTime" : 16469.7,
    "pct2ResTime" : 16524.7,
    "pct3ResTime" : 16528.0,
    "throughput" : 0.6093102607847916,
    "receivedKBytesPerSec" : 16.515878244577138,
    "sentKBytesPerSec" : 0.24915870755138517
  }
}