{
  "Total" : {
    "transaction" : "Total",
    "sampleCount" : 5190,
    "errorCount" : 0,
    "errorPct" : 0.0,
    "meanResTime" : 303.22524084778445,
    "medianResTime" : 198.0,
    "minResTime" : 4.0,
    "maxResTime" : 2126.0,
    "pct1ResTime" : 702.9000000000005,
    "pct2ResTime" : 896.0,
    "pct3ResTime" : 1279.3600000000006,
    "throughput" : 32.64109885410246,
    "receivedKBytesPerSec" : 6234.613425656595,
    "sentKBytesPerSec" : 14.655119805882943
  },
  "HTTP Request" : {
    "transaction" : "HTTP Request",
    "sampleCount" : 5190,
    "errorCount" : 0,
    "errorPct" : 0.0,
    "meanResTime" : 303.22524084778445,
    "medianResTime" : 198.0,
    "minResTime" : 4.0,
    "maxResTime" : 2126.0,
    "pct1ResTime" : 702.9000000000005,
    "pct2ResTime" : 896.0,
    "pct3ResTime" : 1279.3600000000006,
    "throughput" : 32.64109885410246,
    "receivedKBytesPerSec" : 6234.613425656595,
    "sentKBytesPerSec" : 14.655119805882943
  }
}