{
  "Total" : {
    "transaction" : "Total",
    "sampleCount" : 5262,
    "errorCount" : 0,
    "errorPct" : 0.0,
    "meanResTime" : 316.62029646522166,
    "medianResTime" : 172.0,
    "minResTime" : 31.0,
    "maxResTime" : 4135.0,
    "pct1ResTime" : 774.3999999999996,
    "pct2ResTime" : 1011.8499999999995,
    "pct3ResTime" : 1570.4799999999996,
    "throughput" : 31.0376557191393,
    "receivedKBytesPerSec" : 1469.2737871676222,
    "sentKBytesPerSec" : 15.722238058952081
  },
  "HTTP Request" : {
    "transaction" : "HTTP Request",
    "sampleCount" : 5262,
    "errorCount" : 0,
    "errorPct" : 0.0,
    "meanResTime" : 316.62029646522166,
    "medianResTime" : 172.0,
    "minResTime" : 31.0,
    "maxResTime" : 4135.0,
    "pct1ResTime" : 774.3999999999996,
    "pct2ResTime" : 1011.8499999999995,
    "pct3ResTime" : 1570.4799999999996,
    "throughput" : 31.0376557191393,
    "receivedKBytesPerSec" : 1469.2737871676222,
    "sentKBytesPerSec" : 15.722238058952081
  }
}