{
  "Total" : {
    "transaction" : "Total",
    "sampleCount" : 30,
    "errorCount" : 0,
    "errorPct" : 0.0,
    "meanResTime" : 345.3333333333333,
    "medianResTime" : 182.0,
    "minResTime" : 67.0,
    "maxResTime" : 978.0,
    "pct1ResTime" : 918.9,
    "pct2ResTime" : 975.25,
    "pct3ResTime" : 978.0,
    "throughput" : 21.551724137931036,
    "receivedKBytesPerSec" : 581.9793350395115,
    "sentKBytesPerSec" : 9.086521192528735
  },
  "HTTP Request" : {
    "transaction" : "HTTP Request",
    "sampleCount" : 30,
    "errorCount" : 0,
    "errorPct" : 0.0,
    "meanResTime" : 345.3333333333333,
    "medianResTime" : 182.0,
    "minResTime" : 67.0,
    "maxResTime" : 978.0,
    "pct1ResTime" : 918.9,
    "pct2ResTime" : 975.25,
    "pct3ResTime" : 978.0,
    "throughput" : 21.551724137931036,
    "receivedKBytesPerSec" : 581.9793350395115,
    "sentKBytesPerSec" : 9.086521192528735
  }
}