{
  "Total" : {
    "transaction" : "Total",
    "sampleCount" : 30,
    "errorCount" : 30,
    "errorPct" : 100.0,
    "meanResTime" : 31160.033333333333,
    "medianResTime" : 2.0,
    "minResTime" : 0.0,
    "maxResTime" : 120102.0,
    "pct1ResTime" : 120041.4,
    "pct2ResTime" : 120079.45,
    "pct3ResTime" : 120102.0,
    "throughput" : 0.16653898677680445,
    "receivedKBytesPerSec" : 0.05510640626908259,
    "sentKBytesPerSec" : 0.06810100103809301
  },
  "HTTP Request" : {
    "transaction" : "HTTP Request",
    "sampleCount" : 30,
    "errorCount" : 30,
    "errorPct" : 100.0,
    "meanResTime" : 31160.033333333333,
    "medianResTime" : 2.0,
    "minResTime" : 0.0,
    "maxResTime" : 120102.0,
    "pct1ResTime" : 120041.4,
    "pct2ResTime" : 120079.45,
    "pct3ResTime" : 120102.0,
    "throughput" : 0.16653898677680445,
    "receivedKBytesPerSec" : 0.05510640626908259,
    "sentKBytesPerSec" : 0.06810100103809301
  }
}