{
  "Total" : {
    "transaction" : "Total",
    "sampleCount" : 735,
    "errorCount" : 0,
    "errorPct" : 0.0,
    "meanResTime" : 466.0666666666667,
    "medianResTime" : 396.0,
    "minResTime" : 170.0,
    "maxResTime" : 2847.0,
    "pct1ResTime" : 707.0,
    "pct2ResTime" : 841.1999999999999,
    "pct3ResTime" : 1607.4799999999989,
    "throughput" : 2.1384804278124654,
    "receivedKBytesPerSec" : 312.95802418410426,
    "sentKBytesPerSec" : 0.9415576120447364
  },
  "HTTP Request" : {
    "transaction" : "HTTP Request",
    "sampleCount" : 735,
    "errorCount" : 0,
    "errorPct" : 0.0,
    "meanResTime" : 466.0666666666667,
    "medianResTime" : 396.0,
    "minResTime" : 170.0,
    "maxResTime" : 2847.0,
    "pct1ResTime" : 707.0,
    "pct2ResTime" : 841.1999999999999,
    "pct3ResTime" : 1607.4799999999989,
    "throughput" : 2.1384804278124654,
    "receivedKBytesPerSec" : 312.95802418410426,
    "sentKBytesPerSec" : 0.9415576120447364
  }
}