{
  "Total" : {
    "transaction" : "Total",
    "sampleCount" : 22,
    "errorCount" : 0,
    "errorPct" : 0.0,
    "meanResTime" : 1415.8636363636365,
    "medianResTime" : 1187.5,
    "minResTime" : 220.0,
    "maxResTime" : 3649.0,
    "pct1ResTime" : 3140.7999999999997,
    "pct2ResTime" : 3578.349999999999,
    "pct3ResTime" : 3649.0,
    "throughput" : 4.995458673932788,
    "receivedKBytesPerSec" : 790.1135686307902,
    "sentKBytesPerSec" : 2.1287465940054497
  },
  "HTTP Request" : {
    "transaction" : "HTTP Request",
    "sampleCount" : 22,
    "errorCount" : 0,
    "errorPct" : 0.0,
    "meanResTime" : 1415.8636363636365,
    "medianResTime" : 1187.5,
    "minResTime" : 220.0,
    "maxResTime" : 3649.0,
    "pct1ResTime" : 3140.7999999999997,
    "pct2ResTime" : 3578.349999999999,
    "pct3ResTime" : 3649.0,
    "throughput" : 4.995458673932788,
    "receivedKBytesPerSec" : 790.1135686307902,
    "sentKBytesPerSec" : 2.1287465940054497
  }
}