{
  "Total" : {
    "transaction" : "Total",
    "sampleCount" : 30,
    "errorCount" : 0,
    "errorPct" : 0.0,
    "meanResTime" : 508.4333333333333,
    "medianResTime" : 580.0,
    "minResTime" : 227.0,
    "maxResTime" : 672.0,
    "pct1ResTime" : 650.5,
    "pct2ResTime" : 667.05,
    "pct3ResTime" : 672.0,
    "throughput" : 13.986013986013987,
    "receivedKBytesPerSec" : 379.06559586247084,
    "sentKBytesPerSec" : 5.705492424242424
  },
  "HTTP Request" : {
    "transaction" : "HTTP Request",
    "sampleCount" : 30,
    "errorCount" : 0,
    "errorPct" : 0.0,
    "meanResTime" : 508.4333333333333,
    "medianResTime" : 580.0,
    "minResTime" : 227.0,
    "maxResTime" : 672.0,
    "pct1ResTime" : 650.5,
    "pct2ResTime" : 667.05,
    "pct3ResTime" : 672.0,
    "throughput" : 13.986013986013987,
    "receivedKBytesPerSec" : 379.06559586247084,
    "sentKBytesPerSec" : 5.705492424242424
  }
}