{
  "Total" : {
    "transaction" : "Total",
    "sampleCount" : 5191,
    "errorCount" : 47,
    "errorPct" : 0.9054132,
    "meanResTime" : 1191.8069736081702,
    "medianResTime" : 1047.0,
    "minResTime" : 234.0,
    "maxResTime" : 6890.0,
    "pct1ResTime" : 1983.0,
    "pct2ResTime" : 2377.3999999999996,
    "pct3ResTime" : 3803.039999999999,
    "throughput" : 33.111146547600065,
    "receivedKBytesPerSec" : 8810.563494159624,
    "sentKBytesPerSec" : 14.420565649417956
  },
  "HTTP Request" : {
    "transaction" : "HTTP Request",
    "sampleCount" : 5191,
    "errorCount" : 47,
    "errorPct" : 0.9054132,
    "meanResTime" : 1191.8069736081702,
    "medianResTime" : 1047.0,
    "minResTime" : 234.0,
    "maxResTime" : 6890.0,
    "pct1ResTime" : 1983.0,
    "pct2ResTime" : 2377.3999999999996,
    "pct3ResTime" : 3803.039999999999,
    "throughput" : 33.111146547600065,
    "receivedKBytesPerSec" : 8810.563494159624,
    "sentKBytesPerSec" : 14.420565649417956
  }
}