{
  "Total" : {
    "transaction" : "Total",
    "sampleCount" : 5191,
    "errorCount" : 1,
    "errorPct" : 0.019264111,
    "meanResTime" : 444.8736274320952,
    "medianResTime" : 235.0,
    "minResTime" : 19.0,
    "maxResTime" : 23176.0,
    "pct1ResTime" : 678.0,
    "pct2ResTime" : 1043.1999999999953,
    "pct3ResTime" : 4928.399999999998,
    "throughput" : 22.07658546543277,
    "receivedKBytesPerSec" : 5721.965521914711,
    "sentKBytesPerSec" : 9.95485641155544
  },
  "HTTP Request" : {
    "transaction" : "HTTP Request",
    "sampleCount" : 5191,
    "errorCount" : 1,
    "errorPct" : 0.019264111,
    "meanResTime" : 444.8736274320952,
    "medianResTime" : 235.0,
    "minResTime" : 19.0,
    "maxResTime" : 23176.0,
    "pct1ResTime" : 678.0,
    "pct2ResTime" : 1043.1999999999953,
    "pct3ResTime" : 4928.399999999998,
    "throughput" : 22.07658546543277,
    "receivedKBytesPerSec" : 5721.965521914711,
    "sentKBytesPerSec" : 9.95485641155544
  }
}