{
  "Total" : {
    "transaction" : "Total",
    "sampleCount" : 20,
    "errorCount" : 0,
    "errorPct" : 0.0,
    "meanResTime" : 516.4000000000001,
    "medianResTime" : 380.5,
    "minResTime" : 213.0,
    "maxResTime" : 1226.0,
    "pct1ResTime" : 1143.3000000000004,
    "pct2ResTime" : 1222.8999999999999,
    "pct3ResTime" : 1226.0,
    "throughput" : 1.925483777799172,
    "receivedKBytesPerSec" : 598.5486666024839,
    "sentKBytesPerSec" : 0.8062963319534032
  },
  "HTTP Request" : {
    "transaction" : "HTTP Request",
    "sampleCount" : 20,
    "errorCount" : 0,
    "errorPct" : 0.0,
    "meanResTime" : 516.4000000000001,
    "medianResTime" : 380.5,
    "minResTime" : 213.0,
    "maxResTime" : 1226.0,
    "pct1ResTime" : 1143.3000000000004,
    "pct2ResTime" : 1222.8999999999999,
    "pct3ResTime" : 1226.0,
    "throughput" : 1.925483777799172,
    "receivedKBytesPerSec" : 598.5486666024839,
    "sentKBytesPerSec" : 0.8062963319534032
  }
}