{
  "Total" : {
    "transaction" : "Total",
    "sampleCount" : 735,
    "errorCount" : 0,
    "errorPct" : 0.0,
    "meanResTime" : 799.6380952380949,
    "medianResTime" : 791.0,
    "minResTime" : 129.0,
    "maxResTime" : 2798.0,
    "pct1ResTime" : 1190.4,
    "pct2ResTime" : 1372.9999999999995,
    "pct3ResTime" : 2083.24,
    "throughput" : 12.19289660091903,
    "receivedKBytesPerSec" : 1688.3029452688243,
    "sentKBytesPerSec" : 5.511330529105357
  },
  "HTTP Request" : {
    "transaction" : "HTTP Request",
    "sampleCount" : 735,
    "errorCount" : 0,
    "errorPct" : 0.0,
    "meanResTime" : 799.6380952380949,
    "medianResTime" : 791.0,
    "minResTime" : 129.0,
    "maxResTime" : 2798.0,
    "pct1ResTime" : 1190.4,
    "pct2ResTime" : 1372.9999999999995,
    "pct3ResTime" : 2083.24,
    "throughput" : 12.19289660091903,
    "receivedKBytesPerSec" : 1688.3029452688243,
    "sentKBytesPerSec" : 5.511330529105357
  }
}