{
  "Total" : {
    "transaction" : "Total",
    "sampleCount" : 735,
    "errorCount" : 0,
    "errorPct" : 0.0,
    "meanResTime" : 505.58503401360554,
    "medianResTime" : 469.0,
    "minResTime" : 6.0,
    "maxResTime" : 3437.0,
    "pct1ResTime" : 895.1999999999999,
    "pct2ResTime" : 1051.7999999999997,
    "pct3ResTime" : 1662.3199999999997,
    "throughput" : 19.321258641991534,
    "receivedKBytesPerSec" : 2827.3168413274498,
    "sentKBytesPerSec" : 8.507011760337532
  },
  "HTTP Request" : {
    "transaction" : "HTTP Request",
    "sampleCount" : 735,
    "errorCount" : 0,
    "errorPct" : 0.0,
    "meanResTime" : 505.58503401360554,
    "medianResTime" : 469.0,
    "minResTime" : 6.0,
    "maxResTime" : 3437.0,
    "pct1ResTime" : 895.1999999999999,
    "pct2ResTime" : 1051.7999999999997,
    "pct3ResTime" : 1662.3199999999997,
    "throughput" : 19.321258641991534,
    "receivedKBytesPerSec" : 2827.3168413274498,
    "sentKBytesPerSec" : 8.507011760337532
  }
}