{
  "Total" : {
    "transaction" : "Total",
    "sampleCount" : 735,
    "errorCount" : 0,
    "errorPct" : 0.0,
    "meanResTime" : 1255.3210884353732,
    "medianResTime" : 1183.0,
    "minResTime" : 411.0,
    "maxResTime" : 4486.0,
    "pct1ResTime" : 1856.8,
    "pct2ResTime" : 2115.5999999999976,
    "pct3ResTime" : 3309.48,
    "throughput" : 9.441596978688967,
    "receivedKBytesPerSec" : 1381.750997750395,
    "sentKBytesPerSec" : 4.157067509024111
  },
  "HTTP Request" : {
    "transaction" : "HTTP Request",
    "sampleCount" : 735,
    "errorCount" : 0,
    "errorPct" : 0.0,
    "meanResTime" : 1255.3210884353732,
    "medianResTime" : 1183.0,
    "minResTime" : 411.0,
    "maxResTime" : 4486.0,
    "pct1ResTime" : 1856.8,
    "pct2ResTime" : 2115.5999999999976,
    "pct3ResTime" : 3309.48,
    "throughput" : 9.441596978688967,
    "receivedKBytesPerSec" : 1381.750997750395,
    "sentKBytesPerSec" : 4.157067509024111
  }
}