{
  "Total" : {
    "transaction" : "Total",
    "sampleCount" : 30,
    "errorCount" : 0,
    "errorPct" : 0.0,
    "meanResTime" : 284.56666666666666,
    "medianResTime" : 213.0,
    "minResTime" : 101.0,
    "maxResTime" : 848.0,
    "pct1ResTime" : 816.6000000000001,
    "pct2ResTime" : 838.1,
    "pct3ResTime" : 848.0,
    "throughput" : 23.790642347343375,
    "receivedKBytesPerSec" : 644.8890389571769,
    "sentKBytesPerSec" : 9.70521907216495
  },
  "HTTP Request" : {
    "transaction" : "HTTP Request",
    "sampleCount" : 30,
    "errorCount" : 0,
    "errorPct" : 0.0,
    "meanResTime" : 284.56666666666666,
    "medianResTime" : 213.0,
    "minResTime" : 101.0,
    "maxResTime" : 848.0,
    "pct1ResTime" : 816.6000000000001,
    "pct2ResTime" : 838.1,
    "pct3ResTime" : 848.0,
    "throughput" : 23.790642347343375,
    "receivedKBytesPerSec" : 644.8890389571769,
    "sentKBytesPerSec" : 9.70521907216495
  }
}