{
  "qgis310-bigfile": {
    "somap310_fix": {
      "lk.txt": {
        "transaction": "Total",
        "sampleCount": 30,
        "errorCount": 0,
        "errorPct": 0.0,
        "meanResTime": 14434.8,
        "medianResTime": 16968.0,
        "minResTime": 2033.0,
        "maxResTime": 17196.0,
        "pct1ResTime": 17156.9,
        "pct2ResTime": 17185.55,
        "pct3ResTime": 17196.0,
        "throughput": 0.5856058092096273,
        "receivedKBytesPerSec": 15.873920594292295,
        "sentKBytesPerSec": 0.23946550049776494,
        "memMaxMB": 5291.5,
        "memAvgMB": 5268.1,
        "memMinMB": 5257.1,
        "cpuMax%": 42.5,
        "cpuAvg%": 14.1,
        "cpuMin%": 12.4,
        "dashboard": "results/details/compare-bigfile-settings/20201101-142317/qgis310-bigfile/somap310_fix/lk.txt/dashboard/index.html",
        "effective duration": 56.5
      },
      "av_f_big.txt": {
        "transaction": "Total",
        "sampleCount": 735,
        "errorCount": 0,
        "errorPct": 0.0,
        "meanResTime": 26545.121088435375,
        "medianResTime": 27527.0,
        "minResTime": 3231.0,
        "maxResTime": 44980.0,
        "pct1ResTime": 30451.8,
        "pct2ResTime": 32442.799999999977,
        "pct3ResTime": 43092.31999999999,
        "throughput": 0.3750782688836599,
        "receivedKBytesPerSec": 69.47331968364189,
        "sentKBytesPerSec": 0.1596499641060303,
        "memMaxMB": 8866.2,
        "memAvgMB": 6820.9,
        "memMinMB": 5268.3,
        "cpuMax%": 37.6,
        "cpuAvg%": 14.1,
        "cpuMin%": 12.4,
        "dashboard": "results/details/compare-bigfile-settings/20201101-142317/qgis310-bigfile/somap310_fix/av_f_big.txt/dashboard/index.html",
        "effective duration": 1965.3
      },
      "av_sw.txt": {
        "transaction": "Total",
        "sampleCount": 20,
        "errorCount": 0,
        "errorPct": 0.0,
        "meanResTime": 19076.800000000007,
        "medianResTime": 20108.5,
        "minResTime": 2482.0,
        "maxResTime": 27229.0,
        "pct1ResTime": 27035.9,
        "pct2ResTime": 27219.35,
        "pct3ResTime": 27229.0,
        "throughput": 0.40180813661476644,
        "receivedKBytesPerSec": 195.6813473129081,
        "sentKBytesPerSec": 0.16394085886489201,
        "memMaxMB": 8477.8,
        "memAvgMB": 6645.7,
        "memMinMB": 6433.0,
        "cpuMax%": 36.3,
        "cpuAvg%": 14.8,
        "cpuMin%": 12.4,
        "dashboard": "results/details/compare-bigfile-settings/20201101-142317/qgis310-bigfile/somap310_fix/av_sw.txt/dashboard/index.html",
        "effective duration": 55.1
      }
    }
  },
  "qgis310-bigfile-bigcache": {
    "somap310_fix": {
      "lk.txt": {
        "transaction": "Total",
        "sampleCount": 30,
        "errorCount": 0,
        "errorPct": 0.0,
        "meanResTime": 14309.3,
        "medianResTime": 16793.5,
        "minResTime": 1993.0,
        "maxResTime": 17306.0,
        "pct1ResTime": 16993.9,
        "pct2ResTime": 17230.65,
        "pct3ResTime": 17306.0,
        "throughput": 0.5922416345869114,
        "receivedKBytesPerSec": 16.053796824104236,
        "sentKBytesPerSec": 0.24217901737242128,
        "memMaxMB": 5301.5,
        "memAvgMB": 5278.1,
        "memMinMB": 5224.6,
        "cpuMax%": 36.3,
        "cpuAvg%": 14.4,
        "cpuMin%": 12.5,
        "dashboard": "results/details/compare-bigfile-settings/20201101-142317/qgis310-bigfile-bigcache/somap310_fix/lk.txt/dashboard/index.html",
        "effective duration": 56.1
      },
      "av_f_big.txt": {
        "transaction": "Total",
        "sampleCount": 735,
        "errorCount": 0,
        "errorPct": 0.0,
        "meanResTime": 26358.383673469387,
        "medianResTime": 27275.0,
        "minResTime": 3303.0,
        "maxResTime": 45277.0,
        "pct1ResTime": 30323.0,
        "pct2ResTime": 32480.199999999986,
        "pct3ResTime": 43122.27999999999,
        "throughput": 0.37771006975045956,
        "receivedKBytesPerSec": 69.96112234025948,
        "sentKBytesPerSec": 0.16077017540264665,
        "memMaxMB": 9029.3,
        "memAvgMB": 6847.0,
        "memMinMB": 5272.8,
        "cpuMax%": 36.6,
        "cpuAvg%": 14.1,
        "cpuMin%": 12.4,
        "dashboard": "results/details/compare-bigfile-settings/20201101-142317/qgis310-bigfile-bigcache/somap310_fix/av_f_big.txt/dashboard/index.html",
        "effective duration": 1951.3
      },
      "av_sw.txt": {
        "transaction": "Total",
        "sampleCount": 20,
        "errorCount": 0,
        "errorPct": 0.0,
        "meanResTime": 19352.999999999996,
        "medianResTime": 20609.5,
        "minResTime": 2454.0,
        "maxResTime": 27672.0,
        "pct1ResTime": 27515.3,
        "pct2ResTime": 27664.65,
        "pct3ResTime": 27672.0,
        "throughput": 0.3966286564204264,
        "receivedKBytesPerSec": 193.15885287555778,
        "sentKBytesPerSec": 0.16182759048091225,
        "memMaxMB": 8101.8,
        "memAvgMB": 6597.1,
        "memMinMB": 6451.6,
        "cpuMax%": 35.5,
        "cpuAvg%": 15.0,
        "cpuMin%": 12.5,
        "dashboard": "results/details/compare-bigfile-settings/20201101-142317/qgis310-bigfile-bigcache/somap310_fix/av_sw.txt/dashboard/index.html",
        "effective duration": 55.7
      }
    }
  },
  "qgis310-bigfile-hugecache": {
    "somap310_fix": {
      "lk.txt": {
        "transaction": "Total",
        "sampleCount": 30,
        "errorCount": 0,
        "errorPct": 0.0,
        "meanResTime": 14240.166666666668,
        "medianResTime": 16607.0,
        "minResTime": 1980.0,
        "maxResTime": 17382.0,
        "pct1ResTime": 17136.1,
        "pct2ResTime": 17286.3,
        "pct3ResTime": 17382.0,
        "throughput": 0.5897501425229511,
        "receivedKBytesPerSec": 15.986260357486879,
        "sentKBytesPerSec": 0.24116019825433957,
        "memMaxMB": 5336.3,
        "memAvgMB": 5308.9,
        "memMinMB": 5248.9,
        "cpuMax%": 37.0,
        "cpuAvg%": 14.5,
        "cpuMin%": 12.7,
        "dashboard": "results/details/compare-bigfile-settings/20201101-142317/qgis310-bigfile-hugecache/somap310_fix/lk.txt/dashboard/index.html",
        "effective duration": 56.2
      },
      "av_f_big.txt": {
        "transaction": "Total",
        "sampleCount": 735,
        "errorCount": 0,
        "errorPct": 0.0,
        "meanResTime": 26412.662585034006,
        "medianResTime": 27395.0,
        "minResTime": 3286.0,
        "maxResTime": 44561.0,
        "pct1ResTime": 30348.4,
        "pct2ResTime": 32135.399999999998,
        "pct3ResTime": 42920.56,
        "throughput": 0.3769215305783361,
        "receivedKBytesPerSec": 69.8153050245499,
        "sentKBytesPerSec": 0.16043453812112565,
        "memMaxMB": 9112.8,
        "memAvgMB": 6894.6,
        "memMinMB": 5323.3,
        "cpuMax%": 39.7,
        "cpuAvg%": 14.2,
        "cpuMin%": 12.4,
        "dashboard": "results/details/compare-bigfile-settings/20201101-142317/qgis310-bigfile-hugecache/somap310_fix/av_f_big.txt/dashboard/index.html",
        "effective duration": 1955.8
      },
      "av_sw.txt": {
        "transaction": "Total",
        "sampleCount": 20,
        "errorCount": 0,
        "errorPct": 0.0,
        "meanResTime": 19130.9,
        "medianResTime": 20317.0,
        "minResTime": 4608.0,
        "maxResTime": 27137.0,
        "pct1ResTime": 26942.6,
        "pct2ResTime": 27127.6,
        "pct3ResTime": 27137.0,
        "throughput": 0.400729327375824,
        "receivedKBytesPerSec": 195.15563246984513,
        "sentKBytesPerSec": 0.1635006962672063,
        "memMaxMB": 8517.1,
        "memAvgMB": 6678.6,
        "memMinMB": 6488.7,
        "cpuMax%": 36.5,
        "cpuAvg%": 15.0,
        "cpuMin%": 12.5,
        "dashboard": "results/details/compare-bigfile-settings/20201101-142317/qgis310-bigfile-hugecache/somap310_fix/av_sw.txt/dashboard/index.html",
        "effective duration": 55.4
      }
    }
  },