{
  "Total" : {
    "transaction" : "Total",
    "sampleCount" : 735,
    "errorCount" : 0,
    "errorPct" : 0.0,
    "meanResTime" : 719.6734693877555,
    "medianResTime" : 703.0,
    "minResTime" : 183.0,
    "maxResTime" : 3274.0,
    "pct1ResTime" : 1062.4,
    "pct2ResTime" : 1274.3999999999999,
    "pct3ResTime" : 2449.8399999999956,
    "throughput" : 1.386530843237125,
    "receivedKBytesPerSec" : 202.91521315258913,
    "sentKBytesPerSec" : 0.6104795970099981
  },
  "HTTP Request" : {
    "transaction" : "HTTP Request",
    "sampleCount" : 735,
    "errorCount" : 0,
    "errorPct" : 0.0,
    "meanResTime" : 719.6734693877555,
    "medianResTime" : 703.0,
    "minResTime" : 183.0,
    "maxResTime" : 3274.0,
    "pct1ResTime" : 1062.4,
    "pct2ResTime" : 1274.3999999999999,
    "pct3ResTime" : 2449.8399999999956,
    "throughput" : 1.386530843237125,
    "receivedKBytesPerSec" : 202.91521315258913,
    "sentKBytesPerSec" : 0.6104795970099981
  }
}