{
  "qgis218-stock": {
    "somap218_avbobe_farbig_categorized": {
      "bodenbedeckung_big.txt": {
        "transaction": "Total",
        "sampleCount": 5190,
        "errorCount": 0,
        "errorPct": 0.0,
        "meanResTime": 424.3855491329473,
        "medianResTime": 228.0,
        "minResTime": 18.0,
        "maxResTime": 15092.0,
        "pct1ResTime": 662.9000000000005,
        "pct2ResTime": 974.8999999999996,
        "pct3ResTime": 4647.400000000023,
        "throughput": 23.087599423477286,
        "receivedKBytesPerSec": 5985.15615529608,
        "sentKBytesPerSec": 10.410906235542448,
        "memMaxMB": 7415.5,
        "memAvgMB": 6341.3,
        "memMinMB": 2583.9,
        "cpuMax%": 99.5,
        "cpuAvg%": 94.8,
        "cpuMin%": 12.4,
        "dashboard": "results/details/compare-categorized/20201013-234812/qgis218-stock/somap218_avbobe_farbig_categorized/bodenbedeckung_big.txt/dashboard/index.html"
      }
    }
  },
  "qgis310-stock": {
    "somap310_avbobe_farbig_categorized": {
      "bodenbedeckung_big.txt": {
        "transaction": "Total",
        "sampleCount": 5190,
        "errorCount": 0,
        "errorPct": 0.0,
        "meanResTime": 629.7161849711003,
        "medianResTime": 347.0,
        "minResTime": 19.0,
        "maxResTime": 20702.0,
        "pct1ResTime": 1105.0,
        "pct2ResTime": 1648.3499999999995,
        "pct3ResTime": 7987.310000000009,
        "throughput": 15.77339796678165,
        "receivedKBytesPerSec": 4210.173235631278,
        "sentKBytesPerSec": 7.1127086119257825,
        "memMaxMB": 6529.7,
        "memAvgMB": 5653.2,
        "memMinMB": 2740.7,
        "cpuMax%": 87.3,
        "cpuAvg%": 73.1,
        "cpuMin%": 14.8,
        "dashboard": "results/details/compare-categorized/20201013-234812/qgis310-stock/somap310_avbobe_farbig_categorized/bodenbedeckung_big.txt/dashboard/index.html"
      }
    }
  },
  "qgis314-stock": {
    "somap314_avbobe_farbig_categorized": {
      "bodenbedeckung_big.txt": {
        "transaction": "Total",
        "sampleCount": 5190,
        "errorCount": 0,
        "errorPct": 0.0,
        "meanResTime": 624.6090558766858,
        "medianResTime": 349.0,
        "minResTime": 19.0,
        "maxResTime": 20734.0,
        "pct1ResTime": 1119.9000000000005,
        "pct2ResTime": 1743.6999999999953,
        "pct3ResTime": 8026.070000000003,
        "throughput": 15.887592983745064,
        "receivedKBytesPerSec": 4240.5606581422,
        "sentKBytesPerSec": 7.16420264525362,
        "memMaxMB": 6564.8,
        "memAvgMB": 5686.5,
        "memMinMB": 2747.4,
        "cpuMax%": 88.1,
        "cpuAvg%": 74.0,
        "cpuMin%": 15.2,
        "dashboard": "results/details/compare-categorized/20201013-234812/qgis314-stock/somap314_avbobe_farbig_categorized/bodenbedeckung_big.txt/dashboard/index.html"
      }
    }
  }
}